latitude,longitude,elevation_m,slope,curvature,flow_accumulation
18.87,72.77,0.0,0.0,0.0,664.9
18.87,72.775,0.0,0.0,0.0,664.9
18.87,72.78,0.0,1.6864,0.000106,664.9
18.87,72.785,8.17,1.5028,-1.2e-05,583.2
18.87,72.79,15.45,1.1396,-2.3e-05,510.4
18.87,72.795,20.97,1.0405,-6e-06,455.2
18.87,72.8,26.01,0.6442,-0.000106,404.8
18.87,72.805,22.89,0.574,4e-06,436.0
18.87,72.81,20.11,0.8589,-1.8e-05,463.8
18.87,72.815,15.95,0.5244,2.1e-05,505.4
18.87,72.82,13.41,0.8878,-2.3e-05,530.8
18.87,72.825,9.11,1.0942,-1.3e-05,573.8
18.87,72.83,3.81,0.5471,3.4e-05,626.8
18.87,72.835,1.16,0.8733,8.9e-05,653.3
18.87,72.84,5.39,1.1127,-0.000125,611.0
18.87,72.845,0.0,0.0,7e-05,664.9
18.87,72.85,0.0,0.3304,2.1e-05,664.9
18.87,72.855,1.6,0.9786,4.1e-05,648.9
18.87,72.86,6.34,0.3985,-3.6e-05,601.5
18.87,72.865,8.27,1.7895,8.8e-05,582.2
18.87,72.87,16.94,1.6513,-9e-06,495.5
18.87,72.875,24.94,2.3834,4.6e-05,415.5
18.87,72.88,36.49,0.9373,-9.1e-05,300.0
18.87,72.885,41.03,0.735,-1.3e-05,254.6
18.87,72.89,44.59,0.1012,-4e-05,219.0
18.87,72.895,45.08,2.0411,-0.000135,214.1
18.87,72.9,35.19,1.6781,2.3e-05,313.0
18.87,72.905,27.06,2.8284,-7.2e-05,394.3
18.87,72.91,13.35,2.4493,2.4e-05,531.4
18.87,72.915,1.48,0.031,0.000156,650.1
18.87,72.92,1.63,0.3365,-2.3e-05,648.6
18.87,72.925,0.0,1.0942,9e-05,664.9
18.87,72.93,5.3,2.3153,7.7e-05,611.9
18.87,72.935,16.52,2.9829,4.2e-05,499.7
18.87,72.94,30.98,1.6554,-8.4e-05,355.1
18.87,72.945,39.0,1.5048,-9e-06,274.9
18.87,72.95,46.29,1.2758,-1.4e-05,202.0
18.87,72.955,52.47,0.1549,-9e-05,140.2
18.87,72.96,51.72,0.7247,-3.6e-05,147.7
18.87,72.965,48.21,0.6524,5e-06,182.8
18.87,72.97,45.05,1.5461,-5.6e-05,214.4
18.87,72.975,37.56,1.0075,3.4e-05,289.3
18.87,72.98,32.68,1.024,0.000128,338.1
18.87,72.985,37.64,1.2366,-0.000142,288.5
18.87,72.99,31.65,0.2891,6e-05,348.4
18.87,72.995,30.25,0.6896,-2.5e-05,362.4
18.87,73.0,26.91,5.5388,-0.000306,395.8
18.875,72.77,0.0,0.0,0.000349,664.9
18.875,72.775,0.0,0.0,0.0,664.9
18.875,72.78,0.0,1.511,9.5e-05,664.9
18.875,72.785,7.32,2.0844,3.6e-05,591.7
18.875,72.79,17.42,1.1458,-5.9e-05,490.7
18.875,72.795,22.97,0.1549,-6.2e-05,435.2
18.875,72.8,23.72,0.766,-5.8e-05,427.7
18.875,72.805,20.01,1.0178,-1.6e-05,464.8
18.875,72.81,15.08,0.8072,1.3e-05,514.1
18.875,72.815,11.17,1.2861,-3e-05,553.2
18.875,72.82,4.94,0.4955,5e-05,615.5
18.875,72.825,2.54,0.7639,7.9e-05,639.5
18.875,72.83,6.24,0.0206,-4.7e-05,602.5
18.875,72.835,6.34,0.2395,1.4e-05,601.5
18.875,72.84,7.5,0.7164,-6e-05,589.9
18.875,72.845,4.03,0.7267,-1e-06,624.6
18.875,72.85,0.51,0.1053,3.9e-05,659.8
18.875,72.855,0.0,0.2209,2.1e-05,664.9
18.875,72.86,1.07,1.3748,7.3e-05,654.2
18.875,72.865,7.73,1.9298,3.5e-05,587.6
18.875,72.87,17.08,1.4264,-3.2e-05,494.1
18.875,72.875,23.99,1.5647,9e-06,425.0
18.875,72.88,31.57,1.804,1.5e-05,349.2
18.875,72.885,40.31,0.7949,-6.4e-05,261.8
18.875,72.89,44.16,0.1858,-6.2e-05,223.3
18.875,72.895,43.26,0.8609,-4.2e-05,232.3
18.875,72.9,39.09,2.2308,-8.6e-05,274.0
18.875,72.905,28.28,3.0241,-5e-05,382.1
18.875,72.91,13.62,1.8617,7.3e-05,528.7
18.875,72.915,4.6,0.9497,5.7e-05,618.9
18.875,72.92,0.0,0.0,6e-05,664.9
18.875,72.925,0.0,2.2885,0.000144,664.9
18.875,72.93,11.09,0.5864,-0.000107,554.0
18.875,72.935,13.93,2.7501,0.000136,525.6
18.875,72.94,27.26,3.7339,6.2e-05,392.3
18.875,72.945,45.37,0.7515,-0.000188,211.2
18.875,72.95,49.01,0.0723,-4.3e-05,174.8
18.875,72.955,49.36,0.4398,2.3e-05,171.3
18.875,72.96,51.49,0.8217,-7.9e-05,150.0
18.875,72.965,47.51,1.8968,-6.8e-05,189.8
18.875,72.97,38.32,0.5327,8.6e-05,281.7
18.875,72.975,35.74,0.0661,3.8e-05,307.5
18.875,72.98,36.06,0.8836,-6e-05,304.3
18.875,72.985,31.78,0.4522,8.4e-05,347.1
18.875,72.99,33.97,0.4522,0.0,325.2
18.875,72.995,36.16,1.7524,-0.000139,303.3
18.875,73.0,27.67,5.6942,-0.000249,388.2
18.88,72.77,0.0,0.0,0.000359,664.9
18.88,72.775,0.0,0.0,0.0,664.9
18.88,72.78,0.0,1.0838,6.8e-05,664.9
18.88,72.785,5.25,2.103,6.4e-05,612.4
18.88,72.79,15.44,0.1528,-0.000123,510.5
18.88,72.795,16.18,0.0888,-1.5e-05,503.1
18.88,72.8,15.75,0.7845,5.5e-05,507.4
18.88,72.805,19.55,0.8754,-0.000104,469.4
18.88,72.81,15.31,0.8506,2e-06,511.8
18.88,72.815,11.19,0.5079,2.2e-05,553.0
18.88,72.82,8.73,0.192,4.4e-05,577.6
18.88,72.825,9.66,0.3923,-3.7e-05,568.3
18.88,72.83,7.76,0.1321,3.3e-05,587.3
18.88,72.835,8.4,0.6008,-4.6e-05,580.9
18.88,72.84,5.49,0.6318,-2e-06,610.0
18.88,72.845,2.43,0.8981,9.6e-05,640.6
18.88,72.85,6.78,0.1693,-4.6e-05,597.1
18.88,72.855,7.6,0.2746,-2.8e-05,588.9
18.88,72.86,6.27,1.1643,9.1e-05,602.2
18.88,72.865,11.91,0.6462,-3.3e-05,545.8
18.88,72.87,15.04,1.5626,5.8e-05,514.5
18.88,72.875,22.61,2.2535,4.4e-05,438.8
18.88,72.88,33.53,0.3365,-0.000121,329.6
18.88,72.885,35.16,0.5347,1.2e-05,313.3
18.88,72.89,37.75,0.865,-8.8e-05,287.4
18.88,72.895,33.56,0.0516,5.8e-05,329.3
18.88,72.9,33.81,2.1051,-0.000136,326.8
18.88,72.905,23.61,1.3047,5e-05,428.8
18.88,72.91,17.29,1.5337,-1.4e-05,492.0
18.88,72.915,9.86,0.7144,5.2e-05,566.3
18.88,72.92,6.4,0.3469,6.7e-05,600.9
18.88,72.925,8.08,1.0756,4.6e-05,584.1
18.88,72.93,13.29,2.1277,6.6e-05,532.0
18.88,72.935,23.6,1.971,-1e-05,428.9
18.88,72.94,33.15,1.2778,-4.4e-05,333.4
18.88,72.945,39.34,1.3893,7e-06,271.5
18.88,72.95,46.07,0.3221,-6.7e-05,204.2
18.88,72.955,47.63,0.2457,-3.6e-05,188.6
18.88,72.96,46.44,0.1032,9e-06,200.5
18.88,72.965,45.94,1.7875,-0.000106,205.5
18.88,72.97,37.28,0.3138,9.3e-05,292.1
18.88,72.975,35.76,0.4253,-7e-06,307.3
18.88,72.98,33.7,0.0599,3.1e-05,327.9
18.88,72.985,33.99,0.3778,2e-05,325.0
18.88,72.99,35.82,0.768,-7.2e-05,306.7
18.88,72.995,32.1,0.574,8.4e-05,343.9
18.88,73.0,34.88,7.1641,-0.000489,316.1
18.885,72.77,0.0,0.0,0.000453,664.9
18.885,72.775,0.0,0.0,0.0,664.9
18.885,72.78,0.0,0.9992,6.3e-05,664.9
18.885,72.785,4.84,0.3262,-8.3e-05,616.5
18.885,72.79,3.26,0.896,7.7e-05,632.3
18.885,72.795,7.6,0.1239,-4.9e-05,588.9
18.885,72.8,8.2,0.5203,2.5e-05,582.9
18.885,72.805,10.72,0.0186,-3.2e-05,557.7
18.885,72.81,10.81,0.5162,3.1e-05,556.8
18.885,72.815,13.31,0.1383,-4.1e-05,531.8
18.885,72.82,12.64,0.2147,-5e-06,538.5
18.885,72.825,11.6,0.9476,-4.6e-05,548.9
18.885,72.83,7.01,0.2333,7.4e-05,594.8
18.885,72.835,8.14,0.3056,-3.4e-05,583.5
18.885,72.84,6.66,0.0124,1.8e-05,598.3
18.885,72.845,6.6,0.2127,-1.3e-05,598.9
18.885,72.85,5.57,1.0488,7.9e-05,609.2
18.885,72.855,10.65,0.6338,-2.6e-05,558.4
18.885,72.86,13.72,0.6524,1e-06,527.7
18.885,72.865,16.88,0.7928,9e-06,496.1
18.885,72.87,20.72,0.6978,-6e-06,457.7
18.885,72.875,24.1,0.32,-6.4e-05,423.9
18.885,72.88,22.55,0.5987,5.8e-05,439.4
18.885,72.885,25.45,0.351,-1.6e-05,410.4
18.885,72.89,27.15,0.4336,-4.9e-05,393.4
18.885,72.895,25.05,0.2849,4.5e-05,414.4
18.885,72.9,26.43,0.6338,-5.8e-05,400.6
18.885,72.905,23.36,1.1065,-3e-05,431.3
18.885,72.91,18.0,0.9703,0.000131,484.9
18.885,72.915,22.7,0.4542,-9e-05,437.9
18.885,72.92,20.5,0.5802,-8e-06,459.9
18.885,72.925,17.69,0.9043,9.3e-05,488.0
18.885,72.93,22.07,0.0248,-5.5e-05,444.2
18.885,72.935,22.19,1.4079,8.7e-05,443.0
18.885,72.94,29.01,0.3262,-6.8e-05,374.8
18.885,72.945,30.59,0.2891,-2e-06,359.0
18.885,72.95,31.99,1.3026,6.4e-05,345.0
18.885,72.955,38.3,0.3014,-6.3e-05,281.9
18.885,72.96,39.76,0.0289,-2.1e-05,267.3
18.885,72.965,39.62,0.3696,-2.1e-05,268.7
18.885,72.97,37.83,0.0227,2.5e-05,286.6
18.885,72.975,37.94,0.2932,-2e-05,285.5
18.885,72.98,36.52,0.3118,3.8e-05,299.7
18.885,72.985,38.03,1.3274,-0.000103,284.6
18.885,72.99,31.6,0.4625,0.000113,348.9
18.885,72.995,33.84,0.1136,-3.6e-05,326.5
18.885,73.0,33.29,5.0127,-0.000309,332.0
18.89,72.77,8.95,0.9724,0.000255,575.4
18.89,72.775,4.24,0.6648,1.9e-05,622.5
18.89,72.78,1.02,0.2106,2.9e-05,654.7
18.89,72.785,0.0,0.0,1.3e-05,664.9
18.89,72.79,0.0,0.0,0.0,664.9
18.89,72.795,0.0,0.574,3.6e-05,664.9
18.89,72.8,2.78,0.993,2.6e-05,637.1
18.89,72.805,7.59,0.4233,-3.6e-05,589.0
18.89,72.81,9.64,0.4191,-0.0,568.5
18.89,72.815,11.67,0.0557,-2.3e-05,548.2
18.89,72.82,11.94,0.095,2e-06,545.5
18.89,72.825,12.4,0.4005,-3.1e-05,540.9
18.89,72.83,10.46,0.0785,3e-05,560.3
18.89,72.835,10.84,0.7371,-5.1e-05,556.5
18.89,72.84,7.27,0.4625,7.5e-05,592.2
18.89,72.845,9.51,0.1012,-2.3e-05,569.8
18.89,72.85,10.0,1.2551,7.3e-05,564.9
18.89,72.855,16.08,0.9228,-2.1e-05,504.1
18.89,72.86,20.55,0.4646,-2.9e-05,459.4
18.89,72.865,22.8,0.159,-1.9e-05,436.9
18.89,72.87,23.57,0.3056,-2.9e-05,429.2
18.89,72.875,22.09,0.5306,-1.4e-05,444.0
18.89,72.88,19.52,0.4191,7e-06,469.7
18.89,72.885,17.49,1.8473,-9e-05,490.0
18.89,72.89,8.54,1.4615,0.000208,579.5
18.89,72.895,15.62,0.5492,-0.000126,508.7
18.89,72.9,12.96,1.872,0.000152,535.3
18.89,72.905,22.03,2.035,1e-05,444.6
18.89,72.91,31.89,0.0268,-0.000126,346.0
18.89,72.915,32.02,0.6669,4e-05,344.7
18.89,72.92,35.25,0.192,-5.4e-05,312.4
18.89,72.925,34.32,0.0867,7e-06,321.7
18.89,72.93,33.9,0.8939,-5.1e-05,325.9
18.89,72.935,29.57,1.1581,-1.7e-05,369.2
18.89,72.94,23.96,0.1672,6.2e-05,425.3
18.89,72.945,23.15,0.3138,-9e-06,433.4
18.89,72.95,21.63,1.0157,8.4e-05,448.6
18.89,72.955,26.55,0.8114,-1.3e-05,399.4
18.89,72.96,30.48,1.2159,2.5e-05,360.1
18.89,72.965,36.37,0.4067,-5.1e-05,301.2
18.89,72.97,38.34,0.5368,8e-06,281.5
18.89,72.975,40.94,0.031,-3.6e-05,255.5
18.89,72.98,40.79,0.4212,-2.5e-05,257.0
18.89,72.985,38.75,0.4439,-1e-06,277.4
18.89,72.99,36.6,0.512,-4e-06,298.9
18.89,72.995,34.12,0.1838,2.1e-05,323.7
18.89,73.0,33.23,3.4377,-0.000205,332.6
18.895,72.77,16.56,1.3232,0.000133,499.3
18.895,72.775,10.15,1.1107,1.3e-05,563.4
18.895,72.78,4.77,0.9848,8e-06,617.2
18.895,72.785,0.0,0.0,6.2e-05,664.9
18.895,72.79,0.0,0.0,0.0,664.9
18.895,72.795,0.0,0.0,0.0,664.9
18.895,72.8,0.0,0.0,0.0,664.9
18.895,72.805,0.0,1.3625,8.6e-05,664.9
18.895,72.81,6.6,1.1602,-1.3e-05,598.9
18.895,72.815,12.22,0.2085,-8.6e-05,542.7
18.895,72.82,11.21,0.3551,3.5e-05,552.8
18.895,72.825,12.93,0.0723,-2.7e-05,535.6
18.895,72.83,12.58,0.1012,-2e-06,539.1
18.895,72.835,12.09,0.6297,-3.3e-05,544.0
18.895,72.84,9.04,1.3191,0.000123,574.5
18.895,72.845,15.43,0.5141,-0.000115,510.6
18.895,72.85,12.94,2.3153,0.000178,535.5
18.895,72.855,24.16,0.4026,-0.00012,423.3
18.895,72.86,26.11,0.2829,-4.3e-05,403.8
18.895,72.865,24.74,0.1425,2.7e-05,417.5
18.895,72.87,25.43,1.8535,-0.000126,410.6
18.895,72.875,16.45,0.8671,6.2e-05,500.4
18.895,72.88,12.25,1.1293,-1.6e-05,542.4
18.895,72.885,6.78,0.5678,3.5e-05,597.1
18.895,72.89,4.03,0.1074,2.9e-05,624.6
18.895,72.895,3.51,1.412,9.6e-05,629.8
18.895,72.9,10.35,2.204,5e-05,561.4
18.895,72.905,21.03,1.804,-2.5e-05,454.6
18.895,72.91,29.77,2.2288,2.7e-05,367.2
18.895,72.915,40.57,0.6607,-9.9e-05,259.2
18.895,72.92,43.77,0.6834,1e-06,227.2
18.895,72.925,47.08,0.6834,-8.6e-05,194.1
18.895,72.93,43.77,2.2721,-0.0001,227.2
18.895,72.935,32.76,1.0942,7.4e-05,337.3
18.895,72.94,27.46,1.6658,-3.6e-05,390.3
18.895,72.945,19.39,0.766,5.7e-05,471.0
18.895,72.95,15.68,0.5595,8.3e-05,508.1
18.895,72.955,18.39,1.1994,4e-05,481.0
18.895,72.96,24.2,0.5079,-4.4e-05,422.9
18.895,72.965,26.66,2.1669,0.000104,398.3
18.895,72.97,37.16,0.543,-0.000102,293.3
18.895,72.975,39.79,0.6318,6e-06,267.0
18.895,72.98,42.85,0.3138,-5.9e-05,236.4
18.895,72.985,41.33,0.4935,-1.1e-05,251.6
18.895,72.99,38.94,0.3242,1.1e-05,275.5
18.895,72.995,37.37,1.0281,8.5e-05,291.2
18.895,73.0,42.35,3.59,-0.000291,241.4
18.9,72.77,24.94,2.1978,8.8e-05,415.5
18.9,72.775,14.29,1.1107,6.8e-05,522.0
18.9,72.78,8.91,1.839,-4.6e-05,575.8
18.9,72.785,0.0,0.0,0.000116,664.9
18.9,72.79,0.0,0.0,0.0,664.9
18.9,72.795,0.0,0.0,0.0,664.9
18.9,72.8,0.0,0.0,0.0,664.9
18.9,72.805,0.0,0.1734,1.1e-05,664.9
18.9,72.81,0.84,0.8939,4.5e-05,656.5
18.9,72.815,5.17,0.8836,-1e-06,613.2
18.9,72.82,9.45,0.3572,-3.3e-05,570.4
18.9,72.825,11.18,1.0054,4.1e-05,553.1
18.9,72.83,16.05,1.0983,-0.000132,504.4
18.9,72.835,10.73,1.8597,0.000186,557.6
18.9,72.84,19.74,0.4295,-9e-05,467.5
18.9,72.845,21.82,0.2953,-4.6e-05,446.7
18.9,72.85,20.39,1.3377,0.000103,461.0
18.9,72.855,26.87,0.1074,-7.7e-05,396.2
18.9,72.86,27.39,1.4863,-0.0001,391.0
18.9,72.865,20.19,0.7164,4.8e-05,463.0
18.9,72.87,16.72,0.0,4.5e-05,497.7
18.9,72.875,16.72,2.2927,-0.000144,497.7
18.9,72.88,5.61,0.5038,0.000113,608.8
18.9,72.885,3.17,0.1838,2e-05,633.2
18.9,72.89,2.28,0.3882,3.6e-05,642.1
18.9,72.895,4.16,1.8452,9.2e-05,623.3
18.9,72.9,13.1,0.9063,-5.9e-05,533.9
18.9,72.905,17.49,3.1208,0.000139,490.0
18.9,72.91,32.62,0.799,-0.000146,338.7
18.9,72.915,36.49,1.7256,5.8e-05,300.0
18.9,72.92,44.85,0.6462,-6.8e-05,216.4
18.9,72.925,47.98,0.8774,-9.6e-05,185.1
18.9,72.93,43.73,1.2283,-2.2e-05,227.6
18.9,72.935,37.78,1.7936,-3.6e-05,287.1
18.9,72.94,29.09,1.4863,1.9e-05,374.0
18.9,72.945,21.89,0.9538,3.4e-05,446.0
18.9,72.95,17.27,0.159,5e-05,492.2
18.9,72.955,16.5,0.0578,6e-06,499.9
18.9,72.96,16.22,1.0529,7e-05,502.7
18.9,72.965,21.32,1.4347,2.4e-05,451.7
18.9,72.97,28.27,1.0838,-2.2e-05,382.2
18.9,72.975,33.52,0.4191,-4.2e-05,329.7
18.9,72.98,35.55,1.511,6.9e-05,309.4
18.9,72.985,42.87,0.3242,-7.5e-05,236.2
18.9,72.99,44.44,0.2023,-3.3e-05,220.5
18.9,72.995,43.46,0.7866,6.2e-05,230.3
18.9,73.0,47.27,4.8897,-0.000358,192.2
18.905,72.77,23.53,1.3563,0.000223,429.6
18.905,72.775,16.96,1.0178,2.1e-05,495.3
18.905,72.78,12.03,1.8225,-5.1e-05,544.6
18.905,72.785,3.2,0.6607,7.3e-05,632.9
18.905,72.79,0.0,0.0,4.2e-05,664.9
18.905,72.795,0.0,0.0,0.0,664.9
18.905,72.8,0.0,0.0,0.0,664.9
18.905,72.805,0.0,0.0,0.0,664.9
18.905,72.81,0.0,0.0,0.0,664.9
18.905,72.815,0.0,0.161,1e-05,664.9
18.905,72.82,0.78,1.2428,6.8e-05,657.1
18.905,72.825,6.8,1.6884,2.8e-05,596.9
18.905,72.83,14.98,2.0246,2.1e-05,515.1
18.905,72.835,24.79,0.159,-0.000117,417.0
18.905,72.84,25.56,1.3583,7.5e-05,409.3
18.905,72.845,32.14,0.4542,-0.000114,343.5
18.905,72.85,29.94,0.9848,-3.3e-05,365.5
18.905,72.855,25.17,0.6091,2.4e-05,413.2
18.905,72.86,22.22,0.8589,-1.6e-05,442.7
18.905,72.865,18.06,0.799,4e-06,484.3
18.905,72.87,14.19,1.4058,-3.8e-05,523.0
18.905,72.875,7.38,1.3232,5e-06,591.1
18.905,72.88,0.97,0.2643,0.0001,655.2
18.905,72.885,2.25,0.1466,-2.6e-05,642.4
18.905,72.89,1.54,0.5864,4.6e-05,649.5
18.905,72.895,4.38,2.171,0.0001,621.1
18.905,72.9,14.9,1.2139,-6e-05,515.9
18.905,72.905,20.78,2.7934,9.9e-05,457.1
18.905,72.91,34.32,1.5667,-7.7e-05,321.7
18.905,72.915,41.91,0.3407,-7.7e-05,245.8
18.905,72.92,43.56,0.7887,2.8e-05,229.3
18.905,72.925,47.38,0.3304,-7e-05,191.1
18.905,72.93,45.78,0.6173,-1.8e-05,207.1
18.905,72.935,42.79,2.1896,-9.9e-05,237.0
18.905,72.94,32.18,0.6937,9.4e-05,343.1
18.905,72.945,28.82,2.1112,-8.9e-05,376.7
18.905,72.95,18.59,0.0888,0.000127,479.0
18.905,72.955,18.16,0.3035,-1.4e-05,483.3
18.905,72.96,16.69,0.5368,-1.5e-05,498.0
18.905,72.965,14.09,1.5378,0.000131,524.0
18.905,72.97,21.54,0.0764,-9.2e-05,449.5
18.905,72.975,21.91,2.6348,0.000161,445.8
18.905,72.98,34.68,1.7771,-5.4e-05,318.1
18.905,72.985,43.29,1.0797,-4.4e-05,232.0
18.905,72.99,48.52,1.0157,-4e-06,179.7
18.905,72.995,53.44,1.0075,-1e-06,130.5
18.905,73.0,58.32,9.1064,-0.000641,81.7
18.91,72.77,13.84,1.4759,0.00067,526.5
18.91,72.775,20.99,1.6204,-0.000195,455.0
18.91,72.78,13.14,0.0083,0.000101,533.5
18.91,72.785,13.1,2.103,-0.000132,533.9
18.91,72.79,2.91,0.5513,9.8e-05,635.8
18.91,72.795,0.24,0.0496,3.2e-05,662.5
18.91,72.8,0.0,0.0,3e-06,664.9
18.91,72.805,0.0,0.0,0.0,664.9
18.91,72.81,0.0,0.0,0.0,664.9
18.91,72.815,0.0,0.0,0.0,664.9
18.91,72.82,0.0,1.1829,7.4e-05,664.9
18.91,72.825,5.73,2.9911,0.000114,607.6
18.91,72.83,20.23,1.4347,-9.8e-05,462.6
18.91,72.835,27.18,2.6904,7.9e-05,393.1
18.91,72.84,40.22,0.6091,-0.000208,262.7
18.91,72.845,37.27,0.1507,2.9e-05,292.2
18.91,72.85,36.54,1.3563,-7.6e-05,299.5
18.91,72.855,29.97,1.9813,-3.9e-05,365.2
18.91,72.86,20.37,2.6739,-4.4e-05,461.2
18.91,72.865,7.41,0.9043,0.000111,590.8
18.91,72.87,3.03,0.4955,2.6e-05,634.6
18.91,72.875,0.63,0.1301,2.3e-05,658.6
18.91,72.88,0.0,0.8155,5.9e-05,664.9
18.91,72.885,3.95,1.1004,1.8e-05,625.4
18.91,72.89,9.28,0.863,-1.5e-05,572.1
18.91,72.895,13.46,0.9951,8e-06,530.3
18.91,72.9,18.28,2.2205,7.7e-05,482.1
18.91,72.905,29.04,0.1652,-0.00015,374.5
18.91,72.91,28.24,1.1994,8.6e-05,382.5
18.91,72.915,34.05,0.64,-3.5e-05,324.4
18.91,72.92,37.15,1.2221,3.7e-05,293.4
18.91,72.925,43.07,0.5286,-4.4e-05,234.2
18.91,72.93,45.63,0.7144,-7.8e-05,208.6
18.91,72.935,42.17,0.4191,1.9e-05,243.2
18.91,72.94,40.14,0.9951,-3.6e-05,263.5
18.91,72.945,35.32,0.8712,8e-06,311.7
18.91,72.95,31.1,3.0096,-0.000135,353.9
18.91,72.955,16.51,0.2312,0.000175,499.8
18.91,72.96,15.39,0.7969,-3.6e-05,511.0
18.91,72.965,11.53,0.064,4.6e-05,549.6
18.91,72.97,11.22,1.4986,9.8e-05,552.7
18.91,72.975,18.48,2.1917,4.4e-05,480.1
18.91,72.98,29.1,2.4019,1.3e-05,373.9
18.91,72.985,40.74,3.0776,4.3e-05,257.5
18.91,72.99,55.66,1.057,-0.000127,108.3
18.91,72.995,60.78,0.9497,-7e-06,57.1
18.91,73.0,65.38,11.3933,-0.000786,11.1
18.915,72.77,9.46,0.9476,0.000786,570.3
18.915,72.775,14.05,0.0847,-5.4e-05,524.4
18.915,72.78,14.46,0.223,-1.9e-05,520.3
18.915,72.785,13.38,0.9187,-4.4e-05,531.1
18.915,72.79,8.93,1.5482,-4e-05,575.6
18.915,72.795,1.43,0.2953,7.9e-05,650.6
18.915,72.8,0.0,0.0,1.9e-05,664.9
18.915,72.805,0.0,0.0,0.0,664.9
18.915,72.81,0.0,0.0,0.0,664.9
18.915,72.815,0.0,0.0,0.0,664.9
18.915,72.82,0.0,0.576,3.6e-05,664.9
18.915,72.825,2.79,3.5735,0.000189,637.0
18.915,72.83,20.12,1.8225,-0.00011,463.7
18.915,72.835,28.95,1.9751,1e-05,375.4
18.915,72.84,38.52,0.0681,-0.000129,279.7
18.915,72.845,38.19,1.2964,-7.7e-05,283.0
18.915,72.85,31.91,1.0962,1.3e-05,345.8
18.915,72.855,26.6,2.7728,-0.000106,398.9
18.915,72.86,13.16,1.1891,0.0001,533.3
18.915,72.865,7.4,0.6297,3.5e-05,590.9
18.915,72.87,4.35,0.8981,-1.7e-05,621.4
18.915,72.875,0.0,0.0,5.6e-05,664.9
18.915,72.88,0.0,2.0267,0.000128,664.9
18.915,72.885,9.82,0.543,-9.3e-05,566.7
18.915,72.89,12.45,1.4574,5.8e-05,540.4
18.915,72.895,19.51,1.282,-1.1e-05,469.8
18.915,72.9,25.72,0.4852,-5e-05,407.7
18.915,72.905,28.07,0.4542,-2e-06,384.2
18.915,72.91,30.27,0.3923,-4e-06,362.2
18.915,72.915,32.17,0.6276,-6.4e-05,343.2
18.915,72.92,29.13,0.7763,8.8e-05,373.6
18.915,72.925,32.89,1.7586,6.2e-05,336.0
18.915,72.93,41.41,0.3138,-0.00013,250.8
18.915,72.935,39.89,0.064,2.4e-05,266.0
18.915,72.94,40.2,0.8816,-5.9e-05,262.9
18.915,72.945,35.93,0.9249,-3e-06,305.6
18.915,72.95,31.45,1.6472,-4.5e-05,350.4
18.915,72.955,23.47,1.87,-1.4e-05,430.2
18.915,72.96,14.41,1.1231,4.7e-05,520.8
18.915,72.965,8.97,0.4563,9.9e-05,575.2
18.915,72.97,11.18,0.5802,8e-06,553.1
18.915,72.975,13.99,2.1587,9.9e-05,525.0
18.915,72.98,24.45,2.037,-8e-06,420.4
18.915,72.985,34.32,4.3933,0.000149,321.7
18.915,72.99,55.64,1.6699,-0.000172,108.5
18.915,72.995,63.73,0.4088,-7.9e-05,27.6
18.915,73.0,65.71,12.5511,-0.000828,7.8
18.92,72.77,3.93,1.0446,0.000868,625.6
18.92,72.775,8.99,0.4604,-3.7e-05,575.0
18.92,72.78,11.22,0.4893,-6e-05,552.7
18.92,72.785,8.85,1.0611,-3.6e-05,576.4
18.92,72.79,3.71,0.2065,5.4e-05,627.8
18.92,72.795,2.71,0.5595,-2.2e-05,637.8
18.92,72.8,0.0,0.0,3.5e-05,664.9
18.92,72.805,0.0,0.0,0.0,664.9
18.92,72.81,0.0,0.0,0.0,664.9
18.92,72.815,0.0,0.0,0.0,664.9
18.92,72.82,0.0,1.6905,0.000106,664.9
18.92,72.825,8.19,1.7627,5e-06,583.0
18.92,72.83,16.73,1.4718,-1.8e-05,497.6
18.92,72.835,23.86,2.4534,6.2e-05,426.3
18.92,72.84,35.75,1.0611,-0.000221,307.4
18.92,72.845,30.61,0.4253,4e-05,358.8
18.92,72.85,28.55,1.0178,-3.7e-05,379.4
18.92,72.855,23.62,2.1958,-7.4e-05,428.7
18.92,72.86,12.98,0.0702,0.000134,535.1
18.92,72.865,12.64,1.5564,-9.3e-05,538.5
18.92,72.87,5.1,0.5554,6.3e-05,613.9
18.92,72.875,2.41,1.0529,0.000101,640.8
18.92,72.88,7.51,0.8795,-1.1e-05,589.8
18.92,72.885,11.77,0.9559,5e-06,547.2
18.92,72.89,16.4,0.6091,-2.2e-05,500.9
18.92,72.895,19.35,0.5533,-4e-06,471.4
18.92,72.9,22.03,1.8081,7.9e-05,444.6
18.92,72.905,30.79,1.3459,-0.000198,357.0
18.92,72.91,24.27,1.3872,0.000172,422.2
18.92,72.915,30.99,0.7433,-0.000134,355.0
18.92,72.92,27.39,1.218,0.000123,391.0
18.92,72.925,33.29,0.5409,-4.3e-05,332.0
18.92,72.93,35.91,0.6689,8e-06,305.8
18.92,72.935,39.15,0.2663,-2.5e-05,273.4
18.92,72.94,40.44,1.2634,-9.6e-05,260.5
18.92,72.945,34.32,0.4666,5e-05,321.7
18.92,72.95,32.06,1.5131,-6.6e-05,344.3
18.92,72.955,24.73,0.6194,5.6e-05,417.6
18.92,72.96,21.73,1.5007,-5.5e-05,447.6
18.92,72.965,14.46,0.4088,6.9e-05,520.3
18.92,72.97,12.48,1.4904,0.000119,540.1
18.92,72.975,19.7,0.7845,-4.4e-05,467.9
18.92,72.98,23.5,3.1167,0.000147,429.9
18.92,72.985,38.61,1.4966,-0.000102,278.8
18.92,72.99,45.86,1.8122,2e-05,206.3
18.92,72.995,54.64,0.1961,-0.000102,118.5
18.92,73.0,55.59,10.0719,-0.000652,109.0
18.925,72.77,6.3,1.0075,0.000577,601.9
18.925,72.775,1.42,0.638,0.000103,650.7
18.925,72.78,4.51,0.5595,-7.5e-05,619.8
18.925,72.785,1.8,0.254,5.1e-05,646.9
18.925,72.79,3.03,0.7887,3.4e-05,634.6
18.925,72.795,6.85,0.927,-0.000108,596.4
18.925,72.8,2.36,0.4873,2.8e-05,641.3
18.925,72.805,0.0,0.064,3.5e-05,664.9
18.925,72.81,0.31,0.031,-2e-06,661.8
18.925,72.815,0.46,0.7412,4.5e-05,660.3
18.925,72.82,4.05,1.1251,2.4e-05,624.4
18.925,72.825,9.5,0.4315,-4.4e-05,569.9
18.925,72.83,11.59,1.0322,3.8e-05,549.0
18.925,72.835,16.59,0.5905,-2.8e-05,499.0
18.925,72.84,19.45,0.033,-3.5e-05,470.4
18.925,72.845,19.61,0.2292,-1.6e-05,468.8
18.925,72.85,18.5,0.2292,0.0,479.9
18.925,72.855,17.39,0.0681,1.9e-05,491.0
18.925,72.86,17.72,0.3696,-2.8e-05,487.7
18.925,72.865,15.93,1.0384,-4.2e-05,505.6
18.925,72.87,10.9,0.351,8.7e-05,555.9
18.925,72.875,12.6,0.0206,-2.1e-05,538.9
18.925,72.88,12.7,1.0405,6.4e-05,537.9
18.925,72.885,17.74,0.0413,-6.8e-05,487.5
18.925,72.89,17.54,1.5832,0.000102,489.5
18.925,72.895,25.21,0.4088,-0.000125,412.8
18.925,72.9,23.23,0.7267,7.1e-05,432.6
18.925,72.905,26.75,0.638,-8.6e-05,397.4
18.925,72.91,23.66,0.6772,8.3e-05,428.3
18.925,72.915,26.94,0.5244,-1e-05,395.5
18.925,72.92,29.48,0.3799,-5.7e-05,370.1
18.925,72.925,27.64,0.7309,7e-05,388.5
18.925,72.93,31.18,0.6565,-5e-06,353.1
18.925,72.935,34.36,0.4687,-7.1e-05,321.3
18.925,72.94,32.09,0.287,1.1e-05,344.0
18.925,72.945,30.7,0.865,7.2e-05,357.9
18.925,72.95,34.89,1.5482,-0.000152,316.0
18.925,72.955,27.39,0.254,0.000113,391.0
18.925,72.96,28.62,0.4976,-4.7e-05,378.7
18.925,72.965,26.21,0.0268,3.3e-05,402.8
18.925,72.97,26.34,1.121,6.9e-05,401.5
18.925,72.975,31.77,0.3056,-5.1e-05,347.2
18.925,72.98,33.25,1.1065,5e-05,332.4
18.925,72.985,38.61,0.2436,-8.5e-05,278.8
18.925,72.99,37.43,1.8287,0.00013,290.6
18.925,72.995,46.29,0.1012,-0.000121,202.0
18.925,73.0,45.8,9.3719,-0.000588,206.9
18.93,72.77,0.0,0.6462,0.000635,664.9
18.93,72.775,3.13,0.6462,-8.1e-05,633.6
18.93,72.78,0.0,0.0,4.1e-05,664.9
18.93,72.785,0.0,0.4047,2.5e-05,664.9
18.93,72.79,1.96,0.1796,-1.4e-05,645.3
18.93,72.795,2.83,0.3799,1.3e-05,636.6
18.93,72.8,4.67,1.0983,4.5e-05,618.2
18.93,72.805,9.99,0.446,-4.1e-05,565.0
18.93,72.81,12.15,0.3696,-5e-06,543.4
18.93,72.815,13.94,0.4356,-5.1e-05,525.5
18.93,72.82,11.83,0.3572,5e-06,546.6
18.93,72.825,10.1,0.1259,3e-05,563.9
18.93,72.83,10.71,0.8031,-5.8e-05,557.8
18.93,72.835,6.82,0.6235,1.1e-05,596.7
18.93,72.84,3.8,0.0723,3.5e-05,626.9
18.93,72.845,3.45,0.8258,5.6e-05,630.4
18.93,72.85,7.45,0.3345,-3.1e-05,590.4
18.93,72.855,9.07,1.6926,8.5e-05,574.2
18.93,72.86,17.27,1.1354,-3.5e-05,492.2
18.93,72.865,22.77,1.0653,-4e-06,437.2
18.93,72.87,27.93,1.3274,-0.000151,385.6
18.93,72.875,21.5,0.6235,0.000123,449.9
18.93,72.88,24.52,1.0157,-0.000103,419.7
18.93,72.885,19.6,0.479,3.4e-05,468.9
18.93,72.89,17.28,0.0991,2.4e-05,492.1
18.93,72.895,16.8,0.702,5e-05,496.9
18.93,72.9,20.2,0.0268,-4.6e-05,462.9
18.93,72.905,20.07,0.6565,4.3e-05,464.2
18.93,72.91,23.25,0.5327,-8e-06,432.4
18.93,72.915,25.83,0.1445,-2.4e-05,406.6
18.93,72.92,26.53,0.0145,-1e-05,399.6
18.93,72.925,26.46,0.8527,-5.3e-05,400.3
18.93,72.93,22.33,0.7928,0.000103,441.6
18.93,72.935,26.17,0.1383,-5.9e-05,403.2
18.93,72.94,25.5,0.2189,-5e-06,409.9
18.93,72.945,24.44,0.9435,7.3e-05,420.5
18.93,72.95,29.01,1.1664,1.4e-05,374.8
18.93,72.955,34.66,0.2891,-5.5e-05,318.3
18.93,72.96,36.06,1.2964,6.3e-05,304.3
18.93,72.965,42.34,0.8341,-2.9e-05,241.5
18.93,72.97,46.38,0.1714,-4.2e-05,201.1
18.93,72.975,47.21,1.8803,-0.000129,192.8
18.93,72.98,38.1,0.5987,8.1e-05,283.9
18.93,72.985,35.2,0.3262,1.7e-05,312.9
18.93,72.99,33.62,0.1879,9e-06,328.7
18.93,72.995,32.71,0.5636,4.7e-05,337.8
18.93,73.0,35.44,7.2779,-0.000496,310.5
18.935,72.77,0.0,0.0,0.00046,664.9
18.935,72.775,0.0,0.0,0.0,664.9
18.935,72.78,0.0,0.0,0.0,664.9
18.935,72.785,0.0,0.0,0.0,664.9
18.935,72.79,0.0,0.6462,4.1e-05,664.9
18.935,72.795,3.13,1.1747,3.3e-05,633.6
18.935,72.8,8.82,1.4099,1.5e-05,576.7
18.935,72.805,15.65,1.3769,-2e-06,508.4
18.935,72.81,22.32,0.799,-3.6e-05,441.7
18.935,72.815,26.19,0.7082,-9.5e-05,403.0
18.935,72.82,22.76,1.5956,-5.6e-05,437.3
18.935,72.825,15.03,1.445,9e-06,514.6
18.935,72.83,8.03,1.6575,-1.3e-05,584.6
18.935,72.835,0.0,0.0,0.000104,664.9
18.935,72.84,0.0,0.0,0.0,664.9
18.935,72.845,0.0,0.0,0.0,664.9
18.935,72.85,0.0,1.3542,8.5e-05,664.9
18.935,72.855,6.56,1.154,-1.3e-05,599.3
18.935,72.86,12.15,3.1229,0.000124,543.4
18.935,72.865,27.29,0.832,-0.000144,392.0
18.935,72.87,31.32,0.3262,-7.3e-05,351.7
18.935,72.875,29.74,0.7185,6.6e-05,367.5
18.935,72.88,33.22,1.6327,-0.000148,332.7
18.935,72.885,25.31,0.6545,6.2e-05,411.8
18.935,72.89,22.14,0.1115,3.4e-05,443.5
18.935,72.895,21.6,0.4666,-2.2e-05,448.9
18.935,72.9,19.34,0.7433,7.6e-05,471.5
18.935,72.905,22.94,0.1961,-5.9e-05,435.5
18.935,72.91,21.99,1.2882,9.3e-05,445.0
18.935,72.915,28.23,0.8547,-0.000135,382.6
18.935,72.92,24.09,0.671,9.6e-05,424.0
18.935,72.925,27.34,1.9257,-0.000163,391.5
18.935,72.93,18.01,0.0454,0.000124,484.8
18.935,72.935,18.23,0.4666,2.6e-05,482.6
18.935,72.94,20.49,0.1734,-1.8e-05,460.0
18.935,72.945,21.33,1.2324,6.7e-05,451.6
18.935,72.95,27.3,1.6204,2.4e-05,391.9
18.935,72.955,35.15,1.1767,-2.8e-05,313.4
18.935,72.96,40.85,1.381,1.3e-05,256.4
18.935,72.965,47.54,1.1747,-1.3e-05,189.5
18.935,72.97,53.23,0.6896,-0.000117,132.6
18.935,72.975,49.89,0.3613,2.1e-05,166.0
18.935,72.98,48.14,2.3648,-0.000126,183.5
18.935,72.985,36.68,1.3955,6.1e-05,298.1
18.935,72.99,29.92,1.3955,-0.0,365.7
18.935,72.995,23.16,0.8361,3.5e-05,433.3
18.935,73.0,19.11,3.9394,-0.000196,473.8
18.94,72.77,0.0,0.0,0.000248,664.9
18.94,72.775,0.0,0.0,0.0,664.9
18.94,72.78,0.0,0.0,0.0,664.9
18.94,72.785,0.0,0.0,0.0,664.9
18.94,72.79,0.0,1.4182,8.9e-05,664.9
18.94,72.795,6.87,2.3607,5.9e-05,596.2
18.94,72.8,18.31,1.3047,-6.6e-05,481.8
18.94,72.805,24.63,0.9476,-2.2e-05,418.6
18.94,72.81,29.22,0.4707,-3e-05,372.7
18.94,72.815,31.5,1.2386,-0.000108,349.9
18.94,72.82,25.5,2.4411,-7.6e-05,409.9
18.94,72.825,13.67,2.4081,2e-06,528.2
18.94,72.83,2.0,0.4129,0.000126,644.9
18.94,72.835,0.0,0.0,2.6e-05,664.9
18.94,72.84,0.0,0.0,0.0,664.9
18.94,72.845,0.0,0.0,0.0,664.9
18.94,72.85,0.0,0.4831,3e-05,664.9
18.94,72.855,2.34,1.3336,5.4e-05,641.5
18.94,72.86,8.8,2.6595,8.3e-05,576.9
18.94,72.865,21.69,0.991,-0.000105,448.0
18.94,72.87,26.49,1.8122,5.2e-05,400.0
18.94,72.875,35.27,0.5224,-8.1e-05,312.2
18.94,72.88,37.8,1.8823,-0.000151,286.9
18.94,72.885,28.68,0.6793,7.6e-05,378.1
18.94,72.89,25.39,0.3613,2e-05,411.0
18.94,72.895,23.64,0.9228,-3.5e-05,428.5
18.94,72.9,19.17,0.2292,4.4e-05,473.2
18.94,72.905,18.06,0.6524,5.5e-05,484.3
18.94,72.91,21.22,0.4067,-6.7e-05,452.7
18.94,72.915,19.25,0.5058,-6e-06,472.4
18.94,72.92,16.8,0.4976,1e-06,496.9
18.94,72.925,14.39,1.4883,0.000125,521.0
18.94,72.93,21.6,0.543,-0.000128,448.9
18.94,72.935,18.97,0.3014,1.5e-05,475.2
18.94,72.94,17.51,1.1808,9.3e-05,489.8
18.94,72.945,23.23,1.3109,8e-06,432.6
18.94,72.95,29.58,2.3195,6.4e-05,369.1
18.94,72.955,40.82,1.2964,-6.4e-05,256.7
18.94,72.96,47.1,1.4698,1.1e-05,193.9
18.94,72.965,54.22,0.8506,-3.9e-05,122.7
18.94,72.97,58.34,0.2251,-6.8e-05,81.5
18.94,72.975,57.25,1.8865,-0.000105,92.4
18.94,72.98,48.11,1.9607,-5e-06,183.8
18.94,72.985,38.61,2.8058,-5.3e-05,278.8
18.94,72.99,25.01,1.7235,6.8e-05,414.8
18.94,72.995,16.66,1.1334,3.7e-05,498.3
18.94,73.0,11.17,2.305,-7.4e-05,553.2
18.945,72.77,0.0,0.0,0.000145,664.9
18.945,72.775,0.0,0.0,0.0,664.9
18.945,72.78,0.0,0.0,0.0,664.9
18.945,72.785,0.0,1.4718,9.3e-05,664.9
18.945,72.79,7.13,1.5151,3e-06,593.6
18.945,72.795,14.47,1.8803,2.3e-05,520.2
18.945,72.8,23.58,0.2023,-0.000106,429.1
18.945,72.805,24.56,0.5368,2.1e-05,419.3
18.945,72.81,27.16,0.4047,-8e-06,393.3
18.945,72.815,29.12,1.6658,-0.00013,373.7
18.945,72.82,21.05,1.905,-1.5e-05,454.4
18.945,72.825,11.82,1.839,4e-06,546.7
18.945,72.83,2.91,0.6008,7.8e-05,635.8
18.945,72.835,0.0,0.0,3.8e-05,664.9
18.945,72.84,0.0,0.0,0.0,664.9
18.945,72.845,0.0,0.0,0.0,664.9
18.945,72.85,0.0,0.2663,1.7e-05,664.9
18.945,72.855,1.29,1.3686,6.9e-05,652.0
18.945,72.86,7.92,2.037,4.2e-05,585.7
18.945,72.865,17.79,1.9772,-4e-06,487.0
18.945,72.87,27.37,0.9332,-6.6e-05,391.2
18.945,72.875,31.89,1.0013,4e-06,346.0
18.945,72.88,36.74,0.8671,-8e-06,297.5
18.945,72.885,40.94,1.1272,-0.000125,255.5
18.945,72.89,35.48,1.1416,-1e-06,310.1
18.945,72.895,29.95,0.1012,7.8e-05,365.4
18.945,72.9,30.44,2.1917,-0.000144,360.5
18.945,72.905,19.82,0.927,8e-05,466.7
18.945,72.91,15.33,0.1796,7e-05,511.6
18.945,72.915,16.2,0.704,-5.6e-05,502.9
18.945,72.92,12.79,0.4707,1.5e-05,537.0
18.945,72.925,10.51,0.6524,7.1e-05,559.8
18.945,72.93,13.67,0.4852,-1.1e-05,528.2
18.945,72.935,16.02,0.5451,4e-06,504.7
18.945,72.94,18.66,1.0405,3.1e-05,478.3
18.945,72.945,23.7,2.507,9.2e-05,427.9
18.945,72.95,35.85,2.3875,-8e-06,306.4
18.945,72.955,47.42,0.7391,-0.000104,190.7
18.945,72.96,51.0,1.1148,2.4e-05,154.9
18.945,72.965,56.4,0.1528,-8e-05,100.9
18.945,72.97,55.66,1.6245,-9.3e-05,108.3
18.945,72.975,47.79,0.9703,4.1e-05,187.0
18.945,72.98,43.09,1.5275,-3.5e-05,234.0
18.945,72.985,35.69,2.2556,-4.6e-05,308.0
18.945,72.99,24.76,1.152,6.9e-05,417.3
18.945,72.995,19.18,0.256,5.6e-05,473.1
18.945,73.0,17.94,3.6989,-0.000217,485.5
18.95,72.77,0.0,0.0,0.000233,664.9
18.95,72.775,0.0,0.0,0.0,664.9
18.95,72.78,0.0,0.1796,1.1e-05,664.9
18.95,72.785,0.87,2.1009,0.000121,656.2
18.95,72.79,11.05,1.6926,-2.6e-05,554.4
18.95,72.795,19.25,1.4367,-1.6e-05,472.4
18.95,72.8,26.21,0.5017,-0.000122,402.8
18.95,72.805,23.78,0.8423,-2.1e-05,427.1
18.95,72.81,19.7,0.1487,6.2e-05,467.9
18.95,72.815,20.42,1.4842,-0.000103,460.7
18.95,72.82,13.23,1.284,1.3e-05,532.6
18.95,72.825,7.01,0.4625,5.2e-05,594.8
18.95,72.83,4.77,0.4398,1e-06,617.2
18.95,72.835,2.64,0.5451,-7e-06,638.5
18.95,72.84,0.0,0.0,3.4e-05,664.9
18.95,72.845,0.0,0.0,0.0,664.9
18.95,72.85,0.0,0.4129,2.6e-05,664.9
18.95,72.855,2.0,0.446,2e-06,644.9
18.95,72.86,4.16,1.3171,5.5e-05,623.3
18.95,72.865,10.54,1.7854,2.9e-05,559.5
18.95,72.87,19.19,2.472,4.3e-05,473.0
18.95,72.875,31.17,1.4182,-6.6e-05,353.2
18.95,72.88,38.04,0.2478,-7.4e-05,284.5
18.95,72.885,39.24,1.445,7.5e-05,272.5
18.95,72.89,46.24,1.9607,-0.000214,202.5
18.95,72.895,36.74,0.479,9.3e-05,297.5
18.95,72.9,34.42,1.5482,-6.7e-05,320.7
18.95,72.905,26.92,2.3999,-5.4e-05,395.7
18.95,72.91,15.29,1.839,3.5e-05,512.0
18.95,72.915,6.38,0.7949,6.6e-05,601.1
18.95,72.92,2.53,0.254,6.6e-05,639.6
18.95,72.925,3.76,1.4656,7.6e-05,627.3
18.95,72.93,10.86,0.6545,-5.1e-05,556.3
18.95,72.935,14.03,1.7111,6.6e-05,524.6
18.95,72.94,22.32,2.9026,7.5e-05,441.7
18.95,72.945,36.39,1.7792,-7.1e-05,301.0
18.95,72.95,45.01,1.7256,-3e-06,214.8
18.95,72.955,53.37,0.8712,-0.000163,131.2
18.95,72.96,49.15,0.415,8.1e-05,173.4
18.95,72.965,51.16,0.0578,-3e-05,153.3
18.95,72.97,50.88,1.3398,-8.1e-05,156.1
18.95,72.975,44.39,1.185,1e-05,221.0
18.95,72.98,38.65,0.6359,3.5e-05,278.4
18.95,72.985,35.57,1.4863,-5.4e-05,309.2
18.95,72.99,28.37,0.095,8.8e-05,381.2
18.95,72.995,27.91,1.2634,-7.4e-05,385.8
18.95,73.0,21.79,4.4898,-0.000203,447.0
18.955,72.77,0.0,0.0,0.000283,664.9
18.955,72.775,0.0,0.0,0.0,664.9
18.955,72.78,0.0,1.641,0.000103,664.9
18.955,72.785,7.95,1.088,-3.5e-05,585.4
18.955,72.79,13.22,1.8865,5e-05,532.7
18.955,72.795,22.36,0.161,-0.000109,441.3
18.955,72.8,23.14,0.5946,-4.8e-05,433.5
18.955,72.805,20.26,0.6586,-4e-06,462.3
18.955,72.81,17.07,0.993,-2.1e-05,494.2
18.955,72.815,12.26,0.8836,7e-06,542.3
18.955,72.82,7.98,0.5162,8.8e-05,585.1
18.955,72.825,10.48,0.702,-7.7e-05,560.1
18.955,72.83,7.08,0.1404,5.3e-05,594.1
18.955,72.835,7.76,0.0434,-6e-06,587.3
18.955,72.84,7.97,0.384,-2.7e-05,585.2
18.955,72.845,6.11,0.2953,4.3e-05,603.8
18.955,72.85,7.54,0.929,-7.7e-05,589.5
18.955,72.855,3.04,0.1693,6.9e-05,634.5
18.955,72.86,3.86,0.5533,2.4e-05,626.3
18.955,72.865,6.54,1.5894,6.5e-05,599.5
18.955,72.87,14.24,1.6616,5e-06,522.5
18.955,72.875,22.29,2.507,5.3e-05,442.0
18.955,72.88,34.44,0.8712,-0.000103,320.5
18.955,72.885,38.66,1.1189,1.6e-05,278.3
18.955,72.89,44.08,0.1425,-7.9e-05,224.1
18.955,72.895,43.39,1.5358,-8.8e-05,231.0
18.955,72.9,35.95,2.5008,-6.1e-05,305.4
18.955,72.905,23.83,1.5874,5.8e-05,426.6
18.955,72.91,16.14,2.1545,-3.6e-05,503.5
18.955,72.915,5.7,1.1767,6.2e-05,607.9
18.955,72.92,0.0,0.1156,8.1e-05,664.9
18.955,72.925,0.56,2.3174,0.000139,659.3
18.955,72.93,11.79,2.138,-1.1e-05,547.0
18.955,72.935,22.15,1.9628,-1.1e-05,443.4
18.955,72.94,31.66,2.1896,1.4e-05,348.3
18.955,72.945,42.27,0.7598,-9e-05,242.2
18.955,72.95,45.95,0.7598,0.0,205.4
18.955,72.955,49.63,0.384,-2.4e-05,168.6
18.955,72.96,51.49,1.088,-9.3e-05,150.0
18.955,72.965,46.22,1.0715,1e-06,202.7
18.955,72.97,41.03,0.8939,1.1e-05,254.6
18.955,72.975,36.7,0.0681,6.1e-05,297.9
18.955,72.98,37.03,0.2189,-1.8e-05,294.6
18.955,72.985,35.97,0.2271,-1e-06,305.2
18.955,72.99,34.87,0.2787,-3e-06,316.2
18.955,72.995,33.52,0.3365,-4e-06,329.7
18.955,73.0,31.89,6.5556,-0.000393,346.0
18.96,72.77,0.0,0.0,0.000414,664.9
18.96,72.775,0.0,0.0,0.0,664.9
18.96,72.78,0.0,1.282,8.1e-05,664.9
18.96,72.785,6.21,2.5091,7.7e-05,602.8
18.96,72.79,18.37,0.19,-0.00017,481.2
18.96,72.795,17.45,0.3014,3.1e-05,490.4
18.96,72.8,18.91,0.929,-7.7e-05,475.8
18.96,72.805,14.41,0.3572,8.1e-05,520.8
18.96,72.81,16.14,1.7276,-0.000131,503.5
18.96,72.815,7.77,1.2572,3e-05,587.2
18.96,72.82,1.68,1.3872,0.000166,648.1
18.96,72.825,8.4,0.2209,-0.000101,580.9
18.96,72.83,7.33,0.5327,4.7e-05,591.6
18.96,72.835,9.91,0.0454,-3.1e-05,565.8
18.96,72.84,10.13,0.2519,1.3e-05,563.6
18.96,72.845,11.35,0.3985,-4.1e-05,551.4
18.96,72.85,9.42,0.799,-2.5e-05,570.7
18.96,72.855,5.55,0.1507,4.1e-05,609.4
18.96,72.86,4.82,0.5719,4.5e-05,616.7
18.96,72.865,7.59,0.0413,-3.9e-05,589.0
18.96,72.87,7.39,1.8844,0.000121,591.0
18.96,72.875,16.52,3.0179,7.1e-05,499.7
18.96,72.88,31.15,0.9621,-0.000129,353.4
18.96,72.885,35.81,0.512,-2.8e-05,306.8
18.96,72.89,38.29,0.5492,-6.7e-05,282.0
18.96,72.895,35.63,0.3304,1.4e-05,308.6
18.96,72.9,34.03,1.251,-5.8e-05,324.6
18.96,72.905,27.97,1.1953,4e-06,385.2
18.96,72.91,22.18,1.8328,-4e-05,443.1
18.96,72.915,13.3,1.8638,-2e-06,531.9
18.96,72.92,4.27,0.4728,0.000147,622.2
18.96,72.925,6.56,0.8712,2.5e-05,599.3
18.96,72.93,10.78,2.1566,8.1e-05,557.1
18.96,72.935,21.23,2.2885,8e-06,452.6
18.96,72.94,32.32,1.6018,-4.3e-05,341.7
18.96,72.945,40.08,1.9566,2.2e-05,264.1
18.96,72.95,49.56,1.2469,-0.000202,169.3
18.96,72.955,43.52,0.0041,7.9e-05,229.7
18.96,72.96,43.54,1.6967,-0.000107,229.5
18.96,72.965,35.32,0.1631,0.000117,311.7
18.96,72.97,36.11,1.1829,-8.5e-05,303.8
18.96,72.975,30.38,0.9683,0.000135,361.1
18.96,72.98,35.07,0.2436,-7.6e-05,314.2
18.96,72.985,33.89,0.0186,1.6e-05,326.0
18.96,72.99,33.98,0.064,3e-06,325.1
18.96,72.995,34.29,0.5058,2.8e-05,322.0
18.96,73.0,36.74,7.5419,-0.000509,297.5
18.965,72.77,0.0,0.0,0.000477,664.9
18.965,72.775,0.0,0.1631,1e-05,664.9
18.965,72.78,0.79,1.5317,8.6e-05,657.0
18.965,72.785,8.21,0.1982,-0.000109,582.8
18.965,72.79,7.25,0.4852,-1.8e-05,592.4
18.965,72.795,4.9,1.2097,0.000107,615.9
18.965,72.8,10.76,0.0702,-7.2e-05,557.3
18.965,72.805,11.1,0.3696,-2.8e-05,553.9
18.965,72.81,9.31,1.284,-5.8e-05,571.8
18.965,72.815,3.09,0.3675,0.000104,634.0
18.965,72.82,4.87,0.8465,3e-05,616.2
18.965,72.825,8.97,0.0743,-5.8e-05,575.2
18.965,72.83,8.61,0.7804,5.4e-05,578.8
18.965,72.835,12.39,0.0227,-5.1e-05,541.0
18.965,72.84,12.28,0.0826,-4e-06,542.1
18.965,72.845,11.88,0.0681,1e-06,546.1
18.965,72.85,11.55,0.5162,3.7e-05,549.4
18.965,72.855,14.05,0.5554,-6.7e-05,524.4
18.965,72.86,11.36,0.6029,7.3e-05,551.3
18.965,72.865,14.28,0.1156,-3.1e-05,522.1
18.965,72.87,14.84,1.187,6.7e-05,516.5
18.965,72.875,20.59,0.5802,-3.8e-05,459.0
18.965,72.88,23.4,0.83,1.6e-05,430.9
18.965,72.885,27.42,0.2147,-3.9e-05,390.7
18.965,72.89,28.46,1.4409,7.7e-05,380.3
18.965,72.895,35.44,1.4986,-0.000185,310.5
18.965,72.9,28.18,1.4945,0.0,383.1
18.965,72.905,20.94,0.1838,0.000106,455.5
18.965,72.91,21.83,1.0983,-8.1e-05,446.6
18.965,72.915,16.51,0.6194,0.000108,499.8
18.965,72.92,19.51,0.1528,-2.9e-05,469.8
18.965,72.925,20.25,0.3365,1.2e-05,462.4
18.965,72.93,21.88,0.6937,2.2e-05,446.1
18.965,72.935,25.24,1.4347,4.7e-05,412.5
18.965,72.94,32.19,0.4687,-6.1e-05,343.0
18.965,72.945,34.46,1.0137,3.4e-05,320.3
18.965,72.95,39.37,0.0681,-6.8e-05,271.2
18.965,72.955,39.04,0.7102,4.9e-05,274.5
18.965,72.96,42.48,1.7813,-0.000157,240.1
18.965,72.965,33.85,0.2416,9.7e-05,326.4
18.965,72.97,32.68,0.0,1.5e-05,338.1
18.965,72.975,32.68,0.2395,1.5e-05,338.1
18.965,72.98,33.84,0.9043,4.2e-05,326.5
18.965,72.985,38.22,0.0372,-5.9e-05,282.7
18.965,72.99,38.04,1.3274,8.6e-05,284.5
18.965,72.995,44.47,0.3964,-0.000108,220.2
18.965,73.0,42.55,7.7771,-0.000467,239.4
18.97,72.77,4.65,0.2994,0.000473,618.4
18.97,72.775,3.2,0.4005,4.4e-05,632.9
18.97,72.78,5.14,0.7639,-7.3e-05,613.5
18.97,72.785,1.44,0.2395,3.3e-05,650.5
18.97,72.79,0.28,0.0578,1.1e-05,662.1
18.97,72.795,0.0,0.1507,1.3e-05,664.9
18.97,72.8,0.73,0.0991,-3e-06,657.6
18.97,72.805,1.21,1.2572,7.3e-05,652.8
18.97,72.81,7.3,0.1796,-6.8e-05,591.9
18.97,72.815,8.17,0.0268,-1e-05,583.2
18.97,72.82,8.3,0.3159,1.8e-05,581.9
18.97,72.825,9.83,0.3799,4e-06,566.6
18.97,72.83,11.67,0.1961,-1.2e-05,548.2
18.97,72.835,12.62,0.1425,-2.1e-05,538.7
18.97,72.84,11.93,0.1115,2e-06,545.6
18.97,72.845,11.39,0.7453,5.4e-05,551.0
18.97,72.85,15.0,0.5265,-1.4e-05,514.9
18.97,72.855,17.55,0.097,-3.9e-05,489.4
18.97,72.86,17.08,0.6545,4.7e-05,494.1
18.97,72.865,20.25,0.5657,-7.7e-05,462.4
18.97,72.87,17.51,0.6318,7.5e-05,489.8
18.97,72.875,20.57,1.2531,-0.000119,459.2
18.97,72.88,14.5,0.1425,8.8e-05,519.9
18.97,72.885,15.19,0.1239,-1.7e-05,513.0
18.97,72.89,14.59,0.6153,4.6e-05,519.0
18.97,72.895,17.57,0.8196,1.3e-05,489.2
18.97,72.9,21.54,0.5451,-1.7e-05,449.5
18.97,72.905,24.18,0.3118,-5.4e-05,423.1
18.97,72.91,22.67,1.7173,0.000128,438.2
18.97,72.915,30.99,0.1714,-0.000119,355.0
18.97,72.92,30.16,0.4584,4e-05,363.3
18.97,72.925,32.38,0.3097,-9e-06,341.1
18.97,72.93,33.88,1.0384,-8.5e-05,326.1
18.97,72.935,28.85,0.5843,0.000102,376.4
18.97,72.94,31.68,0.9167,-9.4e-05,348.1
18.97,72.945,27.24,0.9146,0.000115,392.5
18.97,72.95,31.67,0.7866,-0.000107,348.2
18.97,72.955,27.86,0.9476,0.000109,386.3
18.97,72.96,32.45,0.1941,-4.7e-05,340.4
18.97,72.965,33.39,0.2973,-3.1e-05,331.0
18.97,72.97,31.95,0.1363,2.7e-05,345.4
18.97,72.975,32.61,0.9373,5e-05,338.8
18.97,72.98,37.15,0.0041,-5.9e-05,293.4
18.97,72.985,37.13,1.1354,7.2e-05,293.6
18.97,72.99,42.63,0.512,-0.000104,238.6
18.97,72.995,40.15,0.2457,4.8e-05,263.4
18.97,73.0,41.34,5.5715,-0.000367,251.5
18.975,72.77,14.27,0.3427,0.00033,522.2
18.975,72.775,12.61,2.171,-0.000115,538.8
18.975,72.78,2.09,0.4315,0.000109,644.0
18.975,72.785,0.0,0.0,2.7e-05,664.9
18.975,72.79,0.0,0.0,0.0,664.9
18.975,72.795,0.0,0.0,0.0,664.9
18.975,72.8,0.0,0.0,0.0,664.9
18.975,72.805,0.0,0.0,0.0,664.9
18.975,72.81,0.0,2.1112,0.000133,664.9
18.975,72.815,10.23,0.2994,-0.000152,562.6
18.975,72.82,8.78,0.96,7.9e-05,577.1
18.975,72.825,13.43,0.0929,-5.5e-05,530.6
18.975,72.83,13.88,0.0661,-2e-06,526.1
18.975,72.835,14.2,0.2168,9e-06,522.9
18.975,72.84,15.25,0.0888,-1.9e-05,512.4
18.975,72.845,14.82,1.7462,0.000115,516.7
18.975,72.85,23.28,0.3407,-8.8e-05,432.1
18.975,72.855,24.93,0.1838,-1e-05,415.6
18.975,72.86,25.82,0.8403,-6.4e-05,406.7
18.975,72.865,21.75,0.5079,2.1e-05,447.4
18.975,72.87,19.29,0.4212,5e-06,472.0
18.975,72.875,17.25,2.3442,-0.000121,492.4
18.975,72.88,5.89,0.031,0.000146,606.0
18.975,72.885,5.74,1.0653,-6.5e-05,607.5
18.975,72.89,0.58,0.671,0.000109,659.1
18.975,72.895,3.83,1.1065,2.7e-05,626.6
18.975,72.9,9.19,2.6162,9.5e-05,573.0
18.975,72.905,21.87,2.4576,-1e-05,446.2
18.975,72.91,33.78,1.4532,-6.3e-05,327.1
18.975,72.915,40.82,1.0756,-2.4e-05,256.7
18.975,72.92,46.03,0.033,-7e-05,204.6
18.975,72.925,45.87,0.5884,-3.5e-05,206.2
18.975,72.93,43.02,1.4821,-5.6e-05,234.7
18.975,72.935,35.84,2.8573,-8.7e-05,306.5
18.975,72.94,21.99,0.2416,0.000195,445.0
18.975,72.945,23.16,0.6834,-5.8e-05,433.3
18.975,72.95,19.85,0.3923,1.8e-05,466.4
18.975,72.955,17.95,0.0434,2.7e-05,485.4
18.975,72.96,18.16,1.9751,0.000122,483.3
18.975,72.965,27.73,1.1272,-5.3e-05,387.6
18.975,72.97,33.19,0.5451,-3.7e-05,333.0
18.975,72.975,35.83,0.768,1.4e-05,306.6
18.975,72.98,39.55,0.574,-1.2e-05,269.4
18.975,72.985,42.33,0.6194,3e-06,241.6
18.975,72.99,45.33,0.7825,-8.8e-05,211.6
18.975,72.995,41.54,0.4398,7.7e-05,249.5
18.975,73.0,43.67,4.4775,-0.00031,228.2
18.98,72.77,21.94,1.3253,0.000199,445.5
18.98,72.775,15.52,1.8947,-3.6e-05,509.7
18.98,72.78,6.34,1.3088,3.7e-05,601.5
18.98,72.785,0.0,0.0,8.2e-05,664.9
18.98,72.79,0.0,0.0,0.0,664.9
18.98,72.795,0.0,0.0,0.0,664.9
18.98,72.8,0.0,0.0,0.0,664.9
18.98,72.805,0.0,0.0847,5e-06,664.9
18.98,72.81,0.41,1.4553,8.6e-05,660.8
18.98,72.815,7.46,0.446,-6.4e-05,590.3
18.98,72.82,9.62,1.2015,-0.000104,568.7
18.98,72.825,3.8,1.9092,0.000196,626.9
18.98,72.83,13.05,0.7309,-7.4e-05,534.4
18.98,72.835,16.59,0.1177,-5.3e-05,499.0
18.98,72.84,16.02,1.0343,7.2e-05,504.7
18.98,72.845,21.03,1.414,2.4e-05,454.6
18.98,72.85,27.88,0.4067,-6.3e-05,386.1
18.98,72.855,29.85,0.0413,-2.8e-05,366.4
18.98,72.86,29.65,0.7639,-4.5e-05,368.4
18.98,72.865,25.95,1.2531,-3.1e-05,405.4
18.98,72.87,19.88,1.0549,1.2e-05,466.1
18.98,72.875,14.77,1.9813,-5.8e-05,517.2
18.98,72.88,5.17,1.0673,5.8e-05,613.2
18.98,72.885,0.0,0.0,6.7e-05,664.9
18.98,72.89,0.0,0.0,0.0,664.9
18.98,72.895,0.0,2.1154,0.000133,664.9
18.98,72.9,10.25,1.7771,-2.1e-05,562.4
18.98,72.905,18.86,3.2999,9.6e-05,476.3
18.98,72.91,34.86,2.3586,-5.9e-05,316.3
18.98,72.915,46.29,1.3604,-6.3e-05,202.0
18.98,72.92,52.88,0.1404,-7.7e-05,136.1
18.98,72.925,53.56,1.0384,-7.4e-05,129.3
18.98,72.93,48.53,2.3854,-8.5e-05,179.6
18.98,72.935,36.97,2.4679,-5e-06,295.2
18.98,72.94,25.01,1.5543,5.8e-05,414.8
18.98,72.945,17.48,0.3923,7.3e-05,490.1
18.98,72.95,15.58,0.927,-3.4e-05,509.1
18.98,72.955,11.09,0.7618,0.000106,554.0
18.98,72.96,14.78,1.2159,2.9e-05,517.1
18.98,72.965,20.67,1.0281,-1.2e-05,458.2
18.98,72.97,25.65,1.4574,2.7e-05,408.4
18.98,72.975,32.71,1.6988,1.5e-05,337.8
18.98,72.98,40.94,0.2395,-0.000122,255.5
18.98,72.985,39.78,0.1301,7e-06,267.1
18.98,72.99,39.15,0.8403,6.1e-05,273.4
18.98,72.995,43.22,0.927,5e-06,232.7
18.98,73.0,47.71,5.6942,-0.000418,187.8
18.985,72.77,20.04,0.0145,0.000358,464.5
18.985,72.775,19.97,2.7584,-0.000173,465.2
18.985,72.78,6.6,1.3625,8.8e-05,598.9
18.985,72.785,0.0,0.0,8.6e-05,664.9
18.985,72.79,0.0,0.0,0.0,664.9
18.985,72.795,0.0,0.0,0.0,664.9
18.985,72.8,0.0,0.0,0.0,664.9
18.985,72.805,0.0,0.0,0.0,664.9
18.985,72.81,0.0,0.0,0.0,664.9
18.985,72.815,0.0,1.2263,7.7e-05,664.9
18.985,72.82,5.94,1.09,-9e-06,605.5
18.985,72.825,11.22,0.6772,-2.6e-05,552.7
18.985,72.83,14.5,1.185,3.2e-05,519.9
18.985,72.835,20.24,0.4377,-4.7e-05,462.5
18.985,72.84,22.36,0.5781,9e-06,441.3
18.985,72.845,25.16,1.0942,3.2e-05,413.3
18.985,72.85,30.46,0.0867,-7.4e-05,360.3
18.985,72.855,30.04,0.2684,-1.1e-05,364.5
18.985,72.86,28.74,0.9662,-4.4e-05,377.5
18.985,72.865,24.06,1.9731,-6.3e-05,424.3
18.985,72.87,14.5,0.7701,7.6e-05,519.9
18.985,72.875,10.77,1.9463,-7.4e-05,557.2
18.985,72.88,1.34,0.2767,0.000105,651.5
18.985,72.885,0.0,0.0,1.7e-05,664.9
18.985,72.89,0.0,0.5017,3.2e-05,664.9
18.985,72.895,2.43,1.8308,8.4e-05,640.6
18.985,72.9,11.3,2.5956,4.8e-05,551.9
18.985,72.905,23.88,1.5069,-6.9e-05,426.1
18.985,72.91,31.18,2.1401,4e-05,353.1
18.985,72.915,41.55,2.2164,5e-06,249.4
18.985,72.92,52.29,0.1032,-0.000133,142.0
18.985,72.925,52.79,1.2675,-8.6e-05,137.0
18.985,72.93,46.65,1.1004,1.1e-05,198.4
18.985,72.935,41.32,2.6492,-9.8e-05,251.7
18.985,72.94,28.48,0.1198,0.000174,380.1
18.985,72.945,29.06,2.1154,-0.000141,374.3
18.985,72.95,18.81,0.8733,7.8e-05,476.8
18.985,72.955,14.58,0.0619,5.1e-05,519.1
18.985,72.96,14.28,0.4914,3.5e-05,522.1
18.985,72.965,16.66,0.8712,2.4e-05,498.3
18.985,72.97,20.88,1.7875,5.8e-05,456.1
18.985,72.975,29.54,0.9394,-5.3e-05,369.5
18.985,72.98,34.09,1.1293,1.2e-05,324.0
18.985,72.985,39.56,0.6958,-2.7e-05,269.3
18.985,72.99,42.93,1.5048,5.1e-05,235.6
18.985,72.995,50.22,0.4295,-6.8e-05,162.7
18.985,73.0,52.3,6.7512,-0.000454,141.9
18.99,72.77,19.45,0.4336,0.000399,470.4
18.99,72.775,17.35,0.9992,-3.6e-05,491.4
18.99,72.78,12.51,0.2478,4.7e-05,539.8
18.99,72.785,11.31,2.1442,-0.000119,551.8
18.99,72.79,0.92,0.19,0.000123,655.7
18.99,72.795,0.0,0.0,1.2e-05,664.9
18.99,72.8,0.0,0.0,0.0,664.9
18.99,72.805,0.0,0.0,0.0,664.9
18.99,72.81,0.0,0.0,0.0,664.9
18.99,72.815,0.0,0.0,0.0,664.9
18.99,72.82,0.0,1.8555,0.000117,664.9
18.99,72.825,8.99,1.1334,-4.5e-05,575.0
18.99,72.83,14.48,2.4802,8.5e-05,520.1
18.99,72.835,26.5,0.9146,-9.9e-05,399.9
18.99,72.84,30.93,0.9517,2e-06,355.6
18.99,72.845,35.54,0.1507,-6.9e-05,309.5
18.99,72.85,34.81,1.249,-6.9e-05,316.8
18.99,72.855,28.76,0.4604,5e-05,377.3
18.99,72.86,26.53,2.5709,-0.000133,399.6
18.99,72.865,14.07,0.0516,0.000165,524.2
18.99,72.87,14.32,2.4617,-0.000158,521.7
18.99,72.875,2.39,0.2891,0.000137,641.0
18.99,72.88,0.99,0.2044,5e-06,655.0
18.99,72.885,0.0,0.5987,5.1e-05,664.9
18.99,72.89,2.9,2.4679,0.000118,635.9
18.99,72.895,14.86,0.0929,-0.000149,516.3
18.99,72.9,15.31,2.2164,0.000134,511.8
18.99,72.905,26.05,1.1891,-6.5e-05,404.4
18.99,72.91,31.81,1.872,4.3e-05,346.8
18.99,72.915,40.88,0.351,-9.6e-05,256.1
18.99,72.92,42.58,0.7474,2.5e-05,239.1
18.99,72.925,46.2,0.0124,-4.8e-05,202.9
18.99,72.93,46.14,1.2655,-7.9e-05,203.5
18.99,72.935,40.01,0.3056,9.9e-05,264.8
18.99,72.94,41.49,2.2164,-0.000159,250.0
18.99,72.945,30.75,1.7276,3.1e-05,357.4
18.99,72.95,22.38,1.3005,2.7e-05,441.1
18.99,72.955,16.08,0.318,6.2e-05,504.1
18.99,72.96,14.54,0.574,-1.6e-05,519.5
18.99,72.965,11.76,1.8638,0.000153,547.3
18.99,72.97,20.79,0.6689,-7.5e-05,457.0
18.99,72.975,24.03,1.4471,4.9e-05,424.6
18.99,72.98,31.04,2.3215,5.5e-05,354.5
18.99,72.985,42.29,1.0364,-8.1e-05,242.0
18.99,72.99,47.31,1.2324,1.2e-05,191.8
18.99,72.995,53.28,1.2737,3e-06,132.1
18.99,73.0,59.45,9.9798,-0.000714,70.4
18.995,72.77,10.62,0.5864,0.000671,558.7
18.995,72.775,13.46,0.7288,-8.3e-05,530.3
18.995,72.78,9.93,0.0475,4.9e-05,565.6
18.995,72.785,10.16,1.9813,-0.000128,563.3
18.995,72.79,0.56,0.1156,0.000117,659.3
18.995,72.795,0.0,0.0,7e-06,664.9
18.995,72.8,0.0,0.0,0.0,664.9
18.995,72.805,0.0,0.0,0.0,664.9
18.995,72.81,0.0,0.0,0.0,664.9
18.995,72.815,0.0,0.0,0.0,664.9
18.995,72.82,0.0,1.4409,9.1e-05,664.9
18.995,72.825,6.98,2.5524,7e-05,595.1
18.995,72.83,19.35,1.575,-6.2e-05,471.4
18.995,72.835,26.98,1.2799,-1.9e-05,395.1
18.995,72.84,33.18,0.0206,-8.2e-05,333.1
18.995,72.845,33.08,0.0888,7e-06,334.1
18.995,72.85,33.51,0.5409,-4e-05,329.8
18.995,72.855,30.89,2.0741,-9.6e-05,356.0
18.995,72.86,20.84,2.136,-4e-06,456.5
18.995,72.865,10.49,1.1478,6.2e-05,560.0
18.995,72.87,4.93,0.9001,1.6e-05,615.6
18.995,72.875,0.57,0.3799,8.1e-05,659.2
18.995,72.88,2.41,1.0199,4e-05,640.8
18.995,72.885,7.35,1.1127,6e-06,591.4
18.995,72.89,12.74,1.4904,2.4e-05,537.5
18.995,72.895,19.96,0.9517,-3.4e-05,465.3
18.995,72.9,24.57,0.5575,-2.5e-05,419.2
18.995,72.905,27.27,0.064,-3.9e-05,392.2
18.995,72.91,26.96,0.512,3.6e-05,395.3
18.995,72.915,29.44,0.5533,3e-06,370.5
18.995,72.92,32.12,1.0219,2.9e-05,343.7
18.995,72.925,37.07,0.4377,-9.2e-05,294.2
18.995,72.93,34.95,1.09,9.6e-05,315.4
18.995,72.935,40.23,0.4212,-4.2e-05,262.6
18.995,72.94,42.27,0.991,-8.9e-05,242.2
18.995,72.945,37.47,1.5729,-3.7e-05,290.2
18.995,72.95,29.85,1.542,2e-06,366.4
18.995,72.955,22.38,0.6648,5.5e-05,441.1
18.995,72.96,19.16,0.9848,-2e-05,473.3
18.995,72.965,14.39,0.1838,5e-05,521.0
18.995,72.97,13.5,0.8527,6.5e-05,529.9
18.995,72.975,17.63,2.0989,7.8e-05,488.6
18.995,72.98,27.8,2.1504,3e-06,386.9
18.995,72.985,38.22,2.7481,3.8e-05,282.7
18.995,72.99,51.54,1.9731,-4.9e-05,149.5
18.995,72.995,61.1,0.1796,-0.000135,53.9
18.995,73.0,60.23,12.1965,-0.000768,62.6
19.0,72.77,0.25,1.9669,0.000903,662.4
19.0,72.775,9.78,0.2932,-0.000105,567.1
19.0,72.78,11.2,0.2065,-3.1e-05,552.9
19.0,72.785,10.2,0.5492,4.8e-05,562.9
19.0,72.79,12.86,1.2283,-0.000112,536.3
19.0,72.795,6.91,0.5719,4.1e-05,595.8
19.0,72.8,4.14,0.8547,-1.8e-05,623.5
19.0,72.805,0.0,0.0,5.4e-05,664.9
19.0,72.81,0.0,0.0,0.0,664.9
19.0,72.815,0.0,0.0,0.0,664.9
19.0,72.82,0.0,1.2345,7.8e-05,664.9
19.0,72.825,5.98,2.4761,7.8e-05,605.1
19.0,72.83,17.98,1.8122,-4.2e-05,485.1
19.0,72.835,26.76,0.8258,-6.2e-05,397.3
19.0,72.84,30.76,0.1136,-5.9e-05,357.3
19.0,72.845,30.21,0.4418,-2.1e-05,362.8
19.0,72.85,28.07,1.8865,-9.1e-05,384.2
19.0,72.855,18.93,1.3212,3.6e-05,475.6
19.0,72.86,12.53,0.8547,2.9e-05,539.6
19.0,72.865,8.39,0.9476,-6e-06,581.0
19.0,72.87,3.8,0.0021,6e-05,626.9
19.0,72.875,3.81,0.5678,3.6e-05,626.8
19.0,72.88,6.56,0.8238,1.6e-05,599.3
19.0,72.885,10.55,2.0576,7.8e-05,559.4
19.0,72.89,20.52,1.0178,-6.5e-05,459.7
19.0,72.895,25.45,0.1198,-7.2e-05,410.4
19.0,72.9,24.87,0.1838,1.9e-05,416.2
19.0,72.905,25.76,0.6256,2.8e-05,407.3
19.0,72.91,28.79,0.32,-5.9e-05,377.0
19.0,72.915,27.24,0.9373,-3.9e-05,392.5
19.0,72.92,22.7,1.1416,0.000131,437.9
19.0,72.925,28.23,1.4945,2.2e-05,382.6
19.0,72.93,35.47,0.1838,-8.2e-05,310.2
19.0,72.935,36.36,0.5306,2.2e-05,301.3
19.0,72.94,38.93,0.5224,-1e-06,275.6
19.0,72.945,41.46,0.7598,-8.1e-05,250.3
19.0,72.95,37.78,1.249,-3.1e-05,287.1
19.0,72.955,31.73,1.8679,-3.9e-05,347.6
19.0,72.96,22.68,0.6669,7.6e-05,438.1
19.0,72.965,19.45,0.0372,4.4e-05,470.4
19.0,72.97,19.63,0.0165,-1e-06,468.6
19.0,72.975,19.71,1.4079,8.8e-05,467.8
19.0,72.98,26.53,2.7913,8.7e-05,399.6
19.0,72.985,40.06,2.4967,-1.9e-05,264.3
19.0,72.99,52.16,1.6926,-5.1e-05,143.3
19.0,72.995,60.36,0.2643,-0.000123,61.3
19.0,73.0,59.08,12.0189,-0.000751,74.1
19.005,72.77,0.0,0.0,0.000767,664.9
19.005,72.775,0.0,1.2737,8e-05,664.9
19.005,72.78,6.17,0.1652,-7e-05,603.2
19.005,72.785,6.97,0.4274,1.6e-05,595.2
19.005,72.79,9.04,0.2065,-1.4e-05,574.5
19.005,72.795,10.04,0.8031,-6.4e-05,564.5
19.005,72.8,6.15,1.2696,-2.9e-05,603.4
19.005,72.805,0.0,0.4274,0.000107,664.9
19.005,72.81,2.07,0.4274,-5.4e-05,644.2
19.005,72.815,0.0,0.0,2.7e-05,664.9
19.005,72.82,0.0,0.7226,4.5e-05,664.9
19.005,72.825,3.5,1.5048,4.9e-05,629.9
19.005,72.83,10.79,1.0797,-2.7e-05,557.0
19.005,72.835,16.02,0.7866,-1.8e-05,504.7
19.005,72.84,19.83,0.4666,-7.9e-05,466.6
19.005,72.845,17.57,0.6834,7.2e-05,489.2
19.005,72.85,20.88,0.7329,-8.9e-05,456.1
19.005,72.855,17.33,0.0186,4.5e-05,491.6
19.005,72.86,17.24,1.3232,-8.2e-05,492.5
19.005,72.865,10.83,0.5203,5.1e-05,556.6
19.005,72.87,8.31,0.1404,4.2e-05,581.8
19.005,72.875,8.99,1.3109,7.4e-05,575.0
19.005,72.88,15.34,1.2428,-4e-06,511.5
19.005,72.885,21.36,0.4893,-4.7e-05,451.3
19.005,72.89,23.73,0.7412,1.6e-05,427.6
19.005,72.895,27.32,0.8011,4e-06,391.7
19.005,72.9,31.2,1.282,-0.000131,352.9
19.005,72.905,24.99,1.121,1e-05,415.0
19.005,72.91,19.56,0.7556,0.000118,469.3
19.005,72.915,23.22,0.2705,-6.5e-05,432.7
19.005,72.92,21.91,0.4295,-1e-05,445.8
19.005,72.925,19.83,1.6575,0.000131,466.6
19.005,72.93,27.86,0.3386,-8.3e-05,386.3
19.005,72.935,29.5,1.3872,6.6e-05,369.9
19.005,72.94,36.22,1.0116,-2.4e-05,302.7
19.005,72.945,41.12,0.9579,-0.000124,253.7
19.005,72.95,36.48,0.0248,5.9e-05,300.1
19.005,72.955,36.36,1.7256,-0.000107,301.3
19.005,72.96,28.0,0.8031,5.8e-05,384.9
19.005,72.965,24.11,1.1623,0.000124,423.8
19.005,72.97,29.74,0.4398,-0.000101,367.5
19.005,72.975,27.61,0.9662,8.8e-05,388.8
19.005,72.98,32.29,1.412,2.8e-05,342.0
19.005,72.985,39.13,0.5636,-5.3e-05,273.6
19.005,72.99,41.86,1.5337,6.1e-05,246.3
19.005,72.995,49.29,0.382,-7.2e-05,172.0
19.005,73.0,51.14,10.4418,-0.000688,153.5
19.01,72.77,0.0,0.0,0.000664,664.9
19.01,72.775,0.0,0.3861,2.4e-05,664.9
19.01,72.78,1.87,0.3861,-4.9e-05,646.2
19.01,72.785,0.0,1.218,0.000101,664.9
19.01,72.79,5.9,0.3654,-5.4e-05,605.9
19.01,72.795,7.67,1.0818,4.5e-05,588.2
19.01,72.8,12.91,0.9352,-0.000127,535.8
19.01,72.805,8.38,2.1422,0.000194,581.1
19.01,72.81,18.76,1.6162,-0.000236,477.3
19.01,72.815,10.93,0.2333,0.000116,555.6
19.01,72.82,12.06,0.0867,-9e-06,544.3
19.01,72.825,12.48,0.8279,-5.8e-05,540.1
19.01,72.83,8.47,0.0929,4.6e-05,580.2
19.01,72.835,8.02,0.2044,-7e-06,584.7
19.01,72.84,7.03,0.0929,7e-06,594.6
19.01,72.845,6.58,0.6731,4.8e-05,599.1
19.01,72.85,9.84,0.161,-3.2e-05,566.5
19.01,72.855,10.62,0.3014,9e-06,558.7
19.01,72.86,12.08,0.5781,1.7e-05,544.1
19.01,72.865,14.88,1.024,2.8e-05,516.1
19.01,72.87,19.84,0.0186,-6.3e-05,466.5
19.01,72.875,19.93,0.7226,4.4e-05,465.6
19.01,72.88,23.43,0.8176,6e-06,430.6
19.01,72.885,27.39,0.1177,-5.9e-05,391.0
19.01,72.89,26.82,0.5843,-2.9e-05,396.7
19.01,72.895,23.99,0.2065,5e-05,425.0
19.01,72.9,24.99,0.128,-2.1e-05,415.0
19.01,72.905,24.37,0.097,2e-06,421.2
19.01,72.91,23.9,0.9579,-5.4e-05,425.9
19.01,72.915,19.26,0.0062,6.1e-05,472.3
19.01,72.92,19.29,0.0826,5e-06,472.0
19.01,72.925,19.69,0.3716,1.8e-05,468.0
19.01,72.93,21.49,0.9621,3.7e-05,450.0
19.01,72.935,26.15,0.7102,-1.6e-05,403.4
19.01,72.94,29.59,0.8423,8e-06,369.0
19.01,72.945,33.67,0.1198,-4.5e-05,328.2
19.01,72.95,34.25,0.0785,-1.2e-05,322.4
19.01,72.955,33.87,1.1602,7.8e-05,326.2
19.01,72.96,39.49,0.0743,-7.8e-05,270.0
19.01,72.965,39.13,0.0475,2e-06,273.6
19.01,72.97,38.9,0.6689,-3.9e-05,275.9
19.01,72.975,35.66,0.2767,5.9e-05,308.3
19.01,72.98,37.0,0.5946,-5.5e-05,294.9
19.01,72.985,34.12,0.5409,7.1e-05,323.7
19.01,72.99,36.74,0.4584,-6.3e-05,297.5
19.01,72.995,34.52,0.0186,2.8e-05,319.7
19.01,73.0,34.43,7.0727,-0.000446,320.6
19.015,72.77,0.0,0.0,0.000447,664.9
19.015,72.775,0.0,0.0,0.0,664.9
19.015,72.78,0.0,0.0,0.0,664.9
19.015,72.785,0.0,0.0,0.0,664.9
19.015,72.79,0.0,0.7288,4.6e-05,664.9
19.015,72.795,3.53,1.9257,7.5e-05,629.6
19.015,72.8,12.86,1.3294,-3.8e-05,536.3
19.015,72.805,19.3,1.0178,-2e-05,471.9
19.015,72.81,24.23,0.256,-8e-05,422.6
19.015,72.815,22.99,0.9063,-4.1e-05,435.0
19.015,72.82,18.6,1.6678,-4.8e-05,478.9
19.015,72.825,10.52,0.9497,4.5e-05,559.7
19.015,72.83,5.92,1.2221,-1.7e-05,605.7
19.015,72.835,0.0,0.0,7.7e-05,664.9
19.015,72.84,0.0,0.0,0.0,664.9
19.015,72.845,0.0,0.0,0.0,664.9
19.015,72.85,0.0,1.0364,6.5e-05,664.9
19.015,72.855,5.02,1.9318,5.6e-05,614.7
19.015,72.86,14.38,1.2139,-4.5e-05,521.1
19.015,72.865,20.26,1.1354,-5e-06,462.3
19.015,72.87,25.76,1.152,1e-06,407.3
19.015,72.875,31.34,0.2911,-5.4e-05,351.5
19.015,72.88,32.75,1.4244,-0.000108,337.4
19.015,72.885,25.85,0.0,9e-05,406.4
19.015,72.89,25.85,0.3882,2.4e-05,406.4
19.015,72.895,27.73,0.9683,-8.5e-05,387.6
19.015,72.9,23.04,0.2478,7.6e-05,434.5
19.015,72.905,24.24,0.9373,-7.5e-05,422.5
19.015,72.91,19.7,0.0702,6.3e-05,467.9
19.015,72.915,20.04,0.5306,2.9e-05,464.5
19.015,72.92,22.61,0.2705,-5e-05,438.8
19.015,72.925,21.3,0.4191,-9e-06,451.9
19.015,72.93,19.27,0.4398,-1e-06,472.2
19.015,72.935,17.14,1.3748,0.000114,493.5
19.015,72.94,23.8,1.3666,-1e-06,426.9
19.015,72.945,30.42,0.4687,-0.000115,360.7
19.015,72.95,28.15,2.676,0.000198,383.4
19.015,72.955,41.12,0.6153,-0.00013,253.7
19.015,72.96,44.1,1.0488,2.7e-05,223.9
19.015,72.965,49.18,0.5822,-2.9e-05,173.1
19.015,72.97,52.0,1.0549,-0.000103,144.9
19.015,72.975,46.89,0.6524,2.5e-05,196.0
19.015,72.98,43.73,2.1855,-9.6e-05,227.6
19.015,72.985,33.14,0.6751,9.5e-05,333.5
19.015,72.99,29.87,0.3923,1.8e-05,366.2
19.015,72.995,27.97,1.577,-7.5e-05,385.2
19.015,73.0,20.33,4.1901,-0.000165,461.6
19.02,72.77,0.0,0.0,0.000264,664.9
19.02,72.775,0.0,0.0,0.0,664.9
19.02,72.78,0.0,0.0,0.0,664.9
19.02,72.785,0.0,0.0,0.0,664.9
19.02,72.79,0.0,1.251,7.9e-05,664.9
19.02,72.795,6.06,2.4761,7.7e-05,604.3
19.02,72.8,18.06,0.2602,-0.000139,484.3
19.02,72.805,19.32,2.744,0.000156,471.7
19.02,72.81,32.62,0.7907,-0.000222,338.7
19.02,72.815,28.79,0.7949,-0.0,377.0
19.02,72.82,24.94,1.6162,-5.2e-05,415.5
19.02,72.825,17.11,3.376,-0.000111,493.8
19.02,72.83,0.74,0.1528,0.000203,657.5
19.02,72.835,0.0,0.0,1e-05,664.9
19.02,72.84,0.0,0.0,0.0,664.9
19.02,72.845,0.0,0.0,0.0,664.9
19.02,72.85,0.0,0.0,0.0,664.9
19.02,72.855,0.0,2.8387,0.000179,664.9
19.02,72.86,13.76,2.608,-1.5e-05,527.3
19.02,72.865,26.4,1.7441,-5.4e-05,400.9
19.02,72.87,34.85,0.0557,-0.000106,316.4
19.02,72.875,35.12,0.2973,-2.2e-05,313.7
19.02,72.88,33.68,0.1961,6e-06,328.1
19.02,72.885,32.73,0.6648,-2.9e-05,337.6
19.02,72.89,29.51,0.9414,-1.7e-05,369.8
19.02,72.895,24.95,0.1466,5e-05,415.4
19.02,72.9,24.24,1.0488,-5.7e-05,422.5
19.02,72.905,19.16,0.6194,2.7e-05,473.3
19.02,72.91,16.16,1.2778,0.000119,503.3
19.02,72.915,22.35,0.5244,-0.000113,441.4
19.02,72.92,19.81,0.2498,1.7e-05,466.8
19.02,72.925,18.6,0.1321,7e-06,478.9
19.02,72.93,17.96,0.0723,1.3e-05,485.3
19.02,72.935,18.31,0.1817,-1.6e-05,481.8
19.02,72.94,17.43,1.5048,0.000106,490.6
19.02,72.945,24.72,1.3975,-7e-06,417.7
19.02,72.95,31.49,1.5502,1e-05,350.0
19.02,72.955,39.0,2.1752,3.9e-05,274.9
19.02,72.96,49.54,1.7936,-2.4e-05,169.5
19.02,72.965,58.23,0.0785,-0.000118,82.6
19.02,72.97,57.85,0.0392,2e-06,86.4
19.02,72.975,57.66,2.037,-0.000126,88.3
19.02,72.98,47.79,2.2617,-1.4e-05,187.0
19.02,72.985,36.83,1.9257,2.1e-05,296.6
19.02,72.99,27.5,2.1896,-1.7e-05,389.9
19.02,72.995,16.89,0.768,8.9e-05,496.0
19.02,73.0,13.17,2.7172,-0.000123,533.2
19.025,72.77,0.0,0.0,0.000171,664.9
19.025,72.775,0.0,0.0,0.0,664.9
19.025,72.78,0.0,0.0,0.0,664.9
19.025,72.785,0.0,0.0,0.0,664.9
19.025,72.79,0.0,1.7627,0.000111,664.9
19.025,72.795,8.54,2.8593,6.9e-05,579.5
19.025,72.8,22.4,0.9146,-0.000122,440.9
19.025,72.805,26.83,1.2056,1.8e-05,396.6
19.025,72.81,32.67,0.5203,-0.000109,338.2
19.025,72.815,30.15,1.7215,-7.6e-05,363.4
19.025,72.82,21.81,1.3212,2.5e-05,446.8
19.025,72.825,15.41,2.0432,-4.5e-05,510.8
19.025,72.83,5.51,1.1375,5.7e-05,609.8
19.025,72.835,0.0,0.0,7.2e-05,664.9
19.025,72.84,0.0,0.0,0.0,664.9
19.025,72.845,0.0,0.0,0.0,664.9
19.025,72.85,0.0,0.0,0.0,664.9
19.025,72.855,0.0,2.4225,0.000152,664.9
19.025,72.86,11.74,2.6554,1.5e-05,547.5
19.025,72.865,24.61,2.1525,-3.2e-05,418.8
19.025,72.87,35.04,1.3047,-5.3e-05,314.5
19.025,72.875,41.36,0.254,-9.8e-05,251.3
19.025,72.88,40.13,0.3737,-8e-06,263.6
19.025,72.885,38.32,1.8081,-9e-05,281.7
19.025,72.89,29.56,0.2209,0.000128,369.3
19.025,72.895,30.63,0.9889,-7.6e-05,358.6
19.025,72.9,25.84,1.284,-1.9e-05,406.5
19.025,72.905,19.62,0.0227,8.2e-05,468.7
19.025,72.91,19.73,0.351,-2.4e-05,467.6
19.025,72.915,18.03,0.0785,2.7e-05,484.6
19.025,72.92,18.41,0.9352,-6.4e-05,480.8
19.025,72.925,13.88,0.3737,3.5e-05,526.1
19.025,72.93,12.07,0.3014,4.2e-05,544.2
19.025,72.935,13.53,1.2799,6.2e-05,529.6
19.025,72.94,19.73,0.1445,-7.1e-05,467.6
19.025,72.945,20.43,1.379,7.8e-05,460.6
19.025,72.95,27.11,3.6681,0.000144,393.8
19.025,72.955,44.9,1.6327,-0.000128,215.9
19.025,72.96,52.81,1.152,-3e-05,136.8
19.025,72.965,58.39,0.2705,-8.9e-05,81.0
19.025,72.97,57.08,1.0033,-4.6e-05,94.1
19.025,72.975,52.22,1.3583,-2.2e-05,142.7
19.025,72.98,45.64,1.9463,-3.7e-05,208.5
19.025,72.985,36.21,2.7275,-4.9e-05,302.8
19.025,72.99,22.99,1.1169,0.000101,435.0
19.025,72.995,17.58,1.4532,-2.1e-05,489.1
19.025,73.0,10.54,2.1752,-4.5e-05,559.5
19.03,72.77,0.0,0.0,0.000137,664.9
19.03,72.775,0.0,0.0,0.0,664.9
19.03,72.78,0.0,0.0,0.0,664.9
19.03,72.785,0.0,1.0343,6.5e-05,664.9
19.03,72.79,5.01,1.5915,3.5e-05,614.8
19.03,72.795,12.72,1.8947,1.9e-05,537.7
19.03,72.8,21.9,0.9662,-5.8e-05,445.9
19.03,72.805,26.58,0.1507,-5.1e-05,399.1
19.03,72.81,27.31,0.8031,-6e-05,391.8
19.03,72.815,23.42,0.9125,-7e-06,430.7
19.03,72.82,19.0,0.7618,9e-06,474.9
19.03,72.825,15.31,2.8696,-0.000133,511.8
19.03,72.83,1.4,0.0475,0.000178,650.9
19.03,72.835,1.17,0.2416,-1.2e-05,653.2
19.03,72.84,0.0,0.0,1.5e-05,664.9
19.03,72.845,0.0,0.0,0.0,664.9
19.03,72.85,0.0,0.0,0.0,664.9
19.03,72.855,0.0,2.404,0.000151,664.9
19.03,72.86,11.65,2.0659,-2.1e-05,548.4
19.03,72.865,21.66,1.4285,-4e-05,448.3
19.03,72.87,28.58,0.0578,-8.6e-05,379.1
19.03,72.875,28.86,2.0164,0.000123,376.3
19.03,72.88,38.63,0.6008,-8.9e-05,278.6
19.03,72.885,41.54,0.3675,-6.1e-05,249.5
19.03,72.89,39.76,1.9875,-0.000102,267.3
19.03,72.895,30.13,0.0537,0.000122,363.6
19.03,72.9,29.87,0.8382,-4.9e-05,366.2
19.03,72.905,25.81,1.8225,-6.2e-05,406.8
19.03,72.91,16.98,1.4883,2.1e-05,495.1
19.03,72.915,9.77,0.4109,0.000119,567.2
19.03,72.92,11.76,0.0021,-2.6e-05,547.3
19.03,72.925,11.77,0.0908,-6e-06,547.2
19.03,72.93,11.33,0.4604,3.5e-05,551.6
19.03,72.935,13.56,2.2205,0.000111,529.3
19.03,72.94,24.32,0.8898,-8.4e-05,421.7
19.03,72.945,28.63,2.1834,8.1e-05,378.6
19.03,72.95,39.21,2.0246,-1e-05,272.8
19.03,72.955,49.02,0.1858,-0.000139,174.7
19.03,72.96,48.12,1.6039,0.000113,183.7
19.03,72.965,55.89,0.6215,-0.00014,106.0
19.03,72.97,52.88,0.83,-1.3e-05,136.1
19.03,72.975,48.86,1.0735,-1.5e-05,176.3
19.03,72.98,43.66,2.1463,-6.8e-05,228.3
19.03,72.985,33.26,1.707,2.8e-05,332.3
19.03,72.99,24.99,1.4017,1.9e-05,415.0
19.03,72.995,18.2,0.735,0.000134,482.9
19.03,73.0,21.76,4.4836,-0.000329,447.3
19.035,72.77,0.0,0.0,0.000283,664.9
19.035,72.775,0.0,0.0,0.0,664.9
19.035,72.78,0.0,0.5079,3.2e-05,664.9
19.035,72.785,2.46,2.3504,0.000116,640.3
19.035,72.79,13.85,0.9683,-8.7e-05,526.4
19.035,72.795,18.54,0.2622,-4.4e-05,479.5
19.035,72.8,19.81,0.159,-6e-06,466.8
19.035,72.805,20.58,0.9848,-7.2e-05,459.1
19.035,72.81,15.81,0.1755,7.3e-05,506.8
19.035,72.815,16.66,0.5802,-4.8e-05,498.3
19.035,72.82,13.85,0.8011,-1.4e-05,526.4
19.035,72.825,9.97,0.9167,-7e-06,565.2
19.035,72.83,5.53,0.159,4.8e-05,609.6
19.035,72.835,4.76,0.3696,3.3e-05,617.3
19.035,72.84,6.55,0.287,-4.1e-05,599.4
19.035,72.845,5.16,0.2767,3.5e-05,613.3
19.035,72.85,6.5,0.9105,-7.5e-05,599.9
19.035,72.855,2.09,0.5554,9.2e-05,644.0
19.035,72.86,4.78,1.4161,5.4e-05,617.1
19.035,72.865,11.64,1.4698,3e-06,548.5
19.035,72.87,18.76,1.3129,-1e-05,477.3
19.035,72.875,25.12,1.3459,2e-06,413.7
19.035,72.88,31.64,1.7318,2.4e-05,348.5
19.035,72.885,40.03,0.1693,-0.00012,264.6
19.035,72.89,39.21,0.8506,-4.3e-05,272.8
19.035,72.895,35.09,1.057,-1.3e-05,314.0
19.035,72.9,29.97,1.0219,2e-06,365.2
19.035,72.905,25.02,0.5347,3.1e-05,414.7
19.035,72.91,22.43,2.9952,-0.000155,440.6
19.035,72.915,7.91,0.4233,0.000162,585.8
19.035,72.92,5.86,1.2696,0.000106,606.3
19.035,72.925,12.01,0.2271,-9.4e-05,544.8
19.035,72.93,10.91,1.9628,0.000138,555.8
19.035,72.935,20.42,2.4287,2.9e-05,460.7
19.035,72.94,32.19,0.574,-0.000117,343.0
19.035,72.945,34.97,1.5977,6.4e-05,315.2
19.035,72.95,42.71,0.6772,-5.8e-05,237.8
19.035,72.955,45.99,0.2705,-6e-05,205.0
19.035,72.96,44.68,0.9538,7.7e-05,218.1
19.035,72.965,49.3,1.4924,-0.000154,171.9
19.035,72.97,42.07,0.8072,4.3e-05,244.2
19.035,72.975,38.16,0.4501,2.2e-05,283.3
19.035,72.98,35.98,0.0619,3.2e-05,305.1
19.035,72.985,36.28,0.7164,-4.9e-05,302.1
19.035,72.99,32.81,0.6607,4e-06,336.8
19.035,72.995,29.61,0.2891,6e-05,368.8
19.035,73.0,31.01,6.3762,-0.000421,354.8
19.04,72.77,0.0,0.0,0.000403,664.9
19.04,72.775,0.0,0.0681,4e-06,664.9
19.04,72.78,0.33,2.2947,0.00014,661.6
19.04,72.785,11.45,0.7433,-9.8e-05,550.4
19.04,72.79,15.05,1.2056,2.9e-05,514.4
19.04,72.795,20.89,1.249,-0.000154,456.0
19.04,72.8,14.84,0.7722,3e-05,516.5
19.04,72.805,11.1,0.9311,-1e-05,553.9
19.04,72.81,6.59,0.3634,3.6e-05,599.0
19.04,72.815,4.83,0.0785,1.8e-05,616.6
19.04,72.82,4.45,0.254,-1.1e-05,620.4
19.04,72.825,3.22,1.1788,9e-05,632.7
19.04,72.83,8.93,0.7969,-2.4e-05,575.6
19.04,72.835,12.79,0.4976,-8.1e-05,537.0
19.04,72.84,10.38,0.3242,5.2e-05,561.1
19.04,72.845,11.95,0.031,-1.8e-05,545.4
19.04,72.85,12.1,1.2304,-7.9e-05,543.9
19.04,72.855,6.14,0.0248,7.6e-05,603.5
19.04,72.86,6.02,0.7371,4.8e-05,604.7
19.04,72.865,9.59,1.0962,2.3e-05,569.0
19.04,72.87,14.9,0.8155,-1.8e-05,515.9
19.04,72.875,18.85,1.3955,3.6e-05,476.4
19.04,72.88,25.61,1.3501,-3e-06,408.8
19.04,72.885,32.15,1.4821,8e-06,343.4
19.04,72.89,39.33,0.1218,-8.6e-05,271.6
19.04,72.895,39.92,1.8143,-0.000122,265.7
19.04,72.9,31.13,0.6669,7.2e-05,353.6
19.04,72.905,27.9,2.3463,-0.000106,385.9
19.04,72.91,16.53,1.4986,5.3e-05,499.6
19.04,72.915,9.27,0.3427,7.3e-05,572.2
19.04,72.92,7.61,0.8093,7.2e-05,588.8
19.04,72.925,11.53,0.9517,9e-06,549.6
19.04,72.93,16.14,1.7875,5.3e-05,503.5
19.04,72.935,24.8,1.9153,8e-06,416.9
19.04,72.94,34.08,1.5502,-2.3e-05,324.1
19.04,72.945,41.59,0.5595,-6.2e-05,249.0
19.04,72.95,44.3,0.3221,-1.5e-05,221.9
19.04,72.955,45.86,1.1334,-9.2e-05,206.3
19.04,72.96,40.37,0.3365,5e-05,261.2
19.04,72.965,38.74,0.6916,-2.2e-05,277.5
19.04,72.97,35.39,0.448,1.5e-05,311.0
19.04,72.975,33.22,0.1321,3.6e-05,332.7
19.04,72.98,33.86,0.3799,1.6e-05,326.3
19.04,72.985,35.7,0.929,3.5e-05,307.9
19.04,72.99,40.2,0.9476,-0.000118,262.9
19.04,72.995,35.61,1.4017,0.000148,308.8
19.04,73.0,42.4,8.6872,-0.000639,240.9
19.045,72.77,0.0,0.0,0.000551,664.9
19.045,72.775,0.0,0.6215,3.9e-05,664.9
19.045,72.78,3.01,1.9545,8.4e-05,634.8
19.045,72.785,12.48,0.3262,-0.000143,540.1
19.045,72.79,10.9,0.0392,2.3e-05,555.9
19.045,72.795,11.09,0.2684,-1.9e-05,554.0
19.045,72.8,9.79,1.2696,-6.3e-05,567.0
19.045,72.805,3.64,0.0619,7.6e-05,628.5
19.045,72.81,3.34,0.6896,-3.9e-05,631.5
19.045,72.815,0.0,0.4604,7.2e-05,664.9
19.045,72.82,2.23,0.8052,2.2e-05,642.6
19.045,72.825,6.13,1.6988,5.6e-05,603.6
19.045,72.83,14.36,0.865,-5.2e-05,521.3
19.045,72.835,18.55,0.0227,-5.6e-05,479.4
19.045,72.84,18.44,0.2044,-1.1e-05,480.5
19.045,72.845,17.45,0.4088,3.9e-05,490.4
19.045,72.85,19.43,1.4058,-0.000114,470.6
19.045,72.855,12.62,0.64,4.8e-05,538.7
19.045,72.86,9.52,0.6978,-4e-06,569.7
19.045,72.865,6.14,0.9125,0.000101,603.5
19.045,72.87,10.56,0.2581,-4.1e-05,559.3
19.045,72.875,11.81,1.4698,7.6e-05,546.8
19.045,72.88,18.93,1.2861,-1.2e-05,475.6
19.045,72.885,25.16,1.0467,-1.5e-05,413.3
19.045,72.89,30.23,0.5636,-3e-05,362.6
19.045,72.895,32.96,0.6813,-7.8e-05,335.3
19.045,72.9,29.66,1.0384,-2.2e-05,368.3
19.045,72.905,24.63,1.4842,-2.8e-05,418.6
19.045,72.91,17.44,0.0062,9.3e-05,490.5
19.045,72.915,17.41,0.3902,-2.4e-05,490.8
19.045,72.92,15.52,0.1755,3.6e-05,509.7
19.045,72.925,16.37,1.3274,7.2e-05,501.2
19.045,72.93,22.8,1.6554,2.1e-05,436.9
19.045,72.935,30.82,1.3666,-1.8e-05,356.7
19.045,72.94,37.44,0.2581,-0.000102,290.5
19.045,72.945,36.19,0.6916,6e-05,303.0
19.045,72.95,39.54,0.1321,-3.5e-05,269.5
19.045,72.955,40.18,0.5471,-4.3e-05,263.1
19.045,72.96,37.53,1.8411,-8.1e-05,289.6
19.045,72.965,28.61,0.382,0.00014,378.8
19.045,72.97,30.46,1.0921,-9.3e-05,360.3
19.045,72.975,25.17,1.6637,0.000173,413.2
19.045,72.98,33.23,0.4584,-7.6e-05,332.6
19.045,72.985,35.45,1.9009,9.1e-05,310.4
19.045,72.99,44.66,0.0372,-0.000117,218.3
19.045,72.995,44.84,0.4109,2.4e-05,216.5
19.045,73.0,46.83,8.8647,-0.000588,196.6
19.05,72.77,3.55,0.254,0.000546,629.4
19.05,72.775,2.32,0.1136,2.3e-05,641.7
19.05,72.78,2.87,0.9394,5.2e-05,636.2
19.05,72.785,7.42,0.0392,-6.2e-05,590.7
19.05,72.79,7.23,0.5864,-3.4e-05,592.6
19.05,72.795,4.39,0.9063,-2e-05,621.0
19.05,72.8,0.0,0.0,5.7e-05,664.9
19.05,72.805,0.0,0.0,0.0,664.9
19.05,72.81,0.0,0.0557,4e-06,664.9
19.05,72.815,0.27,0.9662,5.7e-05,662.2
19.05,72.82,4.95,0.6669,-1.9e-05,615.4
19.05,72.825,8.18,1.5688,5.7e-05,583.1
19.05,72.83,15.78,0.351,-7.7e-05,507.1
19.05,72.835,17.48,0.6937,2.2e-05,490.1
19.05,72.84,20.84,0.4088,-1.8e-05,456.5
19.05,72.845,22.82,0.7309,-7.2e-05,436.7
19.05,72.85,19.28,0.1032,3.9e-05,472.1
19.05,72.855,18.78,0.6132,-3.2e-05,477.1
19.05,72.86,15.81,0.5884,2e-06,506.8
19.05,72.865,12.96,0.1528,2.7e-05,535.3
19.05,72.87,12.22,0.7825,-4e-05,542.7
19.05,72.875,8.43,0.3944,7.4e-05,580.6
19.05,72.88,10.34,1.4305,6.5e-05,561.5
19.05,72.885,17.27,0.6999,-0.000134,492.2
19.05,72.89,13.88,1.6596,0.000148,526.1
19.05,72.895,21.92,0.0681,-0.0001,445.7
19.05,72.9,22.25,0.576,3.2e-05,442.4
19.05,72.905,25.04,0.8527,1.7e-05,414.5
19.05,72.91,29.17,0.4377,-8.1e-05,373.2
19.05,72.915,27.05,0.6091,6.6e-05,394.4
19.05,72.92,30.0,0.1094,-3.1e-05,364.9
19.05,72.925,30.53,0.2787,1.1e-05,359.6
19.05,72.93,31.88,0.2168,-4e-06,346.1
19.05,72.935,32.93,0.4811,1.7e-05,335.6
19.05,72.94,35.26,0.7309,-7.6e-05,312.3
19.05,72.945,31.72,0.5244,1.3e-05,347.7
19.05,72.95,29.18,0.0083,3.4e-05,373.1
19.05,72.955,29.22,0.415,-2.7e-05,372.7
19.05,72.96,27.21,1.0942,-4.3e-05,392.8
19.05,72.965,21.91,0.8403,0.000122,445.8
19.05,72.97,25.98,0.0,-5.3e-05,405.1
19.05,72.975,25.98,1.6348,0.000103,405.1
19.05,72.98,33.9,0.0826,-9.8e-05,325.9
19.05,72.985,34.3,2.6245,0.00016,321.9
19.05,72.99,47.02,0.0681,-0.000169,194.7
19.05,72.995,46.69,0.2602,2.1e-05,198.0
19.05,73.0,47.95,6.7349,-0.000442,185.4
19.055,72.77,15.18,0.3448,0.000404,513.1
19.055,72.775,13.51,0.96,-3.9e-05,529.8
19.055,72.78,8.86,1.6926,-4.6e-05,576.3
19.055,72.785,0.66,0.1363,9.8e-05,658.3
19.055,72.79,0.0,0.0,9e-06,664.9
19.055,72.795,0.0,0.0,0.0,664.9
19.055,72.8,0.0,0.0,0.0,664.9
19.055,72.805,0.0,0.0,0.0,664.9
19.055,72.81,0.0,0.3634,2.3e-05,664.9
19.055,72.815,1.76,1.2655,5.7e-05,647.3
19.055,72.82,7.89,1.2799,1e-06,586.0
19.055,72.825,14.09,0.4955,-4.9e-05,524.0
19.055,72.83,16.49,0.5843,6e-06,500.0
19.055,72.835,19.32,0.1198,-4.4e-05,471.7
19.055,72.84,18.74,1.2056,8.3e-05,477.5
19.055,72.845,24.58,0.1012,-6.9e-05,419.1
19.055,72.85,25.07,0.1445,3e-06,414.2
19.055,72.855,25.77,0.0041,-9e-06,407.2
19.055,72.86,25.79,0.9517,-6e-05,407.0
19.055,72.865,21.18,1.0426,-6e-06,453.1
19.055,72.87,16.13,1.3645,-2e-05,503.6
19.055,72.875,9.52,0.5389,5.2e-05,569.7
19.055,72.88,6.91,0.2953,1.5e-05,595.8
19.055,72.885,5.48,0.0743,2.3e-05,610.1
19.055,72.89,5.84,0.6751,3.8e-05,606.5
19.055,72.895,9.11,1.5647,5.6e-05,573.8
19.055,72.9,16.69,1.6059,3e-06,498.0
19.055,72.905,24.47,1.3356,-1.7e-05,420.2
19.055,72.91,30.94,1.1293,-1.3e-05,355.5
19.055,72.915,36.41,1.4202,1.8e-05,300.8
19.055,72.92,43.29,0.993,-2.7e-05,232.0
19.055,72.925,48.1,1.2469,-0.000141,183.9
19.055,72.93,42.06,1.2159,2e-06,244.3
19.055,72.935,36.17,0.8589,2.2e-05,303.2
19.055,72.94,32.01,1.1169,-1.6e-05,344.8
19.055,72.945,26.6,0.832,1.8e-05,398.9
19.055,72.95,22.57,0.0351,5e-05,439.2
19.055,72.955,22.4,0.2746,-1.5e-05,440.9
19.055,72.96,21.07,0.9352,7.6e-05,454.2
19.055,72.965,25.6,0.3634,-3.6e-05,408.9
19.055,72.97,27.36,1.4574,6.9e-05,391.3
19.055,72.975,34.42,0.7907,-4.2e-05,320.7
19.055,72.98,38.25,0.7185,-5e-06,282.4
19.055,72.985,41.73,0.6813,-2e-06,247.6
19.055,72.99,45.03,1.2593,3.6e-05,214.6
19.055,72.995,51.13,0.0248,-7.8e-05,153.6
19.055,73.0,51.25,5.9272,-0.000376,152.4
19.06,72.77,22.44,0.9641,0.000313,440.5
19.06,72.775,17.77,2.2308,-8e-05,487.2
19.06,72.78,6.96,1.1065,7.1e-05,595.3
19.06,72.785,1.6,0.3304,4.9e-05,648.9
19.06,72.79,0.0,0.0,2.1e-05,664.9
19.06,72.795,0.0,0.0,0.0,664.9
19.06,72.8,0.0,0.0,0.0,664.9
19.06,72.805,0.0,0.0,0.0,664.9
19.06,72.81,0.0,0.0,0.0,664.9
19.06,72.815,0.0,1.5605,9.8e-05,664.9
19.06,72.82,7.56,1.5997,2e-06,589.3
19.06,72.825,15.31,0.479,-0.000131,511.8
19.06,72.83,12.99,0.8547,8.4e-05,535.0
19.06,72.835,17.13,0.993,9e-06,493.6
19.06,72.84,21.94,0.4646,-3.3e-05,445.5
19.06,72.845,24.19,1.2036,4.6e-05,423.0
19.06,72.85,30.02,0.448,-0.000104,364.7
19.06,72.855,27.85,0.1342,2e-05,386.4
19.06,72.86,27.2,0.8217,-4.3e-05,392.9
19.06,72.865,23.22,0.8754,-3e-06,432.7
19.06,72.87,18.98,1.9071,-6.5e-05,475.1
19.06,72.875,9.74,1.9339,-2e-06,567.5
19.06,72.88,0.37,0.3386,0.000143,661.2
19.06,72.885,2.01,0.415,-4.7e-05,644.8
19.06,72.89,0.0,1.09,9.5e-05,664.9
19.06,72.895,5.28,0.4088,-4.3e-05,612.1
19.06,72.9,7.26,2.7254,0.000146,592.3
19.06,72.905,20.47,2.5895,-9e-06,460.2
19.06,72.91,33.02,2.3524,-1.5e-05,334.7
19.06,72.915,44.42,1.9751,-2.4e-05,220.7
19.06,72.92,53.99,0.0083,-0.000124,125.0
19.06,72.925,54.03,0.8939,-5.7e-05,124.6
19.06,72.93,49.7,1.641,-4.7e-05,167.9
19.06,72.935,41.75,2.2123,-3.6e-05,247.4
19.06,72.94,31.03,2.7192,-3.2e-05,354.6
19.06,72.945,17.85,0.9497,0.000111,486.4
19.06,72.95,13.25,0.0062,6e-05,532.4
19.06,72.955,13.28,2.0535,0.000129,532.1
19.06,72.96,23.23,0.097,-0.000135,432.6
19.06,72.965,22.76,1.0549,7.2e-05,437.3
19.06,72.97,27.87,1.4574,2.5e-05,386.2
19.06,72.975,34.93,0.415,-6.6e-05,315.6
19.06,72.98,36.94,1.0054,3.7e-05,295.5
19.06,72.985,41.81,0.7598,-1.5e-05,246.8
19.06,72.99,45.49,0.0557,-4.4e-05,210.0
19.06,72.995,45.76,0.2622,1.3e-05,207.3
19.06,73.0,47.03,4.3174,-0.000289,194.6
19.065,72.77,26.08,1.6162,0.00017,404.1
19.065,72.775,18.25,2.6039,-6.2e-05,482.4
19.065,72.78,5.63,1.1623,9.1e-05,608.6
19.065,72.785,0.0,0.0,7.3e-05,664.9
19.065,72.79,0.0,0.0,0.0,664.9
19.065,72.795,0.0,0.0,0.0,664.9
19.065,72.8,0.0,0.0,0.0,664.9
19.065,72.805,0.0,0.0,0.0,664.9
19.065,72.81,0.0,0.0,0.0,664.9
19.065,72.815,0.0,2.2535,0.000142,664.9
19.065,72.82,10.92,0.1838,-0.000153,555.7
19.065,72.825,10.03,1.445,0.000102,564.6
19.065,72.83,17.03,0.3489,-6.9e-05,494.6
19.065,72.835,18.72,0.7267,2.4e-05,477.7
19.065,72.84,22.24,0.097,-5.2e-05,442.5
19.065,72.845,21.77,0.3716,2.9e-05,447.2
19.065,72.85,23.57,0.8403,2.9e-05,429.2
19.065,72.855,27.64,0.4687,-2.3e-05,388.5
19.065,72.86,29.91,0.0496,-3.3e-05,365.8
19.065,72.865,29.67,2.5565,-0.000158,368.2
19.065,72.87,17.28,1.3728,7.5e-05,492.1
19.065,72.875,10.63,2.0391,-4.2e-05,558.6
19.065,72.88,0.75,0.1549,0.000119,657.4
19.065,72.885,0.0,0.0,1e-05,664.9
19.065,72.89,0.0,0.2953,1.9e-05,664.9
19.065,72.895,1.43,1.3645,6.7e-05,650.6
19.065,72.9,8.04,3.1105,0.00011,584.5
19.065,72.905,23.12,2.4534,-4.1e-05,433.7
19.065,72.91,35.01,2.6307,1.1e-05,314.8
19.065,72.915,47.76,1.8308,-5e-05,187.3
19.065,72.92,56.63,0.2622,-0.000132,98.6
19.065,72.925,55.36,1.0777,-5.1e-05,111.3
19.065,72.93,50.14,2.3669,-8.1e-05,163.5
19.065,72.935,38.67,2.1813,1.2e-05,278.2
19.065,72.94,28.1,2.2185,-2e-06,383.9
19.065,72.945,17.35,1.185,6.5e-05,491.4
19.065,72.95,11.61,0.4666,0.000104,548.8
19.065,72.955,13.87,0.7598,1.8e-05,526.2
19.065,72.96,17.55,0.1115,-5.5e-05,489.4
19.065,72.965,17.01,2.0803,0.000138,494.8
19.065,72.97,27.09,1.0384,-6.6e-05,394.0
19.065,72.975,32.12,1.7689,4.6e-05,343.7
19.065,72.98,40.69,0.2457,-9.6e-05,258.0
19.065,72.985,41.88,0.5244,1.8e-05,246.1
19.065,72.99,44.42,0.2436,-1.8e-05,220.7
19.065,72.995,45.6,0.2932,3e-06,208.9
19.065,73.0,47.02,4.9164,-0.000328,194.7
19.07,72.77,23.15,1.1334,0.000239,433.4
19.07,72.775,17.66,1.5151,-2.4e-05,488.3
19.07,72.78,10.32,2.1112,-3.8e-05,561.7
19.07,72.785,0.09,0.0186,0.000132,664.0
19.07,72.79,0.0,0.0,1e-06,664.9
19.07,72.795,0.0,0.0,0.0,664.9
19.07,72.8,0.0,0.0,0.0,664.9
19.07,72.805,0.0,0.0,0.0,664.9
19.07,72.81,0.0,0.0,0.0,664.9
19.07,72.815,0.0,0.9394,5.9e-05,664.9
19.07,72.82,4.55,1.5275,3.7e-05,619.4
19.07,72.825,11.95,0.6607,-5.5e-05,545.4
19.07,72.83,15.15,0.832,1.1e-05,513.4
19.07,72.835,19.18,0.9497,7e-06,473.1
19.07,72.84,23.78,1.6843,4.6e-05,427.1
19.07,72.845,31.94,0.1569,-0.000116,345.5
19.07,72.85,31.18,0.2643,-7e-06,353.1
19.07,72.855,29.9,0.6834,-2.6e-05,365.9
19.07,72.86,26.59,1.088,-2.5e-05,399.0
19.07,72.865,21.32,1.6492,-3.5e-05,451.7
19.07,72.87,13.33,1.4532,1.2e-05,531.6
19.07,72.875,6.29,0.993,2.9e-05,602.0
19.07,72.88,1.48,0.3056,4.3e-05,650.1
19.07,72.885,0.0,0.0,1.9e-05,664.9
19.07,72.89,0.0,0.7907,5e-05,664.9
19.07,72.895,3.83,1.7132,5.8e-05,626.6
19.07,72.9,12.13,1.9215,1.3e-05,543.6
19.07,72.905,21.44,2.7089,5e-05,450.5
19.07,72.91,34.57,1.6121,-6.9e-05,319.2
19.07,72.915,42.38,1.3459,-1.7e-05,241.1
19.07,72.92,48.9,0.1321,-9.3e-05,175.9
19.07,72.925,48.26,0.0475,5e-06,182.3
19.07,72.93,48.03,1.8432,-0.000113,184.6
19.07,72.935,39.1,0.7949,6.6e-05,273.9
19.07,72.94,35.25,2.3896,-0.0001,312.4
19.07,72.945,23.67,1.1932,7.5e-05,428.2
19.07,72.95,17.89,0.3572,5.3e-05,486.0
19.07,72.955,16.16,0.1115,2.9e-05,503.3
19.07,72.96,16.7,0.6504,3.4e-05,497.9
19.07,72.965,19.85,1.3707,4.5e-05,466.4
19.07,72.97,26.49,0.768,-3.8e-05,400.0
19.07,72.975,30.21,0.9683,1.3e-05,362.8
19.07,72.98,34.9,1.0013,2e-06,315.9
19.07,72.985,39.75,1.2201,1.4e-05,267.4
19.07,72.99,45.66,1.5585,2.1e-05,208.3
19.07,72.995,53.21,0.4935,-0.000129,132.8
19.07,73.0,50.82,8.2286,-0.00049,156.7
19.075,72.77,10.69,0.2065,0.000534,558.0
19.075,72.775,11.69,0.6421,-5.3e-05,548.0
19.075,72.78,8.58,0.5306,7e-06,579.1
19.075,72.785,6.01,0.0145,3.2e-05,604.8
19.075,72.79,5.94,1.2263,-7.6e-05,605.5
19.075,72.795,0.0,0.0,7.7e-05,664.9
19.075,72.8,0.0,0.0,0.0,664.9
19.075,72.805,0.0,0.0,0.0,664.9
19.075,72.81,0.0,0.0,0.0,664.9
19.075,72.815,0.0,0.6215,3.9e-05,664.9
19.075,72.82,3.01,0.9497,2.1e-05,634.8
19.075,72.825,7.61,1.4532,3.2e-05,588.8
19.075,72.83,14.65,1.8328,2.4e-05,518.4
19.075,72.835,23.53,0.2065,-0.000128,429.6
19.075,72.84,22.53,1.6307,0.000116,439.6
19.075,72.845,30.43,0.7082,-0.000147,360.6
19.075,72.85,27.0,0.0227,4.6e-05,394.9
19.075,72.855,27.11,2.3195,-0.000147,393.8
19.075,72.86,15.87,0.5368,0.000112,506.2
19.075,72.865,13.27,0.7825,-1.5e-05,532.2
19.075,72.87,9.48,0.9683,-1.2e-05,570.1
19.075,72.875,4.79,0.0516,5.8e-05,617.0
19.075,72.88,4.54,0.7866,5.3e-05,619.5
19.075,72.885,8.35,0.2684,-3.3e-05,581.4
19.075,72.89,9.65,0.5575,1.8e-05,568.4
19.075,72.895,12.35,1.8452,8.1e-05,541.4
19.075,72.9,21.29,0.8155,-6.5e-05,452.0
19.075,72.905,25.24,1.0446,1.4e-05,412.5
19.075,72.91,30.3,0.3923,-4.1e-05,361.9
19.075,72.915,32.2,0.0083,-2.5e-05,342.9
19.075,72.92,32.16,1.09,6.9e-05,343.3
19.075,72.925,37.44,0.0557,-6.5e-05,290.5
19.075,72.93,37.71,0.0805,-9e-06,287.8
19.075,72.935,37.32,0.6772,-3.8e-05,291.7
19.075,72.94,34.04,0.4563,1.4e-05,324.5
19.075,72.945,31.83,0.671,-1.4e-05,346.6
19.075,72.95,28.58,0.8547,-1.2e-05,379.1
19.075,72.955,24.44,0.7701,5e-06,420.5
19.075,72.96,20.71,0.929,-1e-05,457.8
19.075,72.965,16.21,0.7598,0.000106,502.8
19.075,72.97,19.89,1.5688,5.1e-05,466.0
19.075,72.975,27.49,0.1136,-9.2e-05,390.0
19.075,72.98,28.04,2.8655,0.000173,384.5
19.075,72.985,41.93,0.64,-0.00014,245.6
19.075,72.99,45.03,1.8081,7.4e-05,214.6
19.075,72.995,53.79,0.7783,-6.5e-05,127.0
19.075,73.0,57.56,11.2921,-0.000769,89.3
19.08,72.77,2.15,1.6554,0.000824,643.4
19.08,72.775,10.17,0.3242,-0.000125,563.2
19.08,72.78,8.6,0.2065,7e-06,578.9
19.08,72.785,7.6,0.6194,5.2e-05,588.9
19.08,72.79,10.6,0.9662,-0.0001,558.9
19.08,72.795,5.92,0.7804,1.2e-05,605.7
19.08,72.8,2.14,0.4418,2.1e-05,643.5
19.08,72.805,0.0,0.0,2.8e-05,664.9
19.08,72.81,0.0,0.0,0.0,664.9
19.08,72.815,0.0,0.0,0.0,664.9
19.08,72.82,0.0,1.7668,0.000111,664.9
19.08,72.825,8.56,0.9579,-5.1e-05,579.3
19.08,72.83,13.2,1.5647,3.8e-05,532.9
19.08,72.835,20.78,1.771,1.3e-05,457.1
19.08,72.84,29.36,0.4501,-0.00014,371.3
19.08,72.845,27.18,0.0062,2.9e-05,393.1
19.08,72.85,27.21,1.3748,-8.7e-05,392.8
19.08,72.855,20.55,1.3212,3e-06,459.4
19.08,72.86,14.15,0.0764,7.8e-05,523.4
19.08,72.865,13.78,1.0632,-6.2e-05,527.1
19.08,72.87,8.63,0.0392,6.9e-05,578.6
19.08,72.875,8.82,0.5286,3.1e-05,576.7
19.08,72.88,11.38,0.5698,3e-06,551.1
19.08,72.885,14.14,1.4718,5.7e-05,523.5
19.08,72.89,21.27,0.929,-3.4e-05,452.2
19.08,72.895,25.77,0.2085,-4.5e-05,407.2
19.08,72.9,26.78,0.0599,-1.7e-05,397.1
19.08,72.905,26.49,0.415,-2.2e-05,400.0
19.08,72.91,24.48,0.1321,3.4e-05,420.1
19.08,72.915,25.12,0.192,-2e-05,413.7
19.08,72.92,24.19,1.0054,7.5e-05,423.0
19.08,72.925,29.06,0.3572,-8.6e-05,374.3
19.08,72.93,27.33,2.1875,0.00016,391.6
19.08,72.935,37.93,0.5698,-0.000173,285.6
19.08,72.94,35.17,0.1363,4.4e-05,313.2
19.08,72.945,35.83,0.0723,-4e-06,306.6
19.08,72.95,36.18,0.9249,-6.3e-05,303.1
19.08,72.955,31.7,0.479,2.8e-05,347.9
19.08,72.96,29.38,1.5915,-7e-05,371.1
19.08,72.965,21.67,0.3861,7.6e-05,448.2
19.08,72.97,19.8,0.6483,6.5e-05,466.9
19.08,72.975,22.94,1.8823,7.8e-05,435.5
19.08,72.98,32.06,2.1216,1.5e-05,344.3
19.08,72.985,42.34,0.7391,-8.7e-05,241.5
19.08,72.99,45.92,1.7049,6.1e-05,205.7
19.08,72.995,54.18,0.4005,-8.2e-05,123.1
19.08,73.0,56.12,11.433,-0.000754,103.7
19.085,72.77,0.0,0.6029,0.000767,664.9
19.085,72.775,2.92,0.1961,-2.6e-05,635.7
19.085,72.78,3.87,0.4914,1.9e-05,626.2
19.085,72.785,6.25,1.5709,6.8e-05,602.4
19.085,72.79,13.86,0.1342,-9e-05,526.3
19.085,72.795,14.51,1.2015,-8.4e-05,519.8
19.085,72.8,8.69,0.9084,1.8e-05,578.0
19.085,72.805,4.29,0.7309,1.1e-05,622.0
19.085,72.81,0.75,0.1549,3.6e-05,657.4
19.085,72.815,0.0,0.2085,2.3e-05,664.9
19.085,72.82,1.01,1.0446,5.3e-05,654.8
19.085,72.825,6.07,0.351,-4.4e-05,604.2
19.085,72.83,7.77,2.1484,0.000113,587.2
19.085,72.835,18.18,0.1259,-0.000127,483.1
19.085,72.84,18.79,0.7618,4e-05,477.0
19.085,72.845,22.48,0.735,-9.4e-05,440.1
19.085,72.85,18.92,0.3386,2.5e-05,475.7
19.085,72.855,17.28,1.3171,-6.2e-05,492.1
19.085,72.86,10.9,0.5162,5e-05,555.9
19.085,72.865,8.4,0.2292,1.8e-05,580.9
19.085,72.87,7.29,1.2551,9.3e-05,592.0
19.085,72.875,13.37,0.1445,-7e-05,531.2
19.085,72.88,14.07,1.6513,9.5e-05,524.2
19.085,72.885,22.07,1.9731,2e-05,444.2
19.085,72.89,31.63,0.2374,-0.000139,348.6
19.085,72.895,30.48,0.9352,-4.4e-05,360.1
19.085,72.9,25.95,0.704,0.000103,405.4
19.085,72.905,29.36,1.152,-0.000117,371.3
19.085,72.91,23.78,0.9476,1.3e-05,427.1
19.085,72.915,19.19,0.5038,2.8e-05,473.0
19.085,72.92,16.75,1.0942,0.000101,497.4
19.085,72.925,22.05,0.8857,-1.3e-05,444.4
19.085,72.93,26.34,1.4698,3.7e-05,401.5
19.085,72.935,33.46,0.8857,-3.7e-05,330.3
19.085,72.94,37.75,0.5141,-2.3e-05,287.4
19.085,72.945,40.24,0.1549,-4.2e-05,262.5
19.085,72.95,39.49,0.9517,-5e-05,270.0
19.085,72.955,34.88,0.2498,4.4e-05,316.1
19.085,72.96,33.67,0.929,-4.3e-05,328.2
19.085,72.965,29.17,0.9332,-0.0,373.2
19.085,72.97,24.65,0.5203,9.1e-05,418.4
19.085,72.975,27.17,0.4253,-6e-06,393.2
19.085,72.98,29.23,1.7854,8.6e-05,372.6
19.085,72.985,37.88,0.6607,-7.1e-05,286.1
19.085,72.99,41.08,0.9868,2.1e-05,254.1
19.085,72.995,45.86,0.766,-1.4e-05,206.3
19.085,73.0,49.57,10.128,-0.000692,169.2
19.09,72.77,0.0,0.0,0.000644,664.9
19.09,72.775,0.0,0.4687,2.9e-05,664.9
19.09,72.78,2.27,0.2003,-1.7e-05,642.2
19.09,72.785,3.24,1.5626,8.6e-05,632.5
19.09,72.79,10.81,0.0186,-9.7e-05,556.8
19.09,72.795,10.9,0.4893,-3.2e-05,555.9
19.09,72.8,8.53,0.8774,8.6e-05,579.6
19.09,72.805,12.78,0.7102,-0.0001,537.1
19.09,72.81,9.34,0.9001,-1.2e-05,571.5
19.09,72.815,4.98,0.1982,6.9e-05,615.1
19.09,72.82,5.94,0.4955,1.9e-05,605.5
19.09,72.825,8.34,0.0599,-3.5e-05,581.5
19.09,72.83,8.05,0.3716,2.7e-05,584.4
19.09,72.835,9.85,0.1012,-1.7e-05,566.4
19.09,72.84,10.34,0.0867,-1.2e-05,561.5
19.09,72.845,9.92,0.1714,-5e-06,565.7
19.09,72.85,9.09,0.1961,-2e-06,574.0
19.09,72.855,8.14,0.0661,8e-06,583.5
19.09,72.86,7.82,0.2106,1.7e-05,586.7
19.09,72.865,8.84,0.9827,4.9e-05,576.5
19.09,72.87,13.6,0.9414,-3e-06,528.9
19.09,72.875,18.16,0.991,3e-06,483.3
19.09,72.88,22.96,1.773,4.9e-05,435.3
19.09,72.885,31.55,0.7825,-6.2e-05,349.4
19.09,72.89,35.34,0.512,-8.1e-05,311.5
19.09,72.895,32.86,0.5698,-4e-06,336.3
19.09,72.9,30.1,1.3356,-4.8e-05,363.9
19.09,72.905,23.63,0.4171,5.8e-05,428.6
19.09,72.91,21.61,0.64,-1.4e-05,448.8
19.09,72.915,18.51,1.187,-3.4e-05,479.8
19.09,72.92,12.76,0.1074,8.1e-05,537.3
19.09,72.925,13.28,1.2242,7e-05,532.1
19.09,72.93,19.21,1.185,-2e-06,472.8
19.09,72.935,24.95,1.1086,-5e-06,415.4
19.09,72.94,30.32,1.5523,2.8e-05,361.7
19.09,72.945,37.84,0.9043,-4.1e-05,286.5
19.09,72.95,42.22,0.51,-8.9e-05,242.7
19.09,72.955,39.75,1.1458,0.000104,267.4
19.09,72.96,45.3,2.1401,-0.000207,211.9
19.09,72.965,34.93,0.1755,0.000124,315.6
19.09,72.97,34.08,0.1755,2.2e-05,324.1
19.09,72.975,34.93,0.8258,4.1e-05,315.6
19.09,72.98,38.93,0.9414,-0.000111,275.6
19.09,72.985,34.37,0.1032,6.6e-05,321.2
19.09,72.99,34.87,0.9125,5.1e-05,316.2
19.09,72.995,39.29,0.2581,-7.4e-05,272.0
19.09,73.0,38.04,7.8055,-0.000478,284.5
19.095,72.77,0.0,0.0,0.000494,664.9
19.095,72.775,0.0,0.0,0.0,664.9
19.095,72.78,0.0,0.8919,5.6e-05,664.9
19.095,72.785,4.32,0.8898,-0.000112,621.7
19.095,72.79,0.01,3.2361,0.00026,664.8
19.095,72.795,15.7,0.6855,-0.000161,507.9
19.095,72.8,19.02,0.0124,-4.4e-05,474.7
19.095,72.805,18.96,1.2799,8.1e-05,475.3
19.095,72.81,25.16,1.6451,-0.000184,413.3
19.095,72.815,17.19,0.2354,0.000118,493.0
19.095,72.82,18.33,2.3133,-0.00016,481.6
19.095,72.825,7.12,0.7267,0.0001,593.7
19.095,72.83,3.6,0.7433,-1e-06,628.9
19.095,72.835,0.0,0.0,4.7e-05,664.9
19.095,72.84,0.0,0.0,0.0,664.9
19.095,72.845,0.0,0.0,0.0,664.9
19.095,72.85,0.0,0.0599,4e-06,664.9
19.095,72.855,0.29,2.2885,0.00014,662.0
19.095,72.86,11.38,1.2324,-6.6e-05,551.1
19.095,72.865,17.35,1.4842,1.6e-05,491.4
19.095,72.87,24.54,0.9868,-3.1e-05,419.5
19.095,72.875,29.32,1.0261,2e-06,371.7
19.095,72.88,34.29,0.1631,-7.5e-05,322.0
19.095,72.885,33.5,0.2891,2.8e-05,329.9
19.095,72.89,34.9,1.251,-9.7e-05,315.9
19.095,72.895,28.84,0.7267,3.3e-05,376.5
19.095,72.9,25.32,0.0186,4.7e-05,411.7
19.095,72.905,25.41,0.8155,-5.2e-05,410.8
19.095,72.91,21.46,0.96,-9e-06,450.3
19.095,72.915,16.81,0.9662,-0.0,496.8
19.095,72.92,12.13,0.0454,5.8e-05,543.6
19.095,72.925,11.91,1.3253,8.6e-05,545.8
19.095,72.93,18.33,0.7288,-3.8e-05,481.6
19.095,72.935,21.86,0.512,-1.4e-05,446.3
19.095,72.94,24.34,2.2556,0.00011,421.5
19.095,72.945,35.27,0.5244,-0.000109,312.2
19.095,72.95,37.81,0.5182,-0.0,286.8
19.095,72.955,40.32,1.1953,4.3e-05,261.7
19.095,72.96,46.11,0.5224,-4.2e-05,203.8
19.095,72.965,48.64,0.064,-3.7e-05,178.5
19.095,72.97,48.33,0.0991,-2e-06,181.6
19.095,72.975,47.85,1.8493,-0.00011,186.4
19.095,72.98,38.89,1.2634,3.7e-05,276.0
19.095,72.985,32.77,0.254,6.4e-05,337.2
19.095,72.99,31.54,1.2304,-6.1e-05,349.5
19.095,72.995,25.58,0.8857,0.000133,409.1
19.095,73.0,29.87,6.1436,-0.000444,366.2
19.1,72.77,0.0,0.0,0.000388,664.9
19.1,72.775,0.0,0.0,0.0,664.9
19.1,72.78,0.0,0.0,0.0,664.9
19.1,72.785,0.0,0.382,2.4e-05,664.9
19.1,72.79,1.85,1.5337,7.2e-05,646.4
19.1,72.795,9.28,2.1442,3.8e-05,572.1
19.1,72.8,19.67,0.5347,-0.000101,468.2
19.1,72.805,22.26,2.2473,0.000108,442.3
19.1,72.81,33.15,2.1236,-0.000275,333.4
19.1,72.815,22.86,0.0619,0.000138,436.3
19.1,72.82,23.16,2.4163,-0.000156,433.3
19.1,72.825,11.45,1.7936,3.9e-05,550.4
19.1,72.83,2.76,0.5698,7.7e-05,637.3
19.1,72.835,0.0,0.0,3.6e-05,664.9
19.1,72.84,0.0,0.0,0.0,664.9
19.1,72.845,0.0,0.0,0.0,664.9
19.1,72.85,0.0,1.0653,6.7e-05,664.9
19.1,72.855,5.16,1.3005,1.5e-05,613.3
19.1,72.86,11.46,2.7975,9.4e-05,550.3
19.1,72.865,25.02,1.9875,-5.1e-05,414.7
19.1,72.87,34.65,0.4005,-0.00015,318.4
19.1,72.875,32.71,0.7969,7.5e-05,337.8
19.1,72.88,36.57,0.7845,-9.9e-05,299.2
19.1,72.885,32.77,0.6256,1e-05,337.2
19.1,72.89,29.74,0.1342,4.8e-05,367.5
19.1,72.895,30.39,1.381,-9.5e-05,361.0
19.1,72.9,23.7,0.3221,6.7e-05,427.9
19.1,72.905,22.14,0.7123,-2.5e-05,443.5
19.1,72.91,18.69,0.7577,-3e-06,478.0
19.1,72.915,15.02,0.5244,8.1e-05,514.7
19.1,72.92,17.56,0.0021,-3.3e-05,489.3
19.1,72.925,17.57,0.4955,-3.1e-05,489.2
19.1,72.93,15.17,0.2663,4.8e-05,513.2
19.1,72.935,16.46,0.0413,-1.9e-05,500.3
19.1,72.94,16.26,2.0308,0.00013,502.3
19.1,72.945,26.1,1.9751,-4e-06,403.9
19.1,72.95,35.67,1.5482,-2.7e-05,308.2
19.1,72.955,43.17,0.863,-4.3e-05,233.2
19.1,72.96,47.35,2.6018,0.000109,191.4
19.1,72.965,59.96,0.7949,-0.000214,65.3
19.1,72.97,56.11,0.2189,3.6e-05,103.8
19.1,72.975,55.05,1.4326,-7.6e-05,114.4
19.1,72.98,48.11,2.1319,-4.4e-05,183.8
19.1,72.985,37.78,3.3534,-7.7e-05,287.1
19.1,72.99,21.52,0.8093,0.00016,449.7
19.1,72.995,17.6,0.6565,1e-05,488.9
19.1,73.0,14.42,2.9746,-0.000146,520.7
19.105,72.77,0.0,0.0,0.000187,664.9
19.105,72.775,0.0,0.0,0.0,664.9
19.105,72.78,0.0,0.0,0.0,664.9
19.105,72.785,0.0,0.0,0.0,664.9
19.105,72.79,0.0,1.837,0.000116,664.9
19.105,72.795,8.9,2.7769,5.9e-05,575.9
19.105,72.8,22.36,0.7371,-0.000128,441.3
19.105,72.805,25.93,1.9793,7.8e-05,405.6
19.105,72.81,35.52,0.735,-0.000171,309.7
19.105,72.815,31.96,1.4099,-4.2e-05,345.3
19.105,72.82,25.13,1.4904,-5e-06,413.6
19.105,72.825,17.91,3.4316,-0.000122,485.8
19.105,72.83,1.27,0.2622,0.0002,652.2
19.105,72.835,0.0,0.0,1.6e-05,664.9
19.105,72.84,0.0,0.0,0.0,664.9
19.105,72.845,0.0,0.0,0.0,664.9
19.105,72.85,0.0,0.0227,1e-06,664.9
19.105,72.855,0.11,1.8411,0.000114,663.8
19.105,72.86,9.03,3.057,7.7e-05,574.6
19.105,72.865,23.85,1.4512,-0.000101,426.4
19.105,72.87,30.88,2.0123,3.5e-05,356.1
19.105,72.875,40.63,0.2829,-0.000109,258.6
19.105,72.88,42.0,0.9332,-7.6e-05,244.9
19.105,72.885,37.48,0.9992,-4e-06,290.1
19.105,72.89,32.64,1.6575,-4.1e-05,338.5
19.105,72.895,24.61,0.3304,8.3e-05,418.8
19.105,72.9,23.01,0.6669,-2.1e-05,434.8
19.105,72.905,19.78,0.1177,3.5e-05,467.1
19.105,72.91,19.21,0.1879,1.9e-05,472.8
19.105,72.915,20.12,0.1218,-1.9e-05,463.7
19.105,72.92,19.53,0.9621,-5.3e-05,469.6
19.105,72.925,14.87,0.7082,1.6e-05,516.2
19.105,72.93,11.44,0.4873,7.5e-05,550.5
19.105,72.935,13.8,0.5017,1e-06,526.9
19.105,72.94,16.23,1.414,5.7e-05,502.6
19.105,72.945,23.08,2.0762,4.2e-05,434.1
19.105,72.95,33.14,1.0756,-6.3e-05,333.5
19.105,72.955,38.35,2.6162,9.7e-05,281.4
19.105,72.96,51.03,1.348,-8e-05,154.6
19.105,72.965,57.56,1.3253,-1e-06,89.3
19.105,72.97,63.98,1.4326,-0.000173,25.1
19.105,72.975,57.04,2.0494,-3.9e-05,94.5
19.105,72.98,47.11,2.1319,-5e-06,193.8
19.105,72.985,36.78,3.0261,-5.6e-05,297.1
19.105,72.99,22.11,1.6575,8.6e-05,443.8
19.105,72.995,14.08,0.0186,0.000105,524.1
19.105,73.0,14.17,2.9232,-0.000185,523.2
19.11,72.77,0.0,0.0,0.000184,664.9
19.11,72.775,0.0,0.0,0.0,664.9
19.11,72.78,0.0,0.0,0.0,664.9
19.11,72.785,0.0,0.0,0.0,664.9
19.11,72.79,0.0,2.4699,0.000155,664.9
19.11,72.795,11.97,2.4163,-3e-06,545.2
19.11,72.8,23.68,0.3097,-0.000133,428.1
19.11,72.805,25.18,0.6173,1.9e-05,413.1
19.11,72.81,28.17,0.0434,-3.6e-05,383.2
19.11,72.815,28.38,0.9972,-6.5e-05,381.1
19.11,72.82,23.55,2.371,-8.6e-05,429.4
19.11,72.825,12.06,1.87,3.2e-05,544.3
19.11,72.83,3.0,0.6194,7.9e-05,634.9
19.11,72.835,0.0,0.0,3.9e-05,664.9
19.11,72.84,0.0,0.0,0.0,664.9
19.11,72.845,0.0,0.0,0.0,664.9
19.11,72.85,0.0,0.0,0.0,664.9
19.11,72.855,0.0,2.2205,0.00014,664.9
19.11,72.86,10.76,2.5276,1.9e-05,557.3
19.11,72.865,23.01,1.1726,-8.5e-05,434.8
19.11,72.87,28.69,0.9724,-1.3e-05,378.0
19.11,72.875,33.4,0.2849,-4.3e-05,330.9
19.11,72.88,34.78,0.3304,3e-06,317.1
19.11,72.885,36.38,1.121,-9.1e-05,301.1
19.11,72.89,30.95,0.2312,5.6e-05,355.4
19.11,72.895,29.83,1.641,-8.9e-05,366.6
19.11,72.9,21.88,1.2448,2.5e-05,446.1
19.11,72.905,15.85,0.5327,0.000112,506.4
19.11,72.91,18.43,0.4109,-8e-06,480.6
19.11,72.915,20.42,0.9414,-8.5e-05,460.7
19.11,72.92,15.86,0.7969,9e-06,506.3
19.11,72.925,12.0,0.159,4e-05,544.9
19.11,72.93,11.23,1.4244,0.0001,552.6
19.11,72.935,18.13,0.1053,-9.6e-05,483.6
19.11,72.94,17.62,2.2185,0.000146,488.7
19.11,72.945,28.37,1.3191,-5.7e-05,381.2
19.11,72.95,34.76,1.2861,-2e-06,317.3
19.11,72.955,40.99,2.4864,7.6e-05,255.0
19.11,72.96,53.04,0.2478,-0.000141,134.5
19.11,72.965,54.24,0.0124,-1.5e-05,122.5
19.11,72.97,54.3,0.5203,-3.4e-05,121.9
19.11,72.975,51.78,0.9352,-2.6e-05,147.1
19.11,72.98,47.25,1.9401,-6.3e-05,192.4
19.11,72.985,37.85,2.7048,-4.8e-05,286.4
19.11,72.99,24.74,2.138,3.6e-05,417.5
19.11,72.995,14.38,0.4769,0.000105,521.1
19.11,73.0,12.07,2.4905,-0.000127,544.2
19.115,72.77,0.0,0.0,0.000157,664.9
19.115,72.775,0.0,0.0,0.0,664.9
19.115,72.78,0.0,0.896,5.6e-05,664.9
19.115,72.785,4.34,0.8238,-5e-06,621.5
19.115,72.79,8.33,0.4026,-2.6e-05,581.6
19.115,72.795,10.28,1.1189,4.5e-05,562.1
19.115,72.8,15.7,0.6359,-3e-05,507.9
19.115,72.805,18.78,0.4728,-1e-05,477.1
19.115,72.81,21.07,0.1528,-2e-05,454.2
19.115,72.815,21.81,1.5399,-0.000106,446.8
19.115,72.82,14.35,0.0929,9.1e-05,521.4
19.115,72.825,13.9,0.7329,-4e-05,525.9
19.115,72.83,10.35,1.839,-7e-05,561.4
19.115,72.835,1.44,0.2973,9.7e-05,650.5
19.115,72.84,0.0,0.0,1.9e-05,664.9
19.115,72.845,0.0,0.2044,1.3e-05,664.9
19.115,72.85,0.99,0.6173,2.6e-05,655.0
19.115,72.855,3.98,1.6327,6.4e-05,625.1
19.115,72.86,11.89,0.2911,-8.4e-05,546.0
19.115,72.865,13.3,1.7091,8.9e-05,531.9
19.115,72.87,21.58,1.4656,-1.5e-05,449.1
19.115,72.875,28.68,1.0075,-2.9e-05,378.1
19.115,72.88,33.56,0.9167,-6e-06,329.3
19.115,72.885,38.0,1.509,-0.000153,284.9
19.115,72.89,30.69,0.2023,8.2e-05,358.0
19.115,72.895,29.71,1.4264,-7.7e-05,367.8
19.115,72.9,22.8,0.4274,6.3e-05,436.9
19.115,72.905,20.73,1.1581,-4.6e-05,457.6
19.115,72.91,15.12,0.1879,6.1e-05,513.7
19.115,72.915,14.21,0.2643,-5e-06,522.8
19.115,72.92,12.93,0.3076,3.6e-05,535.6
19.115,72.925,14.42,0.1321,-1.1e-05,520.7
19.115,72.93,15.06,1.1602,6.5e-05,514.3
19.115,72.935,20.68,0.9889,-1.1e-05,458.1
19.115,72.94,25.47,0.8093,-1.1e-05,410.2
19.115,72.945,29.39,0.9889,1.1e-05,371.0
19.115,72.95,34.18,2.002,6.4e-05,323.1
19.115,72.955,43.88,1.1643,-5.3e-05,226.1
19.115,72.96,49.52,0.6648,-3.1e-05,169.7
19.115,72.965,52.74,0.8176,-9.3e-05,137.5
19.115,72.97,48.78,0.3469,3e-05,177.1
19.115,72.975,47.1,1.2593,-5.7e-05,193.9
19.115,72.98,41.0,1.0364,1.4e-05,254.9
19.115,72.985,35.98,0.9868,3e-06,305.1
19.115,72.99,31.2,0.7536,1.5e-05,352.9
19.115,72.995,27.55,0.0083,4.8e-05,389.4
19.115,73.0,27.59,5.6779,-0.000359,389.0
19.12,72.77,0.0,0.0,0.000358,664.9
19.12,72.775,0.0,0.0,0.0,664.9
19.12,72.78,0.0,1.6843,0.000106,664.9
19.12,72.785,8.16,0.3737,-8.2e-05,583.3
19.12,72.79,9.97,0.8382,2.9e-05,565.2
19.12,72.795,14.03,0.097,-4.7e-05,524.6
19.12,72.8,14.5,0.4191,-3.2e-05,519.9
19.12,72.805,12.47,0.479,-4e-06,540.2
19.12,72.81,10.15,0.8196,-2.1e-05,563.4
19.12,72.815,6.18,0.1796,6.3e-05,603.1
19.12,72.82,7.05,0.1961,-2.4e-05,594.4
19.12,72.825,6.1,0.2044,-1e-06,603.9
19.12,72.83,5.11,1.4553,0.000104,613.8
19.12,72.835,12.16,0.161,-8.1e-05,543.3
19.12,72.84,12.94,0.2932,8e-06,535.5
19.12,72.845,14.36,0.6565,-6e-05,521.3
19.12,72.85,11.18,0.9435,-1.8e-05,553.1
19.12,72.855,6.61,0.4893,9e-05,598.8
19.12,72.86,8.98,0.6215,8e-06,575.1
19.12,72.865,11.99,0.4976,-8e-06,545.0
19.12,72.87,14.4,0.7928,1.9e-05,520.9
19.12,72.875,18.24,0.5987,-1.2e-05,482.5
19.12,72.88,21.14,1.3563,4.8e-05,453.5
19.12,72.885,27.71,1.2861,-4e-06,387.8
19.12,72.89,33.94,0.8423,-0.000134,325.5
19.12,72.895,29.86,0.033,5.1e-05,366.3
19.12,72.9,29.7,0.9022,-5.5e-05,367.9
19.12,72.905,25.33,0.7288,1.1e-05,411.6
19.12,72.91,21.8,1.1726,-2.8e-05,446.9
19.12,72.915,16.12,0.2684,5.7e-05,503.7
19.12,72.92,14.82,0.0083,1.7e-05,516.7
19.12,72.925,14.86,0.448,2.8e-05,516.3
19.12,72.93,17.03,1.4264,6.2e-05,494.6
19.12,72.935,23.94,1.2758,-9e-06,425.5
19.12,72.94,30.12,1.7771,3.2e-05,363.7
19.12,72.945,38.73,0.1321,-0.000103,277.6
19.12,72.95,39.37,0.2312,6e-06,271.2
19.12,72.955,40.49,0.161,-2.5e-05,260.0
19.12,72.96,39.71,0.1218,1.8e-05,267.8
19.12,72.965,40.3,0.9022,-6.4e-05,261.9
19.12,72.97,35.93,0.8382,4e-06,305.6
19.12,72.975,31.87,0.4646,8.2e-05,346.2
19.12,72.98,34.12,0.9641,3.1e-05,323.7
19.12,72.985,38.79,0.0124,-6e-05,277.0
19.12,72.99,38.85,0.5698,-3.7e-05,276.4
19.12,72.995,36.09,0.3902,6e-05,304.0
19.12,73.0,37.98,7.7934,-0.000518,285.1
19.125,72.77,0.0,0.5182,0.000526,664.9
19.125,72.775,2.51,1.2572,4.6e-05,639.8
19.125,72.78,8.6,0.2622,-6.3e-05,578.9
19.125,72.785,9.87,0.4212,1e-05,566.2
19.125,72.79,11.91,0.0041,-2.6e-05,545.8
19.125,72.795,11.93,0.83,-5.2e-05,545.6
19.125,72.8,7.91,1.4842,-4.1e-05,585.8
19.125,72.805,0.72,0.1487,8.4e-05,657.7
19.125,72.81,0.0,0.0,9e-06,664.9
19.125,72.815,0.0,0.4212,2.6e-05,664.9
19.125,72.82,2.04,0.1404,-3.5e-05,644.5
19.125,72.825,1.36,1.4409,9.9e-05,651.3
19.125,72.83,8.34,2.2638,5.2e-05,581.5
19.125,72.835,19.31,0.1714,-0.000132,471.8
19.125,72.84,20.14,0.4439,1.7e-05,463.5
19.125,72.845,22.29,0.3324,-4.9e-05,442.0
19.125,72.85,20.68,0.7556,-2.7e-05,458.1
19.125,72.855,17.02,1.4182,-4.2e-05,494.7
19.125,72.86,10.15,0.1569,9.9e-05,563.4
19.125,72.865,10.91,0.7412,-5.6e-05,555.8
19.125,72.87,7.32,1.1994,0.000122,591.7
19.125,72.875,13.13,0.8485,-2.2e-05,533.6
19.125,72.88,17.24,2.1319,8.1e-05,492.5
19.125,72.885,27.57,0.6524,-9.3e-05,389.2
19.125,72.89,30.73,0.0847,-3.6e-05,357.6
19.125,72.895,31.14,0.0516,-2e-06,353.5
19.125,72.9,31.39,1.1148,-7.3e-05,351.0
19.125,72.905,25.99,0.9683,9e-06,405.0
19.125,72.91,21.3,1.1953,-1.4e-05,451.9
19.125,72.915,15.51,0.0268,7.4e-05,509.8
19.125,72.92,15.38,1.6431,0.000105,511.1
19.125,72.925,23.34,0.2973,-0.000122,431.5
19.125,72.93,21.9,1.5626,0.000117,445.9
19.125,72.935,29.47,1.4409,-8e-06,370.2
19.125,72.94,36.45,0.7226,-4.5e-05,300.4
19.125,72.945,39.95,0.1941,-3.3e-05,265.4
19.125,72.95,40.89,0.993,-7.5e-05,256.0
19.125,72.955,36.08,0.64,2.2e-05,304.1
19.125,72.96,32.98,0.6958,-4e-06,335.1
19.125,72.965,29.61,0.4914,1.3e-05,368.8
19.125,72.97,27.23,0.479,1e-06,392.6
19.125,72.975,24.91,1.2324,0.000108,415.8
19.125,72.98,30.88,0.6297,-3.8e-05,356.1
19.125,72.985,33.93,1.6204,6.2e-05,325.6
19.125,72.99,41.78,0.9187,-4.4e-05,247.1
19.125,72.995,46.23,0.9187,0.0,202.6
19.125,73.0,50.68,10.154,-0.000703,158.1
19.13,72.77,0.98,0.4625,0.000674,655.1
19.13,72.775,3.22,1.09,3.9e-05,632.7
19.13,72.78,8.5,0.2994,-8.7e-05,579.9
19.13,72.785,7.05,0.993,8.1e-05,594.4
19.13,72.79,11.86,1.544,-0.00016,546.3
19.13,72.795,4.38,0.4212,7.1e-05,621.1
19.13,72.8,2.34,0.4831,-4e-06,641.5
19.13,72.805,0.0,0.0,3e-05,664.9
19.13,72.81,0.0,0.0,0.0,664.9
19.13,72.815,0.0,0.0,0.0,664.9
19.13,72.82,0.0,1.8473,0.000116,664.9
19.13,72.825,8.95,0.8589,-6.2e-05,575.4
19.13,72.83,13.11,1.6864,5.2e-05,533.8
19.13,72.835,21.28,1.7153,2e-06,452.1
19.13,72.84,29.59,0.3138,-8.8e-05,369.0
19.13,72.845,31.11,0.8609,-7.4e-05,353.8
19.13,72.85,26.94,0.2085,6.7e-05,395.5
19.13,72.855,27.95,2.814,-0.00019,385.4
19.13,72.86,14.31,1.5337,8.1e-05,521.8
19.13,72.865,6.88,0.4955,6.5e-05,596.1
19.13,72.87,4.48,0.3572,5.4e-05,620.1
19.13,72.875,6.21,1.3872,6.5e-05,602.8
19.13,72.88,12.93,0.2973,-6.9e-05,535.6
19.13,72.885,14.37,1.7648,9.2e-05,521.2
19.13,72.89,22.92,0.3386,-9e-05,435.7
19.13,72.895,24.56,0.6978,2.3e-05,419.3
19.13,72.9,27.94,0.2085,-5.7e-05,385.5
19.13,72.905,26.93,0.1053,6e-06,395.6
19.13,72.91,26.42,0.1012,1.3e-05,400.7
19.13,72.915,26.91,0.3613,-2.9e-05,395.8
19.13,72.92,25.16,0.4955,5.4e-05,413.3
19.13,72.925,27.56,1.0797,3.7e-05,389.3
19.13,72.93,32.79,1.3583,1.8e-05,337.0
19.13,72.935,39.37,1.0033,-0.000149,271.2
19.13,72.94,34.51,0.2436,4.8e-05,319.8
19.13,72.945,33.33,0.1549,2.5e-05,331.6
19.13,72.95,34.08,0.4398,-3.7e-05,324.1
19.13,72.955,31.95,1.4759,-6.5e-05,345.4
19.13,72.96,24.8,1.3026,1.1e-05,416.9
19.13,72.965,18.49,0.3242,0.000102,480.0
19.13,72.97,20.06,0.161,-3.1e-05,464.3
19.13,72.975,19.28,2.2865,0.000154,472.1
19.13,72.98,30.36,1.3748,-5.7e-05,361.3
19.13,72.985,37.02,1.8885,3.2e-05,294.7
19.13,72.99,46.17,1.6018,-1.8e-05,203.2
19.13,72.995,53.93,0.5698,-6.5e-05,125.6
19.13,73.0,56.69,9.0883,-0.000612,98.0
19.135,72.77,12.3,0.4955,0.000608,541.9
19.135,72.775,14.7,0.6215,-7e-05,517.9
19.135,72.78,11.69,1.8823,-7.9e-05,548.0
19.135,72.785,2.57,0.3551,9.6e-05,639.2
19.135,72.79,0.85,0.1755,1.1e-05,656.4
19.135,72.795,0.0,0.0,1.1e-05,664.9
19.135,72.8,0.0,0.0,0.0,664.9
19.135,72.805,0.0,0.0,0.0,664.9
19.135,72.81,0.0,0.0,0.0,664.9
19.135,72.815,0.0,0.0,0.0,664.9
19.135,72.82,0.0,1.7111,0.000108,664.9
19.135,72.825,8.29,1.7235,1e-06,582.0
19.135,72.83,16.64,2.0453,2e-05,498.5
19.135,72.835,26.55,0.0599,-0.000125,399.4
19.135,72.84,26.84,0.0434,-6e-06,396.5
19.135,72.845,26.63,0.2684,2e-05,398.6
19.135,72.85,27.93,0.0888,-2.2e-05,385.6
19.135,72.855,27.5,1.6781,-0.0001,389.9
19.135,72.86,19.37,1.4367,1.5e-05,471.2
19.135,72.865,12.41,0.7453,4.4e-05,540.8
19.135,72.87,8.8,0.6627,5e-06,576.9
19.135,72.875,5.59,0.5554,7e-06,609.0
19.135,72.88,2.9,0.6772,7.8e-05,635.9
19.135,72.885,6.18,0.4542,-1.4e-05,603.1
19.135,72.89,8.38,1.282,5.2e-05,581.1
19.135,72.895,14.59,0.6318,-4.1e-05,519.0
19.135,72.9,17.65,1.6389,6.3e-05,488.4
19.135,72.905,25.59,0.7371,-5.7e-05,409.0
19.135,72.91,29.16,0.7391,0.0,373.3
19.135,72.915,32.74,0.9745,1.5e-05,337.5
19.135,72.92,37.46,0.0516,-6.5e-05,290.3
19.135,72.925,37.21,1.4161,9.2e-05,292.8
19.135,72.93,44.07,1.0549,-0.000155,224.2
19.135,72.935,38.96,1.0983,-3e-06,275.3
19.135,72.94,33.64,0.768,2.1e-05,328.5
19.135,72.945,29.92,1.8658,-6.9e-05,365.7
19.135,72.95,20.88,0.7123,0.000162,456.1
19.135,72.955,24.33,0.6194,-8.4e-05,421.6
19.135,72.96,21.33,0.6173,0.0,451.6
19.135,72.965,18.34,0.5306,7.2e-05,481.5
19.135,72.97,20.91,0.3221,-1.3e-05,455.8
19.135,72.975,22.47,1.4161,6.9e-05,440.2
19.135,72.98,29.33,1.381,-2e-06,371.6
19.135,72.985,36.02,2.1628,4.9e-05,304.7
19.135,72.99,46.5,1.7256,-2.8e-05,199.9
19.135,72.995,54.86,0.1239,-0.000101,116.3
19.135,73.0,55.46,6.6514,-0.000428,110.3
19.14,72.77,23.1,0.799,0.00037,433.9
19.14,72.775,19.23,2.7069,-0.00012,472.6
19.14,72.78,6.11,0.3675,0.000147,603.8
19.14,72.785,4.33,0.8939,-3.3e-05,621.6
19.14,72.79,0.0,0.0,5.6e-05,664.9
19.14,72.795,0.0,0.0,0.0,664.9
19.14,72.8,0.0,0.0,0.0,664.9
19.14,72.805,0.0,0.0,0.0,664.9
19.14,72.81,0.0,0.3138,2e-05,664.9
19.14,72.815,1.52,0.4811,1.1e-05,649.7
19.14,72.82,3.85,1.5709,6.9e-05,626.4
19.14,72.825,11.46,1.4161,-1e-05,550.3
19.14,72.83,18.32,0.7412,-0.000136,481.7
19.14,72.835,14.73,2.0638,0.000176,517.6
19.14,72.84,24.73,0.7205,-8.5e-05,417.6
19.14,72.845,28.22,0.6442,-8.6e-05,382.7
19.14,72.85,25.1,0.8341,9.3e-05,413.9
19.14,72.855,29.14,0.8774,-0.000108,373.5
19.14,72.86,24.89,0.4129,2.9e-05,416.0
19.14,72.865,22.89,1.4904,-6.8e-05,436.0
19.14,72.87,15.67,1.804,-2e-05,508.2
19.14,72.875,6.93,0.4439,8.6e-05,595.6
19.14,72.88,4.78,0.9868,-3.4e-05,617.1
19.14,72.885,0.0,0.0,6.2e-05,664.9
19.14,72.89,0.0,1.1808,7.4e-05,664.9
19.14,72.895,5.72,0.8093,-2.3e-05,607.7
19.14,72.9,9.64,2.6451,0.000116,568.5
19.14,72.905,22.46,2.1566,-3.1e-05,440.3
19.14,72.91,32.91,2.0803,-5e-06,335.8
19.14,72.915,42.99,2.2246,9e-06,235.0
19.14,72.92,53.77,0.4563,-0.000169,127.2
19.14,72.925,51.56,0.7763,-2e-05,149.3
19.14,72.93,47.8,1.3563,-3.6e-05,186.9
19.14,72.935,41.23,1.8205,-2.9e-05,252.6
19.14,72.94,32.41,2.6307,-5.1e-05,340.8
19.14,72.945,19.66,0.448,0.000194,468.3
19.14,72.95,21.83,2.1442,-0.000163,446.6
19.14,72.955,11.44,1.4285,0.000225,550.5
19.14,72.96,18.36,0.2374,-7.5e-05,481.3
19.14,72.965,19.51,0.9001,4.2e-05,469.8
19.14,72.97,23.87,1.0467,9e-06,426.2
19.14,72.975,28.94,2.4328,8.7e-05,375.5
19.14,72.98,40.73,0.2932,-0.000135,257.6
19.14,72.985,42.15,0.735,2.8e-05,243.4
19.14,72.99,45.71,0.6029,-8e-06,207.8
19.14,72.995,48.63,0.6297,2e-06,178.6
19.14,73.0,51.68,5.1868,-0.000367,148.1
19.145,72.77,26.49,1.9463,0.000205,400.0
19.145,72.775,17.06,1.542,2.5e-05,494.3
19.145,72.78,9.59,1.9793,-2.8e-05,569.0
19.145,72.785,0.0,0.0,0.000125,664.9
19.145,72.79,0.0,0.0,0.0,664.9
19.145,72.795,0.0,0.0,0.0,664.9
19.145,72.8,0.0,0.0,0.0,664.9
19.145,72.805,0.0,0.0,0.0,664.9
19.145,72.81,0.0,0.0,0.0,664.9
19.145,72.815,0.0,2.3669,0.000149,664.9
19.145,72.82,11.47,0.0867,-0.000143,550.2
19.145,72.825,11.89,1.0302,5.9e-05,546.0
19.145,72.83,16.88,0.5306,-3.1e-05,496.1
19.145,72.835,19.45,0.7742,-8.2e-05,470.4
19.145,72.84,15.7,1.4058,0.000137,507.9
19.145,72.845,22.51,1.2758,-8e-06,439.8
19.145,72.85,28.69,0.1342,-7.2e-05,378.0
19.145,72.855,29.34,0.2519,7e-06,371.5
19.145,72.86,30.56,0.9022,-7.3e-05,359.3
19.145,72.865,26.19,0.8527,3e-06,403.0
19.145,72.87,22.06,2.2267,-8.6e-05,444.3
19.145,72.875,11.27,1.2593,6.1e-05,552.2
19.145,72.88,5.17,1.0673,1.2e-05,613.2
19.145,72.885,0.0,0.0,6.7e-05,664.9
19.145,72.89,0.0,0.0,0.0,664.9
19.145,72.895,0.0,1.771,0.000111,664.9
19.145,72.9,8.58,2.4905,4.5e-05,579.1
19.145,72.905,20.65,2.9767,3.1e-05,458.4
19.145,72.91,35.08,2.2844,-4.4e-05,314.1
19.145,72.915,46.15,1.5543,-4.6e-05,203.4
19.145,72.92,53.68,0.3283,-7.7e-05,128.1
19.145,72.925,55.27,1.9463,-0.000143,112.2
19.145,72.93,45.84,2.1133,-1.1e-05,206.5
19.145,72.935,35.6,1.3418,4.9e-05,308.9
19.145,72.94,29.1,3.2011,-0.000117,373.9
19.145,72.945,13.58,0.2271,0.000187,529.1
19.145,72.95,12.48,0.4109,-1.2e-05,540.1
19.145,72.955,10.49,0.9435,8.5e-05,560.0
19.145,72.96,15.06,0.6772,-1.7e-05,514.3
19.145,72.965,18.34,2.3483,0.000105,481.5
19.145,72.97,29.72,1.0322,-8.3e-05,367.7
19.145,72.975,34.72,0.0681,-6.1e-05,317.7
19.145,72.98,35.05,1.2448,7.4e-05,314.4
19.145,72.985,41.08,1.2944,3e-06,254.1
19.145,72.99,47.35,0.3944,-0.000106,191.4
19.145,72.995,45.44,0.8754,8e-05,210.5
19.145,73.0,49.68,4.7995,-0.000358,168.1
19.15,72.77,26.38,2.1628,0.000166,401.1
19.15,72.775,15.9,1.2675,5.6e-05,505.9
19.15,72.78,9.76,2.0143,-4.7e-05,567.3
19.15,72.785,0.0,0.0,0.000127,664.9
19.15,72.79,0.0,0.0,0.0,664.9
19.15,72.795,0.0,0.0,0.0,664.9
19.15,72.8,0.0,0.0,0.0,664.9
19.15,72.805,0.0,0.0,0.0,664.9
19.15,72.81,0.0,0.1445,9e-06,664.9
19.15,72.815,0.7,2.004,0.000117,657.9
19.15,72.82,10.41,0.4522,-9.8e-05,560.8
19.15,72.825,12.6,0.4356,-1e-06,538.9
19.15,72.83,14.71,0.6173,1.1e-05,517.8
19.15,72.835,17.7,1.0426,2.7e-05,487.9
19.15,72.84,22.75,0.2725,-4.8e-05,437.4
19.15,72.845,24.07,0.1156,-1e-05,424.2
19.15,72.85,24.63,0.0454,-4e-06,418.6
19.15,72.855,24.85,0.8403,5e-05,416.4
19.15,72.86,28.92,1.1891,-0.000128,375.7
19.15,72.865,23.16,1.2634,-5e-06,433.3
19.15,72.87,17.04,0.5306,4.6e-05,494.5
19.15,72.875,14.47,1.773,-7.8e-05,520.2
19.15,72.88,5.88,1.2139,3.5e-05,606.1
19.15,72.885,0.0,0.0,7.6e-05,664.9
19.15,72.89,0.0,0.8836,5.6e-05,664.9
19.15,72.895,4.28,1.4759,3.7e-05,622.1
19.15,72.9,11.43,1.9422,2.9e-05,550.6
19.15,72.905,20.84,2.573,4e-05,456.5
19.15,72.91,33.31,2.4823,-6e-06,331.8
19.15,72.915,45.34,1.088,-8.8e-05,211.5
19.15,72.92,50.61,1.2551,1.1e-05,158.8
19.15,72.925,56.69,2.0494,-0.000208,98.0
19.15,72.93,46.76,2.0514,-0.0,197.3
19.15,72.935,36.82,0.9559,6.9e-05,296.7
19.15,72.94,32.19,2.6863,-0.000109,343.0
19.15,72.945,19.17,0.574,0.000133,473.2
19.15,72.95,16.39,0.3221,1.6e-05,501.0
19.15,72.955,14.83,0.223,3.4e-05,516.6
19.15,72.96,15.91,0.6978,3e-05,505.8
19.15,72.965,19.29,1.674,6.1e-05,472.0
19.15,72.97,27.4,0.7433,-5.9e-05,390.9
19.15,72.975,31.0,1.4223,4.3e-05,354.9
19.15,72.98,37.89,1.0013,-2.6e-05,286.0
19.15,72.985,42.74,0.8919,-7e-06,237.5
19.15,72.99,47.06,0.6731,-9.8e-05,194.3
19.15,72.995,43.8,0.9084,9.9e-05,226.9
19.15,73.0,48.2,7.1032,-0.000506,182.9
19.155,72.77,13.62,0.2519,0.000433,528.7
19.155,72.775,12.4,1.7049,-9.1e-05,540.9
19.155,72.78,4.14,0.8506,5.4e-05,623.5
19.155,72.785,0.02,0.0041,5.3e-05,664.7
19.155,72.79,0.0,0.0,0.0,664.9
19.155,72.795,0.0,0.0,0.0,664.9
19.155,72.8,0.0,0.0,0.0,664.9
19.155,72.805,0.0,0.0,0.0,664.9
19.155,72.81,0.0,0.2147,1.4e-05,664.9
19.155,72.815,1.04,1.4553,7.8e-05,654.5
19.155,72.82,8.09,0.5306,-5.8e-05,584.0
19.155,72.825,10.66,0.9022,2.3e-05,558.3
19.155,72.83,15.03,0.3654,-3.4e-05,514.6
19.155,72.835,16.8,0.5595,1.2e-05,496.9
19.155,72.84,19.51,0.1838,-2.4e-05,469.8
19.155,72.845,20.4,0.543,2.3e-05,460.9
19.155,72.85,23.03,0.1156,-2.7e-05,434.6
19.155,72.855,23.59,0.0619,-1.1e-05,429.0
19.155,72.86,23.29,0.7701,-4.5e-05,432.0
19.155,72.865,19.56,0.9579,-1.2e-05,469.3
19.155,72.87,14.92,1.1086,-9e-06,515.7
19.155,72.875,9.55,0.2003,5.7e-05,569.4
19.155,72.88,8.58,0.7618,-3.5e-05,579.1
19.155,72.885,4.89,0.4707,7.8e-05,616.0
19.155,72.89,7.17,0.2457,-4.5e-05,593.2
19.155,72.895,5.98,2.1298,0.000149,605.1
19.155,72.9,16.3,1.6905,-2.8e-05,501.9
19.155,72.905,24.49,1.5193,-1.1e-05,420.0
19.155,72.91,31.85,0.9992,-3.3e-05,346.4
19.155,72.915,36.69,1.3129,2e-05,298.0
19.155,72.92,43.05,0.6607,-0.000124,234.4
19.155,72.925,39.85,0.1239,4.9e-05,266.4
19.155,72.93,40.45,0.8754,-6.3e-05,260.4
19.155,72.935,36.21,0.5657,1.9e-05,302.8
19.155,72.94,33.47,2.3112,-0.00011,330.2
19.155,72.945,22.27,0.4026,0.00012,442.2
19.155,72.95,20.32,0.7577,7.3e-05,461.7
19.155,72.955,23.99,1.6761,-0.000153,425.0
19.155,72.96,15.87,1.7875,0.000218,506.2
19.155,72.965,24.53,0.1115,-0.000105,419.6
19.155,72.97,25.07,1.2923,7.4e-05,414.2
19.155,72.975,31.33,1.4161,8e-06,351.6
19.155,72.98,38.19,0.4336,-6.2e-05,283.0
19.155,72.985,40.29,1.2778,5.3e-05,262.0
19.155,72.99,46.48,0.1115,-8.7e-05,200.1
19.155,72.995,45.94,0.5905,4.4e-05,205.5
19.155,73.0,48.8,9.1285,-0.000616,176.9
19.16,72.77,4.21,0.0681,0.000575,622.8
19.16,72.775,3.88,0.7742,5.3e-05,626.1
19.16,72.78,7.63,0.3675,-2.6e-05,588.6
19.16,72.785,9.41,0.2911,-4.1e-05,570.8
19.16,72.79,8.0,1.4305,-7.2e-05,584.9
19.16,72.795,1.07,0.0434,8.7e-05,654.2
19.16,72.8,0.86,0.1776,-8e-06,656.3
19.16,72.805,0.0,0.0,1.1e-05,664.9
19.16,72.81,0.0,0.0,0.0,664.9
19.16,72.815,0.0,0.574,3.6e-05,664.9
19.16,72.82,2.78,0.6731,6e-06,637.1
19.16,72.825,6.04,1.3088,4e-05,604.5
19.16,72.83,12.38,0.6669,-4e-05,541.1
19.16,72.835,15.61,1.0364,2.3e-05,508.8
19.16,72.84,20.63,0.1569,-7.5e-05,458.6
19.16,72.845,19.87,0.4728,4e-05,466.2
19.16,72.85,22.16,0.6937,-7.3e-05,443.3
19.16,72.855,18.8,1.0116,-2e-05,476.9
19.16,72.86,13.9,0.4914,9.5e-05,525.9
19.16,72.865,16.28,1.1808,-0.000105,502.1
19.16,72.87,10.56,0.2498,9e-05,559.3
19.16,72.875,11.77,0.0041,-1.6e-05,547.2
19.16,72.88,11.75,0.6958,4.4e-05,547.4
19.16,72.885,15.12,0.9703,1.7e-05,513.7
19.16,72.89,19.82,0.3035,-4.2e-05,466.7
19.16,72.895,21.29,0.5368,1.5e-05,452.0
19.16,72.9,23.89,0.5554,1e-06,426.0
19.16,72.905,26.58,0.4233,-6.2e-05,399.1
19.16,72.91,24.53,0.2023,1.4e-05,419.6
19.16,72.915,23.55,0.1528,2.2e-05,429.4
19.16,72.92,24.29,1.5853,9e-05,422.0
19.16,72.925,31.97,0.2271,-8.5e-05,345.2
19.16,72.93,33.07,0.2891,4e-06,334.2
19.16,72.935,34.47,0.2209,-3.2e-05,320.2
19.16,72.94,33.4,0.4109,-1.2e-05,330.9
19.16,72.945,31.41,0.1115,3.3e-05,350.8
19.16,72.95,31.95,0.4418,-3.5e-05,345.4
19.16,72.955,29.81,0.9703,-3.3e-05,366.8
19.16,72.96,25.11,0.4976,3e-05,413.8
19.16,72.965,22.7,0.097,2.5e-05,437.9
19.16,72.97,22.23,1.4512,9.7e-05,442.6
19.16,72.975,29.26,0.1115,-8.4e-05,372.3
19.16,72.98,29.8,1.7606,0.000104,366.9
19.16,72.985,38.33,0.8527,-5.7e-05,281.6
19.16,72.99,42.46,1.315,2.9e-05,240.3
19.16,72.995,48.83,0.3758,-5.9e-05,176.6
19.16,73.0,50.65,10.3439,-0.000681,158.4
19.165,72.77,0.0,0.0,0.000658,664.9
19.165,72.775,0.0,0.8444,5.3e-05,664.9
19.165,72.78,4.09,0.9972,1e-05,624.0
19.165,72.785,8.92,1.3067,1.9e-05,575.7
19.165,72.79,15.25,0.6173,-0.000121,512.4
19.165,72.795,12.26,0.4811,9e-06,542.3
19.165,72.8,9.93,1.4491,-6.1e-05,565.6
19.165,72.805,2.91,0.0991,8.5e-05,635.8
19.165,72.81,2.43,0.5017,-2.5e-05,640.6
19.165,72.815,0.0,0.1012,3.8e-05,664.9
19.165,72.82,0.49,0.6731,3.6e-05,660.0
19.165,72.825,3.75,1.4244,4.7e-05,627.4
19.165,72.83,10.65,0.2911,-7.1e-05,558.4
19.165,72.835,12.06,1.7813,9.4e-05,544.3
19.165,72.84,20.69,0.2147,-0.000126,458.0
19.165,72.845,19.65,0.6565,-2.8e-05,468.4
19.165,72.85,16.47,1.2551,-3.8e-05,500.2
19.165,72.855,10.39,0.0434,8.2e-05,561.0
19.165,72.86,10.6,0.8217,-5.4e-05,558.9
19.165,72.865,6.62,1.0405,0.000117,598.7
19.165,72.87,11.66,0.5306,-3.2e-05,548.3
19.165,72.875,14.23,1.7215,7.5e-05,522.6
19.165,72.88,22.57,0.7577,-6.1e-05,439.2
19.165,72.885,26.24,1.3748,3.9e-05,402.5
19.165,72.89,32.9,0.095,-8.1e-05,335.9
19.165,72.895,33.36,0.7433,-5.3e-05,331.3
19.165,72.9,29.76,0.6545,6e-06,367.3
19.165,72.905,26.59,1.5399,-5.6e-05,399.0
19.165,72.91,19.13,0.3014,0.000116,473.6
19.165,72.915,20.59,1.2201,-9.6e-05,459.0
19.165,72.92,14.68,0.4604,0.000106,518.1
19.165,72.925,16.91,1.2036,4.7e-05,495.8
19.165,72.93,22.74,0.7949,-2.6e-05,437.5
19.165,72.935,26.59,2.3401,9.7e-05,399.0
19.165,72.94,37.93,0.0599,-0.000151,285.6
19.165,72.945,37.64,0.1569,1.4e-05,288.5
19.165,72.95,38.4,0.0413,-7e-06,280.9
19.165,72.955,38.6,1.2882,-8.4e-05,278.9
19.165,72.96,32.36,0.287,9.9e-05,341.3
19.165,72.965,33.75,1.3109,-0.000101,327.4
19.165,72.97,27.4,1.2345,5e-06,390.9
19.165,72.975,21.42,2.0226,0.000205,450.7
19.165,72.98,31.22,1.1891,-5.2e-05,352.7
19.165,72.985,36.98,0.7371,-2.8e-05,295.1
19.165,72.99,40.55,0.4852,-1.6e-05,259.4
19.165,72.995,42.9,0.8547,2.3e-05,235.9
19.165,73.0,47.04,9.621,-0.000665,194.5
19.17,72.77,0.0,0.0,0.000611,664.9
19.17,72.775,0.0,0.0,0.0,664.9
19.17,72.78,0.0,1.9401,0.000122,664.9
19.17,72.785,9.4,1.5812,-2.3e-05,570.9
19.17,72.79,17.06,0.3365,-7.8e-05,494.3
19.17,72.795,18.69,1.1189,-9.2e-05,478.0
19.17,72.8,13.27,0.254,8.6e-05,532.2
19.17,72.805,14.5,0.7887,-6.6e-05,519.9
19.17,72.81,10.68,0.3882,2.5e-05,558.1
19.17,72.815,8.8,1.187,-5e-05,576.9
19.17,72.82,3.05,0.5967,0.000112,634.4
19.17,72.825,5.94,0.7701,1.1e-05,605.5
19.17,72.83,9.67,0.0785,-4.4e-05,568.2
19.17,72.835,10.05,0.7412,4.2e-05,564.4
19.17,72.84,13.64,0.3118,-6.6e-05,528.5
19.17,72.845,12.13,0.7309,-2.6e-05,543.6
19.17,72.85,8.59,0.4522,1.8e-05,579.0
19.17,72.855,6.4,0.5554,6.3e-05,600.9
19.17,72.86,9.09,0.704,-7.9e-05,574.0
19.17,72.865,5.68,0.7804,9.3e-05,608.1
19.17,72.87,9.46,2.0185,7.8e-05,570.3
19.17,72.875,19.24,1.4842,-3.4e-05,472.5
19.17,72.88,26.43,0.9311,-3.5e-05,400.6
19.17,72.885,30.94,1.1891,1.6e-05,355.5
19.17,72.89,36.7,0.1259,-8.3e-05,297.9
19.17,72.895,36.09,0.8196,-4.4e-05,304.0
19.17,72.9,32.12,0.2271,3.7e-05,343.7
19.17,72.905,31.02,2.8923,-0.000168,354.7
19.17,72.91,17.0,1.6389,7.9e-05,494.9
19.17,72.915,9.06,0.5554,0.000138,574.3
19.17,72.92,11.75,0.1466,-4.4e-05,547.4
19.17,72.925,11.04,1.152,8.2e-05,554.5
19.17,72.93,16.62,1.1458,-0.0,498.7
19.17,72.935,22.17,2.7275,0.0001,443.2
19.17,72.94,35.39,1.3728,-8.5e-05,311.0
19.17,72.945,42.04,0.5698,-5.1e-05,244.5
19.17,72.95,44.8,0.6978,-8e-05,216.9
19.17,72.955,41.42,0.1549,5.4e-05,250.7
19.17,72.96,42.17,0.1177,-1.7e-05,243.2
19.17,72.965,41.6,1.3913,-8e-05,248.9
19.17,72.97,34.86,0.6565,4.6e-05,316.3
19.17,72.975,31.68,0.1136,4.8e-05,348.1
19.17,72.98,32.23,0.4501,2.1e-05,342.6
19.17,72.985,34.41,0.2932,-1e-05,320.8
19.17,72.99,35.83,0.7329,2.8e-05,306.6
19.17,72.995,39.38,0.6958,-2e-06,271.1
19.17,73.0,42.75,8.7578,-0.000599,237.4
19.175,72.77,0.0,0.0,0.000555,664.9
19.175,72.775,0.0,0.0,0.0,664.9
19.175,72.78,0.0,1.1478,7.2e-05,664.9
19.175,72.785,5.56,1.5543,2.6e-05,609.3
19.175,72.79,13.09,1.0797,-3e-05,534.0
19.175,72.795,18.32,0.0351,-6.6e-05,481.7
19.175,72.8,18.49,0.2622,1.4e-05,480.0
19.175,72.805,19.76,0.1301,-8e-06,467.3
19.175,72.81,20.39,1.4759,-0.000101,461.0
19.175,72.815,13.24,0.6524,5.2e-05,532.5
19.175,72.82,10.08,0.1239,3.3e-05,564.1
19.175,72.825,9.48,1.0322,-5.7e-05,570.1
19.175,72.83,4.48,0.2106,7.8e-05,620.1
19.175,72.835,5.5,0.9786,-7.5e-05,609.9
19.175,72.84,0.76,0.2416,7.7e-05,657.3
19.175,72.845,1.93,0.0826,-1e-05,645.6
19.175,72.85,2.33,0.0103,-5e-06,641.6
19.175,72.855,2.38,0.8155,5.1e-05,641.1
19.175,72.86,6.33,0.9146,6e-06,601.6
19.175,72.865,10.76,1.6699,4.8e-05,557.3
19.175,72.87,18.85,1.1293,-3.4e-05,476.4
19.175,72.875,24.32,1.6802,3.5e-05,421.7
19.175,72.88,32.46,1.3563,-2e-05,340.3
19.175,72.885,39.03,0.4687,-0.000115,274.6
19.175,72.89,36.76,0.159,1.9e-05,297.3
19.175,72.895,35.99,0.6813,-3.3e-05,305.0
19.175,72.9,32.69,2.5956,-0.000121,338.0
19.175,72.905,20.11,0.0206,0.000165,463.8
19.175,72.91,20.21,1.6307,-0.000104,462.8
19.175,72.915,12.31,1.7421,-7e-06,541.8
19.175,72.92,3.87,0.1136,0.000102,626.2
19.175,72.925,3.32,1.7813,0.000119,631.7
19.175,72.93,11.95,1.0219,-4.8e-05,545.4
19.175,72.935,16.9,2.6389,0.000102,495.9
19.175,72.94,29.69,1.4883,-7.2e-05,368.0
19.175,72.945,36.9,1.2572,-1.5e-05,295.9
19.175,72.95,42.99,0.5513,-4.4e-05,235.0
19.175,72.955,45.66,1.1623,3.8e-05,208.3
19.175,72.96,51.29,0.5719,-0.000109,152.0
19.175,72.965,48.52,0.6132,-3e-06,179.7
19.175,72.97,45.55,0.4563,1e-05,209.4
19.175,72.975,43.34,1.6245,-7.4e-05,231.5
19.175,72.98,35.47,0.3262,0.000123,310.2
19.175,72.985,37.05,1.1478,-9.3e-05,294.4
19.175,72.99,31.49,0.1363,6.4e-05,350.0
19.175,72.995,30.83,0.4418,-1.9e-05,356.6
19.175,73.0,28.69,5.9027,-0.000345,378.0
19.18,72.77,0.0,0.0,0.000373,664.9
19.18,72.775,0.0,0.0,0.0,664.9
19.18,72.78,0.0,0.0,0.0,664.9
19.18,72.785,0.0,0.9352,5.9e-05,664.9
19.18,72.79,4.53,1.0962,1e-05,619.6
19.18,72.795,9.84,1.8555,4.8e-05,566.5
19.18,72.8,18.83,1.5832,-1.7e-05,476.6
19.18,72.805,26.5,0.1053,-9.3e-05,399.9
19.18,72.81,27.01,0.384,-3.1e-05,394.8
19.18,72.815,25.15,1.3831,-6.3e-05,413.4
19.18,72.82,18.45,1.1994,1.2e-05,480.4
19.18,72.825,12.64,1.9009,-4.4e-05,538.5
19.18,72.83,3.43,0.7082,7.5e-05,630.6
19.18,72.835,0.0,0.0,4.5e-05,664.9
19.18,72.84,0.0,0.0,0.0,664.9
19.18,72.845,0.0,0.0,0.0,664.9
19.18,72.85,0.0,0.0,0.0,664.9
19.18,72.855,0.0,2.9623,0.000186,664.9
19.18,72.86,14.36,1.3109,-0.000104,521.3
19.18,72.865,20.71,1.3171,0.0,457.8
19.18,72.87,27.09,1.6266,1.9e-05,394.0
19.18,72.875,34.97,0.3593,-0.000125,315.2
19.18,72.88,33.23,1.3893,0.00011,332.6
19.18,72.885,39.96,1.1458,-0.000159,265.3
19.18,72.89,34.41,0.4274,4.5e-05,320.8
19.18,72.895,32.34,1.3645,-5.9e-05,341.5
19.18,72.9,25.73,1.0384,2.1e-05,407.6
19.18,72.905,20.7,0.8155,1.4e-05,457.9
19.18,72.91,16.75,0.6896,8e-06,497.4
19.18,72.915,13.41,0.5409,9e-06,530.8
19.18,72.92,10.79,0.1074,2.7e-05,557.0
19.18,72.925,10.27,0.3448,-1.5e-05,562.2
19.18,72.93,8.6,2.4267,0.000174,578.9
19.18,72.935,20.36,0.3696,-0.000129,461.3
19.18,72.94,22.15,1.6575,8.1e-05,443.4
19.18,72.945,30.18,1.4037,-1.6e-05,363.1
19.18,72.95,36.98,1.4037,0.0,295.1
19.18,72.955,43.78,1.6802,1.7e-05,227.1
19.18,72.96,51.92,0.7061,-6.1e-05,145.7
19.18,72.965,55.34,0.32,-2.4e-05,111.5
19.18,72.97,56.89,0.5224,-5.3e-05,96.0
19.18,72.975,54.36,1.6781,-7.3e-05,121.3
19.18,72.98,46.23,3.0673,-8.8e-05,202.6
19.18,72.985,31.36,1.1231,0.000122,351.3
19.18,72.99,25.92,0.9105,1.3e-05,405.7
19.18,72.995,21.51,0.8423,4e-06,449.8
19.18,73.0,17.43,3.5941,-0.000173,490.6
19.185,72.77,0.0,0.0,0.000226,664.9
19.185,72.775,0.0,0.0,0.0,664.9
19.185,72.78,0.0,0.0,0.0,664.9
19.185,72.785,0.0,0.0,0.0,664.9
19.185,72.79,0.0,1.5337,9.6e-05,664.9
19.185,72.795,7.43,2.4699,5.9e-05,590.6
19.185,72.8,19.4,1.1086,-8.6e-05,470.9
19.185,72.805,24.77,1.1685,4e-06,417.2
19.185,72.81,30.43,0.7536,-2.6e-05,360.6
19.185,72.815,34.08,1.8019,-0.000161,324.1
19.185,72.82,25.35,1.9071,-7e-06,411.4
19.185,72.825,16.11,3.164,-7.9e-05,503.8
19.185,72.83,0.77,0.159,0.000189,657.2
19.185,72.835,0.0,0.0,1e-05,664.9
19.185,72.84,0.0,0.0,0.0,664.9
19.185,72.845,0.0,0.0,0.0,664.9
19.185,72.85,0.0,0.0,0.0,664.9
19.185,72.855,0.0,2.7007,0.00017,664.9
19.185,72.86,13.09,2.0947,-3.8e-05,534.0
19.185,72.865,23.24,1.938,-1e-05,432.5
19.185,72.87,32.63,1.4883,-2.8e-05,338.6
19.185,72.875,39.84,0.0268,-9.5e-05,266.5
19.185,72.88,39.71,0.863,-5.3e-05,267.8
19.185,72.885,35.53,1.2655,-2.5e-05,309.6
19.185,72.89,29.4,0.0186,8.1e-05,370.9
19.185,72.895,29.49,1.9174,-0.000122,370.0
19.185,72.9,20.2,0.2602,0.000137,462.9
19.185,72.905,21.46,1.2634,-9.6e-05,450.3
19.185,72.91,15.34,0.7845,0.000129,511.5
19.185,72.915,19.14,0.223,-6.3e-05,473.5
19.185,72.92,18.06,1.4863,-7.9e-05,484.3
19.185,72.925,10.86,0.8011,0.000144,556.3
19.185,72.93,14.74,0.0991,-4.4e-05,517.5
19.185,72.935,15.22,0.7845,4.3e-05,512.7
19.185,72.94,19.02,1.1334,2.2e-05,474.7
19.185,72.945,24.51,1.2737,9e-06,419.8
19.185,72.95,30.68,2.406,7.1e-05,358.1
19.185,72.955,42.34,2.7192,2e-05,241.5
19.185,72.96,55.52,0.1714,-0.00016,109.7
19.185,72.965,56.35,0.9084,4.6e-05,101.4
19.185,72.97,60.75,0.4893,-8.8e-05,57.4
19.185,72.975,58.38,2.711,-0.00014,81.1
19.185,72.98,45.24,2.5812,8e-06,212.5
19.185,72.985,32.73,2.3298,1.6e-05,337.6
19.185,72.99,21.44,1.0859,7.8e-05,450.5
19.185,72.995,16.18,1.3852,-1.9e-05,503.1
19.185,73.0,9.47,1.9545,-3.6e-05,570.2
19.19,72.77,0.0,0.0,0.000123,664.9
19.19,72.775,0.0,0.0,0.0,664.9
19.19,72.78,0.0,0.0,0.0,664.9
19.19,72.785,0.0,0.0,0.0,664.9
19.19,72.79,0.0,1.4223,8.9e-05,664.9
19.19,72.795,6.89,2.2721,5.4e-05,596.0
19.19,72.8,17.9,2.2803,1e-06,485.9
19.19,72.805,28.95,0.5595,-0.000108,375.4
19.19,72.81,31.66,0.6669,7e-06,348.3
19.19,72.815,34.89,1.7916,-0.000155,316.0
19.19,72.82,26.21,2.5235,-4.6e-05,402.8
19.19,72.825,13.98,1.1313,8.8e-05,525.1
19.19,72.83,8.5,1.7545,-3.9e-05,579.9
19.19,72.835,0.0,0.0,0.00011,664.9
19.19,72.84,0.0,0.0,0.0,664.9
19.19,72.845,0.0,0.0,0.0,664.9
19.19,72.85,0.0,0.0723,5e-06,664.9
19.19,72.855,0.35,2.5585,0.000156,661.4
19.19,72.86,12.75,2.6121,3e-06,537.4
19.19,72.865,25.41,1.9978,-3.9e-05,410.8
19.19,72.87,35.09,0.6875,-0.000169,314.0
19.19,72.875,31.76,1.3872,0.000131,347.3
19.19,72.88,38.48,1.3336,-0.000171,280.1
19.19,72.885,32.02,0.929,2.5e-05,344.7
19.19,72.89,27.52,0.0227,5.7e-05,389.7
19.19,72.895,27.41,1.2097,-7.5e-05,390.8
19.19,72.9,21.55,0.1425,6.7e-05,449.4
19.19,72.905,20.86,0.2127,-4e-06,456.3
19.19,72.91,19.83,0.3613,3.6e-05,466.6
19.19,72.915,21.58,0.2457,-7e-06,449.1
19.19,72.92,22.77,1.9669,-0.000139,437.2
19.19,72.925,13.24,1.1458,0.000196,532.5
19.19,72.93,18.79,0.064,-6.8e-05,477.0
19.19,72.935,19.1,0.0847,-9e-06,473.9
19.19,72.94,18.69,0.5079,3.7e-05,478.0
19.19,72.945,21.15,1.4347,5.8e-05,453.4
19.19,72.95,28.1,3.4645,0.000128,383.9
19.19,72.955,44.9,0.6194,-0.000179,215.9
19.19,72.96,47.9,2.4225,0.000113,185.9
19.19,72.965,59.64,0.0041,-0.000153,68.5
19.19,72.97,59.62,0.0021,0.0,68.7
19.19,72.975,59.63,2.678,-0.000169,68.6
19.19,72.98,46.65,2.8428,-1e-05,198.4
19.19,72.985,32.87,1.6534,7.5e-05,336.2
19.19,72.99,24.86,2.3236,-4.2e-05,416.3
19.19,72.995,13.6,1.0838,0.000214,528.9
19.19,73.0,18.85,3.886,-0.000313,476.4
19.195,72.77,0.0,0.0,0.000245,664.9
19.195,72.775,0.0,0.0,0.0,664.9
19.195,72.78,0.0,0.0,0.0,664.9
19.195,72.785,0.0,0.1425,9e-06,664.9
19.195,72.79,0.69,1.379,7.8e-05,658.0
19.195,72.795,7.37,2.1195,4.7e-05,591.2
19.195,72.8,17.64,0.1218,-0.000141,488.5
19.195,72.805,17.05,0.8485,6.1e-05,494.4
19.195,72.81,21.16,0.1425,-4.4e-05,453.3
19.195,72.815,21.85,0.8341,-6.1e-05,446.4
19.195,72.82,17.81,1.5667,-4.6e-05,486.8
19.195,72.825,10.22,1.9731,-2.6e-05,562.7
19.195,72.83,0.66,0.1363,0.000116,658.3
19.195,72.835,0.0,0.0,9e-06,664.9
19.195,72.84,0.0,0.0,0.0,664.9
19.195,72.845,0.0,0.2312,1.5e-05,664.9
19.195,72.85,1.12,0.7453,3.2e-05,653.7
19.195,72.855,4.73,1.8246,6.8e-05,617.6
19.195,72.86,13.57,2.2741,2.8e-05,529.2
19.195,72.865,24.59,1.1808,-6.9e-05,419.0
19.195,72.87,30.31,0.4191,-4.8e-05,361.8
19.195,72.875,32.34,0.1838,-3.8e-05,341.5
19.195,72.88,31.45,0.1734,1e-06,350.4
19.195,72.885,30.61,0.5822,-2.6e-05,358.8
19.195,72.89,27.79,0.7577,-1.1e-05,387.0
19.195,72.895,24.12,0.5017,1.6e-05,423.7
19.195,72.9,21.69,0.4047,5.7e-05,448.0
19.195,72.905,23.65,1.0921,-9.4e-05,428.4
19.195,72.91,18.36,1.1045,0.000138,481.3
19.195,72.915,23.71,0.799,-0.00012,427.8
19.195,72.92,19.84,0.5347,1.7e-05,466.5
19.195,72.925,17.25,0.2519,4.9e-05,492.4
19.195,72.93,18.47,0.0248,-1.7e-05,480.2
19.195,72.935,18.35,0.5451,3.6e-05,481.4
19.195,72.94,20.99,0.8072,1.6e-05,455.0
19.195,72.945,24.9,1.1561,2.2e-05,415.9
19.195,72.95,30.5,1.4945,2.1e-05,359.9
19.195,72.955,37.74,1.3831,-7e-06,287.5
19.195,72.96,44.44,1.2448,-9e-06,220.5
19.195,72.965,50.47,0.128,-8.6e-05,160.2
19.195,72.97,49.85,0.19,-4e-06,166.4
19.195,72.975,48.93,1.1829,-6.2e-05,175.6
19.195,72.98,43.2,1.1932,-1e-06,232.9
19.195,72.985,37.42,1.6142,-2.6e-05,290.7
19.195,72.99,29.6,1.3088,1.9e-05,368.9
19.195,72.995,23.26,0.4687,5.3e-05,432.3
19.195,73.0,20.99,4.3256,-0.000243,455.0
19.2,72.77,0.0,0.0,0.000273,664.9
19.2,72.775,0.0,0.0,0.0,664.9
19.2,72.78,0.0,0.3882,2.4e-05,664.9
19.2,72.785,1.88,0.8011,2.6e-05,646.1
19.2,72.79,5.76,0.3386,-2.9e-05,607.3
19.2,72.795,7.4,0.2354,-6e-06,590.9
19.2,72.8,8.54,0.2168,-2.8e-05,579.5
19.2,72.805,7.49,0.4769,4.4e-05,590.0
19.2,72.81,9.8,0.1198,-2.2e-05,566.9
19.2,72.815,10.38,0.6297,-4.7e-05,561.1
19.2,72.82,7.33,0.0289,4.1e-05,591.6
19.2,72.825,7.47,0.0454,-5e-06,590.2
19.2,72.83,7.25,0.161,-7e-06,592.4
19.2,72.835,6.47,0.223,2.4e-05,600.2
19.2,72.84,7.55,0.3861,1e-05,589.4
19.2,72.845,9.42,0.3551,-4.7e-05,570.7
19.2,72.85,7.7,0.6958,6.6e-05,587.9
19.2,72.855,11.07,0.0743,-3.9e-05,554.2
19.2,72.86,11.43,0.3407,1.7e-05,550.6
19.2,72.865,13.08,1.0818,4.7e-05,534.1
19.2,72.87,18.32,0.1796,-5.7e-05,481.7
19.2,72.875,19.19,0.64,2.9e-05,473.0
19.2,72.88,22.29,1.1788,3.4e-05,442.0
19.2,72.885,28.0,0.671,-0.000116,384.9
19.2,72.89,24.75,1.0302,0.000107,417.4
19.2,72.895,29.74,1.0075,-0.000128,367.5
19.2,72.9,24.86,0.6875,2e-05,416.3
19.2,72.905,21.53,0.1528,3.4e-05,449.6
19.2,72.91,20.79,0.0351,7e-06,457.0
19.2,72.915,20.62,0.3985,2.7e-05,458.7
19.2,72.92,22.55,0.0186,-2.6e-05,439.4
19.2,72.925,22.46,0.1177,9e-06,440.3
19.2,72.93,23.03,1.1045,6.2e-05,434.6
19.2,72.935,28.38,0.6049,-0.000108,381.1
19.2,72.94,25.45,1.542,0.000135,410.4
19.2,72.945,32.92,0.5595,-6.2e-05,335.7
19.2,72.95,35.63,0.3613,-1.2e-05,308.6
19.2,72.955,37.38,0.6256,-6.2e-05,291.1
19.2,72.96,34.35,0.2705,5.6e-05,321.4
19.2,72.965,35.66,0.2911,1e-06,308.3
19.2,72.97,37.07,0.4398,9e-06,294.2
19.2,72.975,39.2,0.2602,-1.1e-05,272.9
19.2,72.98,40.46,1.0962,-8.5e-05,260.3
19.2,72.985,35.15,0.2602,5.3e-05,313.4
19.2,72.99,33.89,0.9125,7.4e-05,326.0
19.2,72.995,38.31,0.8011,-7e-06,281.8
19.2,73.0,42.19,8.6448,-0.000598,243.0
19.205,72.77,0.0,0.0847,0.000553,664.9
19.205,72.775,0.41,2.4328,0.000148,660.8
19.205,72.78,12.2,0.2312,-0.000168,542.9
19.205,72.785,11.08,0.4356,-1.3e-05,554.1
19.205,72.79,8.97,0.7556,7.5e-05,575.2
19.205,72.795,12.63,1.9236,-0.000169,538.6
19.205,72.8,3.31,0.6834,7.8e-05,631.8
19.205,72.805,0.0,0.0,4.3e-05,664.9
19.205,72.81,0.0,0.0,0.0,664.9
19.205,72.815,0.0,0.064,4e-06,664.9
19.205,72.82,0.31,1.1169,6.6e-05,661.8
19.205,72.825,5.72,1.8328,4.5e-05,607.7
19.205,72.83,14.6,0.1321,-0.000124,518.9
19.205,72.835,13.96,1.9215,0.000129,525.3
19.205,72.84,23.27,0.0372,-0.000123,432.2
19.205,72.845,23.09,0.6318,-3.7e-05,434.0
19.205,72.85,20.03,0.8712,-1.5e-05,464.6
19.205,72.855,15.81,1.7359,-5.4e-05,506.8
19.205,72.86,7.4,0.0661,0.000113,590.9
19.205,72.865,7.72,0.6916,3.9e-05,587.7
19.205,72.87,11.07,0.2374,-2.9e-05,554.2
19.205,72.875,12.22,0.4687,1.5e-05,542.7
19.205,72.88,14.49,0.5802,7e-06,520.0
19.205,72.885,17.3,1.8679,8.1e-05,491.9
19.205,72.89,26.35,0.7556,-7e-05,401.4
19.205,72.895,30.01,0.0557,-5.1e-05,364.8
19.205,72.9,29.74,1.1788,-7.1e-05,367.5
19.205,72.905,24.03,0.4852,4.4e-05,424.6
19.205,72.91,21.68,0.6338,7e-05,448.1
19.205,72.915,24.75,1.2221,-0.000117,417.4
19.205,72.92,18.83,1.1251,0.000148,476.6
19.205,72.925,24.28,0.1136,-7.8e-05,422.1
19.205,72.93,23.73,1.5791,0.000106,427.6
19.205,72.935,31.38,1.1808,-2.5e-05,351.1
19.205,72.94,37.1,0.1425,-6.5e-05,293.9
19.205,72.945,37.79,0.0764,-4e-06,287.0
19.205,72.95,38.16,1.3521,-9e-05,283.3
19.205,72.955,31.61,0.6958,4.1e-05,348.8
19.205,72.96,28.24,0.2209,3e-05,382.5
19.205,72.965,27.17,0.2395,-1e-06,393.2
19.205,72.97,26.01,0.097,2.1e-05,404.8
19.205,72.975,26.48,1.2118,7e-05,400.1
19.205,72.98,32.35,0.2416,-6.1e-05,341.4
19.205,72.985,33.52,1.8679,0.000102,329.7
19.205,72.99,42.57,2.0102,9e-06,239.2
19.205,72.995,52.31,0.256,-0.00011,141.8
19.205,73.0,53.55,10.0239,-0.000653,129.4
19.21,72.77,4.5,0.5575,0.000672,619.9
19.21,72.775,7.2,1.2366,4.3e-05,592.9
19.21,72.78,13.19,0.0351,-7.6e-05,533.0
19.21,72.785,13.36,1.1726,-7.6e-05,531.3
19.21,72.79,7.68,0.0392,7.6e-05,588.1
19.21,72.795,7.87,1.6245,-0.000105,586.2
19.21,72.8,0.0,0.0,0.000102,664.9
19.21,72.805,0.0,0.0,0.0,664.9
19.21,72.81,0.0,0.0,0.0,664.9
19.21,72.815,0.0,0.0,0.0,664.9
19.21,72.82,0.0,0.3799,2.4e-05,664.9
19.21,72.825,1.84,2.4163,0.000128,646.5
19.21,72.83,13.55,2.1937,-1.4e-05,529.4
19.21,72.835,24.18,1.4842,-4.5e-05,423.1
19.21,72.84,31.37,0.8878,-3.8e-05,351.2
19.21,72.845,35.67,1.1953,-0.000131,308.2
19.21,72.85,29.88,2.3504,-7.3e-05,366.1
19.21,72.855,18.49,1.3088,6.6e-05,480.0
19.21,72.86,12.15,0.1982,9.5e-05,543.4
19.21,72.865,13.11,1.8762,-0.000131,533.8
19.21,72.87,4.02,0.3716,0.000141,624.7
19.21,72.875,5.82,0.256,-7e-06,606.7
19.21,72.88,7.06,0.927,4.2e-05,594.3
19.21,72.885,11.55,1.4739,3.4e-05,549.4
19.21,72.89,18.69,1.2097,-1.7e-05,478.0
19.21,72.895,24.55,0.2395,-6.1e-05,419.4
19.21,72.9,25.71,1.024,4.9e-05,407.8
19.21,72.905,30.67,1.2324,-0.000142,358.2
19.21,72.91,24.7,0.3056,5.8e-05,417.9
19.21,72.915,23.22,0.9497,7.9e-05,432.7
19.21,72.92,27.82,0.6173,-2.1e-05,386.7
19.21,72.925,30.81,0.4728,-9e-06,356.8
19.21,72.93,33.1,0.5843,7e-06,333.9
19.21,72.935,35.93,0.0268,-3.8e-05,305.6
19.21,72.94,35.8,1.2036,7.7e-05,306.9
19.21,72.945,41.63,0.9022,-0.000132,248.6
19.21,72.95,37.26,1.7978,-5.6e-05,292.3
19.21,72.955,28.55,1.1808,3.9e-05,379.4
19.21,72.96,22.83,1.1664,1e-06,436.6
19.21,72.965,17.18,0.4769,0.000103,493.1
19.21,72.97,19.49,0.4191,-5.6e-05,470.0
19.21,72.975,17.46,1.7627,0.000137,490.3
19.21,72.98,26.0,2.1154,2.2e-05,404.9
19.21,72.985,36.25,2.6204,3.2e-05,302.4
19.21,72.99,48.95,1.5853,-6.5e-05,175.4
19.21,72.995,56.63,0.8403,-4.7e-05,98.6
19.21,73.0,60.7,10.4697,-0.000719,57.9
19.215,72.77,9.42,1.3129,0.000749,570.7
19.215,72.775,15.78,0.8011,-0.000133,507.1
19.215,72.78,11.9,0.2127,6.4e-05,545.9
19.215,72.785,12.93,0.1404,-2.2e-05,535.6
19.215,72.79,12.25,2.5276,-0.00015,542.4
19.215,72.795,0.0,0.0,0.000159,664.9
19.215,72.8,0.0,0.0,0.0,664.9
19.215,72.805,0.0,0.0,0.0,664.9
19.215,72.81,0.0,0.0,0.0,664.9
19.215,72.815,0.0,0.0,0.0,664.9
19.215,72.82,0.0,1.1458,7.2e-05,664.9
19.215,72.825,5.55,2.1834,6.5e-05,609.4
19.215,72.83,16.13,2.4452,1.6e-05,503.6
19.215,72.835,27.98,1.154,-8.1e-05,385.1
19.215,72.84,33.57,0.638,-3.2e-05,329.2
19.215,72.845,36.66,0.6173,-7.9e-05,298.3
19.215,72.85,33.67,1.6307,-6.4e-05,328.2
19.215,72.855,25.77,1.5564,5e-06,407.2
19.215,72.86,18.23,1.3129,1.5e-05,482.6
19.215,72.865,11.87,1.2221,6e-06,546.2
19.215,72.87,5.95,0.2684,6e-05,605.4
19.215,72.875,4.65,0.4067,4.2e-05,618.4
19.215,72.88,6.62,0.256,-4.2e-05,598.7
19.215,72.885,5.38,1.3274,0.0001,611.1
19.215,72.89,11.81,0.9992,-2.1e-05,546.8
19.215,72.895,16.65,0.6462,-2.2e-05,498.4
19.215,72.9,19.78,1.5255,5.5e-05,467.1
19.215,72.905,27.17,0.7598,-4.8e-05,393.2
19.215,72.91,30.85,0.1776,-5.9e-05,356.4
19.215,72.915,29.99,0.8589,6.5e-05,365.0
19.215,72.92,34.15,0.5038,-2.2e-05,323.4
19.215,72.925,36.59,0.0,-3.2e-05,299.0
19.215,72.93,36.59,0.766,4.8e-05,299.0
19.215,72.935,40.3,0.7185,-9.3e-05,261.9
19.215,72.94,36.82,0.2147,3.2e-05,296.7
19.215,72.945,35.78,1.1293,-5.8e-05,307.1
19.215,72.95,30.31,1.3191,-1.2e-05,361.8
19.215,72.955,23.92,1.2036,7e-06,425.7
19.215,72.96,18.09,0.2519,6e-05,484.0
19.215,72.965,16.87,0.863,-3.8e-05,496.2
19.215,72.97,12.69,1.0384,0.00012,538.0
19.215,72.975,17.72,2.3916,8.5e-05,487.7
19.215,72.98,29.31,1.938,-2.9e-05,371.8
19.215,72.985,38.7,2.7646,5.2e-05,277.9
19.215,72.99,52.1,1.5172,-7.9e-05,143.9
19.215,72.995,59.45,1.4532,-4e-06,70.4
19.215,73.0,66.49,9.7112,-0.000708,0.0
19.22,72.77,19.0,1.0818,0.000549,474.9
19.22,72.775,13.76,0.2725,5.1e-05,527.3
19.22,72.78,12.44,1.5193,-7.8e-05,540.5
19.22,72.785,5.08,1.0488,3e-05,614.1
19.22,72.79,0.0,0.0,6.6e-05,664.9
19.22,72.795,0.0,0.0,0.0,664.9
19.22,72.8,0.0,0.0,0.0,664.9
19.22,72.805,0.0,0.0,0.0,664.9
19.22,72.81,0.0,0.0,0.0,664.9
19.22,72.815,0.0,0.0,0.0,664.9
19.22,72.82,0.0,1.4863,9.3e-05,664.9
19.22,72.825,7.2,2.2741,5e-05,592.9
19.22,72.83,18.22,0.3799,-0.000119,482.7
19.22,72.835,20.06,1.9669,0.0001,464.3
19.22,72.84,29.59,1.2324,-4.6e-05,369.0
19.22,72.845,35.56,0.4129,-0.000103,309.3
19.22,72.85,33.56,0.5058,-6e-06,329.3
19.22,72.855,31.11,1.3645,-5.4e-05,353.8
19.22,72.86,24.5,2.1958,-5.2e-05,419.9
19.22,72.865,13.86,0.6442,9.8e-05,526.3
19.22,72.87,10.74,1.0777,-2.7e-05,557.5
19.22,72.875,5.52,1.1396,-4e-06,609.7
19.22,72.88,0.0,0.0227,7.3e-05,664.9
19.22,72.885,0.11,0.0227,-3e-06,663.8
19.22,72.89,0.0,1.511,9.6e-05,664.9
19.22,72.895,7.32,1.4986,-1e-06,591.7
19.22,72.9,14.58,2.5379,6.5e-05,519.1
19.22,72.905,26.88,0.9352,-0.000101,396.1
19.22,72.91,31.41,1.6286,4.4e-05,350.8
19.22,72.915,39.3,1.088,-3.4e-05,271.9
19.22,72.92,44.57,0.1838,-5.7e-05,219.2
19.22,72.925,45.46,0.287,6e-06,210.3
19.22,72.93,46.85,1.9483,-0.000141,196.4
19.22,72.935,37.41,0.0496,0.000126,290.8
19.22,72.94,37.65,1.8988,-0.000123,288.4
19.22,72.945,28.45,0.8134,6.8e-05,380.4
19.22,72.95,24.51,2.7131,-0.00012,419.8
19.22,72.955,11.36,0.4109,0.000145,551.3
19.22,72.96,9.37,0.9579,8.6e-05,571.2
19.22,72.965,14.01,1.0281,4e-06,524.8
19.22,72.97,18.99,0.8031,-1.4e-05,475.0
19.22,72.975,22.88,2.0824,8.1e-05,436.1
19.22,72.98,32.97,1.9257,-1e-05,335.2
19.22,72.985,42.3,1.5358,-2.5e-05,241.9
19.22,72.99,49.74,1.1045,-2.7e-05,167.5
19.22,72.995,55.09,0.8279,-1.7e-05,114.0
19.22,73.0,59.1,7.4384,-0.000523,73.9
19.225,72.77,22.87,1.0033,0.000407,436.2
19.225,72.775,18.01,2.2494,-7.8e-05,484.8
19.225,72.78,7.11,1.4677,4.9e-05,593.8
19.225,72.785,0.0,0.0,9.2e-05,664.9
19.225,72.79,0.0,0.0,0.0,664.9
19.225,72.795,0.0,0.0,0.0,664.9
19.225,72.8,0.0,0.0,0.0,664.9
19.225,72.805,0.0,0.0,0.0,664.9
19.225,72.81,0.0,0.0,0.0,664.9
19.225,72.815,0.0,1.1148,7e-05,664.9
19.225,72.82,5.4,1.3583,1.5e-05,610.9
19.225,72.825,11.98,1.1726,-1.2e-05,545.1
19.225,72.83,17.66,0.4893,-4.3e-05,488.3
19.225,72.835,20.03,0.1404,-2.2e-05,464.6
19.225,72.84,20.71,1.0261,5.6e-05,457.8
19.225,72.845,25.68,0.3799,-4.1e-05,408.1
19.225,72.85,27.52,0.1198,-3.1e-05,389.7
19.225,72.855,26.94,0.3304,2.8e-05,395.5
19.225,72.86,28.54,0.8176,-7.2e-05,379.5
19.225,72.865,24.58,1.2655,-2.8e-05,419.1
19.225,72.87,18.45,2.2906,-6.5e-05,480.4
19.225,72.875,7.35,1.0075,8.1e-05,591.4
19.225,72.88,2.47,0.51,3.1e-05,640.2
19.225,72.885,0.0,0.0,3.2e-05,664.9
19.225,72.89,0.0,0.2973,1.9e-05,664.9
19.225,72.895,1.44,1.7813,9.3e-05,650.5
19.225,72.9,10.07,2.4143,4e-05,564.2
19.225,72.905,21.77,3.1044,4.4e-05,447.2
19.225,72.91,36.82,1.3666,-0.000109,296.7
19.225,72.915,43.44,1.6018,1.5e-05,230.5
19.225,72.92,51.2,0.7309,-5.5e-05,152.9
19.225,72.925,54.74,1.641,-0.000149,117.5
19.225,72.93,46.79,1.6286,1e-06,197.0
19.225,72.935,38.9,1.3728,1.6e-05,275.9
19.225,72.94,32.25,2.7316,-8.6e-05,342.4
19.225,72.945,19.01,0.4336,0.000145,474.8
19.225,72.95,16.91,1.0033,-3.6e-05,495.8
19.225,72.955,12.05,0.6215,0.000102,544.4
19.225,72.96,15.06,0.1858,-2.7e-05,514.3
19.225,72.965,15.96,2.1999,0.000127,505.3
19.225,72.97,26.62,0.3014,-0.000119,398.7
19.225,72.975,28.08,1.9958,0.000107,384.1
19.225,72.98,37.75,0.2333,-0.000111,287.4
19.225,72.985,38.88,2.0886,0.000117,276.1
19.225,72.99,49.0,0.0268,-0.000133,174.9
19.225,72.995,48.87,1.5028,9.6e-05,176.2
19.225,73.0,56.15,7.0767,-0.000542,103.4
19.23,72.77,21.7,1.3026,0.000365,447.9
19.23,72.775,15.39,1.3542,-3e-06,511.0
19.23,72.78,8.83,1.8225,-2.9e-05,576.6
19.23,72.785,0.0,0.0,0.000115,664.9
19.23,72.79,0.0,0.0,0.0,664.9
19.23,72.795,0.0,0.0,0.0,664.9
19.23,72.8,0.0,0.0,0.0,664.9
19.23,72.805,0.0,0.0,0.0,664.9
19.23,72.81,0.0,0.3882,2.4e-05,664.9
19.23,72.815,1.88,2.0308,0.000103,646.1
19.23,72.82,11.72,0.2973,-0.000146,547.7
19.23,72.825,10.28,1.1747,9.3e-05,562.1
19.23,72.83,15.97,0.0145,-7.5e-05,505.2
19.23,72.835,15.9,0.128,9e-06,505.9
19.23,72.84,16.52,0.3118,1.2e-05,499.7
19.23,72.845,18.03,1.3109,6.3e-05,484.6
19.23,72.85,24.38,0.1301,-7.4e-05,421.1
19.23,72.855,25.01,1.1065,6.1e-05,414.8
19.23,72.86,30.37,0.3551,-9.2e-05,361.2
19.23,72.865,28.65,0.8836,-3.3e-05,378.4
19.23,72.87,24.37,2.1174,-7.8e-05,421.2
19.23,72.875,14.11,1.9566,1e-05,523.8
19.23,72.88,4.63,0.9559,6.3e-05,618.6
19.23,72.885,0.0,0.0,6e-05,664.9
19.23,72.89,0.0,0.1528,1e-05,664.9
19.23,72.895,0.74,1.8411,0.000106,657.5
19.23,72.9,9.66,2.8511,6.4e-05,568.3
19.23,72.905,23.48,2.2226,-4e-05,430.1
19.23,72.91,34.25,1.7008,-3.3e-05,322.4
19.23,72.915,42.49,1.738,2e-06,240.0
19.23,72.92,50.91,0.9063,-5.2e-05,155.8
19.23,72.925,55.3,2.3504,-0.000205,111.9
19.23,72.93,43.91,0.9167,9e-05,225.8
19.23,72.935,39.47,2.573,-0.000104,270.2
19.23,72.94,27.0,1.9813,3.7e-05,394.9
19.23,72.945,17.4,0.4996,9.3e-05,490.9
19.23,72.95,14.98,0.3799,5.5e-05,515.1
19.23,72.955,16.82,0.2147,-1e-05,496.7
19.23,72.96,17.86,0.9827,4.8e-05,486.3
19.23,72.965,22.62,0.929,-3e-06,438.7
19.23,72.97,27.12,1.6472,4.5e-05,393.7
19.23,72.975,35.1,0.2725,-8.6e-05,313.9
19.23,72.98,36.42,0.8547,3.7e-05,300.7
19.23,72.985,40.56,0.3613,-3.1e-05,259.3
19.23,72.99,42.31,0.6483,-6.4e-05,241.8
19.23,72.995,39.17,2.0391,0.000169,273.2
19.23,73.0,49.05,7.2597,-0.000587,174.4
19.235,72.77,13.7,0.5822,0.000422,527.9
19.235,72.775,10.88,1.1169,-3.4e-05,556.1
19.235,72.78,5.47,1.0632,3e-06,610.2
19.235,72.785,0.32,0.0661,6.3e-05,661.7
19.235,72.79,0.0,0.0,4e-06,664.9
19.235,72.795,0.0,0.0,0.0,664.9
19.235,72.8,0.0,0.0,0.0,664.9
19.235,72.805,0.0,0.6132,3.9e-05,664.9
19.235,72.81,2.97,0.9992,2.4e-05,635.2
19.235,72.815,7.81,0.8155,-0.000114,586.8
19.235,72.82,3.86,1.0549,0.000118,626.3
19.235,72.825,8.97,0.6297,-2.7e-05,575.2
19.235,72.83,12.02,0.7701,-8.8e-05,544.7
19.235,72.835,8.29,0.7515,9.6e-05,582.0
19.235,72.84,11.93,1.0529,1.9e-05,545.6
19.235,72.845,17.03,0.5265,-3.3e-05,494.6
19.235,72.85,19.58,0.7618,1.5e-05,469.1
19.235,72.855,23.27,0.4109,-2.2e-05,432.2
19.235,72.86,25.26,0.9806,-8.8e-05,412.3
19.235,72.865,20.51,0.4542,3.3e-05,459.8
19.235,72.87,18.31,0.1838,1.7e-05,481.8
19.235,72.875,17.42,0.8465,-4.2e-05,490.7
19.235,72.88,13.32,1.9504,-6.9e-05,531.7
19.235,72.885,3.87,0.1734,0.000134,626.2
19.235,72.89,4.71,0.6978,3.3e-05,617.8
19.235,72.895,8.09,1.0384,2.1e-05,584.0
19.235,72.9,13.12,1.6327,3.7e-05,533.7
19.235,72.905,21.03,1.8287,1.2e-05,454.6
19.235,72.91,29.89,2.7625,5.9e-05,366.0
19.235,72.915,43.28,0.2044,-0.000161,232.1
19.235,72.92,44.27,0.2168,1e-06,222.2
19.235,72.925,45.32,0.766,-6.2e-05,211.7
19.235,72.93,41.61,1.7689,-6.3e-05,248.8
19.235,72.935,33.04,1.09,4.3e-05,334.5
19.235,72.94,27.76,1.3336,-1.5e-05,387.3
19.235,72.945,21.3,0.6132,4.5e-05,451.9
19.235,72.95,18.33,0.3469,6e-05,481.6
19.235,72.955,20.01,0.1528,-1.2e-05,464.8
19.235,72.96,20.75,0.8795,4.6e-05,457.4
19.235,72.965,25.01,1.7421,5.4e-05,414.8
19.235,72.97,33.45,0.4026,-8.4e-05,330.4
19.235,72.975,35.4,0.5864,1.2e-05,310.9
19.235,72.98,38.24,0.4253,-6.4e-05,282.5
19.235,72.985,36.18,1.2964,0.000108,303.1
19.235,72.99,42.46,0.0165,-8.3e-05,240.3
19.235,72.995,42.38,0.4356,2.8e-05,241.1
19.235,73.0,44.49,8.0688,-0.000538,220.0
19.24,72.77,5.15,0.8609,0.000457,613.4
19.24,72.775,0.98,0.5347,8.8e-05,655.1
19.24,72.78,3.57,0.5595,-6.9e-05,629.2
19.24,72.785,0.86,0.1776,2.4e-05,656.3
19.24,72.79,0.0,0.446,3.9e-05,664.9
19.24,72.795,2.16,0.5864,9e-06,643.3
19.24,72.8,5.0,0.1714,-2.6e-05,614.9
19.24,72.805,5.83,0.0289,-1.3e-05,606.6
19.24,72.81,5.69,0.1094,9e-06,608.0
19.24,72.815,6.22,0.3014,1.2e-05,602.7
19.24,72.82,7.68,0.0723,-1.4e-05,588.1
19.24,72.825,8.03,0.5864,3.2e-05,584.6
19.24,72.83,10.87,0.7845,1.2e-05,556.2
19.24,72.835,14.67,0.6565,-8e-06,518.2
19.24,72.84,17.85,0.83,-9.3e-05,486.4
19.24,72.845,13.83,0.2581,3.6e-05,526.6
19.24,72.85,12.58,0.7742,6.5e-05,539.1
19.24,72.855,16.33,0.6772,-6e-06,501.6
19.24,72.86,19.61,0.4728,-1.3e-05,468.8
19.24,72.865,21.9,0.4129,-5.6e-05,445.9
19.24,72.87,19.9,0.1507,1.6e-05,465.9
19.24,72.875,19.17,1.0013,-5.4e-05,473.2
19.24,72.88,14.32,0.0145,6.2e-05,521.7
19.24,72.885,14.25,0.0805,-4e-06,522.4
19.24,72.89,13.86,0.5843,4.2e-05,526.3
19.24,72.895,16.69,1.1334,3.5e-05,498.0
19.24,72.9,22.18,0.8857,-1.6e-05,443.1
19.24,72.905,26.47,0.0888,-5e-05,400.2
19.24,72.91,26.9,0.2932,1.3e-05,395.9
19.24,72.915,28.32,0.0516,-1.5e-05,381.7
19.24,72.92,28.57,0.5802,3.3e-05,379.2
19.24,72.925,31.38,0.1239,-2.9e-05,351.1
19.24,72.93,31.98,0.8382,-6.1e-05,345.1
19.24,72.935,27.92,0.7701,0.000101,385.7
19.24,72.94,31.65,0.7433,-9.5e-05,348.4
19.24,72.945,28.05,0.4418,7.5e-05,384.4
19.24,72.95,30.19,0.3138,-4.8e-05,363.0
19.24,72.955,28.67,0.3159,4e-05,378.2
19.24,72.96,30.2,0.1136,-2.7e-05,362.9
19.24,72.965,29.65,0.512,3.9e-05,368.4
19.24,72.97,32.13,0.7907,1.8e-05,343.6
19.24,72.975,35.96,0.0475,-4.7e-05,305.3
19.24,72.98,36.19,0.064,-7e-06,303.0
19.24,72.985,35.88,0.8093,5.5e-05,306.1
19.24,72.99,39.8,0.4005,-2.6e-05,266.9
19.24,72.995,41.74,0.6772,1.7e-05,247.5
19.24,73.0,45.02,9.2151,-0.000627,214.7
19.245,72.77,0.0,0.0,0.000585,664.9
19.245,72.775,0.0,0.1425,9e-06,664.9
19.245,72.78,0.69,1.1932,6.6e-05,658.0
19.245,72.785,6.47,0.6049,-3.7e-05,600.2
19.245,72.79,9.4,0.6937,6e-06,570.9
19.245,72.795,12.76,0.0599,-4e-05,537.3
19.245,72.8,13.05,0.3427,-2.5e-05,534.4
19.245,72.805,11.39,1.1396,-5e-05,551.0
19.245,72.81,5.87,0.3159,5.2e-05,606.2
19.245,72.815,4.34,0.0764,2.5e-05,621.5
19.245,72.82,4.71,0.2808,-2.2e-05,617.8
19.245,72.825,3.35,0.83,7e-05,631.4
19.245,72.83,7.37,1.0033,1.1e-05,591.2
19.245,72.835,12.23,0.5079,-3.1e-05,542.6
19.245,72.84,14.69,0.1032,-2.5e-05,518.0
19.245,72.845,15.19,0.7267,-5.2e-05,513.0
19.245,72.85,11.67,0.192,3.4e-05,548.2
19.245,72.855,10.74,0.128,4e-06,557.5
19.245,72.86,10.12,0.0248,1e-05,563.7
19.245,72.865,10.24,0.9043,5.5e-05,562.5
19.245,72.87,14.62,0.0021,-5.7e-05,518.7
19.245,72.875,14.63,1.0859,6.8e-05,518.6
19.245,72.88,19.89,1.3088,1.4e-05,466.0
19.245,72.885,26.23,0.1982,-7e-05,402.6
19.245,72.89,27.19,0.0785,-1.7e-05,393.0
19.245,72.895,26.81,0.2085,-8e-06,396.8
19.245,72.9,25.8,0.2436,-2e-06,406.9
19.245,72.905,24.62,0.5244,-1.8e-05,418.7
19.245,72.91,22.08,0.6916,-1.1e-05,444.1
19.245,72.915,18.73,0.1198,5.1e-05,477.6
19.245,72.92,19.31,0.3262,-2.8e-05,471.8
19.245,72.925,17.73,0.8527,7.4e-05,487.6
19.245,72.93,21.86,0.9063,3e-06,446.3
19.245,72.935,26.25,1.154,1.6e-05,402.4
19.245,72.94,31.84,1.8328,4.3e-05,346.5
19.245,72.945,40.72,0.2891,-0.000133,257.7
19.245,72.95,39.32,0.0413,2.1e-05,271.7
19.245,72.955,39.52,0.9579,-6.3e-05,269.7
19.245,72.96,34.88,0.1693,7.1e-05,316.1
19.245,72.965,35.7,0.2705,-2.8e-05,307.9
19.245,72.97,34.39,0.0867,2.2e-05,321.0
19.245,72.975,34.81,0.0289,-4e-06,316.8
19.245,72.98,34.95,0.159,8e-06,315.4
19.245,72.985,35.72,0.5306,2.3e-05,307.7
19.245,72.99,38.29,0.4728,-4e-06,282.0
19.245,72.995,40.58,0.2519,-1.4e-05,259.1
19.245,73.0,41.8,8.5661,-0.000559,246.9
19.25,72.77,0.0,0.0,0.000543,664.9
19.25,72.775,0.0,0.2251,1.4e-05,664.9
19.25,72.78,1.09,2.5173,0.000144,654.0
19.25,72.785,13.29,0.4852,-0.000189,532.0
19.25,72.79,10.94,1.5502,0.000128,555.5
19.25,72.795,18.45,0.0289,-9.6e-05,480.4
19.25,72.8,18.59,0.9972,-6.5e-05,479.0
19.25,72.805,13.76,1.024,-2e-06,527.3
19.25,72.81,8.8,1.0694,-3e-06,576.9
19.25,72.815,3.62,0.2457,8.3e-05,628.7
19.25,72.82,4.81,0.6132,2.3e-05,616.8
19.25,72.825,7.78,0.3613,-1.6e-05,587.1
19.25,72.83,9.53,0.1858,-3.4e-05,569.6
19.25,72.835,8.63,0.6297,5.1e-05,578.6
19.25,72.84,11.68,0.3531,-1.7e-05,548.1
19.25,72.845,13.39,1.5935,-0.000122,531.0
19.25,72.85,5.67,0.1012,0.000107,608.2
19.25,72.855,6.16,0.0165,-7e-06,603.3
19.25,72.86,6.08,0.2292,1.5e-05,604.1
19.25,72.865,7.19,1.3521,7.1e-05,593.0
19.25,72.87,13.74,0.5905,-4.8e-05,527.5
19.25,72.875,16.6,1.9875,8.8e-05,498.9
19.25,72.88,26.23,2.2473,1.6e-05,402.6
19.25,72.885,37.12,0.1115,-0.000148,293.7
19.25,72.89,36.58,0.9559,6.7e-05,299.1
19.25,72.895,41.21,1.1994,-0.000136,252.8
19.25,72.9,35.4,1.6245,-2.7e-05,310.9
19.25,72.905,27.53,2.4431,-5.2e-05,389.6
19.25,72.91,15.69,1.1767,8e-05,508.0
19.25,72.915,9.99,1.4429,-1.7e-05,565.0
19.25,72.92,3.0,0.6276,0.00013,634.9
19.25,72.925,6.04,1.4904,5.4e-05,604.5
19.25,72.93,13.26,1.5626,5e-06,532.3
19.25,72.935,20.83,2.5482,6.2e-05,456.6
19.25,72.94,33.18,1.1581,-8.8e-05,333.1
19.25,72.945,38.79,1.577,2.6e-05,277.0
19.25,72.95,46.43,0.768,-5.1e-05,200.6
19.25,72.955,50.15,1.7668,-0.000159,163.4
19.25,72.96,41.59,0.3758,8.8e-05,249.0
19.25,72.965,39.77,1.5131,-7.2e-05,267.2
19.25,72.97,32.44,0.1982,8.3e-05,340.5
19.25,72.975,31.48,0.5719,4.8e-05,350.1
19.25,72.98,34.25,0.1528,-4.6e-05,322.4
19.25,72.985,33.51,0.9497,6.9e-05,329.8
19.25,72.99,38.11,0.1838,-4.8e-05,283.8
19.25,72.995,39.0,0.1445,-2.1e-05,274.9
19.25,73.0,38.3,7.8582,-0.000488,281.9
19.255,72.77,0.0,0.0,0.000497,664.9
19.255,72.775,0.0,0.0,0.0,664.9
19.255,72.78,0.0,0.8878,5.6e-05,664.9
19.255,72.785,4.3,2.0824,7.5e-05,621.9
19.255,72.79,14.39,0.351,-0.000109,521.0
19.255,72.795,16.09,0.8423,3.1e-05,504.0
19.255,72.8,20.17,0.0083,-5.2e-05,463.2
19.255,72.805,20.21,1.1272,-7.1e-05,462.8
19.255,72.81,14.75,0.7969,2.1e-05,517.4
19.255,72.815,10.89,0.2085,6.3e-05,556.0
19.255,72.82,11.9,0.576,-4.9e-05,545.9
19.255,72.825,9.11,0.9001,-2e-05,573.8
19.255,72.83,4.75,0.5244,9e-05,617.4
19.255,72.835,7.29,0.0475,-3e-05,592.0
19.255,72.84,7.52,0.4666,-3.2e-05,589.7
19.255,72.845,5.26,0.3758,6e-06,612.3
19.255,72.85,3.44,0.2519,3.9e-05,630.5
19.255,72.855,4.66,0.1796,-5e-06,618.3
19.255,72.86,5.53,0.0599,-8e-06,609.6
19.255,72.865,5.82,1.8803,0.000115,606.7
19.255,72.87,14.93,1.7049,-1.1e-05,515.6
19.255,72.875,23.19,2.5936,5.6e-05,433.0
19.255,72.88,35.76,0.7639,-0.000115,307.3
19.255,72.885,39.46,0.5946,-1.1e-05,270.3
19.255,72.89,42.34,0.3613,-1.5e-05,241.5
19.255,72.895,44.09,1.6843,-0.000129,224.0
19.255,72.9,35.93,1.2861,2.5e-05,305.6
19.255,72.905,29.7,3.4419,-0.000136,367.9
19.255,72.91,13.01,1.6637,0.000112,534.8
19.255,72.915,4.95,0.2416,8.9e-05,615.4
19.255,72.92,3.78,0.7742,-3.4e-05,627.1
19.255,72.925,0.03,2.3751,0.000198,664.6
19.255,72.93,11.54,1.0199,-8.5e-05,549.5
19.255,72.935,16.48,3.0817,0.00013,500.1
19.255,72.94,31.42,1.0694,-0.000127,350.7
19.255,72.945,36.6,2.2123,7.2e-05,298.9
19.255,72.95,47.32,0.0206,-0.000138,191.7
19.255,72.955,47.42,1.1912,7.4e-05,190.7
19.255,72.96,53.19,1.936,-0.000197,133.0
19.255,72.965,43.81,0.7969,7.2e-05,226.8
19.255,72.97,39.95,0.2416,3.5e-05,265.4
19.255,72.975,38.78,1.0157,-4.9e-05,277.1
19.255,72.98,33.86,0.2622,8e-05,326.3
19.255,72.985,35.13,0.6937,-6e-05,313.6
19.255,72.99,31.77,0.1301,3.5e-05,347.2
19.255,72.995,31.14,0.1321,1.6e-05,353.5
19.255,73.0,31.78,6.5332,-0.000421,347.1
19.26,72.77,0.0,0.0,0.000413,664.9
19.26,72.775,0.0,0.0,0.0,664.9
19.26,72.78,0.0,0.6442,4.1e-05,664.9
19.26,72.785,3.12,1.9215,8e-05,633.7
19.26,72.79,12.43,0.4707,-9.1e-05,540.6
19.26,72.795,14.71,1.5874,7e-05,517.8
19.26,72.8,22.4,0.4563,-7.1e-05,440.9
19.26,72.805,24.61,0.4604,0.0,418.8
19.26,72.81,26.84,1.5482,-0.000126,396.5
19.26,72.815,19.34,1.7276,-1.1e-05,471.5
19.26,72.82,10.97,0.6153,7e-05,555.2
19.26,72.825,7.99,0.9745,-2.3e-05,585.0
19.26,72.83,3.27,0.6751,1.9e-05,632.2
19.26,72.835,0.0,0.0,4.2e-05,664.9
19.26,72.84,0.0,0.0,0.0,664.9
19.26,72.845,0.0,0.0,0.0,664.9
19.26,72.85,0.0,0.0,0.0,664.9
19.26,72.855,0.0,1.8741,0.000118,664.9
19.26,72.86,9.08,0.8196,-6.6e-05,574.1
19.26,72.865,13.05,1.6637,5.3e-05,534.4
19.26,72.87,21.11,2.1092,2.8e-05,453.8
19.26,72.875,31.33,0.7433,-8.6e-05,351.6
19.26,72.88,34.93,1.4656,4.5e-05,315.6
19.26,72.885,42.03,0.3489,-0.000114,244.6
19.26,72.89,40.34,0.7144,-2.3e-05,261.5
19.26,72.895,36.88,1.0921,-2.4e-05,296.1
19.26,72.9,31.59,2.0968,-6.3e-05,349.0
19.26,72.905,21.43,1.3459,4.7e-05,450.6
19.26,72.91,14.91,1.1747,1.1e-05,515.8
19.26,72.915,9.22,1.8617,-4.3e-05,572.7
19.26,72.92,0.2,1.4305,0.000207,662.9
19.26,72.925,7.13,0.7226,-4.5e-05,593.6
19.26,72.93,10.63,0.3902,-2.1e-05,558.6
19.26,72.935,12.52,1.8184,9e-05,539.7
19.26,72.94,21.33,3.127,8.2e-05,451.6
19.26,72.945,36.49,1.674,-9.2e-05,300.0
19.26,72.95,44.6,1.1685,-3.2e-05,218.9
19.26,72.955,50.26,0.2251,-8.8e-05,162.3
19.26,72.96,49.17,1.348,9.9e-05,173.2
19.26,72.965,55.7,1.5956,-0.000185,107.9
19.26,72.97,47.97,0.4996,6.9e-05,185.2
19.26,72.975,45.55,1.1107,-3.8e-05,209.4
19.26,72.98,40.17,0.5967,3.2e-05,263.2
19.26,72.985,37.28,1.6348,-6.5e-05,292.1
19.26,72.99,29.36,0.6565,6.2e-05,371.3
19.26,72.995,26.18,0.6235,2e-06,403.1
19.26,73.0,23.16,4.7708,-0.000262,433.3
19.265,72.77,0.0,0.0,0.000301,664.9
19.265,72.775,0.0,0.0,0.0,664.9
19.265,72.78,0.0,0.0,0.0,664.9
19.265,72.785,0.0,0.9228,5.8e-05,664.9
19.265,72.79,4.47,1.707,4.9e-05,620.2
19.265,72.795,12.74,1.6637,-3e-06,537.5
19.265,72.8,20.8,0.7515,-5.7e-05,456.9
19.265,72.805,24.44,1.3852,4e-05,420.5
19.265,72.81,31.15,0.5698,-0.000123,353.4
19.265,72.815,28.39,1.8432,-8e-05,381.0
19.265,72.82,19.46,0.4088,9e-05,470.3
19.265,72.825,17.48,2.8984,-0.000157,490.1
19.265,72.83,3.43,0.7082,0.000138,630.6
19.265,72.835,0.0,0.0,4.5e-05,664.9
19.265,72.84,0.0,0.0,0.0,664.9
19.265,72.845,0.0,0.0,0.0,664.9
19.265,72.85,0.0,0.5347,3.4e-05,664.9
19.265,72.855,2.59,1.8762,8.4e-05,639.0
19.265,72.86,11.68,2.0143,9e-06,548.1
19.265,72.865,21.44,2.0865,5e-06,450.5
19.265,72.87,31.55,0.6215,-9.2e-05,349.4
19.265,72.875,34.56,0.8382,1.4e-05,319.3
19.265,72.88,38.62,0.5822,-8.9e-05,278.7
19.265,72.885,35.8,0.2932,1.8e-05,306.9
19.265,72.89,34.38,0.607,-2e-05,321.1
19.265,72.895,31.44,2.4163,-0.000114,350.5
19.265,72.9,19.73,0.095,0.000158,467.6
19.265,72.905,20.19,0.4749,-3.6e-05,463.0
19.265,72.91,17.89,0.7309,-1.6e-05,486.0
19.265,72.915,14.35,0.5802,9e-06,521.4
19.265,72.92,11.54,0.2663,5.3e-05,549.5
19.265,72.925,12.83,0.3613,-3.9e-05,536.6
19.265,72.93,11.08,0.382,4.7e-05,554.1
19.265,72.935,12.93,2.0514,0.000105,535.6
19.265,72.94,22.87,1.4202,-4e-05,436.2
19.265,72.945,29.75,1.0694,-2.2e-05,367.4
19.265,72.95,34.93,1.9813,5.7e-05,315.6
19.265,72.955,44.53,1.8349,-9e-06,219.6
19.265,72.96,53.42,0.5162,-8.3e-05,130.7
19.265,72.965,55.92,0.2271,-1.8e-05,105.7
19.265,72.97,57.02,0.8589,-6.8e-05,94.7
19.265,72.975,52.86,1.872,-6.4e-05,136.3
19.265,72.98,43.79,1.5812,1.8e-05,227.0
19.265,72.985,36.13,2.4844,-5.7e-05,303.6
19.265,72.99,24.09,0.83,0.000104,424.0
19.265,72.995,20.07,0.7783,3e-06,464.2
19.265,73.0,16.3,0.0,0.0,501.9
