{"type":"FeatureCollection","features":[{"type":"Feature","geometry":{"type":"LineString","coordinates":[[72.821427,19.151789],[72.817452,19.148185]]},"properties":{"road_id":"R0000","road_type":"primary","road_width":22,"name":"Primary Road 0","ward":"Ward_14","water_depth":47.4,"risk":"Red","risk_label":"Critical","timestamp":"2026-09-10T07:34:50.327251Z"}},{"type":"Feature","geometry":{"type":"LineString","coordinates":[[72.818859,18.905604],[72.819471,18.906624]]},"properties":{"road_id":"R0001","road_type":"primary","road_width":21,"name":"Primary Road 1","ward":"Ward_8","water_depth":49.2,"risk":"Red","risk_label":"Critical","timestamp":"2026-09-10T07:34:50.327251Z"}},{"type":"Feature","geometry":{"type":"LineString","coordinates":[[72.771365,19.177584],[72.773346,19.180642],[72.77,19.179044],[72.77,19.183616]]},"properties":{"road_id":"R0002","road_type":"residential","road_width":5,"name":"Residential Road 2","ward":"Ward_20","water_depth":51.2,"risk":"Red","risk_label":"Critical","timestamp":"2026-09-10T07:34:50.327251Z"}},{"type":"Feature","geometry":{"type":"LineString","coordinates":[[72.882608,19.147298],[72.881393,19.152029]]},"properties":{"road_id":"R0003","road_type":"tertiary","road_width":10,"name":"Tertiary Road 3","ward":"Ward_12","water_depth":45.6,"risk":"Red","risk_label":"Critical","timestamp":"2026-09-10T07:34:50.327251Z"}},{"type":"Feature","geometry":{"type":"LineString","coordinates":[[72.817859,18.887413],[72.813657,18.885307]]},"properties":{"road_id":"R0004","road_type":"secondary","road_width":12,"name":"Secondary Road 4","ward":"Ward_15","water_depth":45.4,"risk":"Red","risk_label":"Critical","timestamp":"2026-09-10T07:34:50.327251Z"}},{"type":"Feature","geometry":{"type":"LineString","coordinates":[[72.813996,19.010669],[72.818363,19.008339],[72.819454,19.009819]]},"properties":{"road_id":"R0005","road_type":"tertiary","road_width":7,"name":"Tertiary Road 5","ward":"Ward_15","water_depth":45.5,"risk":"Red","risk_label":"Critical","timestamp":"2026-09-10T07:34:50.327251Z"}},{"type":"Feature","geometry":{"type":"LineString","coordinates":[[72.9044,19.246019],[72.906246,19.246588],[72.909006,19.250017],[72.904327,19.247307]]},"properties":{"road_id":"R0006","road_type":"residential","road_width":4,"name":"Residential Road 6","ward":"Ward_19","water_depth":37.3,"risk":"Red","risk_label":"Critical","timestamp":"2026-09-10T07:34:50.327251Z"}},{"type":"Feature","geometry":{"type":"LineString","coordinates":[[72.853083,19.119067],[72.852671,19.123212],[72.850137,19.120861]]},"properties":{"road_id":"R0007","road_type":"tertiary","road_width":10,"name":"Tertiary Road 7","ward":"Ward_14","water_depth":37.5,"risk":"Red","risk_label":"Critical","timestamp":"2026-09-10T07:34:50.327251Z"}},{"type":"Feature","geometry":{"type":"LineString","coordinates":[[72.979483,18.953342],[72.975392,18.953437],[72.971488,18.948908],[72.974409,18.950183]]},"properties":{"road_id":"R0008","road_type":"residential","road_width":6,"name":"Residential Road 8","ward":"Ward_20","water_depth":25.2,"risk":"Orange","risk_label":"Warning","timestamp":"2026-09-10T07:34:50.327251Z"}},{"type":"Feature","geometry":{"type":"LineString","coordinates":[[72.950764,19.23901],[72.952971,19.234125],[72.953341,19.235942],[72.95475,19.23361]]},"properties":{"road_id":"R0009","road_type":"residential","road_width":6,"name":"Residential Road 9","ward":"Ward_1","water_depth":41.2,"risk":"Red","risk_label":"Critical","timestamp":"2026-09-10T07:34:50.327251Z"}},{"type":"Feature","geometry":{"type":"LineString","coordinates":[[72.792346,19.062919],[72.795763,19.064172],[72.792752,19.064249]]},"properties":{"road_id":"R0010","road_type":"tertiary","road_width":10,"name":"Tertiary Road 10","ward":"Ward_1","water_depth":52.6,"risk":"Red","risk_label":"Critical","timestamp":"2026-09-10T07:34:50.327251Z"}},{"type":"Feature","geometry":{"type":"LineString","coordinates":[[72.965111,18.877401],[72.968427,18.881188],[72.964007,18.879264],[72.968476,18.883044],[72.968336,18.8789]]},"properties":{"road_id":"R0011","road_type":"tertiary","road_width":7,"name":"Tertiary Road 11","ward":"Ward_5","water_depth":23.7,"risk":"Orange","risk_label":"Warning","timestamp":"2026-09-10T07:34:50.327251Z"}},{"type":"Feature","geometry":{"type":"LineString","coordinates":[[72.953211,18.970722],[72.950329,18.969953],[72.952628,18.970346]]},"properties":{"road_id":"R0012","road_type":"residential","road_width":5,"name":"Residential Road 12","ward":"Ward_15","water_depth":29.5,"risk":"Orange","risk_label":"Warning","timestamp":"2026-09-10T07:34:50.327251Z"}},{"type":"Feature","geometry":{"type":"LineString","coordinates":[[72.783445,18.964204],[72.783985,18.959414]]},"properties":{"road_id":"R0013","road_type":"residential","road_width":3,"name":"Residential Road 13","ward":"Ward_8","water_depth":42.7,"risk":"Red","risk_label":"Critical","timestamp":"2026-09-10T07:34:50.327251Z"}},{"type":"Feature","geometry":{"type":"LineString","coordinates":[[72.78488,19.196661],[72.78657,19.194041]]},"properties":{"road_id":"R0014","road_type":"primary","road_width":22,"name":"Primary Road 14","ward":"Ward_19","water_depth":52.8,"risk":"Red","risk_label":"Critical","timestamp":"2026-09-10T07:34:50.327251Z"}},{"type":"Feature","geometry":{"type":"LineString","coordinates":[[72.939574,19.168155],[72.935544,19.165059],[72.934779,19.16437]]},"properties":{"road_id":"R0015","road_type":"residential","road_width":3,"name":"Residential Road 15","ward":"Ward_2","water_depth":28.8,"risk":"Orange","risk_label":"Warning","timestamp":"2026-09-10T07:34:50.327251Z"}},{"type":"Feature","geometry":{"type":"LineString","coordinates":[[72.792946,19.174225],[72.793309,19.171141],[72.790144,19.167543],[72.793889,19.167169]]},"properties":{"road_id":"R0016","road_type":"residential","road_width":7,"name":"Residential Road 16","ward":"Ward_4","water_depth":40.7,"risk":"Red","risk_label":"Critical","timestamp":"2026-09-10T07:34:50.327251Z"}},{"type":"Feature","geometry":{"type":"LineString","coordinates":[[72.964537,19.238219],[72.9612,19.241706]]},"properties":{"road_id":"R0017","road_type":"primary","road_width":21,"name":"Primary Road 17","ward":"Ward_2","water_depth":35.9,"risk":"Red","risk_label":"Critical","timestamp":"2026-09-10T07:34:50.327251Z"}},{"type":"Feature","geometry":{"type":"LineString","coordinates":[[72.851989,18.870819],[72.85484,18.875084],[72.856806,18.872937],[72.859639,18.875242],[72.859506,18.87686]]},"properties":{"road_id":"R0018","road_type":"secondary","road_width":10,"name":"Secondary Road 18","ward":"Ward_19","water_depth":52.1,"risk":"Red","risk_label":"Critical","timestamp":"2026-09-10T07:34:50.327251Z"}},{"type":"Feature","geometry":{"type":"LineString","coordinates":[[72.892677,18.891723],[72.896204,18.891751],[72.900812,18.888326],[72.897671,18.884127]]},"properties":{"road_id":"R0019","road_type":"primary","road_width":19,"name":"Primary Road 19","ward":"Ward_13","water_depth":40.0,"risk":"Red","risk_label":"Critical","timestamp":"2026-09-10T07:34:50.327251Z"}},{"type":"Feature","geometry":{"type":"LineString","coordinates":[[72.778346,19.089989],[72.779919,19.085809],[72.778083,19.086461]]},"properties":{"road_id":"R0020","road_type":"primary","road_width":20,"name":"Primary Road 20","ward":"Ward_8","water_depth":51.1,"risk":"Red","risk_label":"Critical","timestamp":"2026-09-10T07:34:50.327251Z"}},{"type":"Feature","geometry":{"type":"LineString","coordinates":[[72.905555,18.919734],[72.909845,18.919306],[72.904939,18.923663],[72.905568,18.924875],[72.905945,18.920875]]},"properties":{"road_id":"R0021","road_type":"tertiary","road_width":8,"name":"Tertiary Road 21","ward":"Ward_3","water_depth":32.9,"risk":"Red","risk_label":"Critical","timestamp":"2026-09-10T07:34:50.327251Z"}},{"type":"Feature","geometry":{"type":"LineString","coordinates":[[72.862019,18.978295],[72.860044,18.978727],[72.863115,18.983566],[72.864794,18.983855]]},"properties":{"road_id":"R0022","road_type":"secondary","road_width":10,"name":"Secondary Road 22","ward":"Ward_5","water_depth":32.6,"risk":"Red","risk_label":"Critical","timestamp":"2026-09-10T07:34:50.327251Z"}},{"type":"Feature","geometry":{"type":"LineString","coordinates":[[72.925908,19.208091],[72.923725,19.204645]]},"properties":{"road_id":"R0023","road_type":"tertiary","road_width":8,"name":"Tertiary Road 23","ward":"Ward_17","water_depth":38.6,"risk":"Red","risk_label":"Critical","timestamp":"2026-09-10T07:34:50.327251Z"}},{"type":"Feature","geometry":{"type":"LineString","coordinates":[[72.947682,19.214028],[72.946918,19.209951],[72.941953,19.207718],[72.943324,19.210429]]},"properties":{"road_id":"R0024","road_type":"residential","road_width":7,"name":"Residential Road 24","ward":"Ward_23","water_depth":25.1,"risk":"Orange","risk_label":"Warning","timestamp":"2026-09-10T07:34:50.327251Z"}},{"type":"Feature","geometry":{"type":"LineString","coordinates":[[72.968461,18.912512],[72.964951,18.914422]]},"properties":{"road_id":"R0025","road_type":"residential","road_width":7,"name":"Residential Road 25","ward":"Ward_5","water_depth":44.0,"risk":"Red","risk_label":"Critical","timestamp":"2026-09-10T07:34:50.327251Z"}},{"type":"Feature","geometry":{"type":"LineString","coordinates":[[72.846577,18.885895],[72.851299,18.890226],[72.849877,18.885625]]},"properties":{"road_id":"R0026","road_type":"residential","road_width":5,"name":"Residential Road 26","ward":"Ward_18","water_depth":40.6,"risk":"Red","risk_label":"Critical","timestamp":"2026-09-10T07:34:50.327251Z"}},{"type":"Feature","geometry":{"type":"LineString","coordinates":[[72.819715,19.22179],[72.822714,19.218415],[72.821837,19.215186]]},"properties":{"road_id":"R0027","road_type":"residential","road_width":6,"name":"Residential Road 27","ward":"Ward_22","water_depth":41.2,"risk":"Red","risk_label":"Critical","timestamp":"2026-09-10T07:34:50.327251Z"}},{"type":"Feature","geometry":{"type":"LineString","coordinates":[[72.917268,18.930495],[72.912656,18.929321],[72.909651,18.929027],[72.908148,18.933212]]},"properties":{"road_id":"R0028","road_type":"secondary","road_width":11,"name":"Secondary Road 28","ward":"Ward_1","water_depth":37.0,"risk":"Red","risk_label":"Critical","timestamp":"2026-09-10T07:34:50.327251Z"}},{"type":"Feature","geometry":{"type":"LineString","coordinates":[[72.951514,18.99474],[72.949305,18.999408],[72.948302,19.000823],[72.948664,19.005635],[72.944818,19.010027]]},"properties":{"road_id":"R0029","road_type":"secondary","road_width":12,"name":"Secondary Road 29","ward":"Ward_2","water_depth":26.3,"risk":"Orange","risk_label":"Warning","timestamp":"2026-09-10T07:34:50.327251Z"}},{"type":"Feature","geometry":{"type":"LineString","coordinates":[[72.93515,19.001361],[72.939992,19.000725],[72.943987,18.996881],[72.939431,18.993782],[72.93963,18.993143]]},"properties":{"road_id":"R0030","road_type":"primary","road_width":19,"name":"Primary Road 30","ward":"Ward_12","water_depth":25.9,"risk":"Orange","risk_label":"Warning","timestamp":"2026-09-10T07:34:50.327251Z"}},{"type":"Feature","geometry":{"type":"LineString","coordinates":[[72.963362,19.230572],[72.964996,19.231804]]},"properties":{"road_id":"R0031","road_type":"residential","road_width":7,"name":"Residential Road 31","ward":"Ward_10","water_depth":33.5,"risk":"Red","risk_label":"Critical","timestamp":"2026-09-10T07:34:50.327251Z"}},{"type":"Feature","geometry":{"type":"LineString","coordinates":[[72.832088,19.022912],[72.831292,19.019185],[72.833065,19.023589],[72.83422,19.027617]]},"properties":{"road_id":"R0032","road_type":"residential","road_width":3,"name":"Residential Road 32","ward":"Ward_10","water_depth":51.3,"risk":"Red","risk_label":"Critical","timestamp":"2026-09-10T07:34:50.327251Z"}},{"type":"Feature","geometry":{"type":"LineString","coordinates":[[72.891797,19.033357],[72.891447,19.034905],[72.888584,19.034326]]},"properties":{"road_id":"R0033","road_type":"tertiary","road_width":7,"name":"Tertiary Road 33","ward":"Ward_22","water_depth":26.0,"risk":"Orange","risk_label":"Warning","timestamp":"2026-09-10T07:34:50.327251Z"}},{"type":"Feature","geometry":{"type":"LineString","coordinates":[[72.902918,19.065872],[72.906102,19.064224],[72.90783,19.066735],[72.904821,19.063981]]},"properties":{"road_id":"R0034","road_type":"primary","road_width":21,"name":"Primary Road 34","ward":"Ward_20","water_depth":24.8,"risk":"Orange","risk_label":"Warning","timestamp":"2026-09-10T07:34:50.327251Z"}},{"type":"Feature","geometry":{"type":"LineString","coordinates":[[72.902251,19.027488],[72.904214,19.024432],[72.901654,19.024376],[72.89671,19.025936],[72.89941,19.028446]]},"properties":{"road_id":"R0035","road_type":"primary","road_width":19,"name":"Primary Road 35","ward":"Ward_23","water_depth":32.6,"risk":"Red","risk_label":"Critical","timestamp":"2026-09-10T07:34:50.327251Z"}},{"type":"Feature","geometry":{"type":"LineString","coordinates":[[72.962669,19.081814],[72.959002,19.078028]]},"properties":{"road_id":"R0036","road_type":"residential","road_width":7,"name":"Residential Road 36","ward":"Ward_20","water_depth":28.5,"risk":"Orange","risk_label":"Warning","timestamp":"2026-09-10T07:34:50.327251Z"}},{"type":"Feature","geometry":{"type":"LineString","coordinates":[[72.921048,19.102808],[72.924353,19.102856],[72.928325,19.103334],[72.928072,19.105771],[72.925544,19.103363]]},"properties":{"road_id":"R0037","road_type":"tertiary","road_width":10,"name":"Tertiary Road 37","ward":"Ward_16","water_depth":44.7,"risk":"Red","risk_label":"Critical","timestamp":"2026-09-10T07:34:50.327251Z"}},{"type":"Feature","geometry":{"type":"LineString","coordinates":[[72.919844,19.037152],[72.918203,19.034497],[72.914009,19.038427],[72.912839,19.034935]]},"properties":{"road_id":"R0038","road_type":"secondary","road_width":13,"name":"Secondary Road 38","ward":"Ward_14","water_depth":45.6,"risk":"Red","risk_label":"Critical","timestamp":"2026-09-10T07:34:50.327251Z"}},{"type":"Feature","geometry":{"type":"LineString","coordinates":[[72.813435,19.027994],[72.817484,19.027196],[72.819439,19.028036],[72.822095,19.031604],[72.817154,19.030408]]},"properties":{"road_id":"R0039","road_type":"tertiary","road_width":9,"name":"Tertiary Road 39","ward":"Ward_18","water_depth":39.3,"risk":"Red","risk_label":"Critical","timestamp":"2026-09-10T07:34:50.327251Z"}},{"type":"Feature","geometry":{"type":"LineString","coordinates":[[72.861526,18.95338],[72.859887,18.94867],[72.85893,18.950462],[72.858604,18.947112],[72.859826,18.943389]]},"properties":{"road_id":"R0040","road_type":"secondary","road_width":14,"name":"Secondary Road 40","ward":"Ward_22","water_depth":45.9,"risk":"Red","risk_label":"Critical","timestamp":"2026-09-10T07:34:50.327251Z"}},{"type":"Feature","geometry":{"type":"LineString","coordinates":[[72.798497,19.114245],[72.794,19.113862]]},"properties":{"road_id":"R0041","road_type":"primary","road_width":20,"name":"Primary Road 41","ward":"Ward_11","water_depth":43.4,"risk":"Red","risk_label":"Critical","timestamp":"2026-09-10T07:34:50.327251Z"}},{"type":"Feature","geometry":{"type":"LineString","coordinates":[[72.944704,19.155764],[72.940523,19.153286],[72.940917,19.14848],[72.939417,19.153479]]},"properties":{"road_id":"R0042","road_type":"residential","road_width":3,"name":"Residential Road 42","ward":"Ward_1","water_depth":27.0,"risk":"Orange","risk_label":"Warning","timestamp":"2026-09-10T07:34:50.327251Z"}},{"type":"Feature","geometry":{"type":"LineString","coordinates":[[72.90048,19.188907],[72.900216,19.186292],[72.904694,19.182436]]},"properties":{"road_id":"R0043","road_type":"secondary","road_width":12,"name":"Secondary Road 43","ward":"Ward_6","water_depth":41.9,"risk":"Red","risk_label":"Critical","timestamp":"2026-09-10T07:34:50.327251Z"}},{"type":"Feature","geometry":{"type":"LineString","coordinates":[[72.792701,19.236594],[72.79082,19.231851],[72.795402,19.233624]]},"properties":{"road_id":"R0044","road_type":"primary","road_width":18,"name":"Primary Road 44","ward":"Ward_19","water_depth":53.1,"risk":"Red","risk_label":"Critical","timestamp":"2026-09-10T07:34:50.327251Z"}},{"type":"Feature","geometry":{"type":"LineString","coordinates":[[72.833332,19.134933],[72.836388,19.136776]]},"properties":{"road_id":"R0045","road_type":"secondary","road_width":10,"name":"Secondary Road 45","ward":"Ward_12","water_depth":35.7,"risk":"Red","risk_label":"Critical","timestamp":"2026-09-10T07:34:50.327251Z"}},{"type":"Feature","geometry":{"type":"LineString","coordinates":[[72.905984,18.896204],[72.905185,18.89133],[72.90452,18.891232],[72.908436,18.889854]]},"properties":{"road_id":"R0046","road_type":"residential","road_width":4,"name":"Residential Road 46","ward":"Ward_24","water_depth":31.6,"risk":"Red","risk_label":"Critical","timestamp":"2026-09-10T07:34:50.327251Z"}},{"type":"Feature","geometry":{"type":"LineString","coordinates":[[72.943404,19.046652],[72.941627,19.047577],[72.945974,19.045032],[72.945482,19.042821],[72.94618,19.045326]]},"properties":{"road_id":"R0047","road_type":"tertiary","road_width":9,"name":"Tertiary Road 47","ward":"Ward_11","water_depth":27.8,"risk":"Orange","risk_label":"Warning","timestamp":"2026-09-10T07:34:50.327251Z"}},{"type":"Feature","geometry":{"type":"LineString","coordinates":[[72.937545,18.950606],[72.941348,18.949009],[72.939111,18.951021],[72.943591,18.946122],[72.945792,18.941978]]},"properties":{"road_id":"R0048","road_type":"secondary","road_width":13,"name":"Secondary Road 48","ward":"Ward_21","water_depth":32.5,"risk":"Red","risk_label":"Critical","timestamp":"2026-09-10T07:34:50.327251Z"}},{"type":"Feature","geometry":{"type":"LineString","coordinates":[[72.789541,19.171314],[72.791459,19.16853],[72.792275,19.166593],[72.792584,19.166325],[72.795043,19.16558]]},"properties":{"road_id":"R0049","road_type":"residential","road_width":5,"name":"Residential Road 49","ward":"Ward_10","water_depth":38.8,"risk":"Red","risk_label":"Critical","timestamp":"2026-09-10T07:34:50.327251Z"}},{"type":"Feature","geometry":{"type":"LineString","coordinates":[[72.810443,18.915849],[72.810801,18.912045],[72.807653,18.914667]]},"properties":{"road_id":"R0050","road_type":"tertiary","road_width":10,"name":"Tertiary Road 50","ward":"Ward_17","water_depth":52.6,"risk":"Red","risk_label":"Critical","timestamp":"2026-09-10T07:34:50.327251Z"}},{"type":"Feature","geometry":{"type":"LineString","coordinates":[[72.832212,19.186399],[72.830234,19.185008]]},"properties":{"road_id":"R0051","road_type":"tertiary","road_width":6,"name":"Tertiary Road 51","ward":"Ward_2","water_depth":50.7,"risk":"Red","risk_label":"Critical","timestamp":"2026-09-10T07:34:50.327251Z"}},{"type":"Feature","geometry":{"type":"LineString","coordinates":[[72.928086,19.11239],[72.923209,19.108416],[72.922996,19.10626]]},"properties":{"road_id":"R0052","road_type":"tertiary","road_width":8,"name":"Tertiary Road 52","ward":"Ward_16","water_depth":45.9,"risk":"Red","risk_label":"Critical","timestamp":"2026-09-10T07:34:50.327251Z"}},{"type":"Feature","geometry":{"type":"LineString","coordinates":[[72.785557,19.022269],[72.781093,19.023563]]},"properties":{"road_id":"R0053","road_type":"primary","road_width":20,"name":"Primary Road 53","ward":"Ward_3","water_depth":53.1,"risk":"Red","risk_label":"Critical","timestamp":"2026-09-10T07:34:50.327251Z"}},{"type":"Feature","geometry":{"type":"LineString","coordinates":[[72.857397,19.082068],[72.858581,19.083029]]},"properties":{"road_id":"R0054","road_type":"secondary","road_width":13,"name":"Secondary Road 54","ward":"Ward_10","water_depth":45.0,"risk":"Red","risk_label":"Critical","timestamp":"2026-09-10T07:34:50.327251Z"}},{"type":"Feature","geometry":{"type":"LineString","coordinates":[[72.782648,19.086079],[72.778641,19.09068],[72.779896,19.093308],[72.775708,19.090954]]},"properties":{"road_id":"R0055","road_type":"residential","road_width":4,"name":"Residential Road 55","ward":"Ward_1","water_depth":47.7,"risk":"Red","risk_label":"Critical","timestamp":"2026-09-10T07:34:50.327251Z"}},{"type":"Feature","geometry":{"type":"LineString","coordinates":[[72.868682,19.131961],[72.866563,19.127287],[72.870159,19.125115],[72.867493,19.120826],[72.870405,19.118472]]},"properties":{"road_id":"R0056","road_type":"residential","road_width":4,"name":"Residential Road 56","ward":"Ward_14","water_depth":41.3,"risk":"Red","risk_label":"Critical","timestamp":"2026-09-10T07:34:50.327251Z"}},{"type":"Feature","geometry":{"type":"LineString","coordinates":[[72.960766,19.116101],[72.956481,19.119368],[72.954557,19.116027]]},"properties":{"road_id":"R0057","road_type":"primary","road_width":20,"name":"Primary Road 57","ward":"Ward_15","water_depth":30.7,"risk":"Red","risk_label":"Critical","timestamp":"2026-09-10T07:34:50.327251Z"}},{"type":"Feature","geometry":{"type":"LineString","coordinates":[[72.916944,19.131698],[72.916949,19.136124],[72.912753,19.136062],[72.912074,19.131461],[72.909577,19.129684]]},"properties":{"road_id":"R0058","road_type":"primary","road_width":22,"name":"Primary Road 58","ward":"Ward_19","water_depth":29.5,"risk":"Orange","risk_label":"Warning","timestamp":"2026-09-10T07:34:50.327251Z"}},{"type":"Feature","geometry":{"type":"LineString","coordinates":[[72.930253,19.088974],[72.930443,19.085726],[72.928224,19.085148],[72.927583,19.090118]]},"properties":{"road_id":"R0059","road_type":"primary","road_width":21,"name":"Primary Road 59","ward":"Ward_12","water_depth":22.4,"risk":"Orange","risk_label":"Warning","timestamp":"2026-09-10T07:34:50.327251Z"}},{"type":"Feature","geometry":{"type":"LineString","coordinates":[[72.791966,18.992002],[72.791082,18.98861],[72.792708,18.988565],[72.795313,18.98757]]},"properties":{"road_id":"R0060","road_type":"residential","road_width":5,"name":"Residential Road 60","ward":"Ward_11","water_depth":51.2,"risk":"Red","risk_label":"Critical","timestamp":"2026-09-10T07:34:50.327251Z"}},{"type":"Feature","geometry":{"type":"LineString","coordinates":[[72.943235,19.198666],[72.946928,19.193678],[72.94247,19.193297],[72.943697,19.193482],[72.943117,19.193467]]},"properties":{"road_id":"R0061","road_type":"primary","road_width":19,"name":"Primary Road 61","ward":"Ward_10","water_depth":39.8,"risk":"Red","risk_label":"Critical","timestamp":"2026-09-10T07:34:50.327251Z"}},{"type":"Feature","geometry":{"type":"LineString","coordinates":[[72.974361,18.916142],[72.971754,18.917231],[72.972262,18.913814],[72.968194,18.914337],[72.972324,18.919259]]},"properties":{"road_id":"R0062","road_type":"residential","road_width":4,"name":"Residential Road 62","ward":"Ward_16","water_depth":43.0,"risk":"Red","risk_label":"Critical","timestamp":"2026-09-10T07:34:50.327251Z"}},{"type":"Feature","geometry":{"type":"LineString","coordinates":[[72.871325,19.027886],[72.870893,19.027609],[72.867799,19.024055],[72.870262,19.025049]]},"properties":{"road_id":"R0063","road_type":"tertiary","road_width":9,"name":"Tertiary Road 63","ward":"Ward_11","water_depth":26.2,"risk":"Orange","risk_label":"Warning","timestamp":"2026-09-10T07:34:50.327251Z"}},{"type":"Feature","geometry":{"type":"LineString","coordinates":[[72.832697,18.977479],[72.837686,18.978348]]},"properties":{"road_id":"R0064","road_type":"tertiary","road_width":10,"name":"Tertiary Road 64","ward":"Ward_16","water_depth":39.2,"risk":"Red","risk_label":"Critical","timestamp":"2026-09-10T07:34:50.327251Z"}},{"type":"Feature","geometry":{"type":"LineString","coordinates":[[72.88412,19.079729],[72.882338,19.079282],[72.884313,19.076169],[72.881649,19.076887]]},"properties":{"road_id":"R0065","road_type":"tertiary","road_width":9,"name":"Tertiary Road 65","ward":"Ward_23","water_depth":46.1,"risk":"Red","risk_label":"Critical","timestamp":"2026-09-10T07:34:50.327251Z"}},{"type":"Feature","geometry":{"type":"LineString","coordinates":[[72.936403,19.245597],[72.932924,19.247118],[72.929186,19.251766],[72.927506,19.256419],[72.930957,19.252423]]},"properties":{"road_id":"R0066","road_type":"residential","road_width":3,"name":"Residential Road 66","ward":"Ward_24","water_depth":39.3,"risk":"Red","risk_label":"Critical","timestamp":"2026-09-10T07:34:50.327251Z"}},{"type":"Feature","geometry":{"type":"LineString","coordinates":[[72.973691,19.200955],[72.976506,19.196703],[72.977739,19.194353],[72.973542,19.193328],[72.975286,19.191614]]},"properties":{"road_id":"R0067","road_type":"secondary","road_width":13,"name":"Secondary Road 67","ward":"Ward_18","water_depth":26.3,"risk":"Orange","risk_label":"Warning","timestamp":"2026-09-10T07:34:50.327251Z"}},{"type":"Feature","geometry":{"type":"LineString","coordinates":[[72.913724,18.959213],[72.910999,18.957086]]},"properties":{"road_id":"R0068","road_type":"primary","road_width":18,"name":"Primary Road 68","ward":"Ward_15","water_depth":36.6,"risk":"Red","risk_label":"Critical","timestamp":"2026-09-10T07:34:50.327251Z"}},{"type":"Feature","geometry":{"type":"LineString","coordinates":[[72.779658,19.213301],[72.777592,19.216263],[72.774047,19.215011],[72.774707,19.215323]]},"properties":{"road_id":"R0069","road_type":"secondary","road_width":10,"name":"Secondary Road 69","ward":"Ward_20","water_depth":39.5,"risk":"Red","risk_label":"Critical","timestamp":"2026-09-10T07:34:50.327251Z"}},{"type":"Feature","geometry":{"type":"LineString","coordinates":[[72.892463,19.059114],[72.893842,19.056435],[72.89551,19.056031]]},"properties":{"road_id":"R0070","road_type":"residential","road_width":5,"name":"Residential Road 70","ward":"Ward_22","water_depth":40.1,"risk":"Red","risk_label":"Critical","timestamp":"2026-09-10T07:34:50.327251Z"}},{"type":"Feature","geometry":{"type":"LineString","coordinates":[[72.842569,19.037857],[72.843958,19.038733]]},"properties":{"road_id":"R0071","road_type":"secondary","road_width":12,"name":"Secondary Road 71","ward":"Ward_7","water_depth":46.4,"risk":"Red","risk_label":"Critical","timestamp":"2026-09-10T07:34:50.327251Z"}},{"type":"Feature","geometry":{"type":"LineString","coordinates":[[72.850087,18.910528],[72.848045,18.909118],[72.843265,18.911111],[72.842223,18.914411],[72.845873,18.909492]]},"properties":{"road_id":"R0072","road_type":"residential","road_width":7,"name":"Residential Road 72","ward":"Ward_24","water_depth":30.0,"risk":"Orange","risk_label":"Warning","timestamp":"2026-09-10T07:34:50.327251Z"}},{"type":"Feature","geometry":{"type":"LineString","coordinates":[[72.818325,19.164782],[72.815515,19.167801],[72.813021,19.164702],[72.815696,19.167258]]},"properties":{"road_id":"R0073","road_type":"residential","road_width":3,"name":"Residential Road 73","ward":"Ward_21","water_depth":51.4,"risk":"Red","risk_label":"Critical","timestamp":"2026-09-10T07:34:50.327251Z"}},{"type":"Feature","geometry":{"type":"LineString","coordinates":[[72.777007,19.169672],[72.773321,19.168321],[72.771588,19.172417],[72.77,19.171572]]},"properties":{"road_id":"R0074","road_type":"primary","road_width":20,"name":"Primary Road 74","ward":"Ward_17","water_depth":53.1,"risk":"Red","risk_label":"Critical","timestamp":"2026-09-10T07:34:50.327251Z"}},{"type":"Feature","geometry":{"type":"LineString","coordinates":[[72.943185,18.967649],[72.94625,18.967467],[72.944637,18.969933]]},"properties":{"road_id":"R0075","road_type":"tertiary","road_width":7,"name":"Tertiary Road 75","ward":"Ward_8","water_depth":26.5,"risk":"Orange","risk_label":"Warning","timestamp":"2026-09-10T07:34:50.327251Z"}},{"type":"Feature","geometry":{"type":"LineString","coordinates":[[72.852861,18.904315],[72.849097,18.90196],[72.851587,18.900646],[72.850397,18.898267]]},"properties":{"road_id":"R0076","road_type":"residential","road_width":4,"name":"Residential Road 76","ward":"Ward_16","water_depth":36.0,"risk":"Red","risk_label":"Critical","timestamp":"2026-09-10T07:34:50.327251Z"}},{"type":"Feature","geometry":{"type":"LineString","coordinates":[[72.816487,19.217797],[72.819726,19.213429],[72.817748,19.217523],[72.814145,19.216606]]},"properties":{"road_id":"R0077","road_type":"primary","road_width":21,"name":"Primary Road 77","ward":"Ward_4","water_depth":48.4,"risk":"Red","risk_label":"Critical","timestamp":"2026-09-10T07:34:50.327251Z"}},{"type":"Feature","geometry":{"type":"LineString","coordinates":[[72.798489,19.207159],[72.800194,19.206695],[72.804654,19.209126]]},"properties":{"road_id":"R0078","road_type":"primary","road_width":19,"name":"Primary Road 78","ward":"Ward_14","water_depth":49.9,"risk":"Red","risk_label":"Critical","timestamp":"2026-09-10T07:34:50.327251Z"}},{"type":"Feature","geometry":{"type":"LineString","coordinates":[[72.967201,19.103948],[72.969104,19.101745],[72.968551,19.098918],[72.967178,19.096279],[72.965851,19.101088]]},"properties":{"road_id":"R0079","road_type":"primary","road_width":18,"name":"Primary Road 79","ward":"Ward_13","water_depth":30.8,"risk":"Red","risk_label":"Critical","timestamp":"2026-09-10T07:34:50.327251Z"}},{"type":"Feature","geometry":{"type":"LineString","coordinates":[[72.969292,19.237919],[72.965209,19.241161],[72.966604,19.238282]]},"properties":{"road_id":"R0080","road_type":"tertiary","road_width":8,"name":"Tertiary Road 80","ward":"Ward_8","water_depth":32.8,"risk":"Red","risk_label":"Critical","timestamp":"2026-09-10T07:34:50.327251Z"}},{"type":"Feature","geometry":{"type":"LineString","coordinates":[[72.930683,18.896072],[72.927843,18.893143],[72.926128,18.89684]]},"properties":{"road_id":"R0081","road_type":"secondary","road_width":10,"name":"Secondary Road 81","ward":"Ward_9","water_depth":24.5,"risk":"Orange","risk_label":"Warning","timestamp":"2026-09-10T07:34:50.327251Z"}},{"type":"Feature","geometry":{"type":"LineString","coordinates":[[72.937688,19.075282],[72.941352,19.071381],[72.939935,19.067699]]},"properties":{"road_id":"R0082","road_type":"secondary","road_width":10,"name":"Secondary Road 82","ward":"Ward_6","water_depth":24.6,"risk":"Orange","risk_label":"Warning","timestamp":"2026-09-10T07:34:50.327251Z"}},{"type":"Feature","geometry":{"type":"LineString","coordinates":[[72.858402,18.918168],[72.854037,18.914305]]},"properties":{"road_id":"R0083","road_type":"tertiary","road_width":10,"name":"Tertiary Road 83","ward":"Ward_4","water_depth":29.9,"risk":"Orange","risk_label":"Warning","timestamp":"2026-09-10T07:34:50.327251Z"}},{"type":"Feature","geometry":{"type":"LineString","coordinates":[[72.779107,19.229258],[72.782776,19.23209],[72.782357,19.232305]]},"properties":{"road_id":"R0084","road_type":"residential","road_width":6,"name":"Residential Road 84","ward":"Ward_13","water_depth":51.2,"risk":"Red","risk_label":"Critical","timestamp":"2026-09-10T07:34:50.327251Z"}},{"type":"Feature","geometry":{"type":"LineString","coordinates":[[72.961037,19.056302],[72.956845,19.052037]]},"properties":{"road_id":"R0085","road_type":"residential","road_width":5,"name":"Residential Road 85","ward":"Ward_20","water_depth":33.5,"risk":"Red","risk_label":"Critical","timestamp":"2026-09-10T07:34:50.327251Z"}},{"type":"Feature","geometry":{"type":"LineString","coordinates":[[72.881417,19.247959],[72.882471,19.247496],[72.884489,19.243487],[72.885998,19.247015],[72.888207,19.249705]]},"properties":{"road_id":"R0086","road_type":"tertiary","road_width":7,"name":"Tertiary Road 86","ward":"Ward_14","water_depth":34.9,"risk":"Red","risk_label":"Critical","timestamp":"2026-09-10T07:34:50.327251Z"}},{"type":"Feature","geometry":{"type":"LineString","coordinates":[[72.923219,19.021517],[72.921344,19.019643],[72.92588,19.017192],[72.925622,19.01906],[72.921476,19.014972]]},"properties":{"road_id":"R0087","road_type":"tertiary","road_width":8,"name":"Tertiary Road 87","ward":"Ward_5","water_depth":36.7,"risk":"Red","risk_label":"Critical","timestamp":"2026-09-10T07:34:50.327251Z"}},{"type":"Feature","geometry":{"type":"LineString","coordinates":[[72.85627,19.124605],[72.860681,19.128341],[72.86484,19.12757],[72.862716,19.123085]]},"properties":{"road_id":"R0088","road_type":"primary","road_width":22,"name":"Primary Road 88","ward":"Ward_7","water_depth":48.0,"risk":"Red","risk_label":"Critical","timestamp":"2026-09-10T07:34:50.327251Z"}},{"type":"Feature","geometry":{"type":"LineString","coordinates":[[72.792726,18.955213],[72.791401,18.958667],[72.792142,18.961293],[72.795594,18.964365],[72.798778,18.969111]]},"properties":{"road_id":"R0089","road_type":"secondary","road_width":10,"name":"Secondary Road 89","ward":"Ward_20","water_depth":41.6,"risk":"Red","risk_label":"Critical","timestamp":"2026-09-10T07:34:50.327251Z"}},{"type":"Feature","geometry":{"type":"LineString","coordinates":[[72.917567,18.938558],[72.915965,18.936648]]},"properties":{"road_id":"R0090","road_type":"tertiary","road_width":10,"name":"Tertiary Road 90","ward":"Ward_22","water_depth":31.8,"risk":"Red","risk_label":"Critical","timestamp":"2026-09-10T07:34:50.327251Z"}},{"type":"Feature","geometry":{"type":"LineString","coordinates":[[72.902966,18.923912],[72.905427,18.919219]]},"properties":{"road_id":"R0091","road_type":"residential","road_width":5,"name":"Residential Road 91","ward":"Ward_6","water_depth":28.8,"risk":"Orange","risk_label":"Warning","timestamp":"2026-09-10T07:34:50.327251Z"}},{"type":"Feature","geometry":{"type":"LineString","coordinates":[[72.933135,19.144206],[72.928985,19.144882],[72.925559,19.140408],[72.927299,19.141587]]},"properties":{"road_id":"R0092","road_type":"tertiary","road_width":9,"name":"Tertiary Road 92","ward":"Ward_20","water_depth":26.9,"risk":"Orange","risk_label":"Warning","timestamp":"2026-09-10T07:34:50.327251Z"}},{"type":"Feature","geometry":{"type":"LineString","coordinates":[[72.928538,18.973803],[72.927837,18.969942],[72.929622,18.967774],[72.931293,18.96764],[72.930246,18.963095]]},"properties":{"road_id":"R0093","road_type":"residential","road_width":5,"name":"Residential Road 93","ward":"Ward_7","water_depth":28.1,"risk":"Orange","risk_label":"Warning","timestamp":"2026-09-10T07:34:50.327251Z"}},{"type":"Feature","geometry":{"type":"LineString","coordinates":[[72.795197,18.97999],[72.794503,18.979964],[72.794829,18.976256],[72.795416,18.973557]]},"properties":{"road_id":"R0094","road_type":"secondary","road_width":13,"name":"Secondary Road 94","ward":"Ward_24","water_depth":53.0,"risk":"Red","risk_label":"Critical","timestamp":"2026-09-10T07:34:50.327251Z"}},{"type":"Feature","geometry":{"type":"LineString","coordinates":[[72.963444,18.877122],[72.964202,18.880743],[72.966297,18.881477],[72.962448,18.880654],[72.960696,18.875862]]},"properties":{"road_id":"R0095","road_type":"primary","road_width":20,"name":"Primary Road 95","ward":"Ward_3","water_depth":24.8,"risk":"Orange","risk_label":"Warning","timestamp":"2026-09-10T07:34:50.327251Z"}},{"type":"Feature","geometry":{"type":"LineString","coordinates":[[72.893663,18.96246],[72.892621,18.9627]]},"properties":{"road_id":"R0096","road_type":"residential","road_width":5,"name":"Residential Road 96","ward":"Ward_6","water_depth":24.1,"risk":"Orange","risk_label":"Warning","timestamp":"2026-09-10T07:34:50.327251Z"}},{"type":"Feature","geometry":{"type":"LineString","coordinates":[[72.81072,19.07163],[72.809231,19.074392]]},"properties":{"road_id":"R0097","road_type":"primary","road_width":19,"name":"Primary Road 97","ward":"Ward_8","water_depth":53.1,"risk":"Red","risk_label":"Critical","timestamp":"2026-09-10T07:34:50.327251Z"}},{"type":"Feature","geometry":{"type":"LineString","coordinates":[[72.806435,18.967268],[72.809026,18.963797],[72.813539,18.95955]]},"properties":{"road_id":"R0098","road_type":"primary","road_width":22,"name":"Primary Road 98","ward":"Ward_19","water_depth":42.8,"risk":"Red","risk_label":"Critical","timestamp":"2026-09-10T07:34:50.327251Z"}},{"type":"Feature","geometry":{"type":"LineString","coordinates":[[72.901716,19.198414],[72.897399,19.194923],[72.895427,19.194345],[72.890988,19.192092]]},"properties":{"road_id":"R0099","road_type":"residential","road_width":6,"name":"Residential Road 99","ward":"Ward_2","water_depth":35.5,"risk":"Red","risk_label":"Critical","timestamp":"2026-09-10T07:34:50.327251Z"}},{"type":"Feature","geometry":{"type":"LineString","coordinates":[[72.786114,19.186045],[72.789666,19.189687],[72.789737,19.190837],[72.79028,19.190464]]},"properties":{"road_id":"R0100","road_type":"primary","road_width":21,"name":"Primary Road 100","ward":"Ward_19","water_depth":48.8,"risk":"Red","risk_label":"Critical","timestamp":"2026-09-10T07:34:50.327251Z"}},{"type":"Feature","geometry":{"type":"LineString","coordinates":[[72.875287,19.099902],[72.874792,19.104479],[72.878166,19.107589],[72.874009,19.112413]]},"properties":{"road_id":"R0101","road_type":"secondary","road_width":13,"name":"Secondary Road 101","ward":"Ward_15","water_depth":30.2,"risk":"Red","risk_label":"Critical","timestamp":"2026-09-10T07:34:50.327251Z"}},{"type":"Feature","geometry":{"type":"LineString","coordinates":[[72.829408,19.011684],[72.827791,19.010771],[72.830684,19.01175],[72.826343,19.013223]]},"properties":{"road_id":"R0102","road_type":"secondary","road_width":12,"name":"Secondary Road 102","ward":"Ward_9","water_depth":47.1,"risk":"Red","risk_label":"Critical","timestamp":"2026-09-10T07:34:50.327251Z"}},{"type":"Feature","geometry":{"type":"LineString","coordinates":[[72.909359,18.900971],[72.907461,18.905138],[72.909082,18.906699],[72.911171,18.902988]]},"properties":{"road_id":"R0103","road_type":"secondary","road_width":12,"name":"Secondary Road 103","ward":"Ward_5","water_depth":27.8,"risk":"Orange","risk_label":"Warning","timestamp":"2026-09-10T07:34:50.327251Z"}},{"type":"Feature","geometry":{"type":"LineString","coordinates":[[72.773828,19.063226],[72.77834,19.061314],[72.781002,19.059732],[72.786001,19.056652],[72.783959,19.053201]]},"properties":{"road_id":"R0104","road_type":"primary","road_width":22,"name":"Primary Road 104","ward":"Ward_24","water_depth":46.7,"risk":"Red","risk_label":"Critical","timestamp":"2026-09-10T07:34:50.327251Z"}},{"type":"Feature","geometry":{"type":"LineString","coordinates":[[72.899787,19.203029],[72.896329,19.204002],[72.898258,19.20081],[72.902284,19.202058]]},"properties":{"road_id":"R0105","road_type":"primary","road_width":20,"name":"Primary Road 105","ward":"Ward_22","water_depth":36.8,"risk":"Red","risk_label":"Critical","timestamp":"2026-09-10T07:34:50.327251Z"}},{"type":"Feature","geometry":{"type":"LineString","coordinates":[[72.928002,19.102026],[72.925342,19.104864],[72.929998,19.102256],[72.934038,19.1051],[72.935821,19.10204]]},"properties":{"road_id":"R0106","road_type":"secondary","road_width":12,"name":"Secondary Road 106","ward":"Ward_13","water_depth":42.4,"risk":"Red","risk_label":"Critical","timestamp":"2026-09-10T07:34:50.327251Z"}},{"type":"Feature","geometry":{"type":"LineString","coordinates":[[72.938264,19.180419],[72.935764,19.176803],[72.939506,19.178214]]},"properties":{"road_id":"R0107","road_type":"residential","road_width":7,"name":"Residential Road 107","ward":"Ward_4","water_depth":35.2,"risk":"Red","risk_label":"Critical","timestamp":"2026-09-10T07:34:50.327251Z"}},{"type":"Feature","geometry":{"type":"LineString","coordinates":[[72.827286,19.159984],[72.82376,19.164037]]},"properties":{"road_id":"R0108","road_type":"tertiary","road_width":7,"name":"Tertiary Road 108","ward":"Ward_15","water_depth":46.4,"risk":"Red","risk_label":"Critical","timestamp":"2026-09-10T07:34:50.327251Z"}},{"type":"Feature","geometry":{"type":"LineString","coordinates":[[72.853255,19.027661],[72.852117,19.0264]]},"properties":{"road_id":"R0109","road_type":"tertiary","road_width":8,"name":"Tertiary Road 109","ward":"Ward_4","water_depth":52.4,"risk":"Red","risk_label":"Critical","timestamp":"2026-09-10T07:34:50.327251Z"}},{"type":"Feature","geometry":{"type":"LineString","coordinates":[[72.830245,18.922288],[72.832205,18.925585],[72.834261,18.921973]]},"properties":{"road_id":"R0110","road_type":"tertiary","road_width":6,"name":"Tertiary Road 110","ward":"Ward_1","water_depth":41.7,"risk":"Red","risk_label":"Critical","timestamp":"2026-09-10T07:34:50.327251Z"}},{"type":"Feature","geometry":{"type":"LineString","coordinates":[[72.885249,19.187286],[72.885527,19.189558],[72.883408,19.18567]]},"properties":{"road_id":"R0111","road_type":"tertiary","road_width":9,"name":"Tertiary Road 111","ward":"Ward_21","water_depth":30.3,"risk":"Red","risk_label":"Critical","timestamp":"2026-09-10T07:34:50.327251Z"}},{"type":"Feature","geometry":{"type":"LineString","coordinates":[[72.960081,18.912126],[72.955245,18.913093]]},"properties":{"road_id":"R0112","road_type":"residential","road_width":4,"name":"Residential Road 112","ward":"Ward_10","water_depth":31.4,"risk":"Red","risk_label":"Critical","timestamp":"2026-09-10T07:34:50.327251Z"}},{"type":"Feature","geometry":{"type":"LineString","coordinates":[[72.820518,19.103628],[72.822162,19.102793]]},"properties":{"road_id":"R0113","road_type":"residential","road_width":3,"name":"Residential Road 113","ward":"Ward_17","water_depth":31.6,"risk":"Red","risk_label":"Critical","timestamp":"2026-09-10T07:34:50.327251Z"}},{"type":"Feature","geometry":{"type":"LineString","coordinates":[[72.779142,19.201866],[72.777875,19.200735],[72.776446,19.203208],[72.773857,19.198884],[72.77,19.200455]]},"properties":{"road_id":"R0114","road_type":"primary","road_width":19,"name":"Primary Road 114","ward":"Ward_2","water_depth":47.0,"risk":"Red","risk_label":"Critical","timestamp":"2026-09-10T07:34:50.327251Z"}},{"type":"Feature","geometry":{"type":"LineString","coordinates":[[72.806769,19.179133],[72.806415,19.181925],[72.807732,19.183879],[72.803363,19.186994]]},"properties":{"road_id":"R0115","road_type":"tertiary","road_width":8,"name":"Tertiary Road 115","ward":"Ward_7","water_depth":30.9,"risk":"Red","risk_label":"Critical","timestamp":"2026-09-10T07:34:50.327251Z"}},{"type":"Feature","geometry":{"type":"LineString","coordinates":[[72.836275,19.2066],[72.835257,19.204701],[72.834991,19.207855]]},"properties":{"road_id":"R0116","road_type":"primary","road_width":20,"name":"Primary Road 116","ward":"Ward_12","water_depth":37.0,"risk":"Red","risk_label":"Critical","timestamp":"2026-09-10T07:34:50.327251Z"}},{"type":"Feature","geometry":{"type":"LineString","coordinates":[[72.937862,18.973822],[72.936862,18.973192],[72.941427,18.972589],[72.938295,18.97098]]},"properties":{"road_id":"R0117","road_type":"primary","road_width":22,"name":"Primary Road 117","ward":"Ward_9","water_depth":38.6,"risk":"Red","risk_label":"Critical","timestamp":"2026-09-10T07:34:50.327251Z"}},{"type":"Feature","geometry":{"type":"LineString","coordinates":[[72.896515,18.899992],[72.89697,18.903216],[72.892771,18.901428],[72.890836,18.903037],[72.890097,18.904063]]},"properties":{"road_id":"R0118","road_type":"primary","road_width":18,"name":"Primary Road 118","ward":"Ward_24","water_depth":44.4,"risk":"Red","risk_label":"Critical","timestamp":"2026-09-10T07:34:50.327251Z"}},{"type":"Feature","geometry":{"type":"LineString","coordinates":[[72.975806,18.974331],[72.971556,18.97881],[72.970189,18.980185],[72.971983,18.983196],[72.968411,18.987724]]},"properties":{"road_id":"R0119","road_type":"tertiary","road_width":6,"name":"Tertiary Road 119","ward":"Ward_5","water_depth":30.4,"risk":"Red","risk_label":"Critical","timestamp":"2026-09-10T07:34:50.327251Z"}},{"type":"Feature","geometry":{"type":"LineString","coordinates":[[72.846929,19.165836],[72.847601,19.164664],[72.849392,19.165715]]},"properties":{"road_id":"R0120","road_type":"primary","road_width":18,"name":"Primary Road 120","ward":"Ward_19","water_depth":38.4,"risk":"Red","risk_label":"Critical","timestamp":"2026-09-10T07:34:50.327251Z"}},{"type":"Feature","geometry":{"type":"LineString","coordinates":[[72.906408,19.021253],[72.902542,19.018749],[72.902533,19.021106],[72.903149,19.019976]]},"properties":{"road_id":"R0121","road_type":"secondary","road_width":13,"name":"Secondary Road 121","ward":"Ward_7","water_depth":40.7,"risk":"Red","risk_label":"Critical","timestamp":"2026-09-10T07:34:50.327251Z"}},{"type":"Feature","geometry":{"type":"LineString","coordinates":[[72.798503,18.946068],[72.79523,18.941808],[72.800202,18.943942],[72.804878,18.947047],[72.806556,18.951913]]},"properties":{"road_id":"R0122","road_type":"tertiary","road_width":8,"name":"Tertiary Road 122","ward":"Ward_10","water_depth":38.0,"risk":"Red","risk_label":"Critical","timestamp":"2026-09-10T07:34:50.327251Z"}},{"type":"Feature","geometry":{"type":"LineString","coordinates":[[72.876839,19.171605],[72.873849,19.167818],[72.876752,19.164207]]},"properties":{"road_id":"R0123","road_type":"secondary","road_width":12,"name":"Secondary Road 123","ward":"Ward_15","water_depth":37.2,"risk":"Red","risk_label":"Critical","timestamp":"2026-09-10T07:34:50.327251Z"}},{"type":"Feature","geometry":{"type":"LineString","coordinates":[[72.853614,18.894984],[72.8534,18.897154]]},"properties":{"road_id":"R0124","road_type":"secondary","road_width":14,"name":"Secondary Road 124","ward":"Ward_3","water_depth":37.2,"risk":"Red","risk_label":"Critical","timestamp":"2026-09-10T07:34:50.327251Z"}},{"type":"Feature","geometry":{"type":"LineString","coordinates":[[72.864495,19.114089],[72.86294,19.11589],[72.865742,19.119669],[72.862562,19.121067]]},"properties":{"road_id":"R0125","road_type":"secondary","road_width":10,"name":"Secondary Road 125","ward":"Ward_4","water_depth":44.8,"risk":"Red","risk_label":"Critical","timestamp":"2026-09-10T07:34:50.327251Z"}},{"type":"Feature","geometry":{"type":"LineString","coordinates":[[72.837759,18.93257],[72.836219,18.934663],[72.840168,18.939072],[72.837674,18.942531]]},"properties":{"road_id":"R0126","road_type":"secondary","road_width":11,"name":"Secondary Road 126","ward":"Ward_21","water_depth":52.6,"risk":"Red","risk_label":"Critical","timestamp":"2026-09-10T07:34:50.327251Z"}},{"type":"Feature","geometry":{"type":"LineString","coordinates":[[72.805414,19.060978],[72.801955,19.065394]]},"properties":{"road_id":"R0127","road_type":"tertiary","road_width":10,"name":"Tertiary Road 127","ward":"Ward_11","water_depth":52.6,"risk":"Red","risk_label":"Critical","timestamp":"2026-09-10T07:34:50.327251Z"}},{"type":"Feature","geometry":{"type":"LineString","coordinates":[[72.969195,18.900865],[72.966841,18.903575]]},"properties":{"road_id":"R0128","road_type":"primary","road_width":22,"name":"Primary Road 128","ward":"Ward_21","water_depth":38.2,"risk":"Red","risk_label":"Critical","timestamp":"2026-09-10T07:34:50.327251Z"}},{"type":"Feature","geometry":{"type":"LineString","coordinates":[[72.884571,19.207819],[72.882592,19.209238],[72.885666,19.206687],[72.885201,19.205748],[72.881782,19.207634]]},"properties":{"road_id":"R0129","road_type":"primary","road_width":20,"name":"Primary Road 129","ward":"Ward_20","water_depth":36.0,"risk":"Red","risk_label":"Critical","timestamp":"2026-09-10T07:34:50.327251Z"}},{"type":"Feature","geometry":{"type":"LineString","coordinates":[[72.837056,19.197364],[72.83551,19.202245],[72.838117,19.201232],[72.834179,19.201382]]},"properties":{"road_id":"R0130","road_type":"secondary","road_width":13,"name":"Secondary Road 130","ward":"Ward_8","water_depth":46.2,"risk":"Red","risk_label":"Critical","timestamp":"2026-09-10T07:34:50.327251Z"}},{"type":"Feature","geometry":{"type":"LineString","coordinates":[[72.968531,18.88923],[72.967712,18.892872]]},"properties":{"road_id":"R0131","road_type":"secondary","road_width":12,"name":"Secondary Road 131","ward":"Ward_19","water_depth":28.3,"risk":"Orange","risk_label":"Warning","timestamp":"2026-09-10T07:34:50.327251Z"}},{"type":"Feature","geometry":{"type":"LineString","coordinates":[[72.874636,19.159986],[72.874623,19.160133],[72.869855,19.158219]]},"properties":{"road_id":"R0132","road_type":"tertiary","road_width":7,"name":"Tertiary Road 132","ward":"Ward_7","water_depth":45.9,"risk":"Red","risk_label":"Critical","timestamp":"2026-09-10T07:34:50.327251Z"}},{"type":"Feature","geometry":{"type":"LineString","coordinates":[[72.873928,18.889205],[72.87547,18.893029]]},"properties":{"road_id":"R0133","road_type":"tertiary","road_width":6,"name":"Tertiary Road 133","ward":"Ward_14","water_depth":38.4,"risk":"Red","risk_label":"Critical","timestamp":"2026-09-10T07:34:50.327251Z"}},{"type":"Feature","geometry":{"type":"LineString","coordinates":[[72.93041,19.146453],[72.929416,19.145112],[72.926362,19.145815],[72.922098,19.146347]]},"properties":{"road_id":"R0134","road_type":"secondary","road_width":12,"name":"Secondary Road 134","ward":"Ward_20","water_depth":24.0,"risk":"Orange","risk_label":"Warning","timestamp":"2026-09-10T07:34:50.327251Z"}},{"type":"Feature","geometry":{"type":"LineString","coordinates":[[72.85272,19.240531],[72.851111,19.24348],[72.85366,19.24787]]},"properties":{"road_id":"R0135","road_type":"primary","road_width":22,"name":"Primary Road 135","ward":"Ward_2","water_depth":46.6,"risk":"Red","risk_label":"Critical","timestamp":"2026-09-10T07:34:50.327251Z"}},{"type":"Feature","geometry":{"type":"LineString","coordinates":[[72.839939,18.922074],[72.839508,18.921811]]},"properties":{"road_id":"R0136","road_type":"primary","road_width":20,"name":"Primary Road 136","ward":"Ward_20","water_depth":26.4,"risk":"Orange","risk_label":"Warning","timestamp":"2026-09-10T07:34:50.327251Z"}},{"type":"Feature","geometry":{"type":"LineString","coordinates":[[72.899465,19.019323],[72.900402,19.022749],[72.900499,19.022822]]},"properties":{"road_id":"R0137","road_type":"tertiary","road_width":9,"name":"Tertiary Road 137","ward":"Ward_1","water_depth":22.0,"risk":"Orange","risk_label":"Warning","timestamp":"2026-09-10T07:34:50.327251Z"}},{"type":"Feature","geometry":{"type":"LineString","coordinates":[[72.975779,19.126046],[72.978746,19.126883],[72.980627,19.129137],[72.980372,19.124403]]},"properties":{"road_id":"R0138","road_type":"tertiary","road_width":10,"name":"Tertiary Road 138","ward":"Ward_19","water_depth":30.3,"risk":"Red","risk_label":"Critical","timestamp":"2026-09-10T07:34:50.327251Z"}},{"type":"Feature","geometry":{"type":"LineString","coordinates":[[72.805808,19.091739],[72.807005,19.093029]]},"properties":{"road_id":"R0139","road_type":"secondary","road_width":11,"name":"Secondary Road 139","ward":"Ward_2","water_depth":37.6,"risk":"Red","risk_label":"Critical","timestamp":"2026-09-10T07:34:50.327251Z"}},{"type":"Feature","geometry":{"type":"LineString","coordinates":[[72.835875,18.877196],[72.83778,18.873711],[72.84053,18.872814]]},"properties":{"road_id":"R0140","road_type":"primary","road_width":18,"name":"Primary Road 140","ward":"Ward_23","water_depth":44.5,"risk":"Red","risk_label":"Critical","timestamp":"2026-09-10T07:34:50.327251Z"}},{"type":"Feature","geometry":{"type":"LineString","coordinates":[[72.979606,19.083137],[72.978374,19.082921],[72.977971,19.087488]]},"properties":{"road_id":"R0141","road_type":"secondary","road_width":12,"name":"Secondary Road 141","ward":"Ward_20","water_depth":30.4,"risk":"Red","risk_label":"Critical","timestamp":"2026-09-10T07:34:50.327251Z"}},{"type":"Feature","geometry":{"type":"LineString","coordinates":[[72.828591,19.233788],[72.833006,19.231773],[72.835718,19.236596]]},"properties":{"road_id":"R0142","road_type":"residential","road_width":6,"name":"Residential Road 142","ward":"Ward_11","water_depth":41.7,"risk":"Red","risk_label":"Critical","timestamp":"2026-09-10T07:34:50.327251Z"}},{"type":"Feature","geometry":{"type":"LineString","coordinates":[[72.966242,19.082985],[72.96412,19.085202],[72.964552,19.085937],[72.963497,19.089894]]},"properties":{"road_id":"R0143","road_type":"residential","road_width":4,"name":"Residential Road 143","ward":"Ward_10","water_depth":30.6,"risk":"Red","risk_label":"Critical","timestamp":"2026-09-10T07:34:50.327251Z"}},{"type":"Feature","geometry":{"type":"LineString","coordinates":[[72.786596,19.233019],[72.788156,19.237259],[72.785296,19.239733],[72.783007,19.243012]]},"properties":{"road_id":"R0144","road_type":"primary","road_width":18,"name":"Primary Road 144","ward":"Ward_20","water_depth":52.6,"risk":"Red","risk_label":"Critical","timestamp":"2026-09-10T07:34:50.327251Z"}},{"type":"Feature","geometry":{"type":"LineString","coordinates":[[72.960089,18.889291],[72.957417,18.886548],[72.95572,18.88255]]},"properties":{"road_id":"R0145","road_type":"secondary","road_width":11,"name":"Secondary Road 145","ward":"Ward_1","water_depth":30.0,"risk":"Orange","risk_label":"Warning","timestamp":"2026-09-10T07:34:50.327251Z"}},{"type":"Feature","geometry":{"type":"LineString","coordinates":[[72.954936,19.118099],[72.956441,19.117856],[72.954314,19.120415],[72.949905,19.11827],[72.951428,19.120957]]},"properties":{"road_id":"R0146","road_type":"secondary","road_width":10,"name":"Secondary Road 146","ward":"Ward_6","water_depth":30.6,"risk":"Red","risk_label":"Critical","timestamp":"2026-09-10T07:34:50.327251Z"}},{"type":"Feature","geometry":{"type":"LineString","coordinates":[[72.777631,19.224891],[72.780511,19.228253],[72.783001,19.225116]]},"properties":{"road_id":"R0147","road_type":"residential","road_width":3,"name":"Residential Road 147","ward":"Ward_1","water_depth":39.7,"risk":"Red","risk_label":"Critical","timestamp":"2026-09-10T07:34:50.327251Z"}},{"type":"Feature","geometry":{"type":"LineString","coordinates":[[72.840359,19.222813],[72.841772,19.222356]]},"properties":{"road_id":"R0148","road_type":"tertiary","road_width":7,"name":"Tertiary Road 148","ward":"Ward_17","water_depth":29.3,"risk":"Orange","risk_label":"Warning","timestamp":"2026-09-10T07:34:50.327251Z"}},{"type":"Feature","geometry":{"type":"LineString","coordinates":[[72.793656,18.943268],[72.793245,18.939893],[72.790107,18.937466],[72.793015,18.939832]]},"properties":{"road_id":"R0149","road_type":"residential","road_width":4,"name":"Residential Road 149","ward":"Ward_20","water_depth":47.9,"risk":"Red","risk_label":"Critical","timestamp":"2026-09-10T07:34:50.327251Z"}},{"type":"Feature","geometry":{"type":"LineString","coordinates":[[72.788215,19.065807],[72.785063,19.067499],[72.783299,19.063905],[72.780907,19.061386],[72.783444,19.058741]]},"properties":{"road_id":"R0150","road_type":"residential","road_width":7,"name":"Residential Road 150","ward":"Ward_1","water_depth":51.2,"risk":"Red","risk_label":"Critical","timestamp":"2026-09-10T07:34:50.327251Z"}},{"type":"Feature","geometry":{"type":"LineString","coordinates":[[72.783046,19.133252],[72.781114,19.129434],[72.781139,19.128488],[72.783175,19.13244]]},"properties":{"road_id":"R0151","road_type":"tertiary","road_width":8,"name":"Tertiary Road 151","ward":"Ward_12","water_depth":36.1,"risk":"Red","risk_label":"Critical","timestamp":"2026-09-10T07:34:50.327251Z"}},{"type":"Feature","geometry":{"type":"LineString","coordinates":[[72.870418,19.233797],[72.875307,19.233347],[72.877326,19.232083]]},"properties":{"road_id":"R0152","road_type":"secondary","road_width":11,"name":"Secondary Road 152","ward":"Ward_8","water_depth":39.6,"risk":"Red","risk_label":"Critical","timestamp":"2026-09-10T07:34:50.327251Z"}},{"type":"Feature","geometry":{"type":"LineString","coordinates":[[72.845975,19.070706],[72.842097,19.074878],[72.846126,19.078166],[72.846492,19.075188],[72.850037,19.071833]]},"properties":{"road_id":"R0153","road_type":"primary","road_width":22,"name":"Primary Road 153","ward":"Ward_16","water_depth":36.7,"risk":"Red","risk_label":"Critical","timestamp":"2026-09-10T07:34:50.327251Z"}},{"type":"Feature","geometry":{"type":"LineString","coordinates":[[72.865221,19.177303],[72.864789,19.177435],[72.864413,19.173013],[72.866645,19.176082],[72.86981,19.175041]]},"properties":{"road_id":"R0154","road_type":"primary","road_width":18,"name":"Primary Road 154","ward":"Ward_14","water_depth":41.7,"risk":"Red","risk_label":"Critical","timestamp":"2026-09-10T07:34:50.327251Z"}},{"type":"Feature","geometry":{"type":"LineString","coordinates":[[72.782654,19.075642],[72.787515,19.079584]]},"properties":{"road_id":"R0155","road_type":"tertiary","road_width":7,"name":"Tertiary Road 155","ward":"Ward_5","water_depth":42.3,"risk":"Red","risk_label":"Critical","timestamp":"2026-09-10T07:34:50.327251Z"}},{"type":"Feature","geometry":{"type":"LineString","coordinates":[[72.850321,19.247286],[72.854388,19.250982],[72.856216,19.249738],[72.856609,19.251356]]},"properties":{"road_id":"R0156","road_type":"residential","road_width":4,"name":"Residential Road 156","ward":"Ward_18","water_depth":38.4,"risk":"Red","risk_label":"Critical","timestamp":"2026-09-10T07:34:50.327251Z"}},{"type":"Feature","geometry":{"type":"LineString","coordinates":[[72.816765,19.146586],[72.811992,19.141621],[72.813727,19.139604]]},"properties":{"road_id":"R0157","road_type":"residential","road_width":4,"name":"Residential Road 157","ward":"Ward_8","water_depth":49.9,"risk":"Red","risk_label":"Critical","timestamp":"2026-09-10T07:34:50.327251Z"}},{"type":"Feature","geometry":{"type":"LineString","coordinates":[[72.809581,18.928946],[72.812236,18.932698],[72.813838,18.92802],[72.8182,18.92917]]},"properties":{"road_id":"R0158","road_type":"residential","road_width":3,"name":"Residential Road 158","ward":"Ward_4","water_depth":40.1,"risk":"Red","risk_label":"Critical","timestamp":"2026-09-10T07:34:50.327251Z"}},{"type":"Feature","geometry":{"type":"LineString","coordinates":[[72.91769,19.097158],[72.920096,19.092645],[72.917439,19.091668],[72.921076,19.08884],[72.921115,19.084405]]},"properties":{"road_id":"R0159","road_type":"primary","road_width":22,"name":"Primary Road 159","ward":"Ward_11","water_depth":38.5,"risk":"Red","risk_label":"Critical","timestamp":"2026-09-10T07:34:50.327251Z"}},{"type":"Feature","geometry":{"type":"LineString","coordinates":[[72.800085,18.98467],[72.797295,18.986273],[72.792905,18.984278]]},"properties":{"road_id":"R0160","road_type":"tertiary","road_width":7,"name":"Tertiary Road 160","ward":"Ward_21","water_depth":51.3,"risk":"Red","risk_label":"Critical","timestamp":"2026-09-10T07:34:50.327251Z"}},{"type":"Feature","geometry":{"type":"LineString","coordinates":[[72.842327,18.887816],[72.841139,18.889249],[72.843102,18.889494],[72.841101,18.888576],[72.84148,18.885415]]},"properties":{"road_id":"R0161","road_type":"residential","road_width":4,"name":"Residential Road 161","ward":"Ward_15","water_depth":45.6,"risk":"Red","risk_label":"Critical","timestamp":"2026-09-10T07:34:50.327251Z"}},{"type":"Feature","geometry":{"type":"LineString","coordinates":[[72.88703,19.237759],[72.884459,19.2341],[72.885926,19.231133],[72.889397,19.235355],[72.891643,19.23128]]},"properties":{"road_id":"R0162","road_type":"primary","road_width":22,"name":"Primary Road 162","ward":"Ward_20","water_depth":53.0,"risk":"Red","risk_label":"Critical","timestamp":"2026-09-10T07:34:50.327251Z"}},{"type":"Feature","geometry":{"type":"LineString","coordinates":[[72.929956,18.941502],[72.930545,18.943745]]},"properties":{"road_id":"R0163","road_type":"primary","road_width":20,"name":"Primary Road 163","ward":"Ward_10","water_depth":44.1,"risk":"Red","risk_label":"Critical","timestamp":"2026-09-10T07:34:50.327251Z"}},{"type":"Feature","geometry":{"type":"LineString","coordinates":[[72.972036,19.226121],[72.977032,19.222294],[72.974458,19.222083]]},"properties":{"road_id":"R0164","road_type":"primary","road_width":19,"name":"Primary Road 164","ward":"Ward_18","water_depth":32.5,"risk":"Red","risk_label":"Critical","timestamp":"2026-09-10T07:34:50.327251Z"}},{"type":"Feature","geometry":{"type":"LineString","coordinates":[[72.882067,19.014651],[72.879682,19.013244],[72.879655,19.013372],[72.884468,19.009358]]},"properties":{"road_id":"R0165","road_type":"tertiary","road_width":7,"name":"Tertiary Road 165","ward":"Ward_12","water_depth":27.3,"risk":"Orange","risk_label":"Warning","timestamp":"2026-09-10T07:34:50.327251Z"}},{"type":"Feature","geometry":{"type":"LineString","coordinates":[[72.951458,18.887372],[72.94662,18.889784],[72.94746,18.890318],[72.945412,18.892518],[72.942712,18.88948]]},"properties":{"road_id":"R0166","road_type":"tertiary","road_width":10,"name":"Tertiary Road 166","ward":"Ward_21","water_depth":37.7,"risk":"Red","risk_label":"Critical","timestamp":"2026-09-10T07:34:50.327251Z"}},{"type":"Feature","geometry":{"type":"LineString","coordinates":[[72.87261,19.160077],[72.875006,19.162313],[72.877334,19.161921],[72.873734,19.160443]]},"properties":{"road_id":"R0167","road_type":"tertiary","road_width":10,"name":"Tertiary Road 167","ward":"Ward_21","water_depth":46.8,"risk":"Red","risk_label":"Critical","timestamp":"2026-09-10T07:34:50.327251Z"}},{"type":"Feature","geometry":{"type":"LineString","coordinates":[[72.785609,19.188846],[72.781095,19.192026]]},"properties":{"road_id":"R0168","road_type":"primary","road_width":19,"name":"Primary Road 168","ward":"Ward_3","water_depth":53.1,"risk":"Red","risk_label":"Critical","timestamp":"2026-09-10T07:34:50.327251Z"}},{"type":"Feature","geometry":{"type":"LineString","coordinates":[[72.865762,18.953113],[72.867139,18.948718]]},"properties":{"road_id":"R0169","road_type":"secondary","road_width":13,"name":"Secondary Road 169","ward":"Ward_1","water_depth":41.7,"risk":"Red","risk_label":"Critical","timestamp":"2026-09-10T07:34:50.327251Z"}},{"type":"Feature","geometry":{"type":"LineString","coordinates":[[72.881178,18.874503],[72.885952,18.872251],[72.889084,18.87],[72.892146,18.87174],[72.888216,18.875838]]},"properties":{"road_id":"R0170","road_type":"primary","road_width":19,"name":"Primary Road 170","ward":"Ward_20","water_depth":31.2,"risk":"Red","risk_label":"Critical","timestamp":"2026-09-10T07:34:50.327251Z"}},{"type":"Feature","geometry":{"type":"LineString","coordinates":[[72.853348,18.971583],[72.852409,18.970314],[72.857311,18.970964],[72.859151,18.968223]]},"properties":{"road_id":"R0171","road_type":"tertiary","road_width":6,"name":"Tertiary Road 171","ward":"Ward_3","water_depth":41.6,"risk":"Red","risk_label":"Critical","timestamp":"2026-09-10T07:34:50.327251Z"}},{"type":"Feature","geometry":{"type":"LineString","coordinates":[[72.869961,19.013324],[72.87199,19.014692],[72.875443,19.010519],[72.873756,19.011968],[72.878494,19.016741]]},"properties":{"road_id":"R0172","road_type":"residential","road_width":4,"name":"Residential Road 172","ward":"Ward_7","water_depth":38.2,"risk":"Red","risk_label":"Critical","timestamp":"2026-09-10T07:34:50.327251Z"}},{"type":"Feature","geometry":{"type":"LineString","coordinates":[[72.785613,18.887694],[72.789606,18.891949],[72.784935,18.892584],[72.78308,18.896872]]},"properties":{"road_id":"R0173","road_type":"residential","road_width":6,"name":"Residential Road 173","ward":"Ward_3","water_depth":51.0,"risk":"Red","risk_label":"Critical","timestamp":"2026-09-10T07:34:50.327251Z"}},{"type":"Feature","geometry":{"type":"LineString","coordinates":[[72.889006,19.084304],[72.890776,19.087799],[72.889615,19.088204]]},"properties":{"road_id":"R0174","road_type":"tertiary","road_width":6,"name":"Tertiary Road 174","ward":"Ward_17","water_depth":27.6,"risk":"Orange","risk_label":"Warning","timestamp":"2026-09-10T07:34:50.327251Z"}},{"type":"Feature","geometry":{"type":"LineString","coordinates":[[72.81875,18.907121],[72.819802,18.902881]]},"properties":{"road_id":"R0175","road_type":"tertiary","road_width":8,"name":"Tertiary Road 175","ward":"Ward_1","water_depth":48.0,"risk":"Red","risk_label":"Critical","timestamp":"2026-09-10T07:34:50.327251Z"}},{"type":"Feature","geometry":{"type":"LineString","coordinates":[[72.84472,19.056429],[72.844039,19.060841],[72.845646,19.062638],[72.846832,19.058495],[72.848963,19.061475]]},"properties":{"road_id":"R0176","road_type":"tertiary","road_width":7,"name":"Tertiary Road 176","ward":"Ward_24","water_depth":36.8,"risk":"Red","risk_label":"Critical","timestamp":"2026-09-10T07:34:50.327251Z"}},{"type":"Feature","geometry":{"type":"LineString","coordinates":[[72.789219,19.007066],[72.788667,19.011496],[72.784689,19.014109],[72.783999,19.009982]]},"properties":{"road_id":"R0177","road_type":"residential","road_width":3,"name":"Residential Road 177","ward":"Ward_1","water_depth":51.4,"risk":"Red","risk_label":"Critical","timestamp":"2026-09-10T07:34:50.327251Z"}},{"type":"Feature","geometry":{"type":"LineString","coordinates":[[72.895354,19.080604],[72.898991,19.083448],[72.898129,19.078571],[72.900378,19.081363]]},"properties":{"road_id":"R0178","road_type":"primary","road_width":19,"name":"Primary Road 178","ward":"Ward_19","water_depth":36.6,"risk":"Red","risk_label":"Critical","timestamp":"2026-09-10T07:34:50.327251Z"}},{"type":"Feature","geometry":{"type":"LineString","coordinates":[[72.826473,18.934411],[72.822932,18.932095],[72.820692,18.928767],[72.823519,18.926764],[72.827961,18.925376]]},"properties":{"road_id":"R0179","road_type":"secondary","road_width":14,"name":"Secondary Road 179","ward":"Ward_7","water_depth":45.8,"risk":"Red","risk_label":"Critical","timestamp":"2026-09-10T07:34:50.327251Z"}},{"type":"Feature","geometry":{"type":"LineString","coordinates":[[72.771421,18.921486],[72.774837,18.920443]]},"properties":{"road_id":"R0180","road_type":"residential","road_width":6,"name":"Residential Road 180","ward":"Ward_11","water_depth":43.9,"risk":"Red","risk_label":"Critical","timestamp":"2026-09-10T07:34:50.327251Z"}},{"type":"Feature","geometry":{"type":"LineString","coordinates":[[72.896674,18.984165],[72.896464,18.986118],[72.895447,18.982895]]},"properties":{"road_id":"R0181","road_type":"residential","road_width":6,"name":"Residential Road 181","ward":"Ward_19","water_depth":45.4,"risk":"Red","risk_label":"Critical","timestamp":"2026-09-10T07:34:50.327251Z"}},{"type":"Feature","geometry":{"type":"LineString","coordinates":[[72.941464,19.012901],[72.937603,19.01183],[72.938525,19.012469],[72.940342,19.012925]]},"properties":{"road_id":"R0182","road_type":"secondary","road_width":13,"name":"Secondary Road 182","ward":"Ward_23","water_depth":32.1,"risk":"Red","risk_label":"Critical","timestamp":"2026-09-10T07:34:50.327251Z"}},{"type":"Feature","geometry":{"type":"LineString","coordinates":[[72.944569,19.17312],[72.948047,19.168812],[72.949777,19.171763],[72.947805,19.168154],[72.944347,19.165681]]},"properties":{"road_id":"R0183","road_type":"secondary","road_width":13,"name":"Secondary Road 183","ward":"Ward_20","water_depth":27.8,"risk":"Orange","risk_label":"Warning","timestamp":"2026-09-10T07:34:50.327251Z"}},{"type":"Feature","geometry":{"type":"LineString","coordinates":[[72.963934,19.07306],[72.963117,19.076756],[72.967801,19.072124],[72.970924,19.07414],[72.975068,19.075078]]},"properties":{"road_id":"R0184","road_type":"residential","road_width":5,"name":"Residential Road 184","ward":"Ward_6","water_depth":30.9,"risk":"Red","risk_label":"Critical","timestamp":"2026-09-10T07:34:50.327251Z"}},{"type":"Feature","geometry":{"type":"LineString","coordinates":[[72.839635,19.237388],[72.835695,19.240351],[72.832915,19.236337],[72.833495,19.238805],[72.830705,19.240682]]},"properties":{"road_id":"R0185","road_type":"primary","road_width":22,"name":"Primary Road 185","ward":"Ward_23","water_depth":44.8,"risk":"Red","risk_label":"Critical","timestamp":"2026-09-10T07:34:50.327251Z"}},{"type":"Feature","geometry":{"type":"LineString","coordinates":[[72.871382,19.249127],[72.875587,19.247081],[72.878901,19.24294],[72.877384,19.245241]]},"properties":{"road_id":"R0186","road_type":"secondary","road_width":14,"name":"Secondary Road 186","ward":"Ward_16","water_depth":37.9,"risk":"Red","risk_label":"Critical","timestamp":"2026-09-10T07:34:50.327251Z"}},{"type":"Feature","geometry":{"type":"LineString","coordinates":[[72.921619,18.907097],[72.91729,18.906621],[72.919398,18.902068],[72.917829,18.897294],[72.92083,18.893388]]},"properties":{"road_id":"R0187","road_type":"tertiary","road_width":10,"name":"Tertiary Road 187","ward":"Ward_6","water_depth":28.0,"risk":"Orange","risk_label":"Warning","timestamp":"2026-09-10T07:34:50.327251Z"}},{"type":"Feature","geometry":{"type":"LineString","coordinates":[[72.971277,19.082743],[72.970328,19.080061],[72.971732,19.076906],[72.967024,19.076227]]},"properties":{"road_id":"R0188","road_type":"secondary","road_width":14,"name":"Secondary Road 188","ward":"Ward_14","water_depth":27.1,"risk":"Orange","risk_label":"Warning","timestamp":"2026-09-10T07:34:50.327251Z"}},{"type":"Feature","geometry":{"type":"LineString","coordinates":[[72.813215,19.1378],[72.816302,19.140323]]},"properties":{"road_id":"R0189","road_type":"residential","road_width":7,"name":"Residential Road 189","ward":"Ward_6","water_depth":49.3,"risk":"Red","risk_label":"Critical","timestamp":"2026-09-10T07:34:50.327251Z"}},{"type":"Feature","geometry":{"type":"LineString","coordinates":[[72.793931,18.944888],[72.793825,18.946595],[72.791959,18.951254],[72.790885,18.950141]]},"properties":{"road_id":"R0190","road_type":"tertiary","road_width":9,"name":"Tertiary Road 190","ward":"Ward_20","water_depth":40.9,"risk":"Red","risk_label":"Critical","timestamp":"2026-09-10T07:34:50.327251Z"}},{"type":"Feature","geometry":{"type":"LineString","coordinates":[[72.893935,19.219099],[72.892067,19.22082],[72.888237,19.218206],[72.88465,19.216939]]},"properties":{"road_id":"R0191","road_type":"secondary","road_width":14,"name":"Secondary Road 191","ward":"Ward_13","water_depth":48.1,"risk":"Red","risk_label":"Critical","timestamp":"2026-09-10T07:34:50.327251Z"}},{"type":"Feature","geometry":{"type":"LineString","coordinates":[[72.88285,19.054935],[72.887157,19.059126],[72.883825,19.055859]]},"properties":{"road_id":"R0192","road_type":"residential","road_width":6,"name":"Residential Road 192","ward":"Ward_20","water_depth":49.6,"risk":"Red","risk_label":"Critical","timestamp":"2026-09-10T07:34:50.327251Z"}},{"type":"Feature","geometry":{"type":"LineString","coordinates":[[72.871768,19.2317],[72.870607,19.228651],[72.872138,19.229267],[72.872055,19.228358]]},"properties":{"road_id":"R0193","road_type":"primary","road_width":19,"name":"Primary Road 193","ward":"Ward_3","water_depth":32.7,"risk":"Red","risk_label":"Critical","timestamp":"2026-09-10T07:34:50.327251Z"}},{"type":"Feature","geometry":{"type":"LineString","coordinates":[[72.827719,18.980994],[72.824401,18.98137],[72.826826,18.980943]]},"properties":{"road_id":"R0194","road_type":"primary","road_width":18,"name":"Primary Road 194","ward":"Ward_19","water_depth":47.2,"risk":"Red","risk_label":"Critical","timestamp":"2026-09-10T07:34:50.327251Z"}},{"type":"Feature","geometry":{"type":"LineString","coordinates":[[72.942889,19.164543],[72.946115,19.163212],[72.948305,19.158628],[72.953203,19.159091]]},"properties":{"road_id":"R0195","road_type":"primary","road_width":19,"name":"Primary Road 195","ward":"Ward_10","water_depth":32.7,"risk":"Red","risk_label":"Critical","timestamp":"2026-09-10T07:34:50.327251Z"}},{"type":"Feature","geometry":{"type":"LineString","coordinates":[[72.951062,18.96987],[72.954715,18.96574],[72.957834,18.961913],[72.96021,18.959012],[72.96382,18.960904]]},"properties":{"road_id":"R0196","road_type":"primary","road_width":22,"name":"Primary Road 196","ward":"Ward_5","water_depth":26.1,"risk":"Orange","risk_label":"Warning","timestamp":"2026-09-10T07:34:50.327251Z"}},{"type":"Feature","geometry":{"type":"LineString","coordinates":[[72.889716,19.176067],[72.890684,19.17639],[72.895474,19.173074]]},"properties":{"road_id":"R0197","road_type":"secondary","road_width":14,"name":"Secondary Road 197","ward":"Ward_22","water_depth":30.9,"risk":"Red","risk_label":"Critical","timestamp":"2026-09-10T07:34:50.327251Z"}},{"type":"Feature","geometry":{"type":"LineString","coordinates":[[72.934995,19.235853],[72.93992,19.240041],[72.936189,19.243712]]},"properties":{"road_id":"R0198","road_type":"primary","road_width":20,"name":"Primary Road 198","ward":"Ward_8","water_depth":32.4,"risk":"Red","risk_label":"Critical","timestamp":"2026-09-10T07:34:50.327251Z"}},{"type":"Feature","geometry":{"type":"LineString","coordinates":[[72.902804,18.924025],[72.901556,18.925303],[72.904502,18.921059],[72.903531,18.923747],[72.905478,18.926245]]},"properties":{"road_id":"R0199","road_type":"residential","road_width":6,"name":"Residential Road 199","ward":"Ward_11","water_depth":28.8,"risk":"Orange","risk_label":"Warning","timestamp":"2026-09-10T07:34:50.327251Z"}},{"type":"Feature","geometry":{"type":"LineString","coordinates":[[72.866274,19.147754],[72.864857,19.149396]]},"properties":{"road_id":"R0200","road_type":"primary","road_width":19,"name":"Primary Road 200","ward":"Ward_14","water_depth":34.5,"risk":"Red","risk_label":"Critical","timestamp":"2026-09-10T07:34:50.327251Z"}},{"type":"Feature","geometry":{"type":"LineString","coordinates":[[72.943952,18.972044],[72.944731,18.970422],[72.944585,18.971083],[72.94641,18.96952],[72.942406,18.965004]]},"properties":{"road_id":"R0201","road_type":"secondary","road_width":10,"name":"Secondary Road 201","ward":"Ward_6","water_depth":32.2,"risk":"Red","risk_label":"Critical","timestamp":"2026-09-10T07:34:50.327251Z"}},{"type":"Feature","geometry":{"type":"LineString","coordinates":[[72.971187,18.870257],[72.973073,18.87],[72.974573,18.87],[72.9789,18.87],[72.980446,18.87]]},"properties":{"road_id":"R0202","road_type":"residential","road_width":4,"name":"Residential Road 202","ward":"Ward_2","water_depth":25.9,"risk":"Orange","risk_label":"Warning","timestamp":"2026-09-10T07:34:50.327251Z"}},{"type":"Feature","geometry":{"type":"LineString","coordinates":[[72.928599,19.145876],[72.924511,19.145168],[72.921645,19.14112],[72.922582,19.136899]]},"properties":{"road_id":"R0203","road_type":"residential","road_width":3,"name":"Residential Road 203","ward":"Ward_23","water_depth":26.9,"risk":"Orange","risk_label":"Warning","timestamp":"2026-09-10T07:34:50.327251Z"}},{"type":"Feature","geometry":{"type":"LineString","coordinates":[[72.858686,19.245499],[72.854394,19.241821]]},"properties":{"road_id":"R0204","road_type":"tertiary","road_width":6,"name":"Tertiary Road 204","ward":"Ward_4","water_depth":38.8,"risk":"Red","risk_label":"Critical","timestamp":"2026-09-10T07:34:50.327251Z"}},{"type":"Feature","geometry":{"type":"LineString","coordinates":[[72.798797,19.204776],[72.801329,19.20751],[72.806258,19.203842],[72.806563,19.20027]]},"properties":{"road_id":"R0205","road_type":"tertiary","road_width":9,"name":"Tertiary Road 205","ward":"Ward_12","water_depth":52.6,"risk":"Red","risk_label":"Critical","timestamp":"2026-09-10T07:34:50.327251Z"}},{"type":"Feature","geometry":{"type":"LineString","coordinates":[[72.899376,19.21956],[72.896548,19.218984],[72.892949,19.22295]]},"properties":{"road_id":"R0206","road_type":"secondary","road_width":12,"name":"Secondary Road 206","ward":"Ward_14","water_depth":41.9,"risk":"Red","risk_label":"Critical","timestamp":"2026-09-10T07:34:50.327251Z"}},{"type":"Feature","geometry":{"type":"LineString","coordinates":[[72.90537,18.964159],[72.90638,18.96164],[72.90423,18.963852]]},"properties":{"road_id":"R0207","road_type":"tertiary","road_width":8,"name":"Tertiary Road 207","ward":"Ward_7","water_depth":30.7,"risk":"Red","risk_label":"Critical","timestamp":"2026-09-10T07:34:50.327251Z"}},{"type":"Feature","geometry":{"type":"LineString","coordinates":[[72.78146,18.982306],[72.786006,18.986285],[72.782134,18.986234],[72.783073,18.98623],[72.78785,18.986513]]},"properties":{"road_id":"R0208","road_type":"secondary","road_width":11,"name":"Secondary Road 208","ward":"Ward_13","water_depth":45.3,"risk":"Red","risk_label":"Critical","timestamp":"2026-09-10T07:34:50.327251Z"}},{"type":"Feature","geometry":{"type":"LineString","coordinates":[[72.806282,19.077615],[72.811155,19.077326],[72.812029,19.073055],[72.809186,19.068193]]},"properties":{"road_id":"R0209","road_type":"residential","road_width":6,"name":"Residential Road 209","ward":"Ward_17","water_depth":51.2,"risk":"Red","risk_label":"Critical","timestamp":"2026-09-10T07:34:50.327251Z"}},{"type":"Feature","geometry":{"type":"LineString","coordinates":[[72.854478,19.030959],[72.854855,19.032364],[72.850691,19.028891],[72.8549,19.024681],[72.851454,19.029424]]},"properties":{"road_id":"R0210","road_type":"tertiary","road_width":6,"name":"Tertiary Road 210","ward":"Ward_10","water_depth":51.2,"risk":"Red","risk_label":"Critical","timestamp":"2026-09-10T07:34:50.327251Z"}},{"type":"Feature","geometry":{"type":"LineString","coordinates":[[72.788105,18.892004],[72.787638,18.891349],[72.785731,18.892437]]},"properties":{"road_id":"R0211","road_type":"residential","road_width":3,"name":"Residential Road 211","ward":"Ward_1","water_depth":51.4,"risk":"Red","risk_label":"Critical","timestamp":"2026-09-10T07:34:50.327251Z"}},{"type":"Feature","geometry":{"type":"LineString","coordinates":[[72.970133,18.932256],[72.972963,18.932486]]},"properties":{"road_id":"R0212","road_type":"secondary","road_width":11,"name":"Secondary Road 212","ward":"Ward_24","water_depth":24.0,"risk":"Orange","risk_label":"Warning","timestamp":"2026-09-10T07:34:50.327251Z"}},{"type":"Feature","geometry":{"type":"LineString","coordinates":[[72.776165,19.163144],[72.773885,19.166215]]},"properties":{"road_id":"R0213","road_type":"tertiary","road_width":10,"name":"Tertiary Road 213","ward":"Ward_21","water_depth":49.7,"risk":"Red","risk_label":"Critical","timestamp":"2026-09-10T07:34:50.327251Z"}},{"type":"Feature","geometry":{"type":"LineString","coordinates":[[72.845626,19.042975],[72.846295,19.042971],[72.843846,19.041648],[72.844585,19.037677],[72.841869,19.039905]]},"properties":{"road_id":"R0214","road_type":"primary","road_width":18,"name":"Primary Road 214","ward":"Ward_8","water_depth":46.6,"risk":"Red","risk_label":"Critical","timestamp":"2026-09-10T07:34:50.327251Z"}},{"type":"Feature","geometry":{"type":"LineString","coordinates":[[72.963248,19.008311],[72.967851,19.005101],[72.970882,19.000454],[72.972439,19.002595],[72.969922,18.99984]]},"properties":{"road_id":"R0215","road_type":"primary","road_width":18,"name":"Primary Road 215","ward":"Ward_19","water_depth":43.0,"risk":"Red","risk_label":"Critical","timestamp":"2026-09-10T07:34:50.327251Z"}},{"type":"Feature","geometry":{"type":"LineString","coordinates":[[72.959408,19.060776],[72.962451,19.057569]]},"properties":{"road_id":"R0216","road_type":"tertiary","road_width":6,"name":"Tertiary Road 216","ward":"Ward_15","water_depth":27.4,"risk":"Orange","risk_label":"Warning","timestamp":"2026-09-10T07:34:50.327251Z"}},{"type":"Feature","geometry":{"type":"LineString","coordinates":[[72.886149,18.994374],[72.883156,18.989454],[72.881195,18.990092],[72.880834,18.991319]]},"properties":{"road_id":"R0217","road_type":"tertiary","road_width":7,"name":"Tertiary Road 217","ward":"Ward_24","water_depth":50.8,"risk":"Red","risk_label":"Critical","timestamp":"2026-09-10T07:34:50.327251Z"}},{"type":"Feature","geometry":{"type":"LineString","coordinates":[[72.856108,18.872424],[72.854572,18.87],[72.858344,18.873396]]},"properties":{"road_id":"R0218","road_type":"secondary","road_width":13,"name":"Secondary Road 218","ward":"Ward_24","water_depth":49.8,"risk":"Red","risk_label":"Critical","timestamp":"2026-09-10T07:34:50.327251Z"}},{"type":"Feature","geometry":{"type":"LineString","coordinates":[[72.976454,18.947974],[72.981066,18.947172]]},"properties":{"road_id":"R0219","road_type":"tertiary","road_width":8,"name":"Tertiary Road 219","ward":"Ward_3","water_depth":25.3,"risk":"Orange","risk_label":"Warning","timestamp":"2026-09-10T07:34:50.327251Z"}},{"type":"Feature","geometry":{"type":"LineString","coordinates":[[72.879149,19.210969],[72.877874,19.212978],[72.873723,19.217723]]},"properties":{"road_id":"R0220","road_type":"primary","road_width":21,"name":"Primary Road 220","ward":"Ward_3","water_depth":49.4,"risk":"Red","risk_label":"Critical","timestamp":"2026-09-10T07:34:50.327251Z"}},{"type":"Feature","geometry":{"type":"LineString","coordinates":[[72.797449,19.121729],[72.800958,19.119645],[72.799887,19.123906],[72.79815,19.127225],[72.795486,19.126752]]},"properties":{"road_id":"R0221","road_type":"primary","road_width":22,"name":"Primary Road 221","ward":"Ward_4","water_depth":42.3,"risk":"Red","risk_label":"Critical","timestamp":"2026-09-10T07:34:50.327251Z"}},{"type":"Feature","geometry":{"type":"LineString","coordinates":[[72.867872,18.932462],[72.868231,18.931528]]},"properties":{"road_id":"R0222","road_type":"secondary","road_width":12,"name":"Secondary Road 222","ward":"Ward_15","water_depth":30.8,"risk":"Red","risk_label":"Critical","timestamp":"2026-09-10T07:34:50.327251Z"}},{"type":"Feature","geometry":{"type":"LineString","coordinates":[[72.939595,18.90436],[72.941642,18.902402]]},"properties":{"road_id":"R0223","road_type":"tertiary","road_width":8,"name":"Tertiary Road 223","ward":"Ward_5","water_depth":30.0,"risk":"Orange","risk_label":"Warning","timestamp":"2026-09-10T07:34:50.327251Z"}},{"type":"Feature","geometry":{"type":"LineString","coordinates":[[72.853211,19.237992],[72.8512,19.233482],[72.847938,19.236682]]},"properties":{"road_id":"R0224","road_type":"primary","road_width":22,"name":"Primary Road 224","ward":"Ward_24","water_depth":40.0,"risk":"Red","risk_label":"Critical","timestamp":"2026-09-10T07:34:50.327251Z"}},{"type":"Feature","geometry":{"type":"LineString","coordinates":[[72.938818,19.045576],[72.933938,19.041974]]},"properties":{"road_id":"R0225","road_type":"secondary","road_width":11,"name":"Secondary Road 225","ward":"Ward_7","water_depth":32.9,"risk":"Red","risk_label":"Critical","timestamp":"2026-09-10T07:34:50.327251Z"}},{"type":"Feature","geometry":{"type":"LineString","coordinates":[[72.966891,19.130788],[72.967752,19.126629],[72.963502,19.130803],[72.960479,19.135775]]},"properties":{"road_id":"R0226","road_type":"residential","road_width":3,"name":"Residential Road 226","ward":"Ward_11","water_depth":40.5,"risk":"Red","risk_label":"Critical","timestamp":"2026-09-10T07:34:50.327251Z"}},{"type":"Feature","geometry":{"type":"LineString","coordinates":[[72.780634,19.228067],[72.779965,19.232308]]},"properties":{"road_id":"R0227","road_type":"primary","road_width":21,"name":"Primary Road 227","ward":"Ward_22","water_depth":41.3,"risk":"Red","risk_label":"Critical","timestamp":"2026-09-10T07:34:50.327251Z"}},{"type":"Feature","geometry":{"type":"LineString","coordinates":[[72.960744,19.004498],[72.960204,19.002248],[72.961345,18.998735]]},"properties":{"road_id":"R0228","road_type":"residential","road_width":6,"name":"Residential Road 228","ward":"Ward_14","water_depth":34.4,"risk":"Red","risk_label":"Critical","timestamp":"2026-09-10T07:34:50.327251Z"}},{"type":"Feature","geometry":{"type":"LineString","coordinates":[[72.850433,18.903334],[72.85186,18.902527]]},"properties":{"road_id":"R0229","road_type":"residential","road_width":7,"name":"Residential Road 229","ward":"Ward_1","water_depth":30.0,"risk":"Orange","risk_label":"Warning","timestamp":"2026-09-10T07:34:50.327251Z"}},{"type":"Feature","geometry":{"type":"LineString","coordinates":[[72.934101,19.05228],[72.934758,19.05072],[72.932462,19.048936],[72.933433,19.044197]]},"properties":{"road_id":"R0230","road_type":"residential","road_width":5,"name":"Residential Road 230","ward":"Ward_2","water_depth":33.2,"risk":"Red","risk_label":"Critical","timestamp":"2026-09-10T07:34:50.327251Z"}},{"type":"Feature","geometry":{"type":"LineString","coordinates":[[72.979917,19.1614],[72.975919,19.16614],[72.973584,19.167708],[72.977756,19.170871]]},"properties":{"road_id":"R0231","road_type":"residential","road_width":4,"name":"Residential Road 231","ward":"Ward_19","water_depth":33.8,"risk":"Red","risk_label":"Critical","timestamp":"2026-09-10T07:34:50.327251Z"}},{"type":"Feature","geometry":{"type":"LineString","coordinates":[[72.978224,19.225378],[72.975589,19.222115],[72.97797,19.220295],[72.978886,19.218883]]},"properties":{"road_id":"R0232","road_type":"residential","road_width":7,"name":"Residential Road 232","ward":"Ward_19","water_depth":25.7,"risk":"Orange","risk_label":"Warning","timestamp":"2026-09-10T07:34:50.327251Z"}},{"type":"Feature","geometry":{"type":"LineString","coordinates":[[72.940184,19.187945],[72.940605,19.192649],[72.935985,19.189404]]},"properties":{"road_id":"R0233","road_type":"secondary","road_width":10,"name":"Secondary Road 233","ward":"Ward_17","water_depth":39.6,"risk":"Red","risk_label":"Critical","timestamp":"2026-09-10T07:34:50.327251Z"}},{"type":"Feature","geometry":{"type":"LineString","coordinates":[[72.898968,18.996059],[72.897376,18.999123]]},"properties":{"road_id":"R0234","road_type":"residential","road_width":5,"name":"Residential Road 234","ward":"Ward_2","water_depth":37.1,"risk":"Red","risk_label":"Critical","timestamp":"2026-09-10T07:34:50.327251Z"}},{"type":"Feature","geometry":{"type":"LineString","coordinates":[[72.962617,19.092911],[72.966082,19.095655],[72.970687,19.099262]]},"properties":{"road_id":"R0235","road_type":"primary","road_width":21,"name":"Primary Road 235","ward":"Ward_19","water_depth":31.4,"risk":"Red","risk_label":"Critical","timestamp":"2026-09-10T07:34:50.327251Z"}},{"type":"Feature","geometry":{"type":"LineString","coordinates":[[72.798655,18.984671],[72.803142,18.981246],[72.807748,18.984164],[72.80449,18.985656]]},"properties":{"road_id":"R0236","road_type":"primary","road_width":22,"name":"Primary Road 236","ward":"Ward_12","water_depth":53.2,"risk":"Red","risk_label":"Critical","timestamp":"2026-09-10T07:34:50.327251Z"}},{"type":"Feature","geometry":{"type":"LineString","coordinates":[[72.924139,19.013786],[72.920916,19.011731],[72.922936,19.006749]]},"properties":{"road_id":"R0237","road_type":"secondary","road_width":14,"name":"Secondary Road 237","ward":"Ward_2","water_depth":43.0,"risk":"Red","risk_label":"Critical","timestamp":"2026-09-10T07:34:50.327251Z"}},{"type":"Feature","geometry":{"type":"LineString","coordinates":[[72.973182,19.219995],[72.973837,19.217203],[72.970244,19.22157],[72.967624,19.224024]]},"properties":{"road_id":"R0238","road_type":"secondary","road_width":10,"name":"Secondary Road 238","ward":"Ward_23","water_depth":39.5,"risk":"Red","risk_label":"Critical","timestamp":"2026-09-10T07:34:50.327251Z"}},{"type":"Feature","geometry":{"type":"LineString","coordinates":[[72.814034,18.87433],[72.812539,18.876262],[72.814743,18.879132],[72.814125,18.874614],[72.810788,18.87381]]},"properties":{"road_id":"R0239","road_type":"tertiary","road_width":8,"name":"Tertiary Road 239","ward":"Ward_18","water_depth":44.6,"risk":"Red","risk_label":"Critical","timestamp":"2026-09-10T07:34:50.327251Z"}},{"type":"Feature","geometry":{"type":"LineString","coordinates":[[72.935633,19.184947],[72.938216,19.185727]]},"properties":{"road_id":"R0240","road_type":"residential","road_width":3,"name":"Residential Road 240","ward":"Ward_10","water_depth":37.1,"risk":"Red","risk_label":"Critical","timestamp":"2026-09-10T07:34:50.327251Z"}},{"type":"Feature","geometry":{"type":"LineString","coordinates":[[72.791992,18.969229],[72.795872,18.967647],[72.791622,18.964256],[72.796402,18.968674]]},"properties":{"road_id":"R0241","road_type":"primary","road_width":21,"name":"Primary Road 241","ward":"Ward_23","water_depth":45.1,"risk":"Red","risk_label":"Critical","timestamp":"2026-09-10T07:34:50.327251Z"}},{"type":"Feature","geometry":{"type":"LineString","coordinates":[[72.804649,19.228128],[72.80122,19.232026],[72.798276,19.228038],[72.800248,19.224938],[72.802548,19.227158]]},"properties":{"road_id":"R0242","road_type":"primary","road_width":19,"name":"Primary Road 242","ward":"Ward_4","water_depth":53.1,"risk":"Red","risk_label":"Critical","timestamp":"2026-09-10T07:34:50.327251Z"}},{"type":"Feature","geometry":{"type":"LineString","coordinates":[[72.946369,19.087273],[72.944978,19.083808],[72.942923,19.083084],[72.943925,19.084705],[72.939183,19.081701]]},"properties":{"road_id":"R0243","road_type":"primary","road_width":18,"name":"Primary Road 243","ward":"Ward_16","water_depth":30.8,"risk":"Red","risk_label":"Critical","timestamp":"2026-09-10T07:34:50.327251Z"}},{"type":"Feature","geometry":{"type":"LineString","coordinates":[[72.868898,19.168253],[72.866548,19.172202],[72.865424,19.173621],[72.864238,19.172331]]},"properties":{"road_id":"R0244","road_type":"primary","road_width":21,"name":"Primary Road 244","ward":"Ward_15","water_depth":42.0,"risk":"Red","risk_label":"Critical","timestamp":"2026-09-10T07:34:50.327251Z"}},{"type":"Feature","geometry":{"type":"LineString","coordinates":[[72.888492,19.18809],[72.890456,19.184601],[72.892138,19.180568]]},"properties":{"road_id":"R0245","road_type":"tertiary","road_width":10,"name":"Tertiary Road 245","ward":"Ward_8","water_depth":35.8,"risk":"Red","risk_label":"Critical","timestamp":"2026-09-10T07:34:50.327251Z"}},{"type":"Feature","geometry":{"type":"LineString","coordinates":[[72.857913,19.180994],[72.861582,19.181349],[72.865398,19.181097],[72.861188,19.18086],[72.863331,19.184888]]},"properties":{"road_id":"R0246","road_type":"primary","road_width":22,"name":"Primary Road 246","ward":"Ward_22","water_depth":38.2,"risk":"Red","risk_label":"Critical","timestamp":"2026-09-10T07:34:50.327251Z"}},{"type":"Feature","geometry":{"type":"LineString","coordinates":[[72.864298,19.230717],[72.86097,19.235207]]},"properties":{"road_id":"R0247","road_type":"secondary","road_width":10,"name":"Secondary Road 247","ward":"Ward_14","water_depth":34.7,"risk":"Red","risk_label":"Critical","timestamp":"2026-09-10T07:34:50.327251Z"}},{"type":"Feature","geometry":{"type":"LineString","coordinates":[[72.942738,18.946729],[72.943689,18.943208],[72.94596,18.941406],[72.94183,18.944479],[72.942351,18.945043]]},"properties":{"road_id":"R0248","road_type":"primary","road_width":18,"name":"Primary Road 248","ward":"Ward_23","water_depth":34.5,"risk":"Red","risk_label":"Critical","timestamp":"2026-09-10T07:34:50.327251Z"}},{"type":"Feature","geometry":{"type":"LineString","coordinates":[[72.801122,19.027488],[72.803706,19.028367]]},"properties":{"road_id":"R0249","road_type":"residential","road_width":7,"name":"Residential Road 249","ward":"Ward_4","water_depth":34.8,"risk":"Red","risk_label":"Critical","timestamp":"2026-09-10T07:34:50.327251Z"}},{"type":"Feature","geometry":{"type":"LineString","coordinates":[[72.825469,19.2036],[72.826189,19.205147],[72.822911,19.204878],[72.824093,19.203908]]},"properties":{"road_id":"R0250","road_type":"tertiary","road_width":9,"name":"Tertiary Road 250","ward":"Ward_11","water_depth":43.3,"risk":"Red","risk_label":"Critical","timestamp":"2026-09-10T07:34:50.327251Z"}},{"type":"Feature","geometry":{"type":"LineString","coordinates":[[72.963375,19.153385],[72.958578,19.157355]]},"properties":{"road_id":"R0251","road_type":"secondary","road_width":12,"name":"Secondary Road 251","ward":"Ward_16","water_depth":36.9,"risk":"Red","risk_label":"Critical","timestamp":"2026-09-10T07:34:50.327251Z"}},{"type":"Feature","geometry":{"type":"LineString","coordinates":[[72.974586,18.921066],[72.977844,18.920498],[72.977012,18.918192]]},"properties":{"road_id":"R0252","road_type":"primary","road_width":19,"name":"Primary Road 252","ward":"Ward_14","water_depth":32.7,"risk":"Red","risk_label":"Critical","timestamp":"2026-09-10T07:34:50.327251Z"}},{"type":"Feature","geometry":{"type":"LineString","coordinates":[[72.878207,19.181987],[72.876318,19.178576],[72.872674,19.178644],[72.876468,19.182157]]},"properties":{"road_id":"R0253","road_type":"residential","road_width":4,"name":"Residential Road 253","ward":"Ward_2","water_depth":28.5,"risk":"Orange","risk_label":"Warning","timestamp":"2026-09-10T07:34:50.327251Z"}},{"type":"Feature","geometry":{"type":"LineString","coordinates":[[72.962787,19.04345],[72.960526,19.045497]]},"properties":{"road_id":"R0254","road_type":"secondary","road_width":10,"name":"Secondary Road 254","ward":"Ward_22","water_depth":24.6,"risk":"Orange","risk_label":"Warning","timestamp":"2026-09-10T07:34:50.327251Z"}},{"type":"Feature","geometry":{"type":"LineString","coordinates":[[72.894749,19.011537],[72.898454,19.008313],[72.896952,19.009182]]},"properties":{"road_id":"R0255","road_type":"primary","road_width":18,"name":"Primary Road 255","ward":"Ward_10","water_depth":38.8,"risk":"Red","risk_label":"Critical","timestamp":"2026-09-10T07:34:50.327251Z"}},{"type":"Feature","geometry":{"type":"LineString","coordinates":[[72.949302,18.888867],[72.946446,18.891666],[72.943697,18.888879],[72.945213,18.885947],[72.948859,18.886079]]},"properties":{"road_id":"R0256","road_type":"primary","road_width":21,"name":"Primary Road 256","ward":"Ward_5","water_depth":37.9,"risk":"Red","risk_label":"Critical","timestamp":"2026-09-10T07:34:50.327251Z"}},{"type":"Feature","geometry":{"type":"LineString","coordinates":[[72.897752,18.955033],[72.89988,18.959463]]},"properties":{"road_id":"R0257","road_type":"secondary","road_width":13,"name":"Secondary Road 257","ward":"Ward_12","water_depth":28.4,"risk":"Orange","risk_label":"Warning","timestamp":"2026-09-10T07:34:50.327251Z"}},{"type":"Feature","geometry":{"type":"LineString","coordinates":[[72.83345,18.952919],[72.834687,18.953126],[72.82976,18.953971],[72.834425,18.958965]]},"properties":{"road_id":"R0258","road_type":"residential","road_width":7,"name":"Residential Road 258","ward":"Ward_20","water_depth":46.8,"risk":"Red","risk_label":"Critical","timestamp":"2026-09-10T07:34:50.327251Z"}},{"type":"Feature","geometry":{"type":"LineString","coordinates":[[72.871165,19.130077],[72.86893,19.12844],[72.866699,19.126691],[72.871221,19.128252]]},"properties":{"road_id":"R0259","road_type":"tertiary","road_width":10,"name":"Tertiary Road 259","ward":"Ward_8","water_depth":44.0,"risk":"Red","risk_label":"Critical","timestamp":"2026-09-10T07:34:50.327251Z"}},{"type":"Feature","geometry":{"type":"LineString","coordinates":[[72.912959,19.121002],[72.914513,19.123214],[72.912107,19.128189],[72.91099,19.127375],[72.91307,19.122728]]},"properties":{"road_id":"R0260","road_type":"primary","road_width":19,"name":"Primary Road 260","ward":"Ward_22","water_depth":36.5,"risk":"Red","risk_label":"Critical","timestamp":"2026-09-10T07:34:50.327251Z"}},{"type":"Feature","geometry":{"type":"LineString","coordinates":[[72.947538,19.06278],[72.951303,19.066186],[72.947279,19.062997],[72.944866,19.059277]]},"properties":{"road_id":"R0261","road_type":"residential","road_width":4,"name":"Residential Road 261","ward":"Ward_22","water_depth":36.7,"risk":"Red","risk_label":"Critical","timestamp":"2026-09-10T07:34:50.327251Z"}},{"type":"Feature","geometry":{"type":"LineString","coordinates":[[72.816899,18.954456],[72.816104,18.958171]]},"properties":{"road_id":"R0262","road_type":"tertiary","road_width":10,"name":"Tertiary Road 262","ward":"Ward_10","water_depth":42.6,"risk":"Red","risk_label":"Critical","timestamp":"2026-09-10T07:34:50.327251Z"}},{"type":"Feature","geometry":{"type":"LineString","coordinates":[[72.951943,19.048804],[72.956386,19.04964]]},"properties":{"road_id":"R0263","road_type":"residential","road_width":7,"name":"Residential Road 263","ward":"Ward_4","water_depth":33.6,"risk":"Red","risk_label":"Critical","timestamp":"2026-09-10T07:34:50.327251Z"}},{"type":"Feature","geometry":{"type":"LineString","coordinates":[[72.952878,19.026981],[72.957802,19.023489],[72.962674,19.021915],[72.96754,19.025844]]},"properties":{"road_id":"R0264","road_type":"residential","road_width":4,"name":"Residential Road 264","ward":"Ward_3","water_depth":30.4,"risk":"Red","risk_label":"Critical","timestamp":"2026-09-10T07:34:50.327251Z"}},{"type":"Feature","geometry":{"type":"LineString","coordinates":[[72.807133,19.109792],[72.80218,19.111137],[72.804792,19.108873],[72.807437,19.105559]]},"properties":{"road_id":"R0265","road_type":"residential","road_width":3,"name":"Residential Road 265","ward":"Ward_5","water_depth":34.7,"risk":"Red","risk_label":"Critical","timestamp":"2026-09-10T07:34:50.327251Z"}},{"type":"Feature","geometry":{"type":"LineString","coordinates":[[72.972719,19.02329],[72.968096,19.022123],[72.966827,19.019117],[72.965049,19.014258],[72.961955,19.01759]]},"properties":{"road_id":"R0266","road_type":"residential","road_width":4,"name":"Residential Road 266","ward":"Ward_8","water_depth":30.4,"risk":"Red","risk_label":"Critical","timestamp":"2026-09-10T07:34:50.327251Z"}},{"type":"Feature","geometry":{"type":"LineString","coordinates":[[72.850546,18.918994],[72.847216,18.91988],[72.845198,18.923119],[72.847476,18.921027]]},"properties":{"road_id":"R0267","road_type":"tertiary","road_width":7,"name":"Tertiary Road 267","ward":"Ward_11","water_depth":41.0,"risk":"Red","risk_label":"Critical","timestamp":"2026-09-10T07:34:50.327251Z"}},{"type":"Feature","geometry":{"type":"LineString","coordinates":[[72.804626,19.155044],[72.807746,19.159113],[72.804989,19.154304],[72.802101,19.159153]]},"properties":{"road_id":"R0268","road_type":"residential","road_width":3,"name":"Residential Road 268","ward":"Ward_12","water_depth":51.4,"risk":"Red","risk_label":"Critical","timestamp":"2026-09-10T07:34:50.327251Z"}},{"type":"Feature","geometry":{"type":"LineString","coordinates":[[72.823716,19.203087],[72.819202,19.203434],[72.820821,19.208381],[72.816019,19.209917],[72.815186,19.211814]]},"properties":{"road_id":"R0269","road_type":"primary","road_width":21,"name":"Primary Road 269","ward":"Ward_23","water_depth":51.9,"risk":"Red","risk_label":"Critical","timestamp":"2026-09-10T07:34:50.327251Z"}},{"type":"Feature","geometry":{"type":"LineString","coordinates":[[72.902365,19.134173],[72.903982,19.132184],[72.901682,19.133809]]},"properties":{"road_id":"R0270","road_type":"secondary","road_width":10,"name":"Secondary Road 270","ward":"Ward_17","water_depth":36.5,"risk":"Red","risk_label":"Critical","timestamp":"2026-09-10T07:34:50.327251Z"}},{"type":"Feature","geometry":{"type":"LineString","coordinates":[[72.792315,18.913325],[72.789313,18.910311],[72.789544,18.907941],[72.791579,18.904958]]},"properties":{"road_id":"R0271","road_type":"primary","road_width":21,"name":"Primary Road 271","ward":"Ward_7","water_depth":51.2,"risk":"Red","risk_label":"Critical","timestamp":"2026-09-10T07:34:50.327251Z"}},{"type":"Feature","geometry":{"type":"LineString","coordinates":[[72.772677,18.959112],[72.77,18.955002],[72.77,18.955744],[72.772795,18.960238]]},"properties":{"road_id":"R0272","road_type":"residential","road_width":5,"name":"Residential Road 272","ward":"Ward_21","water_depth":51.2,"risk":"Red","risk_label":"Critical","timestamp":"2026-09-10T07:34:50.327251Z"}},{"type":"Feature","geometry":{"type":"LineString","coordinates":[[72.832165,19.245693],[72.828163,19.245336],[72.823557,19.242083],[72.826573,19.239989],[72.828959,19.238116]]},"properties":{"road_id":"R0273","road_type":"secondary","road_width":10,"name":"Secondary Road 273","ward":"Ward_1","water_depth":44.8,"risk":"Red","risk_label":"Critical","timestamp":"2026-09-10T07:34:50.327251Z"}},{"type":"Feature","geometry":{"type":"LineString","coordinates":[[72.957851,18.994891],[72.955534,18.999442],[72.95426,19.001773]]},"properties":{"road_id":"R0274","road_type":"secondary","road_width":13,"name":"Secondary Road 274","ward":"Ward_15","water_depth":27.4,"risk":"Orange","risk_label":"Warning","timestamp":"2026-09-10T07:34:50.327251Z"}},{"type":"Feature","geometry":{"type":"LineString","coordinates":[[72.870431,19.132163],[72.874293,19.13138],[72.870618,19.128048],[72.875433,19.130312],[72.871471,19.133756]]},"properties":{"road_id":"R0275","road_type":"tertiary","road_width":10,"name":"Tertiary Road 275","ward":"Ward_22","water_depth":48.8,"risk":"Red","risk_label":"Critical","timestamp":"2026-09-10T07:34:50.327251Z"}},{"type":"Feature","geometry":{"type":"LineString","coordinates":[[72.933625,19.102303],[72.93725,19.103416],[72.939523,19.107216]]},"properties":{"road_id":"R0276","road_type":"residential","road_width":6,"name":"Residential Road 276","ward":"Ward_4","water_depth":40.0,"risk":"Red","risk_label":"Critical","timestamp":"2026-09-10T07:34:50.327251Z"}},{"type":"Feature","geometry":{"type":"LineString","coordinates":[[72.824939,18.887469],[72.826984,18.885612],[72.82966,18.887391],[72.83031,18.888158],[72.832008,18.892937]]},"properties":{"road_id":"R0277","road_type":"residential","road_width":7,"name":"Residential Road 277","ward":"Ward_4","water_depth":46.3,"risk":"Red","risk_label":"Critical","timestamp":"2026-09-10T07:34:50.327251Z"}},{"type":"Feature","geometry":{"type":"LineString","coordinates":[[72.909379,19.053133],[72.905866,19.054547],[72.909786,19.057812]]},"properties":{"road_id":"R0278","road_type":"residential","road_width":4,"name":"Residential Road 278","ward":"Ward_17","water_depth":32.5,"risk":"Red","risk_label":"Critical","timestamp":"2026-09-10T07:34:50.327251Z"}},{"type":"Feature","geometry":{"type":"LineString","coordinates":[[72.785722,19.200378],[72.783131,19.200294],[72.778634,19.204996],[72.780067,19.202223],[72.777417,19.201256]]},"properties":{"road_id":"R0279","road_type":"residential","road_width":6,"name":"Residential Road 279","ward":"Ward_3","water_depth":43.4,"risk":"Red","risk_label":"Critical","timestamp":"2026-09-10T07:34:50.327251Z"}},{"type":"Feature","geometry":{"type":"LineString","coordinates":[[72.975941,18.990103],[72.971119,18.992556],[72.966477,18.99159],[72.969736,18.992081],[72.974368,18.994999]]},"properties":{"road_id":"R0280","road_type":"residential","road_width":7,"name":"Residential Road 280","ward":"Ward_7","water_depth":39.6,"risk":"Red","risk_label":"Critical","timestamp":"2026-09-10T07:34:50.327251Z"}},{"type":"Feature","geometry":{"type":"LineString","coordinates":[[72.781398,19.00807],[72.780942,19.005299],[72.78214,19.005901],[72.783712,19.005632]]},"properties":{"road_id":"R0281","road_type":"residential","road_width":4,"name":"Residential Road 281","ward":"Ward_1","water_depth":47.9,"risk":"Red","risk_label":"Critical","timestamp":"2026-09-10T07:34:50.327251Z"}},{"type":"Feature","geometry":{"type":"LineString","coordinates":[[72.972531,19.185356],[72.972751,19.183276],[72.968209,19.185297],[72.964613,19.181938]]},"properties":{"road_id":"R0282","road_type":"tertiary","road_width":6,"name":"Tertiary Road 282","ward":"Ward_9","water_depth":27.5,"risk":"Orange","risk_label":"Warning","timestamp":"2026-09-10T07:34:50.327251Z"}},{"type":"Feature","geometry":{"type":"LineString","coordinates":[[72.948961,18.915883],[72.952206,18.913039],[72.950586,18.909945]]},"properties":{"road_id":"R0283","road_type":"secondary","road_width":14,"name":"Secondary Road 283","ward":"Ward_4","water_depth":29.8,"risk":"Orange","risk_label":"Warning","timestamp":"2026-09-10T07:34:50.327251Z"}},{"type":"Feature","geometry":{"type":"LineString","coordinates":[[72.9708,19.120214],[72.970788,19.11656],[72.966274,19.116864],[72.969662,19.121217],[72.969745,19.121046]]},"properties":{"road_id":"R0284","road_type":"residential","road_width":7,"name":"Residential Road 284","ward":"Ward_6","water_depth":26.0,"risk":"Orange","risk_label":"Warning","timestamp":"2026-09-10T07:34:50.327251Z"}},{"type":"Feature","geometry":{"type":"LineString","coordinates":[[72.896115,19.017214],[72.896156,19.021041]]},"properties":{"road_id":"R0285","road_type":"secondary","road_width":11,"name":"Secondary Road 285","ward":"Ward_9","water_depth":38.6,"risk":"Red","risk_label":"Critical","timestamp":"2026-09-10T07:34:50.327251Z"}},{"type":"Feature","geometry":{"type":"LineString","coordinates":[[72.865098,19.238787],[72.864225,19.235121],[72.866709,19.237121],[72.868724,19.23511]]},"properties":{"road_id":"R0286","road_type":"residential","road_width":7,"name":"Residential Road 286","ward":"Ward_21","water_depth":29.7,"risk":"Orange","risk_label":"Warning","timestamp":"2026-09-10T07:34:50.327251Z"}},{"type":"Feature","geometry":{"type":"LineString","coordinates":[[72.920021,18.949691],[72.924233,18.951557],[72.926337,18.947884]]},"properties":{"road_id":"R0287","road_type":"secondary","road_width":14,"name":"Secondary Road 287","ward":"Ward_23","water_depth":48.0,"risk":"Red","risk_label":"Critical","timestamp":"2026-09-10T07:34:50.327251Z"}},{"type":"Feature","geometry":{"type":"LineString","coordinates":[[72.888079,19.159095],[72.892506,19.159923]]},"properties":{"road_id":"R0288","road_type":"tertiary","road_width":10,"name":"Tertiary Road 288","ward":"Ward_10","water_depth":37.3,"risk":"Red","risk_label":"Critical","timestamp":"2026-09-10T07:34:50.327251Z"}},{"type":"Feature","geometry":{"type":"LineString","coordinates":[[72.775307,19.068637],[72.77701,19.065091]]},"properties":{"road_id":"R0289","road_type":"residential","road_width":4,"name":"Residential Road 289","ward":"Ward_10","water_depth":34.7,"risk":"Red","risk_label":"Critical","timestamp":"2026-09-10T07:34:50.327251Z"}},{"type":"Feature","geometry":{"type":"LineString","coordinates":[[72.915025,19.188965],[72.917561,19.186916],[72.920701,19.18224]]},"properties":{"road_id":"R0290","road_type":"tertiary","road_width":10,"name":"Tertiary Road 290","ward":"Ward_8","water_depth":37.1,"risk":"Red","risk_label":"Critical","timestamp":"2026-09-10T07:34:50.327251Z"}},{"type":"Feature","geometry":{"type":"LineString","coordinates":[[72.937335,19.06415],[72.939264,19.066112],[72.93808,19.061582]]},"properties":{"road_id":"R0291","road_type":"residential","road_width":5,"name":"Residential Road 291","ward":"Ward_18","water_depth":28.3,"risk":"Orange","risk_label":"Warning","timestamp":"2026-09-10T07:34:50.327251Z"}},{"type":"Feature","geometry":{"type":"LineString","coordinates":[[72.812648,19.152595],[72.816253,19.156283]]},"properties":{"road_id":"R0292","road_type":"primary","road_width":20,"name":"Primary Road 292","ward":"Ward_19","water_depth":48.3,"risk":"Red","risk_label":"Critical","timestamp":"2026-09-10T07:34:50.327251Z"}},{"type":"Feature","geometry":{"type":"LineString","coordinates":[[72.807259,18.981788],[72.804129,18.983614],[72.804268,18.980352]]},"properties":{"road_id":"R0293","road_type":"secondary","road_width":14,"name":"Secondary Road 293","ward":"Ward_9","water_depth":53.1,"risk":"Red","risk_label":"Critical","timestamp":"2026-09-10T07:34:50.327251Z"}},{"type":"Feature","geometry":{"type":"LineString","coordinates":[[72.823553,19.091915],[72.82565,19.09022],[72.822187,19.086768]]},"properties":{"road_id":"R0294","road_type":"secondary","road_width":14,"name":"Secondary Road 294","ward":"Ward_22","water_depth":47.2,"risk":"Red","risk_label":"Critical","timestamp":"2026-09-10T07:34:50.327251Z"}},{"type":"Feature","geometry":{"type":"LineString","coordinates":[[72.885534,19.170165],[72.88761,19.165894],[72.89218,19.166148],[72.895043,19.166354],[72.895474,19.162948]]},"properties":{"road_id":"R0295","road_type":"tertiary","road_width":7,"name":"Tertiary Road 295","ward":"Ward_22","water_depth":32.9,"risk":"Red","risk_label":"Critical","timestamp":"2026-09-10T07:34:50.327251Z"}},{"type":"Feature","geometry":{"type":"LineString","coordinates":[[72.815874,19.007103],[72.816178,19.00963],[72.819415,19.014596],[72.814503,19.019407]]},"properties":{"road_id":"R0296","road_type":"tertiary","road_width":10,"name":"Tertiary Road 296","ward":"Ward_20","water_depth":36.8,"risk":"Red","risk_label":"Critical","timestamp":"2026-09-10T07:34:50.327251Z"}},{"type":"Feature","geometry":{"type":"LineString","coordinates":[[72.837397,19.12937],[72.841847,19.133529]]},"properties":{"road_id":"R0297","road_type":"secondary","road_width":12,"name":"Secondary Road 297","ward":"Ward_1","water_depth":36.4,"risk":"Red","risk_label":"Critical","timestamp":"2026-09-10T07:34:50.327251Z"}},{"type":"Feature","geometry":{"type":"LineString","coordinates":[[72.832251,19.054986],[72.830454,19.056501],[72.826414,19.052325],[72.829147,19.057041],[72.830416,19.057373]]},"properties":{"road_id":"R0298","road_type":"tertiary","road_width":7,"name":"Tertiary Road 298","ward":"Ward_22","water_depth":40.1,"risk":"Red","risk_label":"Critical","timestamp":"2026-09-10T07:34:50.327251Z"}},{"type":"Feature","geometry":{"type":"LineString","coordinates":[[72.944037,18.94812],[72.946451,18.951907]]},"properties":{"road_id":"R0299","road_type":"residential","road_width":3,"name":"Residential Road 299","ward":"Ward_24","water_depth":24.9,"risk":"Orange","risk_label":"Warning","timestamp":"2026-09-10T07:34:50.327251Z"}},{"type":"Feature","geometry":{"type":"LineString","coordinates":[[72.83966,19.044506],[72.835203,19.040381]]},"properties":{"road_id":"R0300","road_type":"secondary","road_width":14,"name":"Secondary Road 300","ward":"Ward_8","water_depth":44.1,"risk":"Red","risk_label":"Critical","timestamp":"2026-09-10T07:34:50.327251Z"}},{"type":"Feature","geometry":{"type":"LineString","coordinates":[[72.902346,19.017452],[72.897515,19.016783],[72.897863,19.018516],[72.899046,19.01993],[72.899902,19.022489]]},"properties":{"road_id":"R0301","road_type":"tertiary","road_width":10,"name":"Tertiary Road 301","ward":"Ward_4","water_depth":35.0,"risk":"Red","risk_label":"Critical","timestamp":"2026-09-10T07:34:50.327251Z"}},{"type":"Feature","geometry":{"type":"LineString","coordinates":[[72.829119,19.100495],[72.827933,19.104762],[72.823241,19.107983],[72.82044,19.104546]]},"properties":{"road_id":"R0302","road_type":"tertiary","road_width":10,"name":"Tertiary Road 302","ward":"Ward_10","water_depth":40.6,"risk":"Red","risk_label":"Critical","timestamp":"2026-09-10T07:34:50.327251Z"}},{"type":"Feature","geometry":{"type":"LineString","coordinates":[[72.961975,19.12737],[72.964269,19.13032],[72.968763,19.129051],[72.969314,19.129587]]},"properties":{"road_id":"R0303","road_type":"secondary","road_width":14,"name":"Secondary Road 303","ward":"Ward_13","water_depth":42.1,"risk":"Red","risk_label":"Critical","timestamp":"2026-09-10T07:34:50.327251Z"}},{"type":"Feature","geometry":{"type":"LineString","coordinates":[[72.9257,18.94982],[72.922818,18.952079],[72.926332,18.956136],[72.923172,18.95256]]},"properties":{"road_id":"R0304","road_type":"primary","road_width":18,"name":"Primary Road 304","ward":"Ward_6","water_depth":47.0,"risk":"Red","risk_label":"Critical","timestamp":"2026-09-10T07:34:50.327251Z"}},{"type":"Feature","geometry":{"type":"LineString","coordinates":[[72.78536,19.114976],[72.782867,19.116693],[72.783673,19.113667],[72.782245,19.118183],[72.77959,19.119896]]},"properties":{"road_id":"R0305","road_type":"primary","road_width":19,"name":"Primary Road 305","ward":"Ward_11","water_depth":47.2,"risk":"Red","risk_label":"Critical","timestamp":"2026-09-10T07:34:50.327251Z"}},{"type":"Feature","geometry":{"type":"LineString","coordinates":[[72.908479,18.994772],[72.905003,18.996706],[72.90808,18.997375],[72.904766,19.001961],[72.907623,19.000093]]},"properties":{"road_id":"R0306","road_type":"residential","road_width":5,"name":"Residential Road 306","ward":"Ward_12","water_depth":32.6,"risk":"Red","risk_label":"Critical","timestamp":"2026-09-10T07:34:50.327251Z"}},{"type":"Feature","geometry":{"type":"LineString","coordinates":[[72.867198,19.203597],[72.865253,19.202184],[72.862011,19.202701],[72.865429,19.203767]]},"properties":{"road_id":"R0307","road_type":"secondary","road_width":14,"name":"Secondary Road 307","ward":"Ward_7","water_depth":47.2,"risk":"Red","risk_label":"Critical","timestamp":"2026-09-10T07:34:50.327251Z"}},{"type":"Feature","geometry":{"type":"LineString","coordinates":[[72.957342,19.146422],[72.958658,19.149918]]},"properties":{"road_id":"R0308","road_type":"tertiary","road_width":10,"name":"Tertiary Road 308","ward":"Ward_7","water_depth":40.6,"risk":"Red","risk_label":"Critical","timestamp":"2026-09-10T07:34:50.327251Z"}},{"type":"Feature","geometry":{"type":"LineString","coordinates":[[72.979733,19.076518],[72.982485,19.076239],[72.979718,19.074898],[72.98205,19.077619]]},"properties":{"road_id":"R0309","road_type":"primary","road_width":22,"name":"Primary Road 309","ward":"Ward_3","water_depth":29.9,"risk":"Orange","risk_label":"Warning","timestamp":"2026-09-10T07:34:50.327251Z"}},{"type":"Feature","geometry":{"type":"LineString","coordinates":[[72.909162,19.060824],[72.912228,19.064303],[72.908886,19.065444],[72.908349,19.065585]]},"properties":{"road_id":"R0310","road_type":"residential","road_width":4,"name":"Residential Road 310","ward":"Ward_24","water_depth":23.5,"risk":"Orange","risk_label":"Warning","timestamp":"2026-09-10T07:34:50.327251Z"}},{"type":"Feature","geometry":{"type":"LineString","coordinates":[[72.929909,18.88536],[72.927553,18.882677],[72.929239,18.880017],[72.932153,18.880196]]},"properties":{"road_id":"R0311","road_type":"residential","road_width":3,"name":"Residential Road 311","ward":"Ward_2","water_depth":38.7,"risk":"Red","risk_label":"Critical","timestamp":"2026-09-10T07:34:50.327251Z"}},{"type":"Feature","geometry":{"type":"LineString","coordinates":[[72.879488,19.13742],[72.882837,19.140716]]},"properties":{"road_id":"R0312","road_type":"tertiary","road_width":7,"name":"Tertiary Road 312","ward":"Ward_13","water_depth":51.1,"risk":"Red","risk_label":"Critical","timestamp":"2026-09-10T07:34:50.327251Z"}},{"type":"Feature","geometry":{"type":"LineString","coordinates":[[72.958628,19.093318],[72.956143,19.089096],[72.953372,19.093823],[72.956545,19.092881]]},"properties":{"road_id":"R0313","road_type":"residential","road_width":7,"name":"Residential Road 313","ward":"Ward_1","water_depth":25.0,"risk":"Orange","risk_label":"Warning","timestamp":"2026-09-10T07:34:50.327251Z"}},{"type":"Feature","geometry":{"type":"LineString","coordinates":[[72.786189,18.93293],[72.783304,18.934365],[72.781926,18.931234],[72.778109,18.933407],[72.781221,18.930711]]},"properties":{"road_id":"R0314","road_type":"secondary","road_width":13,"name":"Secondary Road 314","ward":"Ward_16","water_depth":53.2,"risk":"Red","risk_label":"Critical","timestamp":"2026-09-10T07:34:50.327251Z"}},{"type":"Feature","geometry":{"type":"LineString","coordinates":[[72.856289,19.115959],[72.852568,19.113395],[72.848915,19.114319]]},"properties":{"road_id":"R0315","road_type":"secondary","road_width":11,"name":"Secondary Road 315","ward":"Ward_2","water_depth":45.2,"risk":"Red","risk_label":"Critical","timestamp":"2026-09-10T07:34:50.327251Z"}},{"type":"Feature","geometry":{"type":"LineString","coordinates":[[72.878495,19.22053],[72.883187,19.219584],[72.886972,19.220961],[72.890185,19.22324]]},"properties":{"road_id":"R0316","road_type":"secondary","road_width":14,"name":"Secondary Road 316","ward":"Ward_16","water_depth":53.1,"risk":"Red","risk_label":"Critical","timestamp":"2026-09-10T07:34:50.327251Z"}},{"type":"Feature","geometry":{"type":"LineString","coordinates":[[72.856261,18.953358],[72.857088,18.949785],[72.85832,18.95246]]},"properties":{"road_id":"R0317","road_type":"residential","road_width":5,"name":"Residential Road 317","ward":"Ward_15","water_depth":49.2,"risk":"Red","risk_label":"Critical","timestamp":"2026-09-10T07:34:50.327251Z"}},{"type":"Feature","geometry":{"type":"LineString","coordinates":[[72.797765,19.01372],[72.797992,19.008886],[72.799836,19.012979]]},"properties":{"road_id":"R0318","road_type":"primary","road_width":19,"name":"Primary Road 318","ward":"Ward_16","water_depth":42.3,"risk":"Red","risk_label":"Critical","timestamp":"2026-09-10T07:34:50.327251Z"}},{"type":"Feature","geometry":{"type":"LineString","coordinates":[[72.908472,18.905412],[72.908865,18.909432]]},"properties":{"road_id":"R0319","road_type":"primary","road_width":21,"name":"Primary Road 319","ward":"Ward_17","water_depth":31.9,"risk":"Red","risk_label":"Critical","timestamp":"2026-09-10T07:34:50.327251Z"}},{"type":"Feature","geometry":{"type":"LineString","coordinates":[[72.916505,19.202433],[72.920889,19.201723],[72.923576,19.201544],[72.926622,19.200049]]},"properties":{"road_id":"R0320","road_type":"residential","road_width":7,"name":"Residential Road 320","ward":"Ward_4","water_depth":37.8,"risk":"Red","risk_label":"Critical","timestamp":"2026-09-10T07:34:50.327251Z"}},{"type":"Feature","geometry":{"type":"LineString","coordinates":[[72.93083,18.966717],[72.926669,18.970818],[72.927106,18.971801]]},"properties":{"road_id":"R0321","road_type":"residential","road_width":3,"name":"Residential Road 321","ward":"Ward_19","water_depth":32.8,"risk":"Red","risk_label":"Critical","timestamp":"2026-09-10T07:34:50.327251Z"}},{"type":"Feature","geometry":{"type":"LineString","coordinates":[[72.813138,19.012511],[72.812226,19.015554]]},"properties":{"road_id":"R0322","road_type":"primary","road_width":22,"name":"Primary Road 322","ward":"Ward_9","water_depth":38.5,"risk":"Red","risk_label":"Critical","timestamp":"2026-09-10T07:34:50.327251Z"}},{"type":"Feature","geometry":{"type":"LineString","coordinates":[[72.898495,19.084575],[72.897469,19.089493],[72.897991,19.08653],[72.894778,19.087105],[72.894615,19.087696]]},"properties":{"road_id":"R0323","road_type":"tertiary","road_width":9,"name":"Tertiary Road 323","ward":"Ward_24","water_depth":34.2,"risk":"Red","risk_label":"Critical","timestamp":"2026-09-10T07:34:50.327251Z"}},{"type":"Feature","geometry":{"type":"LineString","coordinates":[[72.863785,19.154169],[72.860403,19.156163]]},"properties":{"road_id":"R0324","road_type":"secondary","road_width":12,"name":"Secondary Road 324","ward":"Ward_18","water_depth":35.5,"risk":"Red","risk_label":"Critical","timestamp":"2026-09-10T07:34:50.327251Z"}},{"type":"Feature","geometry":{"type":"LineString","coordinates":[[72.903534,19.017859],[72.906767,19.020903],[72.907769,19.02062]]},"properties":{"road_id":"R0325","road_type":"primary","road_width":20,"name":"Primary Road 325","ward":"Ward_3","water_depth":40.8,"risk":"Red","risk_label":"Critical","timestamp":"2026-09-10T07:34:50.327251Z"}},{"type":"Feature","geometry":{"type":"LineString","coordinates":[[72.854135,19.22366],[72.852,19.225222],[72.847575,19.229857],[72.844327,19.232593],[72.839435,19.232537]]},"properties":{"road_id":"R0326","road_type":"primary","road_width":22,"name":"Primary Road 326","ward":"Ward_10","water_depth":39.1,"risk":"Red","risk_label":"Critical","timestamp":"2026-09-10T07:34:50.327251Z"}},{"type":"Feature","geometry":{"type":"LineString","coordinates":[[72.877215,19.167905],[72.878367,19.169889]]},"properties":{"road_id":"R0327","road_type":"secondary","road_width":10,"name":"Secondary Road 327","ward":"Ward_6","water_depth":32.0,"risk":"Red","risk_label":"Critical","timestamp":"2026-09-10T07:34:50.327251Z"}},{"type":"Feature","geometry":{"type":"LineString","coordinates":[[72.844157,19.166276],[72.845018,19.165227],[72.847387,19.165405],[72.843289,19.161091]]},"properties":{"road_id":"R0328","road_type":"primary","road_width":22,"name":"Primary Road 328","ward":"Ward_12","water_depth":40.3,"risk":"Red","risk_label":"Critical","timestamp":"2026-09-10T07:34:50.327251Z"}},{"type":"Feature","geometry":{"type":"LineString","coordinates":[[72.972242,18.955992],[72.971282,18.95554],[72.968032,18.950586],[72.968618,18.950649]]},"properties":{"road_id":"R0329","road_type":"tertiary","road_width":6,"name":"Tertiary Road 329","ward":"Ward_17","water_depth":25.2,"risk":"Orange","risk_label":"Warning","timestamp":"2026-09-10T07:34:50.327251Z"}},{"type":"Feature","geometry":{"type":"LineString","coordinates":[[72.972872,19.133793],[72.975571,19.134425],[72.980184,19.136999],[72.979791,19.136588]]},"properties":{"road_id":"R0330","road_type":"tertiary","road_width":6,"name":"Tertiary Road 330","ward":"Ward_9","water_depth":29.3,"risk":"Orange","risk_label":"Warning","timestamp":"2026-09-10T07:34:50.327251Z"}},{"type":"Feature","geometry":{"type":"LineString","coordinates":[[72.978782,19.110791],[72.976081,19.112561],[72.980635,19.110718],[72.975733,19.110883],[72.973215,19.114205]]},"properties":{"road_id":"R0331","road_type":"primary","road_width":20,"name":"Primary Road 331","ward":"Ward_3","water_depth":24.6,"risk":"Orange","risk_label":"Warning","timestamp":"2026-09-10T07:34:50.327251Z"}},{"type":"Feature","geometry":{"type":"LineString","coordinates":[[72.815899,18.989272],[72.812727,18.990009],[72.817029,18.99247],[72.8194,18.989372],[72.816821,18.986721]]},"properties":{"road_id":"R0332","road_type":"secondary","road_width":11,"name":"Secondary Road 332","ward":"Ward_20","water_depth":52.6,"risk":"Red","risk_label":"Critical","timestamp":"2026-09-10T07:34:50.327251Z"}},{"type":"Feature","geometry":{"type":"LineString","coordinates":[[72.795174,19.165997],[72.799732,19.161781],[72.794799,19.161708]]},"properties":{"road_id":"R0333","road_type":"tertiary","road_width":9,"name":"Tertiary Road 333","ward":"Ward_12","water_depth":52.0,"risk":"Red","risk_label":"Critical","timestamp":"2026-09-10T07:34:50.327251Z"}},{"type":"Feature","geometry":{"type":"LineString","coordinates":[[72.955007,19.211286],[72.952755,19.212031],[72.955397,19.20886],[72.954376,19.208971],[72.950659,19.211473]]},"properties":{"road_id":"R0334","road_type":"tertiary","road_width":10,"name":"Tertiary Road 334","ward":"Ward_2","water_depth":31.9,"risk":"Red","risk_label":"Critical","timestamp":"2026-09-10T07:34:50.327251Z"}},{"type":"Feature","geometry":{"type":"LineString","coordinates":[[72.93294,19.196952],[72.929144,19.196524],[72.9273,19.196706],[72.929041,19.19179],[72.925049,19.190585]]},"properties":{"road_id":"R0335","road_type":"tertiary","road_width":7,"name":"Tertiary Road 335","ward":"Ward_18","water_depth":41.2,"risk":"Red","risk_label":"Critical","timestamp":"2026-09-10T07:34:50.327251Z"}},{"type":"Feature","geometry":{"type":"LineString","coordinates":[[72.971291,18.972375],[72.96813,18.970806],[72.967321,18.970046]]},"properties":{"road_id":"R0336","road_type":"tertiary","road_width":9,"name":"Tertiary Road 336","ward":"Ward_9","water_depth":34.5,"risk":"Red","risk_label":"Critical","timestamp":"2026-09-10T07:34:50.327251Z"}},{"type":"Feature","geometry":{"type":"LineString","coordinates":[[72.975647,19.087136],[72.978789,19.088996],[72.98183,19.091204]]},"properties":{"road_id":"R0337","road_type":"residential","road_width":4,"name":"Residential Road 337","ward":"Ward_5","water_depth":26.0,"risk":"Orange","risk_label":"Warning","timestamp":"2026-09-10T07:34:50.327251Z"}},{"type":"Feature","geometry":{"type":"LineString","coordinates":[[72.807088,19.176154],[72.812043,19.17615],[72.812213,19.179644],[72.815067,19.181849],[72.815688,19.17985]]},"properties":{"road_id":"R0338","road_type":"secondary","road_width":11,"name":"Secondary Road 338","ward":"Ward_2","water_depth":35.0,"risk":"Red","risk_label":"Critical","timestamp":"2026-09-10T07:34:50.327251Z"}},{"type":"Feature","geometry":{"type":"LineString","coordinates":[[72.902271,19.051085],[72.900618,19.050584],[72.901221,19.049193],[72.898798,19.053512]]},"properties":{"road_id":"R0339","road_type":"secondary","road_width":14,"name":"Secondary Road 339","ward":"Ward_7","water_depth":37.6,"risk":"Red","risk_label":"Critical","timestamp":"2026-09-10T07:34:50.327251Z"}},{"type":"Feature","geometry":{"type":"LineString","coordinates":[[72.91137,19.004941],[72.913736,19.004816],[72.912546,19.008713],[72.913864,19.006578]]},"properties":{"road_id":"R0340","road_type":"secondary","road_width":12,"name":"Secondary Road 340","ward":"Ward_14","water_depth":42.4,"risk":"Red","risk_label":"Critical","timestamp":"2026-09-10T07:34:50.327251Z"}},{"type":"Feature","geometry":{"type":"LineString","coordinates":[[72.842161,18.900063],[72.843691,18.898197]]},"properties":{"road_id":"R0341","road_type":"residential","road_width":6,"name":"Residential Road 341","ward":"Ward_9","water_depth":37.2,"risk":"Red","risk_label":"Critical","timestamp":"2026-09-10T07:34:50.327251Z"}},{"type":"Feature","geometry":{"type":"LineString","coordinates":[[72.879396,19.1542],[72.87607,19.153703],[72.87232,19.157245],[72.869837,19.154592]]},"properties":{"road_id":"R0342","road_type":"residential","road_width":4,"name":"Residential Road 342","ward":"Ward_6","water_depth":37.7,"risk":"Red","risk_label":"Critical","timestamp":"2026-09-10T07:34:50.327251Z"}},{"type":"Feature","geometry":{"type":"LineString","coordinates":[[72.966727,18.90631],[72.962265,18.906042]]},"properties":{"road_id":"R0343","road_type":"residential","road_width":3,"name":"Residential Road 343","ward":"Ward_4","water_depth":40.1,"risk":"Red","risk_label":"Critical","timestamp":"2026-09-10T07:34:50.327251Z"}},{"type":"Feature","geometry":{"type":"LineString","coordinates":[[72.965634,18.902038],[72.962927,18.900937],[72.962359,18.903313]]},"properties":{"road_id":"R0344","road_type":"tertiary","road_width":7,"name":"Tertiary Road 344","ward":"Ward_1","water_depth":32.6,"risk":"Red","risk_label":"Critical","timestamp":"2026-09-10T07:34:50.327251Z"}},{"type":"Feature","geometry":{"type":"LineString","coordinates":[[72.838292,19.19694],[72.843042,19.196702],[72.840766,19.197108],[72.845462,19.196556]]},"properties":{"road_id":"R0345","road_type":"primary","road_width":22,"name":"Primary Road 345","ward":"Ward_15","water_depth":53.2,"risk":"Red","risk_label":"Critical","timestamp":"2026-09-10T07:34:50.327251Z"}},{"type":"Feature","geometry":{"type":"LineString","coordinates":[[72.871147,19.215391],[72.867042,19.212662],[72.866164,19.210741],[72.86127,19.207298]]},"properties":{"road_id":"R0346","road_type":"residential","road_width":4,"name":"Residential Road 346","ward":"Ward_12","water_depth":38.3,"risk":"Red","risk_label":"Critical","timestamp":"2026-09-10T07:34:50.327251Z"}},{"type":"Feature","geometry":{"type":"LineString","coordinates":[[72.914432,19.073338],[72.916986,19.073257],[72.919645,19.071253],[72.920615,19.074233],[72.921097,19.0772]]},"properties":{"road_id":"R0347","road_type":"tertiary","road_width":9,"name":"Tertiary Road 347","ward":"Ward_13","water_depth":30.8,"risk":"Red","risk_label":"Critical","timestamp":"2026-09-10T07:34:50.327251Z"}},{"type":"Feature","geometry":{"type":"LineString","coordinates":[[72.905658,19.141676],[72.902864,19.144961],[72.904117,19.140753]]},"properties":{"road_id":"R0348","road_type":"secondary","road_width":14,"name":"Secondary Road 348","ward":"Ward_23","water_depth":36.2,"risk":"Red","risk_label":"Critical","timestamp":"2026-09-10T07:34:50.327251Z"}},{"type":"Feature","geometry":{"type":"LineString","coordinates":[[72.881708,19.116414],[72.878588,19.114102],[72.874955,19.109787],[72.874508,19.10589]]},"properties":{"road_id":"R0349","road_type":"tertiary","road_width":9,"name":"Tertiary Road 349","ward":"Ward_7","water_depth":32.9,"risk":"Red","risk_label":"Critical","timestamp":"2026-09-10T07:34:50.327251Z"}},{"type":"Feature","geometry":{"type":"LineString","coordinates":[[72.97364,18.927817],[72.978364,18.923038]]},"properties":{"road_id":"R0350","road_type":"tertiary","road_width":9,"name":"Tertiary Road 350","ward":"Ward_24","water_depth":29.1,"risk":"Orange","risk_label":"Warning","timestamp":"2026-09-10T07:34:50.327251Z"}},{"type":"Feature","geometry":{"type":"LineString","coordinates":[[72.773092,18.904275],[72.772295,18.901447],[72.772279,18.904304]]},"properties":{"road_id":"R0351","road_type":"primary","road_width":18,"name":"Primary Road 351","ward":"Ward_11","water_depth":32.7,"risk":"Red","risk_label":"Critical","timestamp":"2026-09-10T07:34:50.327251Z"}},{"type":"Feature","geometry":{"type":"LineString","coordinates":[[72.932887,18.891295],[72.932589,18.887008],[72.936004,18.88393]]},"properties":{"road_id":"R0352","road_type":"primary","road_width":18,"name":"Primary Road 352","ward":"Ward_23","water_depth":34.5,"risk":"Red","risk_label":"Critical","timestamp":"2026-09-10T07:34:50.327251Z"}},{"type":"Feature","geometry":{"type":"LineString","coordinates":[[72.863022,19.163066],[72.858357,19.165442],[72.861067,19.16505],[72.865888,19.165262],[72.867702,19.16499]]},"properties":{"road_id":"R0353","road_type":"secondary","road_width":10,"name":"Secondary Road 353","ward":"Ward_24","water_depth":43.9,"risk":"Red","risk_label":"Critical","timestamp":"2026-09-10T07:34:50.327251Z"}},{"type":"Feature","geometry":{"type":"LineString","coordinates":[[72.832751,19.052867],[72.828272,19.051472],[72.833004,19.053138],[72.832346,19.050498]]},"properties":{"road_id":"R0354","road_type":"primary","road_width":22,"name":"Primary Road 354","ward":"Ward_4","water_depth":42.7,"risk":"Red","risk_label":"Critical","timestamp":"2026-09-10T07:34:50.327251Z"}},{"type":"Feature","geometry":{"type":"LineString","coordinates":[[72.778819,18.873393],[72.778571,18.876228],[72.777285,18.87719]]},"properties":{"road_id":"R0355","road_type":"residential","road_width":3,"name":"Residential Road 355","ward":"Ward_22","water_depth":46.3,"risk":"Red","risk_label":"Critical","timestamp":"2026-09-10T07:34:50.327251Z"}},{"type":"Feature","geometry":{"type":"LineString","coordinates":[[72.905361,18.892715],[72.908275,18.894728]]},"properties":{"road_id":"R0356","road_type":"tertiary","road_width":10,"name":"Tertiary Road 356","ward":"Ward_21","water_depth":29.0,"risk":"Orange","risk_label":"Warning","timestamp":"2026-09-10T07:34:50.327251Z"}},{"type":"Feature","geometry":{"type":"LineString","coordinates":[[72.774484,19.148612],[72.776728,19.147389],[72.772123,19.144896],[72.772713,19.146963],[72.772614,19.14739]]},"properties":{"road_id":"R0357","road_type":"tertiary","road_width":8,"name":"Tertiary Road 357","ward":"Ward_24","water_depth":29.4,"risk":"Orange","risk_label":"Warning","timestamp":"2026-09-10T07:34:50.327251Z"}},{"type":"Feature","geometry":{"type":"LineString","coordinates":[[72.895723,19.199711],[72.892326,19.203317],[72.89182,19.203628],[72.892236,19.206823]]},"properties":{"road_id":"R0358","road_type":"residential","road_width":7,"name":"Residential Road 358","ward":"Ward_13","water_depth":30.9,"risk":"Red","risk_label":"Critical","timestamp":"2026-09-10T07:34:50.327251Z"}},{"type":"Feature","geometry":{"type":"LineString","coordinates":[[72.846456,19.105499],[72.844663,19.106701]]},"properties":{"road_id":"R0359","road_type":"secondary","road_width":13,"name":"Secondary Road 359","ward":"Ward_7","water_depth":53.0,"risk":"Red","risk_label":"Critical","timestamp":"2026-09-10T07:34:50.327251Z"}},{"type":"Feature","geometry":{"type":"LineString","coordinates":[[72.837746,19.102955],[72.833851,19.104364],[72.829517,19.104596]]},"properties":{"road_id":"R0360","road_type":"residential","road_width":3,"name":"Residential Road 360","ward":"Ward_7","water_depth":41.4,"risk":"Red","risk_label":"Critical","timestamp":"2026-09-10T07:34:50.327251Z"}},{"type":"Feature","geometry":{"type":"LineString","coordinates":[[72.776682,18.942814],[72.775568,18.944232],[72.776807,18.944131],[72.772298,18.945034],[72.774477,18.942241]]},"properties":{"road_id":"R0361","road_type":"primary","road_width":21,"name":"Primary Road 361","ward":"Ward_3","water_depth":53.2,"risk":"Red","risk_label":"Critical","timestamp":"2026-09-10T07:34:50.327251Z"}},{"type":"Feature","geometry":{"type":"LineString","coordinates":[[72.92613,19.007152],[72.929351,19.011056]]},"properties":{"road_id":"R0362","road_type":"residential","road_width":7,"name":"Residential Road 362","ward":"Ward_9","water_depth":33.8,"risk":"Red","risk_label":"Critical","timestamp":"2026-09-10T07:34:50.327251Z"}},{"type":"Feature","geometry":{"type":"LineString","coordinates":[[72.786366,19.187093],[72.786561,19.184252]]},"properties":{"road_id":"R0363","road_type":"primary","road_width":21,"name":"Primary Road 363","ward":"Ward_7","water_depth":53.2,"risk":"Red","risk_label":"Critical","timestamp":"2026-09-10T07:34:50.327251Z"}},{"type":"Feature","geometry":{"type":"LineString","coordinates":[[72.968976,19.086611],[72.969557,19.087195],[72.97222,19.089656]]},"properties":{"road_id":"R0364","road_type":"secondary","road_width":13,"name":"Secondary Road 364","ward":"Ward_4","water_depth":36.8,"risk":"Red","risk_label":"Critical","timestamp":"2026-09-10T07:34:50.327251Z"}},{"type":"Feature","geometry":{"type":"LineString","coordinates":[[72.875985,19.078987],[72.876324,19.080562],[72.88066,19.081561]]},"properties":{"road_id":"R0365","road_type":"secondary","road_width":12,"name":"Secondary Road 365","ward":"Ward_12","water_depth":45.4,"risk":"Red","risk_label":"Critical","timestamp":"2026-09-10T07:34:50.327251Z"}},{"type":"Feature","geometry":{"type":"LineString","coordinates":[[72.837925,19.183939],[72.838381,19.181346],[72.838883,19.180097],[72.837483,19.182543],[72.842082,19.182067]]},"properties":{"road_id":"R0366","road_type":"residential","road_width":5,"name":"Residential Road 366","ward":"Ward_20","water_depth":51.2,"risk":"Red","risk_label":"Critical","timestamp":"2026-09-10T07:34:50.327251Z"}},{"type":"Feature","geometry":{"type":"LineString","coordinates":[[72.833387,19.247497],[72.830606,19.2455],[72.825823,19.249057]]},"properties":{"road_id":"R0367","road_type":"primary","road_width":20,"name":"Primary Road 367","ward":"Ward_18","water_depth":44.2,"risk":"Red","risk_label":"Critical","timestamp":"2026-09-10T07:34:50.327251Z"}},{"type":"Feature","geometry":{"type":"LineString","coordinates":[[72.844688,18.88434],[72.843359,18.880724]]},"properties":{"road_id":"R0368","road_type":"secondary","road_width":12,"name":"Secondary Road 368","ward":"Ward_3","water_depth":39.9,"risk":"Red","risk_label":"Critical","timestamp":"2026-09-10T07:34:50.327251Z"}},{"type":"Feature","geometry":{"type":"LineString","coordinates":[[72.921952,19.149021],[72.918681,19.15195],[72.920577,19.155207]]},"properties":{"road_id":"R0369","road_type":"residential","road_width":7,"name":"Residential Road 369","ward":"Ward_21","water_depth":25.0,"risk":"Orange","risk_label":"Warning","timestamp":"2026-09-10T07:34:50.327251Z"}},{"type":"Feature","geometry":{"type":"LineString","coordinates":[[72.89102,19.1477],[72.886579,19.143485]]},"properties":{"road_id":"R0370","road_type":"tertiary","road_width":9,"name":"Tertiary Road 370","ward":"Ward_14","water_depth":52.3,"risk":"Red","risk_label":"Critical","timestamp":"2026-09-10T07:34:50.327251Z"}},{"type":"Feature","geometry":{"type":"LineString","coordinates":[[72.94839,19.154118],[72.949729,19.158404],[72.945271,19.159726]]},"properties":{"road_id":"R0371","road_type":"primary","road_width":22,"name":"Primary Road 371","ward":"Ward_5","water_depth":32.8,"risk":"Red","risk_label":"Critical","timestamp":"2026-09-10T07:34:50.327251Z"}},{"type":"Feature","geometry":{"type":"LineString","coordinates":[[72.911463,18.928215],[72.916174,18.933189],[72.916926,18.935717]]},"properties":{"road_id":"R0372","road_type":"tertiary","road_width":9,"name":"Tertiary Road 372","ward":"Ward_5","water_depth":31.6,"risk":"Red","risk_label":"Critical","timestamp":"2026-09-10T07:34:50.327251Z"}},{"type":"Feature","geometry":{"type":"LineString","coordinates":[[72.890003,18.901367],[72.888994,18.89686],[72.889013,18.892711],[72.885316,18.895449]]},"properties":{"road_id":"R0373","road_type":"secondary","road_width":13,"name":"Secondary Road 373","ward":"Ward_13","water_depth":50.5,"risk":"Red","risk_label":"Critical","timestamp":"2026-09-10T07:34:50.327251Z"}},{"type":"Feature","geometry":{"type":"LineString","coordinates":[[72.825914,18.96208],[72.827761,18.96138],[72.823887,18.962141]]},"properties":{"road_id":"R0374","road_type":"secondary","road_width":11,"name":"Secondary Road 374","ward":"Ward_11","water_depth":45.1,"risk":"Red","risk_label":"Critical","timestamp":"2026-09-10T07:34:50.327251Z"}},{"type":"Feature","geometry":{"type":"LineString","coordinates":[[72.805544,19.162479],[72.808759,19.160976]]},"properties":{"road_id":"R0375","road_type":"tertiary","road_width":9,"name":"Tertiary Road 375","ward":"Ward_2","water_depth":52.5,"risk":"Red","risk_label":"Critical","timestamp":"2026-09-10T07:34:50.327251Z"}},{"type":"Feature","geometry":{"type":"LineString","coordinates":[[72.802758,19.130437],[72.798616,19.132721],[72.796047,19.135117]]},"properties":{"road_id":"R0376","road_type":"secondary","road_width":12,"name":"Secondary Road 376","ward":"Ward_1","water_depth":52.7,"risk":"Red","risk_label":"Critical","timestamp":"2026-09-10T07:34:50.327251Z"}},{"type":"Feature","geometry":{"type":"LineString","coordinates":[[72.86895,18.985945],[72.87135,18.984264]]},"properties":{"road_id":"R0377","road_type":"tertiary","road_width":8,"name":"Tertiary Road 377","ward":"Ward_18","water_depth":39.5,"risk":"Red","risk_label":"Critical","timestamp":"2026-09-10T07:34:50.327251Z"}},{"type":"Feature","geometry":{"type":"LineString","coordinates":[[72.910335,19.134127],[72.914395,19.132893],[72.91195,19.133161]]},"properties":{"road_id":"R0378","road_type":"residential","road_width":7,"name":"Residential Road 378","ward":"Ward_9","water_depth":27.9,"risk":"Orange","risk_label":"Warning","timestamp":"2026-09-10T07:34:50.327251Z"}},{"type":"Feature","geometry":{"type":"LineString","coordinates":[[72.77175,19.118808],[72.77,19.117694],[72.771601,19.121215],[72.77,19.124858],[72.771494,19.128532]]},"properties":{"road_id":"R0379","road_type":"primary","road_width":18,"name":"Primary Road 379","ward":"Ward_11","water_depth":53.1,"risk":"Red","risk_label":"Critical","timestamp":"2026-09-10T07:34:50.327251Z"}},{"type":"Feature","geometry":{"type":"LineString","coordinates":[[72.875137,18.940839],[72.8794,18.940418]]},"properties":{"road_id":"R0380","road_type":"residential","road_width":7,"name":"Residential Road 380","ward":"Ward_10","water_depth":23.1,"risk":"Orange","risk_label":"Warning","timestamp":"2026-09-10T07:34:50.327251Z"}},{"type":"Feature","geometry":{"type":"LineString","coordinates":[[72.802971,19.019492],[72.80149,19.01796],[72.798852,19.019212],[72.798865,19.023994],[72.800123,19.027113]]},"properties":{"road_id":"R0381","road_type":"tertiary","road_width":6,"name":"Tertiary Road 381","ward":"Ward_18","water_depth":40.4,"risk":"Red","risk_label":"Critical","timestamp":"2026-09-10T07:34:50.327251Z"}},{"type":"Feature","geometry":{"type":"LineString","coordinates":[[72.958407,18.927649],[72.954285,18.929218],[72.958891,18.92804]]},"properties":{"road_id":"R0382","road_type":"tertiary","road_width":7,"name":"Tertiary Road 382","ward":"Ward_14","water_depth":29.9,"risk":"Orange","risk_label":"Warning","timestamp":"2026-09-10T07:34:50.327251Z"}},{"type":"Feature","geometry":{"type":"LineString","coordinates":[[72.8356,19.032057],[72.835092,19.03311],[72.836617,19.029428]]},"properties":{"road_id":"R0383","road_type":"secondary","road_width":11,"name":"Secondary Road 383","ward":"Ward_5","water_depth":48.9,"risk":"Red","risk_label":"Critical","timestamp":"2026-09-10T07:34:50.327251Z"}},{"type":"Feature","geometry":{"type":"LineString","coordinates":[[72.96089,19.033424],[72.962453,19.036125],[72.959033,19.036773]]},"properties":{"road_id":"R0384","road_type":"tertiary","road_width":6,"name":"Tertiary Road 384","ward":"Ward_6","water_depth":25.7,"risk":"Orange","risk_label":"Warning","timestamp":"2026-09-10T07:34:50.327251Z"}},{"type":"Feature","geometry":{"type":"LineString","coordinates":[[72.930741,19.14629],[72.929882,19.150092],[72.929312,19.149204]]},"properties":{"road_id":"R0385","road_type":"tertiary","road_width":8,"name":"Tertiary Road 385","ward":"Ward_5","water_depth":24.1,"risk":"Orange","risk_label":"Warning","timestamp":"2026-09-10T07:34:50.327251Z"}},{"type":"Feature","geometry":{"type":"LineString","coordinates":[[72.775502,18.919987],[72.776671,18.924847]]},"properties":{"road_id":"R0386","road_type":"secondary","road_width":14,"name":"Secondary Road 386","ward":"Ward_8","water_depth":50.1,"risk":"Red","risk_label":"Critical","timestamp":"2026-09-10T07:34:50.327251Z"}},{"type":"Feature","geometry":{"type":"LineString","coordinates":[[72.91451,19.006519],[72.914533,19.006285]]},"properties":{"road_id":"R0387","road_type":"secondary","road_width":12,"name":"Secondary Road 387","ward":"Ward_6","water_depth":38.2,"risk":"Red","risk_label":"Critical","timestamp":"2026-09-10T07:34:50.327251Z"}},{"type":"Feature","geometry":{"type":"LineString","coordinates":[[72.804395,19.050062],[72.803481,19.047325],[72.807735,19.052013],[72.804961,19.056515],[72.801989,19.058228]]},"properties":{"road_id":"R0388","road_type":"residential","road_width":6,"name":"Residential Road 388","ward":"Ward_20","water_depth":51.2,"risk":"Red","risk_label":"Critical","timestamp":"2026-09-10T07:34:50.327251Z"}},{"type":"Feature","geometry":{"type":"LineString","coordinates":[[72.956393,19.199374],[72.959155,19.19865],[72.962399,19.199729],[72.96134,19.201931]]},"properties":{"road_id":"R0389","road_type":"residential","road_width":7,"name":"Residential Road 389","ward":"Ward_17","water_depth":30.3,"risk":"Red","risk_label":"Critical","timestamp":"2026-09-10T07:34:50.327251Z"}},{"type":"Feature","geometry":{"type":"LineString","coordinates":[[72.943672,19.041612],[72.94863,19.037036]]},"properties":{"road_id":"R0390","road_type":"primary","road_width":18,"name":"Primary Road 390","ward":"Ward_18","water_depth":28.0,"risk":"Orange","risk_label":"Warning","timestamp":"2026-09-10T07:34:50.327251Z"}},{"type":"Feature","geometry":{"type":"LineString","coordinates":[[72.862306,18.942143],[72.865043,18.945987]]},"properties":{"road_id":"R0391","road_type":"residential","road_width":5,"name":"Residential Road 391","ward":"Ward_20","water_depth":35.0,"risk":"Red","risk_label":"Critical","timestamp":"2026-09-10T07:34:50.327251Z"}},{"type":"Feature","geometry":{"type":"LineString","coordinates":[[72.905681,19.04616],[72.905688,19.042064],[72.906542,19.038862]]},"properties":{"road_id":"R0392","road_type":"primary","road_width":21,"name":"Primary Road 392","ward":"Ward_14","water_depth":30.0,"risk":"Orange","risk_label":"Warning","timestamp":"2026-09-10T07:34:50.327251Z"}},{"type":"Feature","geometry":{"type":"LineString","coordinates":[[72.865273,18.879467],[72.869231,18.883433],[72.865133,18.887258],[72.866618,18.885499],[72.863258,18.887614]]},"properties":{"road_id":"R0393","road_type":"tertiary","road_width":9,"name":"Tertiary Road 393","ward":"Ward_21","water_depth":40.0,"risk":"Red","risk_label":"Critical","timestamp":"2026-09-10T07:34:50.327251Z"}},{"type":"Feature","geometry":{"type":"LineString","coordinates":[[72.850658,19.069051],[72.850775,19.071961]]},"properties":{"road_id":"R0394","road_type":"tertiary","road_width":9,"name":"Tertiary Road 394","ward":"Ward_2","water_depth":25.1,"risk":"Orange","risk_label":"Warning","timestamp":"2026-09-10T07:34:50.327251Z"}},{"type":"Feature","geometry":{"type":"LineString","coordinates":[[72.908501,19.084887],[72.91219,19.081388],[72.91431,19.078176],[72.912405,19.077372]]},"properties":{"road_id":"R0395","road_type":"secondary","road_width":11,"name":"Secondary Road 395","ward":"Ward_4","water_depth":38.2,"risk":"Red","risk_label":"Critical","timestamp":"2026-09-10T07:34:50.327251Z"}},{"type":"Feature","geometry":{"type":"LineString","coordinates":[[72.930733,18.871343],[72.930709,18.87],[72.933784,18.87]]},"properties":{"road_id":"R0396","road_type":"secondary","road_width":11,"name":"Secondary Road 396","ward":"Ward_19","water_depth":43.7,"risk":"Red","risk_label":"Critical","timestamp":"2026-09-10T07:34:50.327251Z"}},{"type":"Feature","geometry":{"type":"LineString","coordinates":[[72.786675,19.025858],[72.784122,19.026859],[72.78532,19.027332],[72.788572,19.027907],[72.785055,19.023397]]},"properties":{"road_id":"R0397","road_type":"residential","road_width":3,"name":"Residential Road 397","ward":"Ward_22","water_depth":51.4,"risk":"Red","risk_label":"Critical","timestamp":"2026-09-10T07:34:50.327251Z"}},{"type":"Feature","geometry":{"type":"LineString","coordinates":[[72.780297,19.219746],[72.777079,19.218916],[72.77819,19.220637],[72.77914,19.222552]]},"properties":{"road_id":"R0398","road_type":"tertiary","road_width":9,"name":"Tertiary Road 398","ward":"Ward_24","water_depth":40.4,"risk":"Red","risk_label":"Critical","timestamp":"2026-09-10T07:34:50.327251Z"}},{"type":"Feature","geometry":{"type":"LineString","coordinates":[[72.832852,18.905388],[72.831641,18.904074]]},"properties":{"road_id":"R0399","road_type":"tertiary","road_width":10,"name":"Tertiary Road 399","ward":"Ward_3","water_depth":36.7,"risk":"Red","risk_label":"Critical","timestamp":"2026-09-10T07:34:50.327251Z"}},{"type":"Feature","geometry":{"type":"LineString","coordinates":[[72.91587,18.921127],[72.916141,18.918872],[72.918099,18.919118],[72.914192,18.920239],[72.915482,18.922536]]},"properties":{"road_id":"R0400","road_type":"tertiary","road_width":10,"name":"Tertiary Road 400","ward":"Ward_23","water_depth":31.3,"risk":"Red","risk_label":"Critical","timestamp":"2026-09-10T07:34:50.327251Z"}},{"type":"Feature","geometry":{"type":"LineString","coordinates":[[72.836463,19.101361],[72.841413,19.101615],[72.83771,19.100153],[72.837907,19.10078],[72.837832,19.102098]]},"properties":{"road_id":"R0401","road_type":"tertiary","road_width":8,"name":"Tertiary Road 401","ward":"Ward_7","water_depth":42.4,"risk":"Red","risk_label":"Critical","timestamp":"2026-09-10T07:34:50.327251Z"}},{"type":"Feature","geometry":{"type":"LineString","coordinates":[[72.901347,18.879115],[72.904827,18.875294]]},"properties":{"road_id":"R0402","road_type":"primary","road_width":21,"name":"Primary Road 402","ward":"Ward_2","water_depth":29.7,"risk":"Orange","risk_label":"Warning","timestamp":"2026-09-10T07:34:50.327251Z"}},{"type":"Feature","geometry":{"type":"LineString","coordinates":[[72.903876,19.082958],[72.900888,19.078071],[72.90379,19.075887],[72.903856,19.073965]]},"properties":{"road_id":"R0403","road_type":"tertiary","road_width":8,"name":"Tertiary Road 403","ward":"Ward_11","water_depth":33.8,"risk":"Red","risk_label":"Critical","timestamp":"2026-09-10T07:34:50.327251Z"}},{"type":"Feature","geometry":{"type":"LineString","coordinates":[[72.810743,19.186176],[72.814966,19.189515]]},"properties":{"road_id":"R0404","road_type":"residential","road_width":3,"name":"Residential Road 404","ward":"Ward_21","water_depth":23.3,"risk":"Orange","risk_label":"Warning","timestamp":"2026-09-10T07:34:50.327251Z"}},{"type":"Feature","geometry":{"type":"LineString","coordinates":[[72.86673,18.929047],[72.870689,18.932699],[72.873831,18.932324],[72.869391,18.936602],[72.87004,18.936812]]},"properties":{"road_id":"R0405","road_type":"secondary","road_width":10,"name":"Secondary Road 405","ward":"Ward_7","water_depth":37.1,"risk":"Red","risk_label":"Critical","timestamp":"2026-09-10T07:34:50.327251Z"}},{"type":"Feature","geometry":{"type":"LineString","coordinates":[[72.801354,18.895161],[72.799746,18.898568],[72.800088,18.897321],[72.801145,18.89398]]},"properties":{"road_id":"R0406","road_type":"tertiary","road_width":8,"name":"Tertiary Road 406","ward":"Ward_23","water_depth":52.4,"risk":"Red","risk_label":"Critical","timestamp":"2026-09-10T07:34:50.327251Z"}},{"type":"Feature","geometry":{"type":"LineString","coordinates":[[72.788228,18.973169],[72.786943,18.97694]]},"properties":{"road_id":"R0407","road_type":"tertiary","road_width":10,"name":"Tertiary Road 407","ward":"Ward_10","water_depth":52.7,"risk":"Red","risk_label":"Critical","timestamp":"2026-09-10T07:34:50.327251Z"}},{"type":"Feature","geometry":{"type":"LineString","coordinates":[[72.777853,19.012202],[72.773779,19.009223]]},"properties":{"road_id":"R0408","road_type":"secondary","road_width":14,"name":"Secondary Road 408","ward":"Ward_5","water_depth":51.9,"risk":"Red","risk_label":"Critical","timestamp":"2026-09-10T07:34:50.327251Z"}},{"type":"Feature","geometry":{"type":"LineString","coordinates":[[72.923813,19.220982],[72.926568,19.221218],[72.930286,19.217651],[72.934666,19.220873]]},"properties":{"road_id":"R0409","road_type":"secondary","road_width":10,"name":"Secondary Road 409","ward":"Ward_15","water_depth":24.0,"risk":"Orange","risk_label":"Warning","timestamp":"2026-09-10T07:34:50.327251Z"}},{"type":"Feature","geometry":{"type":"LineString","coordinates":[[72.965791,18.871562],[72.966734,18.873432]]},"properties":{"road_id":"R0410","road_type":"residential","road_width":3,"name":"Residential Road 410","ward":"Ward_4","water_depth":23.7,"risk":"Orange","risk_label":"Warning","timestamp":"2026-09-10T07:34:50.327251Z"}},{"type":"Feature","geometry":{"type":"LineString","coordinates":[[72.83555,19.089473],[72.833759,19.093394]]},"properties":{"road_id":"R0411","road_type":"tertiary","road_width":8,"name":"Tertiary Road 411","ward":"Ward_15","water_depth":52.4,"risk":"Red","risk_label":"Critical","timestamp":"2026-09-10T07:34:50.327251Z"}},{"type":"Feature","geometry":{"type":"LineString","coordinates":[[72.827464,18.926742],[72.828693,18.921894],[72.825759,18.922035],[72.823944,18.920538]]},"properties":{"road_id":"R0412","road_type":"primary","road_width":20,"name":"Primary Road 412","ward":"Ward_19","water_depth":41.8,"risk":"Red","risk_label":"Critical","timestamp":"2026-09-10T07:34:50.327251Z"}},{"type":"Feature","geometry":{"type":"LineString","coordinates":[[72.898785,18.897072],[72.898222,18.89546],[72.897929,18.89176]]},"properties":{"road_id":"R0413","road_type":"secondary","road_width":10,"name":"Secondary Road 413","ward":"Ward_3","water_depth":40.6,"risk":"Red","risk_label":"Critical","timestamp":"2026-09-10T07:34:50.327251Z"}},{"type":"Feature","geometry":{"type":"LineString","coordinates":[[72.895185,18.938014],[72.898547,18.938941],[72.89971,18.940935],[72.902885,18.939059],[72.904594,18.941188]]},"properties":{"road_id":"R0414","road_type":"residential","road_width":6,"name":"Residential Road 414","ward":"Ward_19","water_depth":40.9,"risk":"Red","risk_label":"Critical","timestamp":"2026-09-10T07:34:50.327251Z"}},{"type":"Feature","geometry":{"type":"LineString","coordinates":[[72.963135,19.178883],[72.962691,19.178566]]},"properties":{"road_id":"R0415","road_type":"secondary","road_width":13,"name":"Secondary Road 415","ward":"Ward_16","water_depth":30.0,"risk":"Orange","risk_label":"Warning","timestamp":"2026-09-10T07:34:50.327251Z"}},{"type":"Feature","geometry":{"type":"LineString","coordinates":[[72.958097,18.924614],[72.956732,18.922195],[72.960904,18.919028]]},"properties":{"road_id":"R0416","road_type":"secondary","road_width":12,"name":"Secondary Road 416","ward":"Ward_15","water_depth":36.8,"risk":"Red","risk_label":"Critical","timestamp":"2026-09-10T07:34:50.327251Z"}},{"type":"Feature","geometry":{"type":"LineString","coordinates":[[72.793706,18.894839],[72.797164,18.894625]]},"properties":{"road_id":"R0417","road_type":"residential","road_width":7,"name":"Residential Road 417","ward":"Ward_5","water_depth":51.3,"risk":"Red","risk_label":"Critical","timestamp":"2026-09-10T07:34:50.327251Z"}},{"type":"Feature","geometry":{"type":"LineString","coordinates":[[72.937319,19.18067],[72.938814,19.178929],[72.939141,19.181853],[72.938276,19.180861],[72.938755,19.18207]]},"properties":{"road_id":"R0418","road_type":"primary","road_width":20,"name":"Primary Road 418","ward":"Ward_7","water_depth":33.8,"risk":"Red","risk_label":"Critical","timestamp":"2026-09-10T07:34:50.327251Z"}},{"type":"Feature","geometry":{"type":"LineString","coordinates":[[72.841862,19.08554],[72.838593,19.087482],[72.840987,19.089178],[72.844354,19.091297],[72.845315,19.08744]]},"properties":{"road_id":"R0419","road_type":"residential","road_width":6,"name":"Residential Road 419","ward":"Ward_6","water_depth":45.7,"risk":"Red","risk_label":"Critical","timestamp":"2026-09-10T07:34:50.327251Z"}},{"type":"Feature","geometry":{"type":"LineString","coordinates":[[72.792836,18.896451],[72.79555,18.899592],[72.795493,18.898381],[72.791398,18.899982],[72.795271,18.903153]]},"properties":{"road_id":"R0420","road_type":"tertiary","road_width":6,"name":"Tertiary Road 420","ward":"Ward_5","water_depth":51.2,"risk":"Red","risk_label":"Critical","timestamp":"2026-09-10T07:34:50.327251Z"}},{"type":"Feature","geometry":{"type":"LineString","coordinates":[[72.851896,19.071877],[72.848853,19.072657],[72.847019,19.074472],[72.851151,19.075174],[72.855584,19.07322]]},"properties":{"road_id":"R0421","road_type":"secondary","road_width":12,"name":"Secondary Road 421","ward":"Ward_3","water_depth":32.1,"risk":"Red","risk_label":"Critical","timestamp":"2026-09-10T07:34:50.327251Z"}},{"type":"Feature","geometry":{"type":"LineString","coordinates":[[72.949026,19.192102],[72.953037,19.187726],[72.948045,19.192405],[72.952832,19.193005],[72.950654,19.189102]]},"properties":{"road_id":"R0422","road_type":"primary","road_width":22,"name":"Primary Road 422","ward":"Ward_13","water_depth":29.9,"risk":"Orange","risk_label":"Warning","timestamp":"2026-09-10T07:34:50.327251Z"}},{"type":"Feature","geometry":{"type":"LineString","coordinates":[[72.86139,19.024292],[72.858124,19.021405],[72.858678,19.017795],[72.857281,19.021229],[72.855166,19.020401]]},"properties":{"road_id":"R0423","road_type":"tertiary","road_width":6,"name":"Tertiary Road 423","ward":"Ward_3","water_depth":35.5,"risk":"Red","risk_label":"Critical","timestamp":"2026-09-10T07:34:50.327251Z"}},{"type":"Feature","geometry":{"type":"LineString","coordinates":[[72.872207,19.144109],[72.877109,19.143476],[72.878532,19.139323]]},"properties":{"road_id":"R0424","road_type":"primary","road_width":22,"name":"Primary Road 424","ward":"Ward_14","water_depth":42.6,"risk":"Red","risk_label":"Critical","timestamp":"2026-09-10T07:34:50.327251Z"}},{"type":"Feature","geometry":{"type":"LineString","coordinates":[[72.885931,19.063578],[72.884484,19.063078],[72.885529,19.059936],[72.888997,19.060715],[72.889015,19.058083]]},"properties":{"road_id":"R0425","road_type":"secondary","road_width":12,"name":"Secondary Road 425","ward":"Ward_2","water_depth":51.2,"risk":"Red","risk_label":"Critical","timestamp":"2026-09-10T07:34:50.327251Z"}},{"type":"Feature","geometry":{"type":"LineString","coordinates":[[72.793765,19.137855],[72.795669,19.137671],[72.797982,19.134092],[72.802819,19.138927],[72.802468,19.141716]]},"properties":{"road_id":"R0426","road_type":"primary","road_width":18,"name":"Primary Road 426","ward":"Ward_8","water_depth":43.1,"risk":"Red","risk_label":"Critical","timestamp":"2026-09-10T07:34:50.327251Z"}},{"type":"Feature","geometry":{"type":"LineString","coordinates":[[72.883231,19.129948],[72.884362,19.130744]]},"properties":{"road_id":"R0427","road_type":"residential","road_width":3,"name":"Residential Road 427","ward":"Ward_16","water_depth":36.3,"risk":"Red","risk_label":"Critical","timestamp":"2026-09-10T07:34:50.327251Z"}},{"type":"Feature","geometry":{"type":"LineString","coordinates":[[72.839618,19.088107],[72.844396,19.086636],[72.841071,19.084582],[72.842047,19.086533],[72.844897,19.084573]]},"properties":{"road_id":"R0428","road_type":"residential","road_width":7,"name":"Residential Road 428","ward":"Ward_6","water_depth":37.9,"risk":"Red","risk_label":"Critical","timestamp":"2026-09-10T07:34:50.327251Z"}},{"type":"Feature","geometry":{"type":"LineString","coordinates":[[72.901107,19.17738],[72.896932,19.175249],[72.900446,19.175305],[72.896772,19.173083]]},"properties":{"road_id":"R0429","road_type":"primary","road_width":18,"name":"Primary Road 429","ward":"Ward_24","water_depth":26.4,"risk":"Orange","risk_label":"Warning","timestamp":"2026-09-10T07:34:50.327251Z"}},{"type":"Feature","geometry":{"type":"LineString","coordinates":[[72.925183,19.21585],[72.923881,19.217442],[72.926706,19.214196]]},"properties":{"road_id":"R0430","road_type":"primary","road_width":22,"name":"Primary Road 430","ward":"Ward_2","water_depth":31.5,"risk":"Red","risk_label":"Critical","timestamp":"2026-09-10T07:34:50.327251Z"}},{"type":"Feature","geometry":{"type":"LineString","coordinates":[[72.895064,19.237591],[72.89844,19.240809]]},"properties":{"road_id":"R0431","road_type":"tertiary","road_width":9,"name":"Tertiary Road 431","ward":"Ward_8","water_depth":35.4,"risk":"Red","risk_label":"Critical","timestamp":"2026-09-10T07:34:50.327251Z"}},{"type":"Feature","geometry":{"type":"LineString","coordinates":[[72.924216,18.950126],[72.925638,18.948576],[72.921798,18.951131]]},"properties":{"road_id":"R0432","road_type":"residential","road_width":5,"name":"Residential Road 432","ward":"Ward_16","water_depth":45.9,"risk":"Red","risk_label":"Critical","timestamp":"2026-09-10T07:34:50.327251Z"}},{"type":"Feature","geometry":{"type":"LineString","coordinates":[[72.851915,19.129734],[72.852219,19.12736],[72.850107,19.126707],[72.848927,19.12968],[72.84923,19.127837]]},"properties":{"road_id":"R0433","road_type":"secondary","road_width":14,"name":"Secondary Road 433","ward":"Ward_21","water_depth":39.9,"risk":"Red","risk_label":"Critical","timestamp":"2026-09-10T07:34:50.327251Z"}},{"type":"Feature","geometry":{"type":"LineString","coordinates":[[72.906934,19.101985],[72.904637,19.09971],[72.902191,19.102734],[72.901802,19.103575],[72.89922,19.105328]]},"properties":{"road_id":"R0434","road_type":"tertiary","road_width":10,"name":"Tertiary Road 434","ward":"Ward_11","water_depth":36.3,"risk":"Red","risk_label":"Critical","timestamp":"2026-09-10T07:34:50.327251Z"}},{"type":"Feature","geometry":{"type":"LineString","coordinates":[[72.911288,19.078093],[72.906408,19.08141],[72.902447,19.077387],[72.899641,19.076846]]},"properties":{"road_id":"R0435","road_type":"secondary","road_width":10,"name":"Secondary Road 435","ward":"Ward_20","water_depth":35.6,"risk":"Red","risk_label":"Critical","timestamp":"2026-09-10T07:34:50.327251Z"}},{"type":"Feature","geometry":{"type":"LineString","coordinates":[[72.907887,19.226632],[72.912392,19.229987]]},"properties":{"road_id":"R0436","road_type":"primary","road_width":18,"name":"Primary Road 436","ward":"Ward_3","water_depth":27.7,"risk":"Orange","risk_label":"Warning","timestamp":"2026-09-10T07:34:50.327251Z"}},{"type":"Feature","geometry":{"type":"LineString","coordinates":[[72.958978,19.11943],[72.96365,19.120091],[72.965607,19.124051],[72.965276,19.121584],[72.966664,19.125946]]},"properties":{"road_id":"R0437","road_type":"secondary","road_width":13,"name":"Secondary Road 437","ward":"Ward_23","water_depth":33.5,"risk":"Red","risk_label":"Critical","timestamp":"2026-09-10T07:34:50.327251Z"}},{"type":"Feature","geometry":{"type":"LineString","coordinates":[[72.785539,18.931547],[72.784367,18.934318],[72.779968,18.932645],[72.777615,18.937201]]},"properties":{"road_id":"R0438","road_type":"tertiary","road_width":7,"name":"Tertiary Road 438","ward":"Ward_20","water_depth":51.3,"risk":"Red","risk_label":"Critical","timestamp":"2026-09-10T07:34:50.327251Z"}},{"type":"Feature","geometry":{"type":"LineString","coordinates":[[72.79277,19.115284],[72.792083,19.11569],[72.788145,19.11683]]},"properties":{"road_id":"R0439","road_type":"residential","road_width":3,"name":"Residential Road 439","ward":"Ward_3","water_depth":44.5,"risk":"Red","risk_label":"Critical","timestamp":"2026-09-10T07:34:50.327251Z"}},{"type":"Feature","geometry":{"type":"LineString","coordinates":[[72.773941,19.16535],[72.775469,19.165327],[72.770848,19.160336],[72.77,19.159241]]},"properties":{"road_id":"R0440","road_type":"primary","road_width":18,"name":"Primary Road 440","ward":"Ward_17","water_depth":50.5,"risk":"Red","risk_label":"Critical","timestamp":"2026-09-10T07:34:50.327251Z"}},{"type":"Feature","geometry":{"type":"LineString","coordinates":[[72.94725,19.035702],[72.950104,19.038511],[72.945137,19.038913],[72.948317,19.043454],[72.948989,19.043275]]},"properties":{"road_id":"R0441","road_type":"residential","road_width":5,"name":"Residential Road 441","ward":"Ward_13","water_depth":27.2,"risk":"Orange","risk_label":"Warning","timestamp":"2026-09-10T07:34:50.327251Z"}},{"type":"Feature","geometry":{"type":"LineString","coordinates":[[72.949202,19.008835],[72.952614,19.007236]]},"properties":{"road_id":"R0442","road_type":"primary","road_width":19,"name":"Primary Road 442","ward":"Ward_6","water_depth":26.0,"risk":"Orange","risk_label":"Warning","timestamp":"2026-09-10T07:34:50.327251Z"}},{"type":"Feature","geometry":{"type":"LineString","coordinates":[[72.832763,19.121079],[72.82883,19.11998],[72.828695,19.121868],[72.828075,19.125721],[72.823432,19.122615]]},"properties":{"road_id":"R0443","road_type":"primary","road_width":19,"name":"Primary Road 443","ward":"Ward_16","water_depth":45.3,"risk":"Red","risk_label":"Critical","timestamp":"2026-09-10T07:34:50.327251Z"}},{"type":"Feature","geometry":{"type":"LineString","coordinates":[[72.905116,19.171241],[72.909765,19.171238]]},"properties":{"road_id":"R0444","road_type":"residential","road_width":3,"name":"Residential Road 444","ward":"Ward_2","water_depth":35.7,"risk":"Red","risk_label":"Critical","timestamp":"2026-09-10T07:34:50.327251Z"}},{"type":"Feature","geometry":{"type":"LineString","coordinates":[[72.921413,18.998333],[72.918529,18.997388]]},"properties":{"road_id":"R0445","road_type":"tertiary","road_width":10,"name":"Tertiary Road 445","ward":"Ward_5","water_depth":30.3,"risk":"Red","risk_label":"Critical","timestamp":"2026-09-10T07:34:50.327251Z"}},{"type":"Feature","geometry":{"type":"LineString","coordinates":[[72.799734,18.884014],[72.799446,18.885552]]},"properties":{"road_id":"R0446","road_type":"secondary","road_width":11,"name":"Secondary Road 446","ward":"Ward_1","water_depth":45.3,"risk":"Red","risk_label":"Critical","timestamp":"2026-09-10T07:34:50.327251Z"}},{"type":"Feature","geometry":{"type":"LineString","coordinates":[[72.942355,19.213772],[72.943467,19.209745]]},"properties":{"road_id":"R0447","road_type":"secondary","road_width":10,"name":"Secondary Road 447","ward":"Ward_4","water_depth":26.5,"risk":"Orange","risk_label":"Warning","timestamp":"2026-09-10T07:34:50.327251Z"}},{"type":"Feature","geometry":{"type":"LineString","coordinates":[[72.812555,18.893982],[72.815914,18.892355],[72.814934,18.894735]]},"properties":{"road_id":"R0448","road_type":"residential","road_width":7,"name":"Residential Road 448","ward":"Ward_5","water_depth":45.7,"risk":"Red","risk_label":"Critical","timestamp":"2026-09-10T07:34:50.327251Z"}},{"type":"Feature","geometry":{"type":"LineString","coordinates":[[72.894548,19.160407],[72.890755,19.158762],[72.889907,19.155174]]},"properties":{"road_id":"R0449","road_type":"tertiary","road_width":9,"name":"Tertiary Road 449","ward":"Ward_8","water_depth":41.0,"risk":"Red","risk_label":"Critical","timestamp":"2026-09-10T07:34:50.327251Z"}},{"type":"Feature","geometry":{"type":"LineString","coordinates":[[72.947947,18.907988],[72.950724,18.909112],[72.950593,18.904269]]},"properties":{"road_id":"R0450","road_type":"primary","road_width":18,"name":"Primary Road 450","ward":"Ward_23","water_depth":28.5,"risk":"Orange","risk_label":"Warning","timestamp":"2026-09-10T07:34:50.327251Z"}},{"type":"Feature","geometry":{"type":"LineString","coordinates":[[72.936371,19.133531],[72.932639,19.133291],[72.930349,19.129722],[72.927742,19.129227],[72.929658,19.125972]]},"properties":{"road_id":"R0451","road_type":"tertiary","road_width":10,"name":"Tertiary Road 451","ward":"Ward_3","water_depth":28.5,"risk":"Orange","risk_label":"Warning","timestamp":"2026-09-10T07:34:50.327251Z"}},{"type":"Feature","geometry":{"type":"LineString","coordinates":[[72.887119,19.029139],[72.891985,19.026058],[72.893174,19.030826],[72.898042,19.034453]]},"properties":{"road_id":"R0452","road_type":"tertiary","road_width":7,"name":"Tertiary Road 452","ward":"Ward_9","water_depth":34.7,"risk":"Red","risk_label":"Critical","timestamp":"2026-09-10T07:34:50.327251Z"}},{"type":"Feature","geometry":{"type":"LineString","coordinates":[[72.801336,18.912818],[72.805451,18.916256],[72.802048,18.916231]]},"properties":{"road_id":"R0453","road_type":"primary","road_width":20,"name":"Primary Road 453","ward":"Ward_10","water_depth":53.1,"risk":"Red","risk_label":"Critical","timestamp":"2026-09-10T07:34:50.327251Z"}},{"type":"Feature","geometry":{"type":"LineString","coordinates":[[72.899532,18.965525],[72.899064,18.969426],[72.894588,18.96547],[72.891169,18.965844],[72.891318,18.961134]]},"properties":{"road_id":"R0454","road_type":"secondary","road_width":13,"name":"Secondary Road 454","ward":"Ward_19","water_depth":25.2,"risk":"Orange","risk_label":"Warning","timestamp":"2026-09-10T07:34:50.327251Z"}},{"type":"Feature","geometry":{"type":"LineString","coordinates":[[72.912139,18.945526],[72.914929,18.943782],[72.910909,18.942044],[72.914608,18.944421],[72.911815,18.943177]]},"properties":{"road_id":"R0455","road_type":"tertiary","road_width":9,"name":"Tertiary Road 455","ward":"Ward_5","water_depth":37.2,"risk":"Red","risk_label":"Critical","timestamp":"2026-09-10T07:34:50.327251Z"}},{"type":"Feature","geometry":{"type":"LineString","coordinates":[[72.848432,18.937663],[72.845373,18.93724],[72.84307,18.935826],[72.838391,18.934185],[72.836197,18.934872]]},"properties":{"road_id":"R0456","road_type":"secondary","road_width":13,"name":"Secondary Road 456","ward":"Ward_6","water_depth":53.0,"risk":"Red","risk_label":"Critical","timestamp":"2026-09-10T07:34:50.327251Z"}},{"type":"Feature","geometry":{"type":"LineString","coordinates":[[72.896764,19.206835],[72.898144,19.209731],[72.894843,19.210846]]},"properties":{"road_id":"R0457","road_type":"tertiary","road_width":6,"name":"Tertiary Road 457","ward":"Ward_14","water_depth":31.6,"risk":"Red","risk_label":"Critical","timestamp":"2026-09-10T07:34:50.327251Z"}},{"type":"Feature","geometry":{"type":"LineString","coordinates":[[72.945768,19.094801],[72.948068,19.092592],[72.945534,19.094954]]},"properties":{"road_id":"R0458","road_type":"residential","road_width":7,"name":"Residential Road 458","ward":"Ward_5","water_depth":27.1,"risk":"Orange","risk_label":"Warning","timestamp":"2026-09-10T07:34:50.327251Z"}},{"type":"Feature","geometry":{"type":"LineString","coordinates":[[72.778412,19.24247],[72.781098,19.242176],[72.78141,19.237513],[72.78439,19.237305],[72.783914,19.240518]]},"properties":{"road_id":"R0459","road_type":"primary","road_width":18,"name":"Primary Road 459","ward":"Ward_23","water_depth":50.9,"risk":"Red","risk_label":"Critical","timestamp":"2026-09-10T07:34:50.327251Z"}},{"type":"Feature","geometry":{"type":"LineString","coordinates":[[72.832116,18.920431],[72.828023,18.921907],[72.826072,18.921705]]},"properties":{"road_id":"R0460","road_type":"residential","road_width":7,"name":"Residential Road 460","ward":"Ward_1","water_depth":36.1,"risk":"Red","risk_label":"Critical","timestamp":"2026-09-10T07:34:50.327251Z"}},{"type":"Feature","geometry":{"type":"LineString","coordinates":[[72.953582,19.163297],[72.95648,19.162351],[72.956123,19.161055],[72.959727,19.162389],[72.963662,19.158096]]},"properties":{"road_id":"R0461","road_type":"residential","road_width":6,"name":"Residential Road 461","ward":"Ward_9","water_depth":30.0,"risk":"Orange","risk_label":"Warning","timestamp":"2026-09-10T07:34:50.327251Z"}},{"type":"Feature","geometry":{"type":"LineString","coordinates":[[72.840496,19.105773],[72.840643,19.110095]]},"properties":{"road_id":"R0462","road_type":"secondary","road_width":10,"name":"Secondary Road 462","ward":"Ward_4","water_depth":52.6,"risk":"Red","risk_label":"Critical","timestamp":"2026-09-10T07:34:50.327251Z"}},{"type":"Feature","geometry":{"type":"LineString","coordinates":[[72.778584,19.046834],[72.780065,19.045498],[72.780673,19.047547],[72.777057,19.050283]]},"properties":{"road_id":"R0463","road_type":"residential","road_width":6,"name":"Residential Road 463","ward":"Ward_24","water_depth":47.5,"risk":"Red","risk_label":"Critical","timestamp":"2026-09-10T07:34:50.327251Z"}},{"type":"Feature","geometry":{"type":"LineString","coordinates":[[72.958566,18.991776],[72.957795,18.991812],[72.956523,18.987357]]},"properties":{"road_id":"R0464","road_type":"secondary","road_width":10,"name":"Secondary Road 464","ward":"Ward_16","water_depth":41.0,"risk":"Red","risk_label":"Critical","timestamp":"2026-09-10T07:34:50.327251Z"}},{"type":"Feature","geometry":{"type":"LineString","coordinates":[[72.93798,19.105961],[72.941068,19.110415],[72.936724,19.114824],[72.936303,19.118743],[72.940282,19.114545]]},"properties":{"road_id":"R0465","road_type":"tertiary","road_width":6,"name":"Tertiary Road 465","ward":"Ward_6","water_depth":37.5,"risk":"Red","risk_label":"Critical","timestamp":"2026-09-10T07:34:50.327251Z"}},{"type":"Feature","geometry":{"type":"LineString","coordinates":[[72.874229,19.134891],[72.874436,19.138641]]},"properties":{"road_id":"R0466","road_type":"tertiary","road_width":10,"name":"Tertiary Road 466","ward":"Ward_5","water_depth":47.7,"risk":"Red","risk_label":"Critical","timestamp":"2026-09-10T07:34:50.327251Z"}},{"type":"Feature","geometry":{"type":"LineString","coordinates":[[72.924919,19.029649],[72.92181,19.024864],[72.924829,19.020085],[72.925026,19.023434]]},"properties":{"road_id":"R0467","road_type":"residential","road_width":5,"name":"Residential Road 467","ward":"Ward_16","water_depth":41.3,"risk":"Red","risk_label":"Critical","timestamp":"2026-09-10T07:34:50.327251Z"}},{"type":"Feature","geometry":{"type":"LineString","coordinates":[[72.79771,18.985551],[72.794428,18.988445],[72.79427,18.986045],[72.796968,18.990752],[72.795499,18.986225]]},"properties":{"road_id":"R0468","road_type":"residential","road_width":4,"name":"Residential Road 468","ward":"Ward_23","water_depth":51.2,"risk":"Red","risk_label":"Critical","timestamp":"2026-09-10T07:34:50.327251Z"}},{"type":"Feature","geometry":{"type":"LineString","coordinates":[[72.94626,19.239818],[72.947923,19.241747],[72.945302,19.238282]]},"properties":{"road_id":"R0469","road_type":"tertiary","road_width":7,"name":"Tertiary Road 469","ward":"Ward_15","water_depth":33.5,"risk":"Red","risk_label":"Critical","timestamp":"2026-09-10T07:34:50.327251Z"}},{"type":"Feature","geometry":{"type":"LineString","coordinates":[[72.888122,18.940109],[72.886292,18.935456],[72.885021,18.933894],[72.881647,18.934293]]},"properties":{"road_id":"R0470","road_type":"tertiary","road_width":9,"name":"Tertiary Road 470","ward":"Ward_16","water_depth":35.5,"risk":"Red","risk_label":"Critical","timestamp":"2026-09-10T07:34:50.327251Z"}},{"type":"Feature","geometry":{"type":"LineString","coordinates":[[72.802771,19.222568],[72.803233,19.22727],[72.804705,19.227344],[72.808665,19.225299],[72.811206,19.229996]]},"properties":{"road_id":"R0471","road_type":"secondary","road_width":14,"name":"Secondary Road 471","ward":"Ward_24","water_depth":53.1,"risk":"Red","risk_label":"Critical","timestamp":"2026-09-10T07:34:50.327251Z"}},{"type":"Feature","geometry":{"type":"LineString","coordinates":[[72.923645,19.131876],[72.920039,19.135878],[72.91812,19.136387],[72.921528,19.135403]]},"properties":{"road_id":"R0472","road_type":"residential","road_width":3,"name":"Residential Road 472","ward":"Ward_20","water_depth":30.6,"risk":"Red","risk_label":"Critical","timestamp":"2026-09-10T07:34:50.327251Z"}},{"type":"Feature","geometry":{"type":"LineString","coordinates":[[72.93109,19.166888],[72.926926,19.163845],[72.928697,19.167339]]},"properties":{"road_id":"R0473","road_type":"secondary","road_width":13,"name":"Secondary Road 473","ward":"Ward_7","water_depth":38.3,"risk":"Red","risk_label":"Critical","timestamp":"2026-09-10T07:34:50.327251Z"}},{"type":"Feature","geometry":{"type":"LineString","coordinates":[[72.877427,19.099205],[72.879094,19.094766],[72.881254,19.093741],[72.880115,19.093018]]},"properties":{"road_id":"R0474","road_type":"residential","road_width":5,"name":"Residential Road 474","ward":"Ward_15","water_depth":32.3,"risk":"Red","risk_label":"Critical","timestamp":"2026-09-10T07:34:50.327251Z"}},{"type":"Feature","geometry":{"type":"LineString","coordinates":[[72.863286,19.146584],[72.866323,19.15151],[72.86938,19.149397]]},"properties":{"road_id":"R0475","road_type":"primary","road_width":21,"name":"Primary Road 475","ward":"Ward_5","water_depth":34.8,"risk":"Red","risk_label":"Critical","timestamp":"2026-09-10T07:34:50.327251Z"}},{"type":"Feature","geometry":{"type":"LineString","coordinates":[[72.869669,18.948958],[72.874535,18.952633],[72.879136,18.948294]]},"properties":{"road_id":"R0476","road_type":"primary","road_width":21,"name":"Primary Road 476","ward":"Ward_21","water_depth":33.2,"risk":"Red","risk_label":"Critical","timestamp":"2026-09-10T07:34:50.327251Z"}},{"type":"Feature","geometry":{"type":"LineString","coordinates":[[72.867045,18.936459],[72.871194,18.937139],[72.874517,18.934131],[72.874423,18.932026],[72.872443,18.935254]]},"properties":{"road_id":"R0477","road_type":"tertiary","road_width":9,"name":"Tertiary Road 477","ward":"Ward_8","water_depth":32.5,"risk":"Red","risk_label":"Critical","timestamp":"2026-09-10T07:34:50.327251Z"}},{"type":"Feature","geometry":{"type":"LineString","coordinates":[[72.833036,18.928529],[72.834401,18.929935]]},"properties":{"road_id":"R0478","road_type":"primary","road_width":20,"name":"Primary Road 478","ward":"Ward_14","water_depth":47.1,"risk":"Red","risk_label":"Critical","timestamp":"2026-09-10T07:34:50.327251Z"}},{"type":"Feature","geometry":{"type":"LineString","coordinates":[[72.905405,19.214581],[72.908052,19.209866],[72.912758,19.209796],[72.911376,19.210785],[72.910737,19.21059]]},"properties":{"road_id":"R0479","road_type":"secondary","road_width":10,"name":"Secondary Road 479","ward":"Ward_12","water_depth":35.0,"risk":"Red","risk_label":"Critical","timestamp":"2026-09-10T07:34:50.327251Z"}},{"type":"Feature","geometry":{"type":"LineString","coordinates":[[72.782287,18.931882],[72.78607,18.930079],[72.782703,18.926434],[72.781899,18.92416]]},"properties":{"road_id":"R0480","road_type":"primary","road_width":20,"name":"Primary Road 480","ward":"Ward_10","water_depth":52.5,"risk":"Red","risk_label":"Critical","timestamp":"2026-09-10T07:34:50.327251Z"}},{"type":"Feature","geometry":{"type":"LineString","coordinates":[[72.808482,19.161248],[72.811008,19.157193],[72.814733,19.15763]]},"properties":{"road_id":"R0481","road_type":"primary","road_width":20,"name":"Primary Road 481","ward":"Ward_9","water_depth":52.6,"risk":"Red","risk_label":"Critical","timestamp":"2026-09-10T07:34:50.327251Z"}},{"type":"Feature","geometry":{"type":"LineString","coordinates":[[72.843842,19.07308],[72.840212,19.069517]]},"properties":{"road_id":"R0482","road_type":"tertiary","road_width":9,"name":"Tertiary Road 482","ward":"Ward_11","water_depth":33.1,"risk":"Red","risk_label":"Critical","timestamp":"2026-09-10T07:34:50.327251Z"}},{"type":"Feature","geometry":{"type":"LineString","coordinates":[[72.87571,18.952793],[72.878661,18.956109]]},"properties":{"road_id":"R0483","road_type":"secondary","road_width":14,"name":"Secondary Road 483","ward":"Ward_18","water_depth":27.9,"risk":"Orange","risk_label":"Warning","timestamp":"2026-09-10T07:34:50.327251Z"}},{"type":"Feature","geometry":{"type":"LineString","coordinates":[[72.786044,19.044987],[72.790278,19.048175],[72.788394,19.04797],[72.791564,19.046596],[72.792541,19.050493]]},"properties":{"road_id":"R0484","road_type":"primary","road_width":20,"name":"Primary Road 484","ward":"Ward_1","water_depth":46.2,"risk":"Red","risk_label":"Critical","timestamp":"2026-09-10T07:34:50.327251Z"}},{"type":"Feature","geometry":{"type":"LineString","coordinates":[[72.915791,18.918912],[72.913866,18.920792],[72.918677,18.91789]]},"properties":{"road_id":"R0485","road_type":"primary","road_width":18,"name":"Primary Road 485","ward":"Ward_3","water_depth":32.1,"risk":"Red","risk_label":"Critical","timestamp":"2026-09-10T07:34:50.327251Z"}},{"type":"Feature","geometry":{"type":"LineString","coordinates":[[72.778929,19.157787],[72.781859,19.153865],[72.777452,19.154],[72.774982,19.150189],[72.776658,19.145852]]},"properties":{"road_id":"R0486","road_type":"primary","road_width":22,"name":"Primary Road 486","ward":"Ward_7","water_depth":40.9,"risk":"Red","risk_label":"Critical","timestamp":"2026-09-10T07:34:50.327251Z"}},{"type":"Feature","geometry":{"type":"LineString","coordinates":[[72.776144,19.124828],[72.778606,19.121284],[72.779404,19.119058]]},"properties":{"road_id":"R0487","road_type":"secondary","road_width":14,"name":"Secondary Road 487","ward":"Ward_8","water_depth":48.0,"risk":"Red","risk_label":"Critical","timestamp":"2026-09-10T07:34:50.327251Z"}},{"type":"Feature","geometry":{"type":"LineString","coordinates":[[72.930281,19.181443],[72.932439,19.181731]]},"properties":{"road_id":"R0488","road_type":"primary","road_width":22,"name":"Primary Road 488","ward":"Ward_1","water_depth":41.3,"risk":"Red","risk_label":"Critical","timestamp":"2026-09-10T07:34:50.327251Z"}},{"type":"Feature","geometry":{"type":"LineString","coordinates":[[72.948772,19.219781],[72.950754,19.219528],[72.952489,19.21638]]},"properties":{"road_id":"R0489","road_type":"primary","road_width":21,"name":"Primary Road 489","ward":"Ward_14","water_depth":32.6,"risk":"Red","risk_label":"Critical","timestamp":"2026-09-10T07:34:50.327251Z"}},{"type":"Feature","geometry":{"type":"LineString","coordinates":[[72.929896,19.02488],[72.929555,19.023022],[72.929513,19.02322]]},"properties":{"road_id":"R0490","road_type":"secondary","road_width":10,"name":"Secondary Road 490","ward":"Ward_3","water_depth":45.3,"risk":"Red","risk_label":"Critical","timestamp":"2026-09-10T07:34:50.327251Z"}},{"type":"Feature","geometry":{"type":"LineString","coordinates":[[72.829558,18.913975],[72.827678,18.914978],[72.827118,18.91974],[72.825024,18.920279],[72.821912,18.923833]]},"properties":{"road_id":"R0491","road_type":"tertiary","road_width":9,"name":"Tertiary Road 491","ward":"Ward_22","water_depth":41.3,"risk":"Red","risk_label":"Critical","timestamp":"2026-09-10T07:34:50.327251Z"}},{"type":"Feature","geometry":{"type":"LineString","coordinates":[[72.911573,18.874859],[72.910537,18.87658],[72.912302,18.876806]]},"properties":{"road_id":"R0492","road_type":"tertiary","road_width":10,"name":"Tertiary Road 492","ward":"Ward_4","water_depth":39.6,"risk":"Red","risk_label":"Critical","timestamp":"2026-09-10T07:34:50.327251Z"}},{"type":"Feature","geometry":{"type":"LineString","coordinates":[[72.811808,19.00821],[72.815248,19.005212]]},"properties":{"road_id":"R0493","road_type":"secondary","road_width":13,"name":"Secondary Road 493","ward":"Ward_24","water_depth":53.1,"risk":"Red","risk_label":"Critical","timestamp":"2026-09-10T07:34:50.327251Z"}},{"type":"Feature","geometry":{"type":"LineString","coordinates":[[72.930854,19.16063],[72.933417,19.161567],[72.937849,19.164577],[72.939516,19.163138]]},"properties":{"road_id":"R0494","road_type":"residential","road_width":7,"name":"Residential Road 494","ward":"Ward_9","water_depth":29.6,"risk":"Orange","risk_label":"Warning","timestamp":"2026-09-10T07:34:50.327251Z"}},{"type":"Feature","geometry":{"type":"LineString","coordinates":[[72.822645,18.911054],[72.823929,18.911027],[72.819925,18.907373],[72.815607,18.902901],[72.820328,18.904682]]},"properties":{"road_id":"R0495","road_type":"secondary","road_width":11,"name":"Secondary Road 495","ward":"Ward_10","water_depth":48.7,"risk":"Red","risk_label":"Critical","timestamp":"2026-09-10T07:34:50.327251Z"}},{"type":"Feature","geometry":{"type":"LineString","coordinates":[[72.879189,19.121211],[72.878849,19.121133]]},"properties":{"road_id":"R0496","road_type":"primary","road_width":22,"name":"Primary Road 496","ward":"Ward_9","water_depth":38.2,"risk":"Red","risk_label":"Critical","timestamp":"2026-09-10T07:34:50.327251Z"}},{"type":"Feature","geometry":{"type":"LineString","coordinates":[[72.776636,19.231981],[72.780785,19.231285]]},"properties":{"road_id":"R0497","road_type":"tertiary","road_width":9,"name":"Tertiary Road 497","ward":"Ward_15","water_depth":40.4,"risk":"Red","risk_label":"Critical","timestamp":"2026-09-10T07:34:50.327251Z"}},{"type":"Feature","geometry":{"type":"LineString","coordinates":[[72.8869,18.882487],[72.88493,18.88609]]},"properties":{"road_id":"R0498","road_type":"residential","road_width":4,"name":"Residential Road 498","ward":"Ward_10","water_depth":36.2,"risk":"Red","risk_label":"Critical","timestamp":"2026-09-10T07:34:50.327251Z"}},{"type":"Feature","geometry":{"type":"LineString","coordinates":[[72.88946,19.160324],[72.889997,19.16023],[72.889696,19.160624],[72.886259,19.161246],[72.883893,19.156804]]},"properties":{"road_id":"R0499","road_type":"residential","road_width":5,"name":"Residential Road 499","ward":"Ward_10","water_depth":40.1,"risk":"Red","risk_label":"Critical","timestamp":"2026-09-10T07:34:50.327251Z"}}],"simulation_time":"2026-09-10T07:34:50.327251Z","rainfall_mm_hr":45.0}