timestamp,latitude,longitude,rainfall_mm_hr,rainfall_normalized
2024-07-01T00:00:00,18.87,72.77,0.32,0.0029373967321461355
2024-07-01T00:00:00,18.87,72.79,0.19,0.0017440793097117681
2024-07-01T00:00:00,18.87,72.81,0.17,0.0015604920139526345
2024-07-01T00:00:00,18.87,72.83,0.17,0.0015604920139526345
2024-07-01T00:00:00,18.87,72.85,0.55,0.005048650633376171
2024-07-01T00:00:00,18.87,72.87,0.33,0.0030291903800257025
2024-07-01T00:00:00,18.87,72.89,0.13,0.0011933174224343676
2024-07-01T00:00:00,18.87,72.91,0.27,0.002478428492748302
2024-07-01T00:00:00,18.87,72.93,0.22,0.002019460253350468
2024-07-01T00:00:00,18.87,72.95,0.02,0.00018358729575913347
2024-07-01T00:00:00,18.87,72.97,0.07,0.0006425555351569672
2024-07-01T00:00:00,18.87,72.99,0.22,0.002019460253350468
2024-07-01T00:00:00,18.89,72.77,0.58,0.005324031577014871
2024-07-01T00:00:00,18.89,72.79,0.18,0.001652285661832201
2024-07-01T00:00:00,18.89,72.81,0.13,0.0011933174224343676
2024-07-01T00:00:00,18.89,72.83,0.22,0.002019460253350468
2024-07-01T00:00:00,18.89,72.85,0.12,0.0011015237745548008
2024-07-01T00:00:00,18.89,72.87,0.15,0.001376904718193501
2024-07-01T00:00:00,18.89,72.89,0.19,0.0017440793097117681
2024-07-01T00:00:00,18.89,72.91,0.07,0.0006425555351569672
2024-07-01T00:00:00,18.89,72.93,0.32,0.0029373967321461355
2024-07-01T00:00:00,18.89,72.95,0.06,0.0005507618872774004
2024-07-01T00:00:00,18.89,72.97,0.05,0.0004589682393978337
2024-07-01T00:00:00,18.89,72.99,0.2,0.001835872957591335
2024-07-01T00:00:00,18.91,72.77,0.38,0.0034881586194235362
2024-07-01T00:00:00,18.91,72.79,0.24,0.0022030475491096016
2024-07-01T00:00:00,18.91,72.81,0.19,0.0017440793097117681
2024-07-01T00:00:00,18.91,72.83,0.16,0.0014686983660730677
2024-07-01T00:00:00,18.91,72.85,0.14,0.0012851110703139344
2024-07-01T00:00:00,18.91,72.87,0.4,0.00367174591518267
2024-07-01T00:00:00,18.91,72.89,0.24,0.0022030475491096016
2024-07-01T00:00:00,18.91,72.91,0.14,0.0012851110703139344
2024-07-01T00:00:00,18.91,72.93,0.1,0.0009179364787956674
2024-07-01T00:00:00,18.91,72.95,0.28,0.0025702221406278688
2024-07-01T00:00:00,18.91,72.97,0.36,0.003304571323664402
2024-07-01T00:00:00,18.91,72.99,0.33,0.0030291903800257025
2024-07-01T00:00:00,18.93,72.77,0.11,0.001009730126675234
2024-07-01T00:00:00,18.93,72.79,0.17,0.0015604920139526345
2024-07-01T00:00:00,18.93,72.81,0.14,0.0012851110703139344
2024-07-01T00:00:00,18.93,72.83,0.18,0.001652285661832201
2024-07-01T00:00:00,18.93,72.85,0.35,0.0032127776757848356
2024-07-01T00:00:00,18.93,72.87,0.48,0.004406095098219203
2024-07-01T00:00:00,18.93,72.89,0.25,0.002294841196989168
2024-07-01T00:00:00,18.93,72.91,0.11,0.001009730126675234
2024-07-01T00:00:00,18.93,72.93,0.18,0.001652285661832201
2024-07-01T00:00:00,18.93,72.95,0.49,0.00449788874609877
2024-07-01T00:00:00,18.93,72.97,0.19,0.0017440793097117681
2024-07-01T00:00:00,18.93,72.99,0.14,0.0012851110703139344
2024-07-01T00:00:00,18.95,72.77,0.19,0.0017440793097117681
2024-07-01T00:00:00,18.95,72.79,0.28,0.0025702221406278688
2024-07-01T00:00:00,18.95,72.81,0.1,0.0009179364787956674
2024-07-01T00:00:00,18.95,72.83,0.13,0.0011933174224343676
2024-07-01T00:00:00,18.95,72.85,0.37,0.003396364971543969
2024-07-01T00:00:00,18.95,72.87,0.25,0.002294841196989168
2024-07-01T00:00:00,18.95,72.89,0.2,0.001835872957591335
2024-07-01T00:00:00,18.95,72.91,0.36,0.003304571323664402
2024-07-01T00:00:00,18.95,72.93,0.1,0.0009179364787956674
2024-07-01T00:00:00,18.95,72.95,0.14,0.0012851110703139344
2024-07-01T00:00:00,18.95,72.97,0.22,0.002019460253350468
2024-07-01T00:00:00,18.95,72.99,0.21,0.0019276666054709015
2024-07-01T00:00:00,18.97,72.77,0.06,0.0005507618872774004
2024-07-01T00:00:00,18.97,72.79,0.15,0.001376904718193501
2024-07-01T00:00:00,18.97,72.81,0.18,0.001652285661832201
2024-07-01T00:00:00,18.97,72.83,0.27,0.002478428492748302
2024-07-01T00:00:00,18.97,72.85,0.24,0.0022030475491096016
2024-07-01T00:00:00,18.97,72.87,0.18,0.001652285661832201
2024-07-01T00:00:00,18.97,72.89,0.02,0.00018358729575913347
2024-07-01T00:00:00,18.97,72.91,0.18,0.001652285661832201
2024-07-01T00:00:00,18.97,72.93,0.19,0.0017440793097117681
2024-07-01T00:00:00,18.97,72.95,0.78,0.007159904534606206
2024-07-01T00:00:00,18.97,72.97,0.15,0.001376904718193501
2024-07-01T00:00:00,18.97,72.99,0.22,0.002019460253350468
2024-07-01T00:00:00,18.99,72.77,0.48,0.004406095098219203
2024-07-01T00:00:00,18.99,72.79,0.37,0.003396364971543969
2024-07-01T00:00:00,18.99,72.81,0.53,0.004865063337617037
2024-07-01T00:00:00,18.99,72.83,0.05,0.0004589682393978337
2024-07-01T00:00:00,18.99,72.85,0.08,0.0007343491830365339
2024-07-01T00:00:00,18.99,72.87,0.12,0.0011015237745548008
2024-07-01T00:00:00,18.99,72.89,0.04,0.00036717459151826694
2024-07-01T00:00:00,18.99,72.91,0.19,0.0017440793097117681
2024-07-01T00:00:00,18.99,72.93,0.08,0.0007343491830365339
2024-07-01T00:00:00,18.99,72.95,0.49,0.00449788874609877
2024-07-01T00:00:00,18.99,72.97,0.09,0.0008261428309161006
2024-07-01T00:00:00,18.99,72.99,0.13,0.0011933174224343676
2024-07-01T00:00:00,19.01,72.77,0.39,0.003579952267303103
2024-07-01T00:00:00,19.01,72.79,0.07,0.0006425555351569672
2024-07-01T00:00:00,19.01,72.81,0.04,0.00036717459151826694
2024-07-01T00:00:00,19.01,72.83,0.23,0.002111253901230035
2024-07-01T00:00:00,19.01,72.85,0.24,0.0022030475491096016
2024-07-01T00:00:00,19.01,72.87,0.34,0.003120984027905269
2024-07-01T00:00:00,19.01,72.89,0.28,0.0025702221406278688
2024-07-01T00:00:00,19.01,72.91,0.23,0.002111253901230035
2024-07-01T00:00:00,19.01,72.93,0.1,0.0009179364787956674
2024-07-01T00:00:00,19.01,72.95,0.21,0.0019276666054709015
2024-07-01T00:00:00,19.01,72.97,0.22,0.002019460253350468
2024-07-01T00:00:00,19.01,72.99,0.09,0.0008261428309161006
2024-07-01T00:00:00,19.03,72.77,0.72,0.006609142647328804
2024-07-01T00:00:00,19.03,72.79,0.3,0.002753809436387002
2024-07-01T00:00:00,19.03,72.81,0.09,0.0008261428309161006
2024-07-01T00:00:00,19.03,72.83,0.35,0.0032127776757848356
2024-07-01T00:00:00,19.03,72.85,0.39,0.003579952267303103
2024-07-01T00:00:00,19.03,72.87,0.26,0.002386634844868735
2024-07-01T00:00:00,19.03,72.89,0.16,0.0014686983660730677
2024-07-01T00:00:00,19.03,72.91,0.1,0.0009179364787956674
2024-07-01T00:00:00,19.03,72.93,0.17,0.0015604920139526345
2024-07-01T00:00:00,19.03,72.95,0.23,0.002111253901230035
2024-07-01T00:00:00,19.03,72.97,0.18,0.001652285661832201
2024-07-01T00:00:00,19.03,72.99,0.45,0.0041307141545805035
2024-07-01T00:00:00,19.05,72.77,0.35,0.0032127776757848356
2024-07-01T00:00:00,19.05,72.79,0.1,0.0009179364787956674
2024-07-01T00:00:00,19.05,72.81,0.08,0.0007343491830365339
2024-07-01T00:00:00,19.05,72.83,0.29,0.0026620157885074353
2024-07-01T00:00:00,19.05,72.85,0.17,0.0015604920139526345
2024-07-01T00:00:00,19.05,72.87,0.32,0.0029373967321461355
2024-07-01T00:00:00,19.05,72.89,0.27,0.002478428492748302
2024-07-01T00:00:00,19.05,72.91,0.17,0.0015604920139526345
2024-07-01T00:00:00,19.05,72.93,0.09,0.0008261428309161006
2024-07-01T00:00:00,19.05,72.95,0.04,0.00036717459151826694
2024-07-01T00:00:00,19.05,72.97,0.21,0.0019276666054709015
2024-07-01T00:00:00,19.05,72.99,0.05,0.0004589682393978337
2024-07-01T00:00:00,19.07,72.77,0.1,0.0009179364787956674
2024-07-01T00:00:00,19.07,72.79,0.24,0.0022030475491096016
2024-07-01T00:00:00,19.07,72.81,0.22,0.002019460253350468
2024-07-01T00:00:00,19.07,72.83,0.07,0.0006425555351569672
2024-07-01T00:00:00,19.07,72.85,0.41,0.003763539563062236
2024-07-01T00:00:00,19.07,72.87,0.4,0.00367174591518267
2024-07-01T00:00:00,19.07,72.89,0.27,0.002478428492748302
2024-07-01T00:00:00,19.07,72.91,0.27,0.002478428492748302
2024-07-01T00:00:00,19.07,72.93,0.26,0.002386634844868735
2024-07-01T00:00:00,19.07,72.95,0.35,0.0032127776757848356
2024-07-01T00:00:00,19.07,72.97,0.28,0.0025702221406278688
2024-07-01T00:00:00,19.07,72.99,0.09,0.0008261428309161006
2024-07-01T00:00:00,19.09,72.77,0.18,0.001652285661832201
2024-07-01T00:00:00,19.09,72.79,0.88,0.008077841013401872
2024-07-01T00:00:00,19.09,72.81,0.03,0.0002753809436387002
2024-07-01T00:00:00,19.09,72.83,0.14,0.0012851110703139344
2024-07-01T00:00:00,19.09,72.85,0.42,0.003855333210941803
2024-07-01T00:00:00,19.09,72.87,0.1,0.0009179364787956674
2024-07-01T00:00:00,19.09,72.89,0.31,0.002845603084266569
2024-07-01T00:00:00,19.09,72.91,0.19,0.0017440793097117681
2024-07-01T00:00:00,19.09,72.93,0.1,0.0009179364787956674
2024-07-01T00:00:00,19.09,72.95,0.02,0.00018358729575913347
2024-07-01T00:00:00,19.09,72.97,0.2,0.001835872957591335
2024-07-01T00:00:00,19.09,72.99,0.09,0.0008261428309161006
2024-07-01T00:00:00,19.11,72.77,0.2,0.001835872957591335
2024-07-01T00:00:00,19.11,72.79,0.31,0.002845603084266569
2024-07-01T00:00:00,19.11,72.81,0.38,0.0034881586194235362
2024-07-01T00:00:00,19.11,72.83,0.14,0.0012851110703139344
2024-07-01T00:00:00,19.11,72.85,0.11,0.001009730126675234
2024-07-01T00:00:00,19.11,72.87,0.06,0.0005507618872774004
2024-07-01T00:00:00,19.11,72.89,0.36,0.003304571323664402
2024-07-01T00:00:00,19.11,72.91,0.69,0.006333761703690105
2024-07-01T00:00:00,19.11,72.93,0.37,0.003396364971543969
2024-07-01T00:00:00,19.11,72.95,0.42,0.003855333210941803
2024-07-01T00:00:00,19.11,72.97,0.1,0.0009179364787956674
2024-07-01T00:00:00,19.11,72.99,0.24,0.0022030475491096016
2024-07-01T00:00:00,19.13,72.77,0.38,0.0034881586194235362
2024-07-01T00:00:00,19.13,72.79,0.09,0.0008261428309161006
2024-07-01T00:00:00,19.13,72.81,0.6,0.005507618872774004
2024-07-01T00:00:00,19.13,72.83,0.05,0.0004589682393978337
2024-07-01T00:00:00,19.13,72.85,0.51,0.004681476041857904
2024-07-01T00:00:00,19.13,72.87,0.05,0.0004589682393978337
2024-07-01T00:00:00,19.13,72.89,0.08,0.0007343491830365339
2024-07-01T00:00:00,19.13,72.91,0.26,0.002386634844868735
2024-07-01T00:00:00,19.13,72.93,0.19,0.0017440793097117681
2024-07-01T00:00:00,19.13,72.95,0.13,0.0011933174224343676
2024-07-01T00:00:00,19.13,72.97,0.49,0.00449788874609877
2024-07-01T00:00:00,19.13,72.99,0.05,0.0004589682393978337
2024-07-01T00:00:00,19.15,72.77,0.2,0.001835872957591335
2024-07-01T00:00:00,19.15,72.79,0.33,0.0030291903800257025
2024-07-01T00:00:00,19.15,72.81,0.26,0.002386634844868735
2024-07-01T00:00:00,19.15,72.83,0.12,0.0011015237745548008
2024-07-01T00:00:00,19.15,72.85,0.12,0.0011015237745548008
2024-07-01T00:00:00,19.15,72.87,0.35,0.0032127776757848356
2024-07-01T00:00:00,19.15,72.89,0.35,0.0032127776757848356
2024-07-01T00:00:00,19.15,72.91,0.23,0.002111253901230035
2024-07-01T00:00:00,19.15,72.93,0.09,0.0008261428309161006
2024-07-01T00:00:00,19.15,72.95,0.11,0.001009730126675234
2024-07-01T00:00:00,19.15,72.97,0.17,0.0015604920139526345
2024-07-01T00:00:00,19.15,72.99,0.19,0.0017440793097117681
2024-07-01T00:00:00,19.17,72.77,0.33,0.0030291903800257025
2024-07-01T00:00:00,19.17,72.79,0.18,0.001652285661832201
2024-07-01T00:00:00,19.17,72.81,0.37,0.003396364971543969
2024-07-01T00:00:00,19.17,72.83,0.36,0.003304571323664402
2024-07-01T00:00:00,19.17,72.85,0.47,0.004314301450339637
2024-07-01T00:00:00,19.17,72.87,0.2,0.001835872957591335
2024-07-01T00:00:00,19.17,72.89,0.24,0.0022030475491096016
2024-07-01T00:00:00,19.17,72.91,0.17,0.0015604920139526345
2024-07-01T00:00:00,19.17,72.93,0.09,0.0008261428309161006
2024-07-01T00:00:00,19.17,72.95,0.65,0.005966587112171838
2024-07-01T00:00:00,19.17,72.97,0.38,0.0034881586194235362
2024-07-01T00:00:00,19.17,72.99,0.3,0.002753809436387002
2024-07-01T00:00:00,19.19,72.77,0.22,0.002019460253350468
2024-07-01T00:00:00,19.19,72.79,0.1,0.0009179364787956674
2024-07-01T00:00:00,19.19,72.81,0.41,0.003763539563062236
2024-07-01T00:00:00,19.19,72.83,0.18,0.001652285661832201
2024-07-01T00:00:00,19.19,72.85,0.27,0.002478428492748302
2024-07-01T00:00:00,19.19,72.87,0.12,0.0011015237745548008
2024-07-01T00:00:00,19.19,72.89,0.23,0.002111253901230035
2024-07-01T00:00:00,19.19,72.91,0.12,0.0011015237745548008
2024-07-01T00:00:00,19.19,72.93,0.12,0.0011015237745548008
2024-07-01T00:00:00,19.19,72.95,0.21,0.0019276666054709015
2024-07-01T00:00:00,19.19,72.97,0.04,0.00036717459151826694
2024-07-01T00:00:00,19.19,72.99,0.04,0.00036717459151826694
2024-07-01T00:00:00,19.21,72.77,0.12,0.0011015237745548008
2024-07-01T00:00:00,19.21,72.79,0.18,0.001652285661832201
2024-07-01T00:00:00,19.21,72.81,0.38,0.0034881586194235362
2024-07-01T00:00:00,19.21,72.83,0.18,0.001652285661832201
2024-07-01T00:00:00,19.21,72.85,0.19,0.0017440793097117681
2024-07-01T00:00:00,19.21,72.87,0.15,0.001376904718193501
2024-07-01T00:00:00,19.21,72.89,0.24,0.0022030475491096016
2024-07-01T00:00:00,19.21,72.91,0.09,0.0008261428309161006
2024-07-01T00:00:00,19.21,72.93,0.17,0.0015604920139526345
2024-07-01T00:00:00,19.21,72.95,0.24,0.0022030475491096016
2024-07-01T00:00:00,19.21,72.97,0.21,0.0019276666054709015
2024-07-01T00:00:00,19.21,72.99,0.17,0.0015604920139526345
2024-07-01T00:00:00,19.23,72.77,0.23,0.002111253901230035
2024-07-01T00:00:00,19.23,72.79,0.31,0.002845603084266569
2024-07-01T00:00:00,19.23,72.81,0.79,0.007251698182485772
2024-07-01T00:00:00,19.23,72.83,0.1,0.0009179364787956674
2024-07-01T00:00:00,19.23,72.85,0.76,0.0069763172388470724
2024-07-01T00:00:00,19.23,72.87,0.1,0.0009179364787956674
2024-07-01T00:00:00,19.23,72.89,0.02,0.00018358729575913347
2024-07-01T00:00:00,19.23,72.91,0.12,0.0011015237745548008
2024-07-01T00:00:00,19.23,72.93,0.23,0.002111253901230035
2024-07-01T00:00:00,19.23,72.95,0.58,0.005324031577014871
2024-07-01T00:00:00,19.23,72.97,0.08,0.0007343491830365339
2024-07-01T00:00:00,19.23,72.99,0.25,0.002294841196989168
2024-07-01T00:00:00,19.25,72.77,0.06,0.0005507618872774004
2024-07-01T00:00:00,19.25,72.79,0.69,0.006333761703690105
2024-07-01T00:00:00,19.25,72.81,0.46,0.00422250780246007
2024-07-01T00:00:00,19.25,72.83,0.14,0.0012851110703139344
2024-07-01T00:00:00,19.25,72.85,0.49,0.00449788874609877
2024-07-01T00:00:00,19.25,72.87,0.18,0.001652285661832201
2024-07-01T00:00:00,19.25,72.89,0.43,0.0039471268588213695
2024-07-01T00:00:00,19.25,72.91,0.19,0.0017440793097117681
2024-07-01T00:00:00,19.25,72.93,0.19,0.0017440793097117681
2024-07-01T00:00:00,19.25,72.95,0.12,0.0011015237745548008
2024-07-01T00:00:00,19.25,72.97,0.27,0.002478428492748302
2024-07-01T00:00:00,19.25,72.99,0.19,0.0017440793097117681
2024-07-01T01:00:00,18.87,72.77,0.47,0.004314301450339637
2024-07-01T01:00:00,18.87,72.79,0.07,0.0006425555351569672
2024-07-01T01:00:00,18.87,72.81,0.71,0.006517348999449238
2024-07-01T01:00:00,18.87,72.83,0.8,0.00734349183036534
2024-07-01T01:00:00,18.87,72.85,0.31,0.002845603084266569
2024-07-01T01:00:00,18.87,72.87,1.0,0.009179364787956673
2024-07-01T01:00:00,18.87,72.89,0.84,0.007710666421883606
2024-07-01T01:00:00,18.87,72.91,0.42,0.003855333210941803
2024-07-01T01:00:00,18.87,72.93,0.65,0.005966587112171838
2024-07-01T01:00:00,18.87,72.95,0.53,0.004865063337617037
2024-07-01T01:00:00,18.87,72.97,0.04,0.00036717459151826694
2024-07-01T01:00:00,18.87,72.99,0.2,0.001835872957591335
2024-07-01T01:00:00,18.89,72.77,0.53,0.004865063337617037
2024-07-01T01:00:00,18.89,72.79,0.89,0.00816963466128144
2024-07-01T01:00:00,18.89,72.81,0.08,0.0007343491830365339
2024-07-01T01:00:00,18.89,72.83,0.05,0.0004589682393978337
2024-07-01T01:00:00,18.89,72.85,0.27,0.002478428492748302
2024-07-01T01:00:00,18.89,72.87,0.03,0.0002753809436387002
2024-07-01T01:00:00,18.89,72.89,0.25,0.002294841196989168
2024-07-01T01:00:00,18.89,72.91,0.35,0.0032127776757848356
2024-07-01T01:00:00,18.89,72.93,0.11,0.001009730126675234
2024-07-01T01:00:00,18.89,72.95,0.25,0.002294841196989168
2024-07-01T01:00:00,18.89,72.97,0.49,0.00449788874609877
2024-07-01T01:00:00,18.89,72.99,0.16,0.0014686983660730677
2024-07-01T01:00:00,18.91,72.77,0.16,0.0014686983660730677
2024-07-01T01:00:00,18.91,72.79,0.29,0.0026620157885074353
2024-07-01T01:00:00,18.91,72.81,0.12,0.0011015237745548008
2024-07-01T01:00:00,18.91,72.83,1.0,0.009179364787956673
2024-07-01T01:00:00,18.91,72.85,0.29,0.0026620157885074353
2024-07-01T01:00:00,18.91,72.87,0.15,0.001376904718193501
2024-07-01T01:00:00,18.91,72.89,0.32,0.0029373967321461355
2024-07-01T01:00:00,18.91,72.91,0.24,0.0022030475491096016
2024-07-01T01:00:00,18.91,72.93,0.22,0.002019460253350468
2024-07-01T01:00:00,18.91,72.95,0.17,0.0015604920139526345
2024-07-01T01:00:00,18.91,72.97,0.16,0.0014686983660730677
2024-07-01T01:00:00,18.91,72.99,0.06,0.0005507618872774004
2024-07-01T01:00:00,18.93,72.77,0.79,0.007251698182485772
2024-07-01T01:00:00,18.93,72.79,0.47,0.004314301450339637
2024-07-01T01:00:00,18.93,72.81,0.38,0.0034881586194235362
2024-07-01T01:00:00,18.93,72.83,0.26,0.002386634844868735
2024-07-01T01:00:00,18.93,72.85,0.12,0.0011015237745548008
2024-07-01T01:00:00,18.93,72.87,0.15,0.001376904718193501
2024-07-01T01:00:00,18.93,72.89,0.07,0.0006425555351569672
2024-07-01T01:00:00,18.93,72.91,0.15,0.001376904718193501
2024-07-01T01:00:00,18.93,72.93,0.1,0.0009179364787956674
2024-07-01T01:00:00,18.93,72.95,0.76,0.0069763172388470724
2024-07-01T01:00:00,18.93,72.97,0.47,0.004314301450339637
2024-07-01T01:00:00,18.93,72.99,0.26,0.002386634844868735
2024-07-01T01:00:00,18.95,72.77,0.15,0.001376904718193501
2024-07-01T01:00:00,18.95,72.79,0.12,0.0011015237745548008
2024-07-01T01:00:00,18.95,72.81,0.26,0.002386634844868735
2024-07-01T01:00:00,18.95,72.83,0.56,0.0051404442812557375
2024-07-01T01:00:00,18.95,72.85,0.07,0.0006425555351569672
2024-07-01T01:00:00,18.95,72.87,0.42,0.003855333210941803
2024-07-01T01:00:00,18.95,72.89,0.16,0.0014686983660730677
2024-07-01T01:00:00,18.95,72.91,0.18,0.001652285661832201
2024-07-01T01:00:00,18.95,72.93,0.27,0.002478428492748302
2024-07-01T01:00:00,18.95,72.95,0.12,0.0011015237745548008
2024-07-01T01:00:00,18.95,72.97,0.21,0.0019276666054709015
2024-07-01T01:00:00,18.95,72.99,0.11,0.001009730126675234
2024-07-01T01:00:00,18.97,72.77,0.2,0.001835872957591335
2024-07-01T01:00:00,18.97,72.79,0.53,0.004865063337617037
2024-07-01T01:00:00,18.97,72.81,0.33,0.0030291903800257025
2024-07-01T01:00:00,18.97,72.83,0.5,0.004589682393978336
2024-07-01T01:00:00,18.97,72.85,0.16,0.0014686983660730677
2024-07-01T01:00:00,18.97,72.87,0.42,0.003855333210941803
2024-07-01T01:00:00,18.97,72.89,0.05,0.0004589682393978337
2024-07-01T01:00:00,18.97,72.91,0.28,0.0025702221406278688
2024-07-01T01:00:00,18.97,72.93,0.41,0.003763539563062236
2024-07-01T01:00:00,18.97,72.95,0.05,0.0004589682393978337
2024-07-01T01:00:00,18.97,72.97,0.15,0.001376904718193501
2024-07-01T01:00:00,18.97,72.99,0.26,0.002386634844868735
2024-07-01T01:00:00,18.99,72.77,0.64,0.005874793464292271
2024-07-01T01:00:00,18.99,72.79,0.19,0.0017440793097117681
2024-07-01T01:00:00,18.99,72.81,0.44,0.004038920506700936
2024-07-01T01:00:00,18.99,72.83,0.76,0.0069763172388470724
2024-07-01T01:00:00,18.99,72.85,0.43,0.0039471268588213695
2024-07-01T01:00:00,18.99,72.87,0.24,0.0022030475491096016
2024-07-01T01:00:00,18.99,72.89,0.36,0.003304571323664402
2024-07-01T01:00:00,18.99,72.91,0.16,0.0014686983660730677
2024-07-01T01:00:00,18.99,72.93,0.28,0.0025702221406278688
2024-07-01T01:00:00,18.99,72.95,0.23,0.002111253901230035
2024-07-01T01:00:00,18.99,72.97,0.33,0.0030291903800257025
2024-07-01T01:00:00,18.99,72.99,0.18,0.001652285661832201
2024-07-01T01:00:00,19.01,72.77,0.43,0.0039471268588213695
2024-07-01T01:00:00,19.01,72.79,0.22,0.002019460253350468
2024-07-01T01:00:00,19.01,72.81,0.55,0.005048650633376171
2024-07-01T01:00:00,19.01,72.83,0.23,0.002111253901230035
2024-07-01T01:00:00,19.01,72.85,0.03,0.0002753809436387002
2024-07-01T01:00:00,19.01,72.87,0.11,0.001009730126675234
2024-07-01T01:00:00,19.01,72.89,0.28,0.0025702221406278688
2024-07-01T01:00:00,19.01,72.91,0.79,0.007251698182485772
2024-07-01T01:00:00,19.01,72.93,0.47,0.004314301450339637
2024-07-01T01:00:00,19.01,72.95,0.02,0.00018358729575913347
2024-07-01T01:00:00,19.01,72.97,0.06,0.0005507618872774004
2024-07-01T01:00:00,19.01,72.99,0.54,0.004956856985496604
2024-07-01T01:00:00,19.03,72.77,0.51,0.004681476041857904
2024-07-01T01:00:00,19.03,72.79,1.24,0.011382412337066276
2024-07-01T01:00:00,19.03,72.81,0.21,0.0019276666054709015
2024-07-01T01:00:00,19.03,72.83,0.14,0.0012851110703139344
2024-07-01T01:00:00,19.03,72.85,0.3,0.002753809436387002
2024-07-01T01:00:00,19.03,72.87,0.19,0.0017440793097117681
2024-07-01T01:00:00,19.03,72.89,0.56,0.0051404442812557375
2024-07-01T01:00:00,19.03,72.91,0.17,0.0015604920139526345
2024-07-01T01:00:00,19.03,72.93,0.21,0.0019276666054709015
2024-07-01T01:00:00,19.03,72.95,0.11,0.001009730126675234
2024-07-01T01:00:00,19.03,72.97,0.43,0.0039471268588213695
2024-07-01T01:00:00,19.03,72.99,0.11,0.001009730126675234
2024-07-01T01:00:00,19.05,72.77,0.43,0.0039471268588213695
2024-07-01T01:00:00,19.05,72.79,1.02,0.009362952083715808
2024-07-01T01:00:00,19.05,72.81,0.05,0.0004589682393978337
2024-07-01T01:00:00,19.05,72.83,0.78,0.007159904534606206
2024-07-01T01:00:00,19.05,72.85,0.35,0.0032127776757848356
2024-07-01T01:00:00,19.05,72.87,0.1,0.0009179364787956674
2024-07-01T01:00:00,19.05,72.89,0.3,0.002753809436387002
2024-07-01T01:00:00,19.05,72.91,0.45,0.0041307141545805035
2024-07-01T01:00:00,19.05,72.93,0.13,0.0011933174224343676
2024-07-01T01:00:00,19.05,72.95,0.36,0.003304571323664402
2024-07-01T01:00:00,19.05,72.97,0.71,0.006517348999449238
2024-07-01T01:00:00,19.05,72.99,0.16,0.0014686983660730677
2024-07-01T01:00:00,19.07,72.77,0.13,0.0011933174224343676
2024-07-01T01:00:00,19.07,72.79,0.28,0.0025702221406278688
2024-07-01T01:00:00,19.07,72.81,0.31,0.002845603084266569
2024-07-01T01:00:00,19.07,72.83,0.62,0.005691206168533138
2024-07-01T01:00:00,19.07,72.85,0.25,0.002294841196989168
2024-07-01T01:00:00,19.07,72.87,0.2,0.001835872957591335
2024-07-01T01:00:00,19.07,72.89,0.11,0.001009730126675234
2024-07-01T01:00:00,19.07,72.91,0.05,0.0004589682393978337
2024-07-01T01:00:00,19.07,72.93,0.08,0.0007343491830365339
2024-07-01T01:00:00,19.07,72.95,0.08,0.0007343491830365339
2024-07-01T01:00:00,19.07,72.97,0.21,0.0019276666054709015
2024-07-01T01:00:00,19.07,72.99,0.06,0.0005507618872774004
2024-07-01T01:00:00,19.09,72.77,0.31,0.002845603084266569
2024-07-01T01:00:00,19.09,72.79,1.0,0.009179364787956673
2024-07-01T01:00:00,19.09,72.81,0.65,0.005966587112171838
2024-07-01T01:00:00,19.09,72.83,0.24,0.0022030475491096016
2024-07-01T01:00:00,19.09,72.85,1.32,0.01211676152010281
2024-07-01T01:00:00,19.09,72.87,0.29,0.0026620157885074353
2024-07-01T01:00:00,19.09,72.89,0.32,0.0029373967321461355
2024-07-01T01:00:00,19.09,72.91,0.24,0.0022030475491096016
2024-07-01T01:00:00,19.09,72.93,0.26,0.002386634844868735
2024-07-01T01:00:00,19.09,72.95,0.16,0.0014686983660730677
2024-07-01T01:00:00,19.09,72.97,0.21,0.0019276666054709015
2024-07-01T01:00:00,19.09,72.99,0.67,0.0061501744079309716
2024-07-01T01:00:00,19.11,72.77,0.74,0.006792729943087938
2024-07-01T01:00:00,19.11,72.79,0.03,0.0002753809436387002
2024-07-01T01:00:00,19.11,72.81,0.08,0.0007343491830365339
2024-07-01T01:00:00,19.11,72.83,0.15,0.001376904718193501
2024-07-01T01:00:00,19.11,72.85,0.55,0.005048650633376171
2024-07-01T01:00:00,19.11,72.87,0.65,0.005966587112171838
2024-07-01T01:00:00,19.11,72.89,0.45,0.0041307141545805035
2024-07-01T01:00:00,19.11,72.91,0.09,0.0008261428309161006
2024-07-01T01:00:00,19.11,72.93,0.17,0.0015604920139526345
2024-07-01T01:00:00,19.11,72.95,0.37,0.003396364971543969
2024-07-01T01:00:00,19.11,72.97,0.21,0.0019276666054709015
2024-07-01T01:00:00,19.11,72.99,0.18,0.001652285661832201
2024-07-01T01:00:00,19.13,72.77,0.24,0.0022030475491096016
2024-07-01T01:00:00,19.13,72.79,0.68,0.006241968055810538
2024-07-01T01:00:00,19.13,72.81,0.46,0.00422250780246007
2024-07-01T01:00:00,19.13,72.83,0.23,0.002111253901230035
2024-07-01T01:00:00,19.13,72.85,0.36,0.003304571323664402
2024-07-01T01:00:00,19.13,72.87,0.09,0.0008261428309161006
2024-07-01T01:00:00,19.13,72.89,0.18,0.001652285661832201
2024-07-01T01:00:00,19.13,72.91,0.55,0.005048650633376171
2024-07-01T01:00:00,19.13,72.93,0.06,0.0005507618872774004
2024-07-01T01:00:00,19.13,72.95,0.4,0.00367174591518267
2024-07-01T01:00:00,19.13,72.97,0.03,0.0002753809436387002
2024-07-01T01:00:00,19.13,72.99,0.74,0.006792729943087938
2024-07-01T01:00:00,19.15,72.77,0.2,0.001835872957591335
2024-07-01T01:00:00,19.15,72.79,0.42,0.003855333210941803
2024-07-01T01:00:00,19.15,72.81,0.33,0.0030291903800257025
2024-07-01T01:00:00,19.15,72.83,0.33,0.0030291903800257025
2024-07-01T01:00:00,19.15,72.85,0.36,0.003304571323664402
2024-07-01T01:00:00,19.15,72.87,0.05,0.0004589682393978337
2024-07-01T01:00:00,19.15,72.89,0.31,0.002845603084266569
2024-07-01T01:00:00,19.15,72.91,0.23,0.002111253901230035
2024-07-01T01:00:00,19.15,72.93,0.17,0.0015604920139526345
2024-07-01T01:00:00,19.15,72.95,0.13,0.0011933174224343676
2024-07-01T01:00:00,19.15,72.97,0.29,0.0026620157885074353
2024-07-01T01:00:00,19.15,72.99,0.1,0.0009179364787956674
2024-07-01T01:00:00,19.17,72.77,0.65,0.005966587112171838
2024-07-01T01:00:00,19.17,72.79,0.44,0.004038920506700936
2024-07-01T01:00:00,19.17,72.81,0.37,0.003396364971543969
2024-07-01T01:00:00,19.17,72.83,0.58,0.005324031577014871
2024-07-01T01:00:00,19.17,72.85,0.04,0.00036717459151826694
2024-07-01T01:00:00,19.17,72.87,0.08,0.0007343491830365339
2024-07-01T01:00:00,19.17,72.89,0.4,0.00367174591518267
2024-07-01T01:00:00,19.17,72.91,0.14,0.0012851110703139344
2024-07-01T01:00:00,19.17,72.93,0.16,0.0014686983660730677
2024-07-01T01:00:00,19.17,72.95,0.07,0.0006425555351569672
2024-07-01T01:00:00,19.17,72.97,0.11,0.001009730126675234
2024-07-01T01:00:00,19.17,72.99,0.51,0.004681476041857904
2024-07-01T01:00:00,19.19,72.77,0.46,0.00422250780246007
2024-07-01T01:00:00,19.19,72.79,0.36,0.003304571323664402
2024-07-01T01:00:00,19.19,72.81,0.19,0.0017440793097117681
2024-07-01T01:00:00,19.19,72.83,0.32,0.0029373967321461355
2024-07-01T01:00:00,19.19,72.85,0.62,0.005691206168533138
2024-07-01T01:00:00,19.19,72.87,0.15,0.001376904718193501
2024-07-01T01:00:00,19.19,72.89,0.27,0.002478428492748302
2024-07-01T01:00:00,19.19,72.91,0.83,0.0076188727740040384
2024-07-01T01:00:00,19.19,72.93,0.43,0.0039471268588213695
2024-07-01T01:00:00,19.19,72.95,0.16,0.0014686983660730677
2024-07-01T01:00:00,19.19,72.97,0.4,0.00367174591518267
2024-07-01T01:00:00,19.19,72.99,0.05,0.0004589682393978337
2024-07-01T01:00:00,19.21,72.77,0.3,0.002753809436387002
2024-07-01T01:00:00,19.21,72.79,0.49,0.00449788874609877
2024-07-01T01:00:00,19.21,72.81,0.4,0.00367174591518267
2024-07-01T01:00:00,19.21,72.83,0.45,0.0041307141545805035
2024-07-01T01:00:00,19.21,72.85,0.51,0.004681476041857904
2024-07-01T01:00:00,19.21,72.87,0.39,0.003579952267303103
2024-07-01T01:00:00,19.21,72.89,0.37,0.003396364971543969
2024-07-01T01:00:00,19.21,72.91,0.31,0.002845603084266569
2024-07-01T01:00:00,19.21,72.93,0.1,0.0009179364787956674
2024-07-01T01:00:00,19.21,72.95,0.53,0.004865063337617037
2024-07-01T01:00:00,19.21,72.97,0.25,0.002294841196989168
2024-07-01T01:00:00,19.21,72.99,0.41,0.003763539563062236
2024-07-01T01:00:00,19.23,72.77,0.61,0.00559941252065357
2024-07-01T01:00:00,19.23,72.79,0.2,0.001835872957591335
2024-07-01T01:00:00,19.23,72.81,0.21,0.0019276666054709015
2024-07-01T01:00:00,19.23,72.83,0.23,0.002111253901230035
2024-07-01T01:00:00,19.23,72.85,0.66,0.006058380760051405
2024-07-01T01:00:00,19.23,72.87,0.13,0.0011933174224343676
2024-07-01T01:00:00,19.23,72.89,0.71,0.006517348999449238
2024-07-01T01:00:00,19.23,72.91,0.31,0.002845603084266569
2024-07-01T01:00:00,19.23,72.93,0.32,0.0029373967321461355
2024-07-01T01:00:00,19.23,72.95,0.48,0.004406095098219203
2024-07-01T01:00:00,19.23,72.97,0.27,0.002478428492748302
2024-07-01T01:00:00,19.23,72.99,0.52,0.00477326968973747
2024-07-01T01:00:00,19.25,72.77,0.21,0.0019276666054709015
2024-07-01T01:00:00,19.25,72.79,0.79,0.007251698182485772
2024-07-01T01:00:00,19.25,72.81,0.21,0.0019276666054709015
2024-07-01T01:00:00,19.25,72.83,0.76,0.0069763172388470724
2024-07-01T01:00:00,19.25,72.85,0.2,0.001835872957591335
2024-07-01T01:00:00,19.25,72.87,0.22,0.002019460253350468
2024-07-01T01:00:00,19.25,72.89,0.11,0.001009730126675234
2024-07-01T01:00:00,19.25,72.91,0.14,0.0012851110703139344
2024-07-01T01:00:00,19.25,72.93,0.25,0.002294841196989168
2024-07-01T01:00:00,19.25,72.95,0.31,0.002845603084266569
2024-07-01T01:00:00,19.25,72.97,0.5,0.004589682393978336
2024-07-01T01:00:00,19.25,72.99,0.21,0.0019276666054709015
2024-07-01T02:00:00,18.87,72.77,0.6,0.005507618872774004
2024-07-01T02:00:00,18.87,72.79,0.5,0.004589682393978336
2024-07-01T02:00:00,18.87,72.81,0.61,0.00559941252065357
2024-07-01T02:00:00,18.87,72.83,0.24,0.0022030475491096016
2024-07-01T02:00:00,18.87,72.85,0.26,0.002386634844868735
2024-07-01T02:00:00,18.87,72.87,0.23,0.002111253901230035
2024-07-01T02:00:00,18.87,72.89,0.86,0.007894253717642739
2024-07-01T02:00:00,18.87,72.91,0.97,0.008903983844317974
2024-07-01T02:00:00,18.87,72.93,0.23,0.002111253901230035
2024-07-01T02:00:00,18.87,72.95,0.23,0.002111253901230035
2024-07-01T02:00:00,18.87,72.97,0.57,0.005232237929135303
2024-07-01T02:00:00,18.87,72.99,0.97,0.008903983844317974
2024-07-01T02:00:00,18.89,72.77,1.43,0.013126491646778043
2024-07-01T02:00:00,18.89,72.79,0.26,0.002386634844868735
2024-07-01T02:00:00,18.89,72.81,0.31,0.002845603084266569
2024-07-01T02:00:00,18.89,72.83,0.52,0.00477326968973747
2024-07-01T02:00:00,18.89,72.85,0.52,0.00477326968973747
2024-07-01T02:00:00,18.89,72.87,0.34,0.003120984027905269
2024-07-01T02:00:00,18.89,72.89,0.19,0.0017440793097117681
2024-07-01T02:00:00,18.89,72.91,0.37,0.003396364971543969
2024-07-01T02:00:00,18.89,72.93,1.17,0.010739856801909307
2024-07-01T02:00:00,18.89,72.95,0.24,0.0022030475491096016
2024-07-01T02:00:00,18.89,72.97,0.43,0.0039471268588213695
2024-07-01T02:00:00,18.89,72.99,1.6,0.01468698366073068
2024-07-01T02:00:00,18.91,72.77,0.29,0.0026620157885074353
2024-07-01T02:00:00,18.91,72.79,0.72,0.006609142647328804
2024-07-01T02:00:00,18.91,72.81,1.38,0.01266752340738021
2024-07-01T02:00:00,18.91,72.83,0.64,0.005874793464292271
2024-07-01T02:00:00,18.91,72.85,0.86,0.007894253717642739
2024-07-01T02:00:00,18.91,72.87,0.7,0.006425555351569671
2024-07-01T02:00:00,18.91,72.89,0.56,0.0051404442812557375
2024-07-01T02:00:00,18.91,72.91,0.95,0.008720396548558839
2024-07-01T02:00:00,18.91,72.93,0.59,0.005415825224894437
2024-07-01T02:00:00,18.91,72.95,0.32,0.0029373967321461355
2024-07-01T02:00:00,18.91,72.97,0.4,0.00367174591518267
2024-07-01T02:00:00,18.91,72.99,0.47,0.004314301450339637
2024-07-01T02:00:00,18.93,72.77,0.33,0.0030291903800257025
2024-07-01T02:00:00,18.93,72.79,0.51,0.004681476041857904
2024-07-01T02:00:00,18.93,72.81,0.44,0.004038920506700936
2024-07-01T02:00:00,18.93,72.83,0.66,0.006058380760051405
2024-07-01T02:00:00,18.93,72.85,1.54,0.014136221773453278
2024-07-01T02:00:00,18.93,72.87,0.48,0.004406095098219203
2024-07-01T02:00:00,18.93,72.89,1.08,0.009913713970993209
2024-07-01T02:00:00,18.93,72.91,0.59,0.005415825224894437
2024-07-01T02:00:00,18.93,72.93,0.43,0.0039471268588213695
2024-07-01T02:00:00,18.93,72.95,0.25,0.002294841196989168
2024-07-01T02:00:00,18.93,72.97,0.42,0.003855333210941803
2024-07-01T02:00:00,18.93,72.99,0.39,0.003579952267303103
2024-07-01T02:00:00,18.95,72.77,0.25,0.002294841196989168
2024-07-01T02:00:00,18.95,72.79,0.28,0.0025702221406278688
2024-07-01T02:00:00,18.95,72.81,0.57,0.005232237929135303
2024-07-01T02:00:00,18.95,72.83,1.15,0.010556269506150174
2024-07-01T02:00:00,18.95,72.85,0.39,0.003579952267303103
2024-07-01T02:00:00,18.95,72.87,0.1,0.0009179364787956674
2024-07-01T02:00:00,18.95,72.89,0.15,0.001376904718193501
2024-07-01T02:00:00,18.95,72.91,0.63,0.005782999816412704
2024-07-01T02:00:00,18.95,72.93,0.11,0.001009730126675234
2024-07-01T02:00:00,18.95,72.95,0.67,0.0061501744079309716
2024-07-01T02:00:00,18.95,72.97,0.57,0.005232237929135303
2024-07-01T02:00:00,18.95,72.99,0.33,0.0030291903800257025
2024-07-01T02:00:00,18.97,72.77,0.25,0.002294841196989168
2024-07-01T02:00:00,18.97,72.79,0.36,0.003304571323664402
2024-07-01T02:00:00,18.97,72.81,0.56,0.0051404442812557375
2024-07-01T02:00:00,18.97,72.83,0.13,0.0011933174224343676
2024-07-01T02:00:00,18.97,72.85,1.05,0.009638333027354508
2024-07-01T02:00:00,18.97,72.87,0.51,0.004681476041857904
2024-07-01T02:00:00,18.97,72.89,0.54,0.004956856985496604
2024-07-01T02:00:00,18.97,72.91,0.6,0.005507618872774004
2024-07-01T02:00:00,18.97,72.93,0.9,0.008261428309161007
2024-07-01T02:00:00,18.97,72.95,0.42,0.003855333210941803
2024-07-01T02:00:00,18.97,72.97,0.6,0.005507618872774004
2024-07-01T02:00:00,18.97,72.99,0.2,0.001835872957591335
2024-07-01T02:00:00,18.99,72.77,1.43,0.013126491646778043
2024-07-01T02:00:00,18.99,72.79,0.49,0.00449788874609877
2024-07-01T02:00:00,18.99,72.81,0.24,0.0022030475491096016
2024-07-01T02:00:00,18.99,72.83,0.29,0.0026620157885074353
2024-07-01T02:00:00,18.99,72.85,0.05,0.0004589682393978337
2024-07-01T02:00:00,18.99,72.87,0.27,0.002478428492748302
2024-07-01T02:00:00,18.99,72.89,0.02,0.00018358729575913347
2024-07-01T02:00:00,18.99,72.91,0.66,0.006058380760051405
2024-07-01T02:00:00,18.99,72.93,0.51,0.004681476041857904
2024-07-01T02:00:00,18.99,72.95,0.15,0.001376904718193501
2024-07-01T02:00:00,18.99,72.97,0.35,0.0032127776757848356
2024-07-01T02:00:00,18.99,72.99,0.35,0.0032127776757848356
2024-07-01T02:00:00,19.01,72.77,0.16,0.0014686983660730677
2024-07-01T02:00:00,19.01,72.79,0.37,0.003396364971543969
2024-07-01T02:00:00,19.01,72.81,0.44,0.004038920506700936
2024-07-01T02:00:00,19.01,72.83,0.34,0.003120984027905269
2024-07-01T02:00:00,19.01,72.85,0.23,0.002111253901230035
2024-07-01T02:00:00,19.01,72.87,0.16,0.0014686983660730677
2024-07-01T02:00:00,19.01,72.89,0.31,0.002845603084266569
2024-07-01T02:00:00,19.01,72.91,0.24,0.0022030475491096016
2024-07-01T02:00:00,19.01,72.93,0.56,0.0051404442812557375
2024-07-01T02:00:00,19.01,72.95,0.92,0.00844501560492014
2024-07-01T02:00:00,19.01,72.97,0.68,0.006241968055810538
2024-07-01T02:00:00,19.01,72.99,0.37,0.003396364971543969
2024-07-01T02:00:00,19.03,72.77,0.26,0.002386634844868735
2024-07-01T02:00:00,19.03,72.79,0.82,0.007527079126124472
2024-07-01T02:00:00,19.03,72.81,0.68,0.006241968055810538
2024-07-01T02:00:00,19.03,72.83,1.0,0.009179364787956673
2024-07-01T02:00:00,19.03,72.85,0.47,0.004314301450339637
2024-07-01T02:00:00,19.03,72.87,1.2,0.011015237745548008
2024-07-01T02:00:00,19.03,72.89,0.45,0.0041307141545805035
2024-07-01T02:00:00,19.03,72.91,0.22,0.002019460253350468
2024-07-01T02:00:00,19.03,72.93,0.25,0.002294841196989168
2024-07-01T02:00:00,19.03,72.95,0.53,0.004865063337617037
2024-07-01T02:00:00,19.03,72.97,0.22,0.002019460253350468
2024-07-01T02:00:00,19.03,72.99,1.07,0.009821920323113641
2024-07-01T02:00:00,19.05,72.77,0.63,0.005782999816412704
2024-07-01T02:00:00,19.05,72.79,0.45,0.0041307141545805035
2024-07-01T02:00:00,19.05,72.81,0.47,0.004314301450339637
2024-07-01T02:00:00,19.05,72.83,0.34,0.003120984027905269
2024-07-01T02:00:00,19.05,72.85,0.07,0.0006425555351569672
2024-07-01T02:00:00,19.05,72.87,0.27,0.002478428492748302
2024-07-01T02:00:00,19.05,72.89,1.08,0.009913713970993209
2024-07-01T02:00:00,19.05,72.91,0.45,0.0041307141545805035
2024-07-01T02:00:00,19.05,72.93,0.76,0.0069763172388470724
2024-07-01T02:00:00,19.05,72.95,0.76,0.0069763172388470724
2024-07-01T02:00:00,19.05,72.97,0.35,0.0032127776757848356
2024-07-01T02:00:00,19.05,72.99,0.57,0.005232237929135303
2024-07-01T02:00:00,19.07,72.77,0.1,0.0009179364787956674
2024-07-01T02:00:00,19.07,72.79,1.16,0.010648063154029741
2024-07-01T02:00:00,19.07,72.81,1.07,0.009821920323113641
2024-07-01T02:00:00,19.07,72.83,0.6,0.005507618872774004
2024-07-01T02:00:00,19.07,72.85,0.49,0.00449788874609877
2024-07-01T02:00:00,19.07,72.87,0.39,0.003579952267303103
2024-07-01T02:00:00,19.07,72.89,0.86,0.007894253717642739
2024-07-01T02:00:00,19.07,72.91,0.65,0.005966587112171838
2024-07-01T02:00:00,19.07,72.93,0.28,0.0025702221406278688
2024-07-01T02:00:00,19.07,72.95,0.13,0.0011933174224343676
2024-07-01T02:00:00,19.07,72.97,0.11,0.001009730126675234
2024-07-01T02:00:00,19.07,72.99,0.78,0.007159904534606206
2024-07-01T02:00:00,19.09,72.77,0.44,0.004038920506700936
2024-07-01T02:00:00,19.09,72.79,0.63,0.005782999816412704
2024-07-01T02:00:00,19.09,72.81,0.45,0.0041307141545805035
2024-07-01T02:00:00,19.09,72.83,0.12,0.0011015237745548008
2024-07-01T02:00:00,19.09,72.85,0.09,0.0008261428309161006
2024-07-01T02:00:00,19.09,72.87,0.28,0.0025702221406278688
2024-07-01T02:00:00,19.09,72.89,0.29,0.0026620157885074353
2024-07-01T02:00:00,19.09,72.91,0.29,0.0026620157885074353
2024-07-01T02:00:00,19.09,72.93,0.29,0.0026620157885074353
2024-07-01T02:00:00,19.09,72.95,1.33,0.012208555167982376
2024-07-01T02:00:00,19.09,72.97,0.73,0.006700936295208372
2024-07-01T02:00:00,19.09,72.99,0.42,0.003855333210941803
2024-07-01T02:00:00,19.11,72.77,0.43,0.0039471268588213695
2024-07-01T02:00:00,19.11,72.79,0.43,0.0039471268588213695
2024-07-01T02:00:00,19.11,72.81,0.72,0.006609142647328804
2024-07-01T02:00:00,19.11,72.83,0.39,0.003579952267303103
2024-07-01T02:00:00,19.11,72.85,0.77,0.007068110886726639
2024-07-01T02:00:00,19.11,72.87,0.51,0.004681476041857904
2024-07-01T02:00:00,19.11,72.89,1.41,0.012942904351018908
2024-07-01T02:00:00,19.11,72.91,0.34,0.003120984027905269
2024-07-01T02:00:00,19.11,72.93,0.79,0.007251698182485772
2024-07-01T02:00:00,19.11,72.95,0.14,0.0012851110703139344
2024-07-01T02:00:00,19.11,72.97,0.21,0.0019276666054709015
2024-07-01T02:00:00,19.11,72.99,1.18,0.010831650449788875
2024-07-01T02:00:00,19.13,72.77,0.84,0.007710666421883606
2024-07-01T02:00:00,19.13,72.79,0.63,0.005782999816412704
2024-07-01T02:00:00,19.13,72.81,1.82,0.016706443914081145
2024-07-01T02:00:00,19.13,72.83,0.4,0.00367174591518267
2024-07-01T02:00:00,19.13,72.85,0.86,0.007894253717642739
2024-07-01T02:00:00,19.13,72.87,0.88,0.008077841013401872
2024-07-01T02:00:00,19.13,72.89,1.11,0.01018909491463191
2024-07-01T02:00:00,19.13,72.91,0.13,0.0011933174224343676
2024-07-01T02:00:00,19.13,72.93,0.35,0.0032127776757848356
2024-07-01T02:00:00,19.13,72.95,0.47,0.004314301450339637
2024-07-01T02:00:00,19.13,72.97,1.02,0.009362952083715808
2024-07-01T02:00:00,19.13,72.99,0.49,0.00449788874609877
2024-07-01T02:00:00,19.15,72.77,1.02,0.009362952083715808
2024-07-01T02:00:00,19.15,72.79,0.14,0.0012851110703139344
2024-07-01T02:00:00,19.15,72.81,0.34,0.003120984027905269
2024-07-01T02:00:00,19.15,72.83,1.04,0.00954653937947494
2024-07-01T02:00:00,19.15,72.85,0.35,0.0032127776757848356
2024-07-01T02:00:00,19.15,72.87,0.4,0.00367174591518267
2024-07-01T02:00:00,19.15,72.89,1.09,0.010005507618872774
2024-07-01T02:00:00,19.15,72.91,0.18,0.001652285661832201
2024-07-01T02:00:00,19.15,72.93,0.22,0.002019460253350468
2024-07-01T02:00:00,19.15,72.95,0.1,0.0009179364787956674
2024-07-01T02:00:00,19.15,72.97,1.04,0.00954653937947494
2024-07-01T02:00:00,19.15,72.99,0.71,0.006517348999449238
2024-07-01T02:00:00,19.17,72.77,0.9,0.008261428309161007
2024-07-01T02:00:00,19.17,72.79,0.34,0.003120984027905269
2024-07-01T02:00:00,19.17,72.81,0.11,0.001009730126675234
2024-07-01T02:00:00,19.17,72.83,0.08,0.0007343491830365339
2024-07-01T02:00:00,19.17,72.85,1.01,0.00927115843583624
2024-07-01T02:00:00,19.17,72.87,0.6,0.005507618872774004
2024-07-01T02:00:00,19.17,72.89,0.66,0.006058380760051405
2024-07-01T02:00:00,19.17,72.91,0.47,0.004314301450339637
2024-07-01T02:00:00,19.17,72.93,0.19,0.0017440793097117681
2024-07-01T02:00:00,19.17,72.95,0.29,0.0026620157885074353
2024-07-01T02:00:00,19.17,72.97,0.15,0.001376904718193501
2024-07-01T02:00:00,19.17,72.99,0.13,0.0011933174224343676
2024-07-01T02:00:00,19.19,72.77,0.86,0.007894253717642739
2024-07-01T02:00:00,19.19,72.79,0.09,0.0008261428309161006
2024-07-01T02:00:00,19.19,72.81,0.18,0.001652285661832201
2024-07-01T02:00:00,19.19,72.83,0.35,0.0032127776757848356
2024-07-01T02:00:00,19.19,72.85,0.44,0.004038920506700936
2024-07-01T02:00:00,19.19,72.87,0.11,0.001009730126675234
2024-07-01T02:00:00,19.19,72.89,0.54,0.004956856985496604
2024-07-01T02:00:00,19.19,72.91,0.45,0.0041307141545805035
2024-07-01T02:00:00,19.19,72.93,0.92,0.00844501560492014
2024-07-01T02:00:00,19.19,72.95,0.4,0.00367174591518267
2024-07-01T02:00:00,19.19,72.97,0.53,0.004865063337617037
2024-07-01T02:00:00,19.19,72.99,0.19,0.0017440793097117681
2024-07-01T02:00:00,19.21,72.77,0.26,0.002386634844868735
2024-07-01T02:00:00,19.21,72.79,0.14,0.0012851110703139344
2024-07-01T02:00:00,19.21,72.81,0.24,0.0022030475491096016
2024-07-01T02:00:00,19.21,72.83,0.33,0.0030291903800257025
2024-07-01T02:00:00,19.21,72.85,0.94,0.008628602900679273
2024-07-01T02:00:00,19.21,72.87,0.19,0.0017440793097117681
2024-07-01T02:00:00,19.21,72.89,1.45,0.013310078942537176
2024-07-01T02:00:00,19.21,72.91,0.6,0.005507618872774004
2024-07-01T02:00:00,19.21,72.93,0.5,0.004589682393978336
2024-07-01T02:00:00,19.21,72.95,0.38,0.0034881586194235362
2024-07-01T02:00:00,19.21,72.97,0.32,0.0029373967321461355
2024-07-01T02:00:00,19.21,72.99,0.22,0.002019460253350468
2024-07-01T02:00:00,19.23,72.77,0.12,0.0011015237745548008
2024-07-01T02:00:00,19.23,72.79,0.22,0.002019460253350468
2024-07-01T02:00:00,19.23,72.81,1.23,0.011290618689186708
2024-07-01T02:00:00,19.23,72.83,0.63,0.005782999816412704
2024-07-01T02:00:00,19.23,72.85,1.16,0.010648063154029741
2024-07-01T02:00:00,19.23,72.87,0.24,0.0022030475491096016
2024-07-01T02:00:00,19.23,72.89,0.16,0.0014686983660730677
2024-07-01T02:00:00,19.23,72.91,0.39,0.003579952267303103
2024-07-01T02:00:00,19.23,72.93,0.19,0.0017440793097117681
2024-07-01T02:00:00,19.23,72.95,0.44,0.004038920506700936
2024-07-01T02:00:00,19.23,72.97,0.08,0.0007343491830365339
2024-07-01T02:00:00,19.23,72.99,0.04,0.00036717459151826694
2024-07-01T02:00:00,19.25,72.77,0.6,0.005507618872774004
2024-07-01T02:00:00,19.25,72.79,1.3,0.011933174224343677
2024-07-01T02:00:00,19.25,72.81,0.58,0.005324031577014871
2024-07-01T02:00:00,19.25,72.83,0.62,0.005691206168533138
2024-07-01T02:00:00,19.25,72.85,0.43,0.0039471268588213695
2024-07-01T02:00:00,19.25,72.87,0.45,0.0041307141545805035
2024-07-01T02:00:00,19.25,72.89,0.1,0.0009179364787956674
2024-07-01T02:00:00,19.25,72.91,0.2,0.001835872957591335
2024-07-01T02:00:00,19.25,72.93,0.85,0.0078024600697631724
2024-07-01T02:00:00,19.25,72.95,0.28,0.0025702221406278688
2024-07-01T02:00:00,19.25,72.97,0.81,0.007435285478244906
2024-07-01T02:00:00,19.25,72.99,0.39,0.003579952267303103
2024-07-01T03:00:00,18.87,72.77,0.74,0.006792729943087938
2024-07-01T03:00:00,18.87,72.79,0.48,0.004406095098219203
2024-07-01T03:00:00,18.87,72.81,0.99,0.009087571140077107
2024-07-01T03:00:00,18.87,72.83,1.13,0.01037268221039104
2024-07-01T03:00:00,18.87,72.85,0.29,0.0026620157885074353
2024-07-01T03:00:00,18.87,72.87,0.16,0.0014686983660730677
2024-07-01T03:00:00,18.87,72.89,0.08,0.0007343491830365339
2024-07-01T03:00:00,18.87,72.91,0.77,0.007068110886726639
2024-07-01T03:00:00,18.87,72.93,0.69,0.006333761703690105
2024-07-01T03:00:00,18.87,72.95,2.27,0.02083715806866165
2024-07-01T03:00:00,18.87,72.97,0.54,0.004956856985496604
2024-07-01T03:00:00,18.87,72.99,0.46,0.00422250780246007
2024-07-01T03:00:00,18.89,72.77,0.78,0.007159904534606206
2024-07-01T03:00:00,18.89,72.79,0.78,0.007159904534606206
2024-07-01T03:00:00,18.89,72.81,0.52,0.00477326968973747
2024-07-01T03:00:00,18.89,72.83,0.3,0.002753809436387002
2024-07-01T03:00:00,18.89,72.85,0.58,0.005324031577014871
2024-07-01T03:00:00,18.89,72.87,0.55,0.005048650633376171
2024-07-01T03:00:00,18.89,72.89,0.53,0.004865063337617037
2024-07-01T03:00:00,18.89,72.91,0.94,0.008628602900679273
2024-07-01T03:00:00,18.89,72.93,0.52,0.00477326968973747
2024-07-01T03:00:00,18.89,72.95,0.15,0.001376904718193501
2024-07-01T03:00:00,18.89,72.97,0.3,0.002753809436387002
2024-07-01T03:00:00,18.89,72.99,0.43,0.0039471268588213695
2024-07-01T03:00:00,18.91,72.77,0.67,0.0061501744079309716
2024-07-01T03:00:00,18.91,72.79,0.91,0.008353221957040573
2024-07-01T03:00:00,18.91,72.81,0.63,0.005782999816412704
2024-07-01T03:00:00,18.91,72.83,0.07,0.0006425555351569672
2024-07-01T03:00:00,18.91,72.85,0.18,0.001652285661832201
2024-07-01T03:00:00,18.91,72.87,0.85,0.0078024600697631724
2024-07-01T03:00:00,18.91,72.89,0.46,0.00422250780246007
2024-07-01T03:00:00,18.91,72.91,0.59,0.005415825224894437
2024-07-01T03:00:00,18.91,72.93,0.4,0.00367174591518267
2024-07-01T03:00:00,18.91,72.95,0.31,0.002845603084266569
2024-07-01T03:00:00,18.91,72.97,0.39,0.003579952267303103
2024-07-01T03:00:00,18.91,72.99,0.56,0.0051404442812557375
2024-07-01T03:00:00,18.93,72.77,0.64,0.005874793464292271
2024-07-01T03:00:00,18.93,72.79,1.19,0.010923444097668442
2024-07-01T03:00:00,18.93,72.81,0.14,0.0012851110703139344
2024-07-01T03:00:00,18.93,72.83,0.16,0.0014686983660730677
2024-07-01T03:00:00,18.93,72.85,0.47,0.004314301450339637
2024-07-01T03:00:00,18.93,72.87,0.82,0.007527079126124472
2024-07-01T03:00:00,18.93,72.89,0.93,0.008536809252799708
2024-07-01T03:00:00,18.93,72.91,0.33,0.0030291903800257025
2024-07-01T03:00:00,18.93,72.93,0.02,0.00018358729575913347
2024-07-01T03:00:00,18.93,72.95,0.32,0.0029373967321461355
2024-07-01T03:00:00,18.93,72.97,0.67,0.0061501744079309716
2024-07-01T03:00:00,18.93,72.99,0.49,0.00449788874609877
2024-07-01T03:00:00,18.95,72.77,0.97,0.008903983844317974
2024-07-01T03:00:00,18.95,72.79,1.39,0.012759317055259775
2024-07-01T03:00:00,18.95,72.81,0.53,0.004865063337617037
2024-07-01T03:00:00,18.95,72.83,0.4,0.00367174591518267
2024-07-01T03:00:00,18.95,72.85,0.26,0.002386634844868735
2024-07-01T03:00:00,18.95,72.87,0.15,0.001376904718193501
2024-07-01T03:00:00,18.95,72.89,0.11,0.001009730126675234
2024-07-01T03:00:00,18.95,72.91,0.3,0.002753809436387002
2024-07-01T03:00:00,18.95,72.93,1.06,0.009730126675234074
2024-07-01T03:00:00,18.95,72.95,0.83,0.0076188727740040384
2024-07-01T03:00:00,18.95,72.97,0.34,0.003120984027905269
2024-07-01T03:00:00,18.95,72.99,1.87,0.01716541215347898
2024-07-01T03:00:00,18.97,72.77,0.38,0.0034881586194235362
2024-07-01T03:00:00,18.97,72.79,1.47,0.01349366623829631
2024-07-01T03:00:00,18.97,72.81,1.66,0.015237745548008077
2024-07-01T03:00:00,18.97,72.83,0.82,0.007527079126124472
2024-07-01T03:00:00,18.97,72.85,0.32,0.0029373967321461355
2024-07-01T03:00:00,18.97,72.87,0.41,0.003763539563062236
2024-07-01T03:00:00,18.97,72.89,0.62,0.005691206168533138
2024-07-01T03:00:00,18.97,72.91,0.15,0.001376904718193501
2024-07-01T03:00:00,18.97,72.93,0.22,0.002019460253350468
2024-07-01T03:00:00,18.97,72.95,0.2,0.001835872957591335
2024-07-01T03:00:00,18.97,72.97,0.74,0.006792729943087938
2024-07-01T03:00:00,18.97,72.99,1.11,0.01018909491463191
2024-07-01T03:00:00,18.99,72.77,1.06,0.009730126675234074
2024-07-01T03:00:00,18.99,72.79,1.23,0.011290618689186708
2024-07-01T03:00:00,18.99,72.81,0.31,0.002845603084266569
2024-07-01T03:00:00,18.99,72.83,0.45,0.0041307141545805035
2024-07-01T03:00:00,18.99,72.85,0.46,0.00422250780246007
2024-07-01T03:00:00,18.99,72.87,0.77,0.007068110886726639
2024-07-01T03:00:00,18.99,72.89,0.31,0.002845603084266569
2024-07-01T03:00:00,18.99,72.91,1.01,0.00927115843583624
2024-07-01T03:00:00,18.99,72.93,1.41,0.012942904351018908
2024-07-01T03:00:00,18.99,72.95,0.74,0.006792729943087938
2024-07-01T03:00:00,18.99,72.97,0.37,0.003396364971543969
2024-07-01T03:00:00,18.99,72.99,0.24,0.0022030475491096016
2024-07-01T03:00:00,19.01,72.77,0.25,0.002294841196989168
2024-07-01T03:00:00,19.01,72.79,0.07,0.0006425555351569672
2024-07-01T03:00:00,19.01,72.81,0.5,0.004589682393978336
2024-07-01T03:00:00,19.01,72.83,0.47,0.004314301450339637
2024-07-01T03:00:00,19.01,72.85,1.04,0.00954653937947494
2024-07-01T03:00:00,19.01,72.87,0.34,0.003120984027905269
2024-07-01T03:00:00,19.01,72.89,0.47,0.004314301450339637
2024-07-01T03:00:00,19.01,72.91,0.66,0.006058380760051405
2024-07-01T03:00:00,19.01,72.93,0.75,0.006884523590967505
2024-07-01T03:00:00,19.01,72.95,0.86,0.007894253717642739
2024-07-01T03:00:00,19.01,72.97,0.58,0.005324031577014871
2024-07-01T03:00:00,19.01,72.99,0.15,0.001376904718193501
2024-07-01T03:00:00,19.03,72.77,0.86,0.007894253717642739
2024-07-01T03:00:00,19.03,72.79,0.36,0.003304571323664402
2024-07-01T03:00:00,19.03,72.81,1.38,0.01266752340738021
2024-07-01T03:00:00,19.03,72.83,0.59,0.005415825224894437
2024-07-01T03:00:00,19.03,72.85,0.68,0.006241968055810538
2024-07-01T03:00:00,19.03,72.87,2.59,0.023774554800807784
2024-07-01T03:00:00,19.03,72.89,0.92,0.00844501560492014
2024-07-01T03:00:00,19.03,72.91,0.7,0.006425555351569671
2024-07-01T03:00:00,19.03,72.93,0.47,0.004314301450339637
2024-07-01T03:00:00,19.03,72.95,0.16,0.0014686983660730677
2024-07-01T03:00:00,19.03,72.97,0.43,0.0039471268588213695
2024-07-01T03:00:00,19.03,72.99,0.24,0.0022030475491096016
2024-07-01T03:00:00,19.05,72.77,1.87,0.01716541215347898
2024-07-01T03:00:00,19.05,72.79,0.83,0.0076188727740040384
2024-07-01T03:00:00,19.05,72.81,1.34,0.012300348815861943
2024-07-01T03:00:00,19.05,72.83,0.35,0.0032127776757848356
2024-07-01T03:00:00,19.05,72.85,0.29,0.0026620157885074353
2024-07-01T03:00:00,19.05,72.87,0.88,0.008077841013401872
2024-07-01T03:00:00,19.05,72.89,0.25,0.002294841196989168
2024-07-01T03:00:00,19.05,72.91,0.37,0.003396364971543969
2024-07-01T03:00:00,19.05,72.93,1.57,0.014411602717091979
2024-07-01T03:00:00,19.05,72.95,0.37,0.003396364971543969
2024-07-01T03:00:00,19.05,72.97,0.13,0.0011933174224343676
2024-07-01T03:00:00,19.05,72.99,0.08,0.0007343491830365339
2024-07-01T03:00:00,19.07,72.77,0.14,0.0012851110703139344
2024-07-01T03:00:00,19.07,72.79,1.44,0.013218285294657609
2024-07-01T03:00:00,19.07,72.81,0.38,0.0034881586194235362
2024-07-01T03:00:00,19.07,72.83,2.67,0.024508903983844317
2024-07-01T03:00:00,19.07,72.85,1.55,0.014228015421332844
2024-07-01T03:00:00,19.07,72.87,1.94,0.017807967688635948
2024-07-01T03:00:00,19.07,72.89,1.1,0.010097301266752342
2024-07-01T03:00:00,19.07,72.91,0.81,0.007435285478244906
2024-07-01T03:00:00,19.07,72.93,0.26,0.002386634844868735
2024-07-01T03:00:00,19.07,72.95,0.51,0.004681476041857904
2024-07-01T03:00:00,19.07,72.97,0.83,0.0076188727740040384
2024-07-01T03:00:00,19.07,72.99,0.96,0.008812190196438406
2024-07-01T03:00:00,19.09,72.77,0.22,0.002019460253350468
2024-07-01T03:00:00,19.09,72.79,0.53,0.004865063337617037
2024-07-01T03:00:00,19.09,72.81,0.56,0.0051404442812557375
2024-07-01T03:00:00,19.09,72.83,0.53,0.004865063337617037
2024-07-01T03:00:00,19.09,72.85,0.23,0.002111253901230035
2024-07-01T03:00:00,19.09,72.87,1.79,0.016431062970442445
2024-07-01T03:00:00,19.09,72.89,0.45,0.0041307141545805035
2024-07-01T03:00:00,19.09,72.91,0.23,0.002111253901230035
2024-07-01T03:00:00,19.09,72.93,1.71,0.015696713787405912
2024-07-01T03:00:00,19.09,72.95,1.4,0.012851110703139343
2024-07-01T03:00:00,19.09,72.97,0.56,0.0051404442812557375
2024-07-01T03:00:00,19.09,72.99,0.34,0.003120984027905269
2024-07-01T03:00:00,19.11,72.77,0.13,0.0011933174224343676
2024-07-01T03:00:00,19.11,72.79,0.9,0.008261428309161007
2024-07-01T03:00:00,19.11,72.81,0.38,0.0034881586194235362
2024-07-01T03:00:00,19.11,72.83,0.57,0.005232237929135303
2024-07-01T03:00:00,19.11,72.85,1.76,0.016155682026803744
2024-07-01T03:00:00,19.11,72.87,0.33,0.0030291903800257025
2024-07-01T03:00:00,19.11,72.89,0.76,0.0069763172388470724
2024-07-01T03:00:00,19.11,72.91,0.91,0.008353221957040573
2024-07-01T03:00:00,19.11,72.93,1.19,0.010923444097668442
2024-07-01T03:00:00,19.11,72.95,0.47,0.004314301450339637
2024-07-01T03:00:00,19.11,72.97,0.43,0.0039471268588213695
2024-07-01T03:00:00,19.11,72.99,0.41,0.003763539563062236
2024-07-01T03:00:00,19.13,72.77,0.84,0.007710666421883606
2024-07-01T03:00:00,19.13,72.79,1.64,0.015054158252248944
2024-07-01T03:00:00,19.13,72.81,0.48,0.004406095098219203
2024-07-01T03:00:00,19.13,72.83,0.03,0.0002753809436387002
2024-07-01T03:00:00,19.13,72.85,1.05,0.009638333027354508
2024-07-01T03:00:00,19.13,72.87,0.58,0.005324031577014871
2024-07-01T03:00:00,19.13,72.89,0.79,0.007251698182485772
2024-07-01T03:00:00,19.13,72.91,0.11,0.001009730126675234
2024-07-01T03:00:00,19.13,72.93,0.34,0.003120984027905269
2024-07-01T03:00:00,19.13,72.95,0.9,0.008261428309161007
2024-07-01T03:00:00,19.13,72.97,0.16,0.0014686983660730677
2024-07-01T03:00:00,19.13,72.99,0.7,0.006425555351569671
2024-07-01T03:00:00,19.15,72.77,0.62,0.005691206168533138
2024-07-01T03:00:00,19.15,72.79,0.33,0.0030291903800257025
2024-07-01T03:00:00,19.15,72.81,0.3,0.002753809436387002
2024-07-01T03:00:00,19.15,72.83,0.23,0.002111253901230035
2024-07-01T03:00:00,19.15,72.85,0.6,0.005507618872774004
2024-07-01T03:00:00,19.15,72.87,0.63,0.005782999816412704
2024-07-01T03:00:00,19.15,72.89,0.4,0.00367174591518267
2024-07-01T03:00:00,19.15,72.91,0.2,0.001835872957591335
2024-07-01T03:00:00,19.15,72.93,0.72,0.006609142647328804
2024-07-01T03:00:00,19.15,72.95,0.96,0.008812190196438406
2024-07-01T03:00:00,19.15,72.97,0.79,0.007251698182485772
2024-07-01T03:00:00,19.15,72.99,1.78,0.01633926932256288
2024-07-01T03:00:00,19.17,72.77,0.55,0.005048650633376171
2024-07-01T03:00:00,19.17,72.79,1.54,0.014136221773453278
2024-07-01T03:00:00,19.17,72.81,0.35,0.0032127776757848356
2024-07-01T03:00:00,19.17,72.83,0.29,0.0026620157885074353
2024-07-01T03:00:00,19.17,72.85,0.62,0.005691206168533138
2024-07-01T03:00:00,19.17,72.87,1.59,0.014595190012851112
2024-07-01T03:00:00,19.17,72.89,0.43,0.0039471268588213695
2024-07-01T03:00:00,19.17,72.91,0.11,0.001009730126675234
2024-07-01T03:00:00,19.17,72.93,0.96,0.008812190196438406
2024-07-01T03:00:00,19.17,72.95,0.48,0.004406095098219203
2024-07-01T03:00:00,19.17,72.97,0.63,0.005782999816412704
2024-07-01T03:00:00,19.17,72.99,0.26,0.002386634844868735
2024-07-01T03:00:00,19.19,72.77,0.7,0.006425555351569671
2024-07-01T03:00:00,19.19,72.79,0.15,0.001376904718193501
2024-07-01T03:00:00,19.19,72.81,1.96,0.01799155498439508
2024-07-01T03:00:00,19.19,72.83,1.22,0.01119882504130714
2024-07-01T03:00:00,19.19,72.85,0.6,0.005507618872774004
2024-07-01T03:00:00,19.19,72.87,1.01,0.00927115843583624
2024-07-01T03:00:00,19.19,72.89,0.31,0.002845603084266569
2024-07-01T03:00:00,19.19,72.91,1.08,0.009913713970993209
2024-07-01T03:00:00,19.19,72.93,0.4,0.00367174591518267
2024-07-01T03:00:00,19.19,72.95,0.37,0.003396364971543969
2024-07-01T03:00:00,19.19,72.97,0.22,0.002019460253350468
2024-07-01T03:00:00,19.19,72.99,0.68,0.006241968055810538
2024-07-01T03:00:00,19.21,72.77,0.65,0.005966587112171838
2024-07-01T03:00:00,19.21,72.79,1.57,0.014411602717091979
2024-07-01T03:00:00,19.21,72.81,0.23,0.002111253901230035
2024-07-01T03:00:00,19.21,72.83,0.8,0.00734349183036534
2024-07-01T03:00:00,19.21,72.85,1.27,0.011657793280704976
2024-07-01T03:00:00,19.21,72.87,0.64,0.005874793464292271
2024-07-01T03:00:00,19.21,72.89,0.41,0.003763539563062236
2024-07-01T03:00:00,19.21,72.91,0.6,0.005507618872774004
2024-07-01T03:00:00,19.21,72.93,1.25,0.011474205984945841
2024-07-01T03:00:00,19.21,72.95,1.23,0.011290618689186708
2024-07-01T03:00:00,19.21,72.97,0.46,0.00422250780246007
2024-07-01T03:00:00,19.21,72.99,1.18,0.010831650449788875
2024-07-01T03:00:00,19.23,72.77,0.63,0.005782999816412704
2024-07-01T03:00:00,19.23,72.79,1.11,0.01018909491463191
2024-07-01T03:00:00,19.23,72.81,0.89,0.00816963466128144
2024-07-01T03:00:00,19.23,72.83,0.42,0.003855333210941803
2024-07-01T03:00:00,19.23,72.85,0.25,0.002294841196989168
2024-07-01T03:00:00,19.23,72.87,1.26,0.011565999632825409
2024-07-01T03:00:00,19.23,72.89,1.46,0.013401872590416744
2024-07-01T03:00:00,19.23,72.91,0.71,0.006517348999449238
2024-07-01T03:00:00,19.23,72.93,0.51,0.004681476041857904
2024-07-01T03:00:00,19.23,72.95,0.17,0.0015604920139526345
2024-07-01T03:00:00,19.23,72.97,1.12,0.010280888562511475
2024-07-01T03:00:00,19.23,72.99,0.61,0.00559941252065357
2024-07-01T03:00:00,19.25,72.77,0.52,0.00477326968973747
2024-07-01T03:00:00,19.25,72.79,1.14,0.010464475858270606
2024-07-01T03:00:00,19.25,72.81,0.17,0.0015604920139526345
2024-07-01T03:00:00,19.25,72.83,0.24,0.0022030475491096016
2024-07-01T03:00:00,19.25,72.85,0.32,0.0029373967321461355
2024-07-01T03:00:00,19.25,72.87,0.81,0.007435285478244906
2024-07-01T03:00:00,19.25,72.89,0.62,0.005691206168533138
2024-07-01T03:00:00,19.25,72.91,0.84,0.007710666421883606
2024-07-01T03:00:00,19.25,72.93,1.11,0.01018909491463191
2024-07-01T03:00:00,19.25,72.95,0.83,0.0076188727740040384
2024-07-01T03:00:00,19.25,72.97,1.67,0.015329539195887644
2024-07-01T03:00:00,19.25,72.99,1.05,0.009638333027354508
2024-07-01T04:00:00,18.87,72.77,0.8,0.00734349183036534
2024-07-01T04:00:00,18.87,72.79,0.54,0.004956856985496604
2024-07-01T04:00:00,18.87,72.81,0.77,0.007068110886726639
2024-07-01T04:00:00,18.87,72.83,1.33,0.012208555167982376
2024-07-01T04:00:00,18.87,72.85,0.55,0.005048650633376171
2024-07-01T04:00:00,18.87,72.87,1.29,0.01184138057646411
2024-07-01T04:00:00,18.87,72.89,1.16,0.010648063154029741
2024-07-01T04:00:00,18.87,72.91,0.32,0.0029373967321461355
2024-07-01T04:00:00,18.87,72.93,1.51,0.013860840829814577
2024-07-01T04:00:00,18.87,72.95,0.93,0.008536809252799708
2024-07-01T04:00:00,18.87,72.97,2.22,0.02037818982926382
2024-07-01T04:00:00,18.87,72.99,0.67,0.0061501744079309716
2024-07-01T04:00:00,18.89,72.77,0.69,0.006333761703690105
2024-07-01T04:00:00,18.89,72.79,0.33,0.0030291903800257025
2024-07-01T04:00:00,18.89,72.81,0.31,0.002845603084266569
2024-07-01T04:00:00,18.89,72.83,1.55,0.014228015421332844
2024-07-01T04:00:00,18.89,72.85,2.34,0.021479713603818614
2024-07-01T04:00:00,18.89,72.87,0.7,0.006425555351569671
2024-07-01T04:00:00,18.89,72.89,0.65,0.005966587112171838
2024-07-01T04:00:00,18.89,72.91,0.77,0.007068110886726639
2024-07-01T04:00:00,18.89,72.93,1.58,0.014503396364971544
2024-07-01T04:00:00,18.89,72.95,0.31,0.002845603084266569
2024-07-01T04:00:00,18.89,72.97,0.83,0.0076188727740040384
2024-07-01T04:00:00,18.89,72.99,1.34,0.012300348815861943
2024-07-01T04:00:00,18.91,72.77,1.27,0.011657793280704976
2024-07-01T04:00:00,18.91,72.79,0.02,0.00018358729575913347
2024-07-01T04:00:00,18.91,72.81,1.34,0.012300348815861943
2024-07-01T04:00:00,18.91,72.83,1.16,0.010648063154029741
2024-07-01T04:00:00,18.91,72.85,1.94,0.017807967688635948
2024-07-01T04:00:00,18.91,72.87,2.17,0.01991922158986598
2024-07-01T04:00:00,18.91,72.89,1.79,0.016431062970442445
2024-07-01T04:00:00,18.91,72.91,0.77,0.007068110886726639
2024-07-01T04:00:00,18.91,72.93,0.14,0.0012851110703139344
2024-07-01T04:00:00,18.91,72.95,0.61,0.00559941252065357
2024-07-01T04:00:00,18.91,72.97,0.72,0.006609142647328804
2024-07-01T04:00:00,18.91,72.99,2.03,0.018634110519552046
2024-07-01T04:00:00,18.93,72.77,0.46,0.00422250780246007
2024-07-01T04:00:00,18.93,72.79,0.24,0.0022030475491096016
2024-07-01T04:00:00,18.93,72.81,0.58,0.005324031577014871
2024-07-01T04:00:00,18.93,72.83,0.44,0.004038920506700936
2024-07-01T04:00:00,18.93,72.85,0.2,0.001835872957591335
2024-07-01T04:00:00,18.93,72.87,0.72,0.006609142647328804
2024-07-01T04:00:00,18.93,72.89,0.8,0.00734349183036534
2024-07-01T04:00:00,18.93,72.91,0.18,0.001652285661832201
2024-07-01T04:00:00,18.93,72.93,0.56,0.0051404442812557375
2024-07-01T04:00:00,18.93,72.95,0.37,0.003396364971543969
2024-07-01T04:00:00,18.93,72.97,0.76,0.0069763172388470724
2024-07-01T04:00:00,18.93,72.99,0.8,0.00734349183036534
2024-07-01T04:00:00,18.95,72.77,0.46,0.00422250780246007
2024-07-01T04:00:00,18.95,72.79,1.78,0.01633926932256288
2024-07-01T04:00:00,18.95,72.81,0.84,0.007710666421883606
2024-07-01T04:00:00,18.95,72.83,0.44,0.004038920506700936
2024-07-01T04:00:00,18.95,72.85,0.18,0.001652285661832201
2024-07-01T04:00:00,18.95,72.87,0.93,0.008536809252799708
2024-07-01T04:00:00,18.95,72.89,1.08,0.009913713970993209
2024-07-01T04:00:00,18.95,72.91,0.49,0.00449788874609877
2024-07-01T04:00:00,18.95,72.93,0.8,0.00734349183036534
2024-07-01T04:00:00,18.95,72.95,2.0,0.018358729575913346
2024-07-01T04:00:00,18.95,72.97,1.3,0.011933174224343677
2024-07-01T04:00:00,18.95,72.99,0.06,0.0005507618872774004
2024-07-01T04:00:00,18.97,72.77,0.47,0.004314301450339637
2024-07-01T04:00:00,18.97,72.79,0.77,0.007068110886726639
2024-07-01T04:00:00,18.97,72.81,0.88,0.008077841013401872
2024-07-01T04:00:00,18.97,72.83,0.91,0.008353221957040573
2024-07-01T04:00:00,18.97,72.85,1.08,0.009913713970993209
2024-07-01T04:00:00,18.97,72.87,0.71,0.006517348999449238
2024-07-01T04:00:00,18.97,72.89,0.76,0.0069763172388470724
2024-07-01T04:00:00,18.97,72.91,1.41,0.012942904351018908
2024-07-01T04:00:00,18.97,72.93,0.89,0.00816963466128144
2024-07-01T04:00:00,18.97,72.95,0.25,0.002294841196989168
2024-07-01T04:00:00,18.97,72.97,0.75,0.006884523590967505
2024-07-01T04:00:00,18.97,72.99,0.62,0.005691206168533138
2024-07-01T04:00:00,18.99,72.77,0.12,0.0011015237745548008
2024-07-01T04:00:00,18.99,72.79,0.96,0.008812190196438406
2024-07-01T04:00:00,18.99,72.81,0.33,0.0030291903800257025
2024-07-01T04:00:00,18.99,72.83,1.57,0.014411602717091979
2024-07-01T04:00:00,18.99,72.85,1.07,0.009821920323113641
2024-07-01T04:00:00,18.99,72.87,0.25,0.002294841196989168
2024-07-01T04:00:00,18.99,72.89,1.41,0.012942904351018908
2024-07-01T04:00:00,18.99,72.91,1.84,0.01689003120984028
2024-07-01T04:00:00,18.99,72.93,0.59,0.005415825224894437
2024-07-01T04:00:00,18.99,72.95,0.63,0.005782999816412704
2024-07-01T04:00:00,18.99,72.97,1.23,0.011290618689186708
2024-07-01T04:00:00,18.99,72.99,1.63,0.014962364604369376
2024-07-01T04:00:00,19.01,72.77,0.16,0.0014686983660730677
2024-07-01T04:00:00,19.01,72.79,0.32,0.0029373967321461355
2024-07-01T04:00:00,19.01,72.81,0.59,0.005415825224894437
2024-07-01T04:00:00,19.01,72.83,0.63,0.005782999816412704
2024-07-01T04:00:00,19.01,72.85,1.36,0.012483936111621076
2024-07-01T04:00:00,19.01,72.87,1.83,0.016798237561960715
2024-07-01T04:00:00,19.01,72.89,1.88,0.017257205801358547
2024-07-01T04:00:00,19.01,72.91,0.13,0.0011933174224343676
2024-07-01T04:00:00,19.01,72.93,0.36,0.003304571323664402
2024-07-01T04:00:00,19.01,72.95,0.43,0.0039471268588213695
2024-07-01T04:00:00,19.01,72.97,0.34,0.003120984027905269
2024-07-01T04:00:00,19.01,72.99,0.93,0.008536809252799708
2024-07-01T04:00:00,19.03,72.77,1.31,0.012024967872223243
2024-07-01T04:00:00,19.03,72.79,0.86,0.007894253717642739
2024-07-01T04:00:00,19.03,72.81,0.77,0.007068110886726639
2024-07-01T04:00:00,19.03,72.83,0.59,0.005415825224894437
2024-07-01T04:00:00,19.03,72.85,0.64,0.005874793464292271
2024-07-01T04:00:00,19.03,72.87,2.15,0.01973563429410685
2024-07-01T04:00:00,19.03,72.89,1.23,0.011290618689186708
2024-07-01T04:00:00,19.03,72.91,0.56,0.0051404442812557375
2024-07-01T04:00:00,19.03,72.93,0.66,0.006058380760051405
2024-07-01T04:00:00,19.03,72.95,0.98,0.00899577749219754
2024-07-01T04:00:00,19.03,72.97,0.23,0.002111253901230035
2024-07-01T04:00:00,19.03,72.99,0.76,0.0069763172388470724
2024-07-01T04:00:00,19.05,72.77,1.39,0.012759317055259775
2024-07-01T04:00:00,19.05,72.79,1.23,0.011290618689186708
2024-07-01T04:00:00,19.05,72.81,0.42,0.003855333210941803
2024-07-01T04:00:00,19.05,72.83,0.48,0.004406095098219203
2024-07-01T04:00:00,19.05,72.85,0.09,0.0008261428309161006
2024-07-01T04:00:00,19.05,72.87,1.3,0.011933174224343677
2024-07-01T04:00:00,19.05,72.89,2.7,0.02478428492748302
2024-07-01T04:00:00,19.05,72.91,0.32,0.0029373967321461355
2024-07-01T04:00:00,19.05,72.93,1.52,0.013952634477694145
2024-07-01T04:00:00,19.05,72.95,2.41,0.022122269138975584
2024-07-01T04:00:00,19.05,72.97,0.47,0.004314301450339637
2024-07-01T04:00:00,19.05,72.99,0.63,0.005782999816412704
2024-07-01T04:00:00,19.07,72.77,1.06,0.009730126675234074
2024-07-01T04:00:00,19.07,72.79,1.2,0.011015237745548008
2024-07-01T04:00:00,19.07,72.81,1.04,0.00954653937947494
2024-07-01T04:00:00,19.07,72.83,0.58,0.005324031577014871
2024-07-01T04:00:00,19.07,72.85,1.22,0.01119882504130714
2024-07-01T04:00:00,19.07,72.87,0.57,0.005232237929135303
2024-07-01T04:00:00,19.07,72.89,0.99,0.009087571140077107
2024-07-01T04:00:00,19.07,72.91,0.71,0.006517348999449238
2024-07-01T04:00:00,19.07,72.93,0.11,0.001009730126675234
2024-07-01T04:00:00,19.07,72.95,1.64,0.015054158252248944
2024-07-01T04:00:00,19.07,72.97,0.42,0.003855333210941803
2024-07-01T04:00:00,19.07,72.99,1.7,0.015604920139526345
2024-07-01T04:00:00,19.09,72.77,1.81,0.01661465026620158
2024-07-01T04:00:00,19.09,72.79,1.01,0.00927115843583624
2024-07-01T04:00:00,19.09,72.81,1.21,0.011107031393427575
2024-07-01T04:00:00,19.09,72.83,1.27,0.011657793280704976
2024-07-01T04:00:00,19.09,72.85,0.67,0.0061501744079309716
2024-07-01T04:00:00,19.09,72.87,0.68,0.006241968055810538
2024-07-01T04:00:00,19.09,72.89,1.15,0.010556269506150174
2024-07-01T04:00:00,19.09,72.91,0.72,0.006609142647328804
2024-07-01T04:00:00,19.09,72.93,0.52,0.00477326968973747
2024-07-01T04:00:00,19.09,72.95,0.36,0.003304571323664402
2024-07-01T04:00:00,19.09,72.97,0.94,0.008628602900679273
2024-07-01T04:00:00,19.09,72.99,0.4,0.00367174591518267
2024-07-01T04:00:00,19.11,72.77,1.61,0.014778777308610245
2024-07-01T04:00:00,19.11,72.79,1.65,0.015145951900128511
2024-07-01T04:00:00,19.11,72.81,1.2,0.011015237745548008
2024-07-01T04:00:00,19.11,72.83,1.34,0.012300348815861943
2024-07-01T04:00:00,19.11,72.85,1.14,0.010464475858270606
2024-07-01T04:00:00,19.11,72.87,1.34,0.012300348815861943
2024-07-01T04:00:00,19.11,72.89,1.27,0.011657793280704976
2024-07-01T04:00:00,19.11,72.91,0.95,0.008720396548558839
2024-07-01T04:00:00,19.11,72.93,1.49,0.013677253534055444
2024-07-01T04:00:00,19.11,72.95,0.62,0.005691206168533138
2024-07-01T04:00:00,19.11,72.97,0.37,0.003396364971543969
2024-07-01T04:00:00,19.11,72.99,0.34,0.003120984027905269
2024-07-01T04:00:00,19.13,72.77,0.69,0.006333761703690105
2024-07-01T04:00:00,19.13,72.79,0.11,0.001009730126675234
2024-07-01T04:00:00,19.13,72.81,0.97,0.008903983844317974
2024-07-01T04:00:00,19.13,72.83,1.29,0.01184138057646411
2024-07-01T04:00:00,19.13,72.85,1.5,0.01376904718193501
2024-07-01T04:00:00,19.13,72.87,0.15,0.001376904718193501
2024-07-01T04:00:00,19.13,72.89,0.39,0.003579952267303103
2024-07-01T04:00:00,19.13,72.91,1.31,0.012024967872223243
2024-07-01T04:00:00,19.13,72.93,0.62,0.005691206168533138
2024-07-01T04:00:00,19.13,72.95,1.11,0.01018909491463191
2024-07-01T04:00:00,19.13,72.97,0.22,0.002019460253350468
2024-07-01T04:00:00,19.13,72.99,1.69,0.015513126491646777
2024-07-01T04:00:00,19.15,72.77,0.26,0.002386634844868735
2024-07-01T04:00:00,19.15,72.79,0.98,0.00899577749219754
2024-07-01T04:00:00,19.15,72.81,0.97,0.008903983844317974
2024-07-01T04:00:00,19.15,72.83,0.53,0.004865063337617037
2024-07-01T04:00:00,19.15,72.85,1.11,0.01018909491463191
2024-07-01T04:00:00,19.15,72.87,1.1,0.010097301266752342
2024-07-01T04:00:00,19.15,72.89,1.0,0.009179364787956673
2024-07-01T04:00:00,19.15,72.91,0.48,0.004406095098219203
2024-07-01T04:00:00,19.15,72.93,0.4,0.00367174591518267
2024-07-01T04:00:00,19.15,72.95,0.5,0.004589682393978336
2024-07-01T04:00:00,19.15,72.97,0.34,0.003120984027905269
2024-07-01T04:00:00,19.15,72.99,1.47,0.01349366623829631
2024-07-01T04:00:00,19.17,72.77,0.67,0.0061501744079309716
2024-07-01T04:00:00,19.17,72.79,0.96,0.008812190196438406
2024-07-01T04:00:00,19.17,72.81,1.47,0.01349366623829631
2024-07-01T04:00:00,19.17,72.83,0.38,0.0034881586194235362
2024-07-01T04:00:00,19.17,72.85,0.22,0.002019460253350468
2024-07-01T04:00:00,19.17,72.87,0.37,0.003396364971543969
2024-07-01T04:00:00,19.17,72.89,0.91,0.008353221957040573
2024-07-01T04:00:00,19.17,72.91,0.85,0.0078024600697631724
2024-07-01T04:00:00,19.17,72.93,0.96,0.008812190196438406
2024-07-01T04:00:00,19.17,72.95,0.65,0.005966587112171838
2024-07-01T04:00:00,19.17,72.97,0.04,0.00036717459151826694
2024-07-01T04:00:00,19.17,72.99,0.61,0.00559941252065357
2024-07-01T04:00:00,19.19,72.77,1.71,0.015696713787405912
2024-07-01T04:00:00,19.19,72.79,1.95,0.017899761336515514
2024-07-01T04:00:00,19.19,72.81,0.88,0.008077841013401872
2024-07-01T04:00:00,19.19,72.83,0.93,0.008536809252799708
2024-07-01T04:00:00,19.19,72.85,1.22,0.01119882504130714
2024-07-01T04:00:00,19.19,72.87,1.72,0.015788507435285478
2024-07-01T04:00:00,19.19,72.89,0.75,0.006884523590967505
2024-07-01T04:00:00,19.19,72.91,1.13,0.01037268221039104
2024-07-01T04:00:00,19.19,72.93,0.45,0.0041307141545805035
2024-07-01T04:00:00,19.19,72.95,0.23,0.002111253901230035
2024-07-01T04:00:00,19.19,72.97,0.48,0.004406095098219203
2024-07-01T04:00:00,19.19,72.99,1.78,0.01633926932256288
2024-07-01T04:00:00,19.21,72.77,1.37,0.012575729759500644
2024-07-01T04:00:00,19.21,72.79,0.3,0.002753809436387002
2024-07-01T04:00:00,19.21,72.81,1.33,0.012208555167982376
2024-07-01T04:00:00,19.21,72.83,0.3,0.002753809436387002
2024-07-01T04:00:00,19.21,72.85,1.03,0.009454745731595373
2024-07-01T04:00:00,19.21,72.87,0.34,0.003120984027905269
2024-07-01T04:00:00,19.21,72.89,0.25,0.002294841196989168
2024-07-01T04:00:00,19.21,72.91,2.11,0.01936845970258858
2024-07-01T04:00:00,19.21,72.93,0.55,0.005048650633376171
2024-07-01T04:00:00,19.21,72.95,1.09,0.010005507618872774
2024-07-01T04:00:00,19.21,72.97,0.72,0.006609142647328804
2024-07-01T04:00:00,19.21,72.99,0.28,0.0025702221406278688
2024-07-01T04:00:00,19.23,72.77,0.73,0.006700936295208372
2024-07-01T04:00:00,19.23,72.79,0.35,0.0032127776757848356
2024-07-01T04:00:00,19.23,72.81,3.53,0.03240315770148706
2024-07-01T04:00:00,19.23,72.83,1.4,0.012851110703139343
2024-07-01T04:00:00,19.23,72.85,0.8,0.00734349183036534
2024-07-01T04:00:00,19.23,72.87,1.13,0.01037268221039104
2024-07-01T04:00:00,19.23,72.89,1.24,0.011382412337066276
2024-07-01T04:00:00,19.23,72.91,1.22,0.01119882504130714
2024-07-01T04:00:00,19.23,72.93,1.16,0.010648063154029741
2024-07-01T04:00:00,19.23,72.95,1.08,0.009913713970993209
2024-07-01T04:00:00,19.23,72.97,0.75,0.006884523590967505
2024-07-01T04:00:00,19.23,72.99,1.87,0.01716541215347898
2024-07-01T04:00:00,19.25,72.77,1.0,0.009179364787956673
2024-07-01T04:00:00,19.25,72.79,0.88,0.008077841013401872
2024-07-01T04:00:00,19.25,72.81,0.94,0.008628602900679273
2024-07-01T04:00:00,19.25,72.83,0.96,0.008812190196438406
2024-07-01T04:00:00,19.25,72.85,0.16,0.0014686983660730677
2024-07-01T04:00:00,19.25,72.87,0.37,0.003396364971543969
2024-07-01T04:00:00,19.25,72.89,0.69,0.006333761703690105
2024-07-01T04:00:00,19.25,72.91,0.14,0.0012851110703139344
2024-07-01T04:00:00,19.25,72.93,0.73,0.006700936295208372
2024-07-01T04:00:00,19.25,72.95,0.84,0.007710666421883606
2024-07-01T04:00:00,19.25,72.97,0.21,0.0019276666054709015
2024-07-01T04:00:00,19.25,72.99,0.41,0.003763539563062236
2024-07-01T05:00:00,18.87,72.77,2.81,0.025794015054158254
2024-07-01T05:00:00,18.87,72.79,1.73,0.015880301083165044
2024-07-01T05:00:00,18.87,72.81,1.61,0.014778777308610245
2024-07-01T05:00:00,18.87,72.83,2.36,0.02166330089957775
2024-07-01T05:00:00,18.87,72.85,0.52,0.00477326968973747
2024-07-01T05:00:00,18.87,72.87,0.32,0.0029373967321461355
2024-07-01T05:00:00,18.87,72.89,2.0,0.018358729575913346
2024-07-01T05:00:00,18.87,72.91,0.93,0.008536809252799708
2024-07-01T05:00:00,18.87,72.93,0.47,0.004314301450339637
2024-07-01T05:00:00,18.87,72.95,0.19,0.0017440793097117681
2024-07-01T05:00:00,18.87,72.97,1.08,0.009913713970993209
2024-07-01T05:00:00,18.87,72.99,0.8,0.00734349183036534
2024-07-01T05:00:00,18.89,72.77,0.89,0.00816963466128144
2024-07-01T05:00:00,18.89,72.79,0.09,0.0008261428309161006
2024-07-01T05:00:00,18.89,72.81,3.05,0.027997062603267852
2024-07-01T05:00:00,18.89,72.83,0.28,0.0025702221406278688
2024-07-01T05:00:00,18.89,72.85,0.86,0.007894253717642739
2024-07-01T05:00:00,18.89,72.87,0.73,0.006700936295208372
2024-07-01T05:00:00,18.89,72.89,1.55,0.014228015421332844
2024-07-01T05:00:00,18.89,72.91,0.2,0.001835872957591335
2024-07-01T05:00:00,18.89,72.93,1.36,0.012483936111621076
2024-07-01T05:00:00,18.89,72.95,1.1,0.010097301266752342
2024-07-01T05:00:00,18.89,72.97,0.54,0.004956856985496604
2024-07-01T05:00:00,18.89,72.99,1.27,0.011657793280704976
2024-07-01T05:00:00,18.91,72.77,1.21,0.011107031393427575
2024-07-01T05:00:00,18.91,72.79,3.63,0.03332109418028272
2024-07-01T05:00:00,18.91,72.81,0.96,0.008812190196438406
2024-07-01T05:00:00,18.91,72.83,0.46,0.00422250780246007
2024-07-01T05:00:00,18.91,72.85,1.5,0.01376904718193501
2024-07-01T05:00:00,18.91,72.87,0.8,0.00734349183036534
2024-07-01T05:00:00,18.91,72.89,1.01,0.00927115843583624
2024-07-01T05:00:00,18.91,72.91,0.31,0.002845603084266569
2024-07-01T05:00:00,18.91,72.93,1.5,0.01376904718193501
2024-07-01T05:00:00,18.91,72.95,0.65,0.005966587112171838
2024-07-01T05:00:00,18.91,72.97,1.15,0.010556269506150174
2024-07-01T05:00:00,18.91,72.99,3.4,0.03120984027905269
2024-07-01T05:00:00,18.93,72.77,0.98,0.00899577749219754
2024-07-01T05:00:00,18.93,72.79,1.96,0.01799155498439508
2024-07-01T05:00:00,18.93,72.81,0.97,0.008903983844317974
2024-07-01T05:00:00,18.93,72.83,0.63,0.005782999816412704
2024-07-01T05:00:00,18.93,72.85,2.56,0.023499173857169084
2024-07-01T05:00:00,18.93,72.87,0.14,0.0012851110703139344
2024-07-01T05:00:00,18.93,72.89,2.03,0.018634110519552046
2024-07-01T05:00:00,18.93,72.91,0.12,0.0011015237745548008
2024-07-01T05:00:00,18.93,72.93,1.81,0.01661465026620158
2024-07-01T05:00:00,18.93,72.95,0.97,0.008903983844317974
2024-07-01T05:00:00,18.93,72.97,0.4,0.00367174591518267
2024-07-01T05:00:00,18.93,72.99,0.66,0.006058380760051405
2024-07-01T05:00:00,18.95,72.77,1.94,0.017807967688635948
2024-07-01T05:00:00,18.95,72.79,3.98,0.03653387185606756
2024-07-01T05:00:00,18.95,72.81,0.24,0.0022030475491096016
2024-07-01T05:00:00,18.95,72.83,0.49,0.00449788874609877
2024-07-01T05:00:00,18.95,72.85,0.3,0.002753809436387002
2024-07-01T05:00:00,18.95,72.87,0.89,0.00816963466128144
2024-07-01T05:00:00,18.95,72.89,1.92,0.017624380392876813
2024-07-01T05:00:00,18.95,72.91,0.24,0.0022030475491096016
2024-07-01T05:00:00,18.95,72.93,0.96,0.008812190196438406
2024-07-01T05:00:00,18.95,72.95,1.77,0.016247475674683313
2024-07-01T05:00:00,18.95,72.97,0.67,0.0061501744079309716
2024-07-01T05:00:00,18.95,72.99,1.08,0.009913713970993209
2024-07-01T05:00:00,18.97,72.77,2.74,0.025151459519001287
2024-07-01T05:00:00,18.97,72.79,0.44,0.004038920506700936
2024-07-01T05:00:00,18.97,72.81,0.18,0.001652285661832201
2024-07-01T05:00:00,18.97,72.83,1.38,0.01266752340738021
2024-07-01T05:00:00,18.97,72.85,1.37,0.012575729759500644
2024-07-01T05:00:00,18.97,72.87,0.69,0.006333761703690105
2024-07-01T05:00:00,18.97,72.89,0.57,0.005232237929135303
2024-07-01T05:00:00,18.97,72.91,1.02,0.009362952083715808
2024-07-01T05:00:00,18.97,72.93,0.36,0.003304571323664402
2024-07-01T05:00:00,18.97,72.95,0.36,0.003304571323664402
2024-07-01T05:00:00,18.97,72.97,1.53,0.01404442812557371
2024-07-01T05:00:00,18.97,72.99,0.32,0.0029373967321461355
2024-07-01T05:00:00,18.99,72.77,0.2,0.001835872957591335
2024-07-01T05:00:00,18.99,72.79,0.65,0.005966587112171838
2024-07-01T05:00:00,18.99,72.81,0.76,0.0069763172388470724
2024-07-01T05:00:00,18.99,72.83,1.53,0.01404442812557371
2024-07-01T05:00:00,18.99,72.85,0.64,0.005874793464292271
2024-07-01T05:00:00,18.99,72.87,2.65,0.024325316688085186
2024-07-01T05:00:00,18.99,72.89,1.08,0.009913713970993209
2024-07-01T05:00:00,18.99,72.91,0.49,0.00449788874609877
2024-07-01T05:00:00,18.99,72.93,1.32,0.01211676152010281
2024-07-01T05:00:00,18.99,72.95,2.41,0.022122269138975584
2024-07-01T05:00:00,18.99,72.97,1.5,0.01376904718193501
2024-07-01T05:00:00,18.99,72.99,0.21,0.0019276666054709015
2024-07-01T05:00:00,19.01,72.77,0.87,0.007986047365522306
2024-07-01T05:00:00,19.01,72.79,1.39,0.012759317055259775
2024-07-01T05:00:00,19.01,72.81,1.73,0.015880301083165044
2024-07-01T05:00:00,19.01,72.83,0.94,0.008628602900679273
2024-07-01T05:00:00,19.01,72.85,0.82,0.007527079126124472
2024-07-01T05:00:00,19.01,72.87,3.25,0.02983293556085919
2024-07-01T05:00:00,19.01,72.89,1.63,0.014962364604369376
2024-07-01T05:00:00,19.01,72.91,1.35,0.01239214246374151
2024-07-01T05:00:00,19.01,72.93,0.61,0.00559941252065357
2024-07-01T05:00:00,19.01,72.95,0.35,0.0032127776757848356
2024-07-01T05:00:00,19.01,72.97,1.3,0.011933174224343677
2024-07-01T05:00:00,19.01,72.99,1.61,0.014778777308610245
2024-07-01T05:00:00,19.03,72.77,1.19,0.010923444097668442
2024-07-01T05:00:00,19.03,72.79,1.86,0.017073618505599415
2024-07-01T05:00:00,19.03,72.81,1.84,0.01689003120984028
2024-07-01T05:00:00,19.03,72.83,1.97,0.01808334863227465
2024-07-01T05:00:00,19.03,72.85,0.24,0.0022030475491096016
2024-07-01T05:00:00,19.03,72.87,0.77,0.007068110886726639
2024-07-01T05:00:00,19.03,72.89,1.46,0.013401872590416744
2024-07-01T05:00:00,19.03,72.91,1.03,0.009454745731595373
2024-07-01T05:00:00,19.03,72.93,1.6,0.01468698366073068
2024-07-01T05:00:00,19.03,72.95,1.3,0.011933174224343677
2024-07-01T05:00:00,19.03,72.97,0.08,0.0007343491830365339
2024-07-01T05:00:00,19.03,72.99,1.96,0.01799155498439508
2024-07-01T05:00:00,19.05,72.77,0.8,0.00734349183036534
2024-07-01T05:00:00,19.05,72.79,0.54,0.004956856985496604
2024-07-01T05:00:00,19.05,72.81,2.31,0.021204332660179917
2024-07-01T05:00:00,19.05,72.83,1.7,0.015604920139526345
2024-07-01T05:00:00,19.05,72.85,2.4,0.022030475491096015
2024-07-01T05:00:00,19.05,72.87,1.26,0.011565999632825409
2024-07-01T05:00:00,19.05,72.89,0.75,0.006884523590967505
2024-07-01T05:00:00,19.05,72.91,1.11,0.01018909491463191
2024-07-01T05:00:00,19.05,72.93,0.39,0.003579952267303103
2024-07-01T05:00:00,19.05,72.95,0.26,0.002386634844868735
2024-07-01T05:00:00,19.05,72.97,0.55,0.005048650633376171
2024-07-01T05:00:00,19.05,72.99,2.52,0.023131999265650818
2024-07-01T05:00:00,19.07,72.77,0.76,0.0069763172388470724
2024-07-01T05:00:00,19.07,72.79,0.2,0.001835872957591335
2024-07-01T05:00:00,19.07,72.81,0.99,0.009087571140077107
2024-07-01T05:00:00,19.07,72.83,0.69,0.006333761703690105
2024-07-01T05:00:00,19.07,72.85,2.27,0.02083715806866165
2024-07-01T05:00:00,19.07,72.87,2.69,0.024692491279603452
2024-07-01T05:00:00,19.07,72.89,0.72,0.006609142647328804
2024-07-01T05:00:00,19.07,72.91,1.21,0.011107031393427575
2024-07-01T05:00:00,19.07,72.93,1.26,0.011565999632825409
2024-07-01T05:00:00,19.07,72.95,0.92,0.00844501560492014
2024-07-01T05:00:00,19.07,72.97,0.78,0.007159904534606206
2024-07-01T05:00:00,19.07,72.99,0.41,0.003763539563062236
2024-07-01T05:00:00,19.09,72.77,0.17,0.0015604920139526345
2024-07-01T05:00:00,19.09,72.79,0.51,0.004681476041857904
2024-07-01T05:00:00,19.09,72.81,1.05,0.009638333027354508
2024-07-01T05:00:00,19.09,72.83,0.27,0.002478428492748302
2024-07-01T05:00:00,19.09,72.85,1.24,0.011382412337066276
2024-07-01T05:00:00,19.09,72.87,1.09,0.010005507618872774
2024-07-01T05:00:00,19.09,72.89,0.64,0.005874793464292271
2024-07-01T05:00:00,19.09,72.91,0.8,0.00734349183036534
2024-07-01T05:00:00,19.09,72.93,0.29,0.0026620157885074353
2024-07-01T05:00:00,19.09,72.95,1.71,0.015696713787405912
2024-07-01T05:00:00,19.09,72.97,1.66,0.015237745548008077
2024-07-01T05:00:00,19.09,72.99,0.32,0.0029373967321461355
2024-07-01T05:00:00,19.11,72.77,0.43,0.0039471268588213695
2024-07-01T05:00:00,19.11,72.79,0.51,0.004681476041857904
2024-07-01T05:00:00,19.11,72.81,1.67,0.015329539195887644
2024-07-01T05:00:00,19.11,72.83,1.4,0.012851110703139343
2024-07-01T05:00:00,19.11,72.85,2.18,0.02001101523774555
2024-07-01T05:00:00,19.11,72.87,2.29,0.021020745364420782
2024-07-01T05:00:00,19.11,72.89,0.22,0.002019460253350468
2024-07-01T05:00:00,19.11,72.91,1.44,0.013218285294657609
2024-07-01T05:00:00,19.11,72.93,2.09,0.019184872406829447
2024-07-01T05:00:00,19.11,72.95,0.73,0.006700936295208372
2024-07-01T05:00:00,19.11,72.97,0.92,0.00844501560492014
2024-07-01T05:00:00,19.11,72.99,0.81,0.007435285478244906
2024-07-01T05:00:00,19.13,72.77,1.07,0.009821920323113641
2024-07-01T05:00:00,19.13,72.79,2.06,0.018909491463190747
2024-07-01T05:00:00,19.13,72.81,3.43,0.031485221222691394
2024-07-01T05:00:00,19.13,72.83,2.72,0.024967872223242153
2024-07-01T05:00:00,19.13,72.85,0.7,0.006425555351569671
2024-07-01T05:00:00,19.13,72.87,1.26,0.011565999632825409
2024-07-01T05:00:00,19.13,72.89,0.51,0.004681476041857904
2024-07-01T05:00:00,19.13,72.91,0.55,0.005048650633376171
2024-07-01T05:00:00,19.13,72.93,0.92,0.00844501560492014
2024-07-01T05:00:00,19.13,72.95,0.52,0.00477326968973747
2024-07-01T05:00:00,19.13,72.97,0.58,0.005324031577014871
2024-07-01T05:00:00,19.13,72.99,1.11,0.01018909491463191
2024-07-01T05:00:00,19.15,72.77,1.72,0.015788507435285478
2024-07-01T05:00:00,19.15,72.79,1.63,0.014962364604369376
2024-07-01T05:00:00,19.15,72.81,1.59,0.014595190012851112
2024-07-01T05:00:00,19.15,72.83,0.34,0.003120984027905269
2024-07-01T05:00:00,19.15,72.85,0.55,0.005048650633376171
2024-07-01T05:00:00,19.15,72.87,1.07,0.009821920323113641
2024-07-01T05:00:00,19.15,72.89,2.11,0.01936845970258858
2024-07-01T05:00:00,19.15,72.91,4.14,0.038002570222140625
2024-07-01T05:00:00,19.15,72.93,1.22,0.01119882504130714
2024-07-01T05:00:00,19.15,72.95,1.6,0.01468698366073068
2024-07-01T05:00:00,19.15,72.97,0.26,0.002386634844868735
2024-07-01T05:00:00,19.15,72.99,1.52,0.013952634477694145
2024-07-01T05:00:00,19.17,72.77,4.14,0.038002570222140625
2024-07-01T05:00:00,19.17,72.79,0.6,0.005507618872774004
2024-07-01T05:00:00,19.17,72.81,0.71,0.006517348999449238
2024-07-01T05:00:00,19.17,72.83,1.99,0.01826693592803378
2024-07-01T05:00:00,19.17,72.85,1.08,0.009913713970993209
2024-07-01T05:00:00,19.17,72.87,0.13,0.0011933174224343676
2024-07-01T05:00:00,19.17,72.89,0.67,0.0061501744079309716
2024-07-01T05:00:00,19.17,72.91,2.57,0.02359096750504865
2024-07-01T05:00:00,19.17,72.93,0.78,0.007159904534606206
2024-07-01T05:00:00,19.17,72.95,0.76,0.0069763172388470724
2024-07-01T05:00:00,19.17,72.97,1.64,0.015054158252248944
2024-07-01T05:00:00,19.17,72.99,1.19,0.010923444097668442
2024-07-01T05:00:00,19.19,72.77,0.91,0.008353221957040573
2024-07-01T05:00:00,19.19,72.79,0.69,0.006333761703690105
2024-07-01T05:00:00,19.19,72.81,6.12,0.05617771250229484
2024-07-01T05:00:00,19.19,72.83,2.51,0.02304020561777125
2024-07-01T05:00:00,19.19,72.85,1.51,0.013860840829814577
2024-07-01T05:00:00,19.19,72.87,1.54,0.014136221773453278
2024-07-01T05:00:00,19.19,72.89,0.92,0.00844501560492014
2024-07-01T05:00:00,19.19,72.91,1.27,0.011657793280704976
2024-07-01T05:00:00,19.19,72.93,0.81,0.007435285478244906
2024-07-01T05:00:00,19.19,72.95,0.45,0.0041307141545805035
2024-07-01T05:00:00,19.19,72.97,1.23,0.011290618689186708
2024-07-01T05:00:00,19.19,72.99,0.72,0.006609142647328804
2024-07-01T05:00:00,19.21,72.77,1.62,0.014870570956489812
2024-07-01T05:00:00,19.21,72.79,1.79,0.016431062970442445
2024-07-01T05:00:00,19.21,72.81,1.58,0.014503396364971544
2024-07-01T05:00:00,19.21,72.83,0.48,0.004406095098219203
2024-07-01T05:00:00,19.21,72.85,0.75,0.006884523590967505
2024-07-01T05:00:00,19.21,72.87,0.82,0.007527079126124472
2024-07-01T05:00:00,19.21,72.89,1.99,0.01826693592803378
2024-07-01T05:00:00,19.21,72.91,1.88,0.017257205801358547
2024-07-01T05:00:00,19.21,72.93,0.53,0.004865063337617037
2024-07-01T05:00:00,19.21,72.95,0.29,0.0026620157885074353
2024-07-01T05:00:00,19.21,72.97,4.05,0.03717642739122452
2024-07-01T05:00:00,19.21,72.99,1.27,0.011657793280704976
2024-07-01T05:00:00,19.23,72.77,0.32,0.0029373967321461355
2024-07-01T05:00:00,19.23,72.79,0.72,0.006609142647328804
2024-07-01T05:00:00,19.23,72.81,2.26,0.02074536442078208
2024-07-01T05:00:00,19.23,72.83,3.97,0.036442078208188
2024-07-01T05:00:00,19.23,72.85,3.46,0.03176060216633009
2024-07-01T05:00:00,19.23,72.87,1.38,0.01266752340738021
2024-07-01T05:00:00,19.23,72.89,1.02,0.009362952083715808
2024-07-01T05:00:00,19.23,72.91,0.4,0.00367174591518267
2024-07-01T05:00:00,19.23,72.93,1.04,0.00954653937947494
2024-07-01T05:00:00,19.23,72.95,0.43,0.0039471268588213695
2024-07-01T05:00:00,19.23,72.97,0.67,0.0061501744079309716
2024-07-01T05:00:00,19.23,72.99,1.69,0.015513126491646777
2024-07-01T05:00:00,19.25,72.77,0.99,0.009087571140077107
2024-07-01T05:00:00,19.25,72.79,0.91,0.008353221957040573
2024-07-01T05:00:00,19.25,72.81,1.08,0.009913713970993209
2024-07-01T05:00:00,19.25,72.83,5.13,0.04709014136221774
2024-07-01T05:00:00,19.25,72.85,0.38,0.0034881586194235362
2024-07-01T05:00:00,19.25,72.87,1.28,0.011749586928584542
2024-07-01T05:00:00,19.25,72.89,3.11,0.028547824490545253
2024-07-01T05:00:00,19.25,72.91,0.95,0.008720396548558839
2024-07-01T05:00:00,19.25,72.93,2.22,0.02037818982926382
2024-07-01T05:00:00,19.25,72.95,0.27,0.002478428492748302
2024-07-01T05:00:00,19.25,72.97,0.8,0.00734349183036534
2024-07-01T05:00:00,19.25,72.99,0.46,0.00422250780246007
2024-07-01T06:00:00,18.87,72.77,1.51,0.013860840829814577
2024-07-01T06:00:00,18.87,72.79,1.49,0.013677253534055444
2024-07-01T06:00:00,18.87,72.81,1.56,0.014319809069212411
2024-07-01T06:00:00,18.87,72.83,2.63,0.02414172939232605
2024-07-01T06:00:00,18.87,72.85,0.1,0.0009179364787956674
2024-07-01T06:00:00,18.87,72.87,0.83,0.0076188727740040384
2024-07-01T06:00:00,18.87,72.89,1.59,0.014595190012851112
2024-07-01T06:00:00,18.87,72.91,0.18,0.001652285661832201
2024-07-01T06:00:00,18.87,72.93,2.03,0.018634110519552046
2024-07-01T06:00:00,18.87,72.95,0.75,0.006884523590967505
2024-07-01T06:00:00,18.87,72.97,1.08,0.009913713970993209
2024-07-01T06:00:00,18.87,72.99,2.31,0.021204332660179917
2024-07-01T06:00:00,18.89,72.77,3.74,0.03433082430695796
2024-07-01T06:00:00,18.89,72.79,2.46,0.022581237378373416
2024-07-01T06:00:00,18.89,72.81,0.53,0.004865063337617037
2024-07-01T06:00:00,18.89,72.83,2.24,0.02056177712502295
2024-07-01T06:00:00,18.89,72.85,2.28,0.020928951716541213
2024-07-01T06:00:00,18.89,72.87,1.93,0.01771617404075638
2024-07-01T06:00:00,18.89,72.89,3.52,0.03231136405360749
2024-07-01T06:00:00,18.89,72.91,1.41,0.012942904351018908
2024-07-01T06:00:00,18.89,72.93,3.3,0.030291903800257022
2024-07-01T06:00:00,18.89,72.95,3.23,0.029649348265100055
2024-07-01T06:00:00,18.89,72.97,2.06,0.018909491463190747
2024-07-01T06:00:00,18.89,72.99,1.54,0.014136221773453278
2024-07-01T06:00:00,18.91,72.77,2.23,0.02046998347714338
2024-07-01T06:00:00,18.91,72.79,4.59,0.04213328437672113
2024-07-01T06:00:00,18.91,72.81,3.11,0.028547824490545253
2024-07-01T06:00:00,18.91,72.83,0.57,0.005232237929135303
2024-07-01T06:00:00,18.91,72.85,1.9,0.017440793097117678
2024-07-01T06:00:00,18.91,72.87,0.66,0.006058380760051405
2024-07-01T06:00:00,18.91,72.89,0.78,0.007159904534606206
2024-07-01T06:00:00,18.91,72.91,0.98,0.00899577749219754
2024-07-01T06:00:00,18.91,72.93,0.34,0.003120984027905269
2024-07-01T06:00:00,18.91,72.95,0.57,0.005232237929135303
2024-07-01T06:00:00,18.91,72.97,3.39,0.031118046631173124
2024-07-01T06:00:00,18.91,72.99,0.71,0.006517348999449238
2024-07-01T06:00:00,18.93,72.77,2.89,0.026528364237194787
2024-07-01T06:00:00,18.93,72.79,1.76,0.016155682026803744
2024-07-01T06:00:00,18.93,72.81,2.23,0.02046998347714338
2024-07-01T06:00:00,18.93,72.83,2.24,0.02056177712502295
2024-07-01T06:00:00,18.93,72.85,0.61,0.00559941252065357
2024-07-01T06:00:00,18.93,72.87,2.5,0.022948411969891683
2024-07-01T06:00:00,18.93,72.89,0.43,0.0039471268588213695
2024-07-01T06:00:00,18.93,72.91,0.73,0.006700936295208372
2024-07-01T06:00:00,18.93,72.93,1.98,0.018175142280154214
2024-07-01T06:00:00,18.93,72.95,0.52,0.00477326968973747
2024-07-01T06:00:00,18.93,72.97,0.15,0.001376904718193501
2024-07-01T06:00:00,18.93,72.99,1.6,0.01468698366073068
2024-07-01T06:00:00,18.95,72.77,0.34,0.003120984027905269
2024-07-01T06:00:00,18.95,72.79,2.5,0.022948411969891683
2024-07-01T06:00:00,18.95,72.81,1.17,0.010739856801909307
2024-07-01T06:00:00,18.95,72.83,1.86,0.017073618505599415
2024-07-01T06:00:00,18.95,72.85,1.79,0.016431062970442445
2024-07-01T06:00:00,18.95,72.87,2.36,0.02166330089957775
2024-07-01T06:00:00,18.95,72.89,2.1,0.019276666054709016
2024-07-01T06:00:00,18.95,72.91,0.53,0.004865063337617037
2024-07-01T06:00:00,18.95,72.93,1.07,0.009821920323113641
2024-07-01T06:00:00,18.95,72.95,1.64,0.015054158252248944
2024-07-01T06:00:00,18.95,72.97,3.23,0.029649348265100055
2024-07-01T06:00:00,18.95,72.99,1.93,0.01771617404075638
2024-07-01T06:00:00,18.97,72.77,3.86,0.03543234808151276
2024-07-01T06:00:00,18.97,72.79,2.05,0.018817697815311177
2024-07-01T06:00:00,18.97,72.81,3.15,0.02891499908206352
2024-07-01T06:00:00,18.97,72.83,1.75,0.01606388837892418
2024-07-01T06:00:00,18.97,72.85,2.9,0.026620157885074353
2024-07-01T06:00:00,18.97,72.87,1.04,0.00954653937947494
2024-07-01T06:00:00,18.97,72.89,3.74,0.03433082430695796
2024-07-01T06:00:00,18.97,72.91,1.91,0.017532586744997247
2024-07-01T06:00:00,18.97,72.93,0.34,0.003120984027905269
2024-07-01T06:00:00,18.97,72.95,1.68,0.015421332843767212
2024-07-01T06:00:00,18.97,72.97,1.97,0.01808334863227465
2024-07-01T06:00:00,18.97,72.99,2.29,0.021020745364420782
2024-07-01T06:00:00,18.99,72.77,5.42,0.049752157150725174
2024-07-01T06:00:00,18.99,72.79,1.01,0.00927115843583624
2024-07-01T06:00:00,18.99,72.81,5.11,0.046906554066458606
2024-07-01T06:00:00,18.99,72.83,1.46,0.013401872590416744
2024-07-01T06:00:00,18.99,72.85,0.75,0.006884523590967505
2024-07-01T06:00:00,18.99,72.87,0.93,0.008536809252799708
2024-07-01T06:00:00,18.99,72.89,2.03,0.018634110519552046
2024-07-01T06:00:00,18.99,72.91,0.61,0.00559941252065357
2024-07-01T06:00:00,18.99,72.93,0.99,0.009087571140077107
2024-07-01T06:00:00,18.99,72.95,1.65,0.015145951900128511
2024-07-01T06:00:00,18.99,72.97,3.46,0.03176060216633009
2024-07-01T06:00:00,18.99,72.99,2.25,0.020653570772902516
2024-07-01T06:00:00,19.01,72.77,1.65,0.015145951900128511
2024-07-01T06:00:00,19.01,72.79,2.31,0.021204332660179917
2024-07-01T06:00:00,19.01,72.81,1.79,0.016431062970442445
2024-07-01T06:00:00,19.01,72.83,0.5,0.004589682393978336
2024-07-01T06:00:00,19.01,72.85,4.35,0.03993023682761153
2024-07-01T06:00:00,19.01,72.87,3.84,0.035248760785753626
2024-07-01T06:00:00,19.01,72.89,1.28,0.011749586928584542
2024-07-01T06:00:00,19.01,72.91,0.91,0.008353221957040573
2024-07-01T06:00:00,19.01,72.93,0.46,0.00422250780246007
2024-07-01T06:00:00,19.01,72.95,2.0,0.018358729575913346
2024-07-01T06:00:00,19.01,72.97,1.97,0.01808334863227465
2024-07-01T06:00:00,19.01,72.99,0.62,0.005691206168533138
2024-07-01T06:00:00,19.03,72.77,1.92,0.017624380392876813
2024-07-01T06:00:00,19.03,72.79,2.74,0.025151459519001287
2024-07-01T06:00:00,19.03,72.81,0.97,0.008903983844317974
2024-07-01T06:00:00,19.03,72.83,1.24,0.011382412337066276
2024-07-01T06:00:00,19.03,72.85,1.2,0.011015237745548008
2024-07-01T06:00:00,19.03,72.87,0.73,0.006700936295208372
2024-07-01T06:00:00,19.03,72.89,1.18,0.010831650449788875
2024-07-01T06:00:00,19.03,72.91,0.29,0.0026620157885074353
2024-07-01T06:00:00,19.03,72.93,1.06,0.009730126675234074
2024-07-01T06:00:00,19.03,72.95,1.05,0.009638333027354508
2024-07-01T06:00:00,19.03,72.97,1.2,0.011015237745548008
2024-07-01T06:00:00,19.03,72.99,1.76,0.016155682026803744
2024-07-01T06:00:00,19.05,72.77,0.52,0.00477326968973747
2024-07-01T06:00:00,19.05,72.79,0.6,0.005507618872774004
2024-07-01T06:00:00,19.05,72.81,0.77,0.007068110886726639
2024-07-01T06:00:00,19.05,72.83,0.43,0.0039471268588213695
2024-07-01T06:00:00,19.05,72.85,2.17,0.01991922158986598
2024-07-01T06:00:00,19.05,72.87,0.87,0.007986047365522306
2024-07-01T06:00:00,19.05,72.89,1.32,0.01211676152010281
2024-07-01T06:00:00,19.05,72.91,0.63,0.005782999816412704
2024-07-01T06:00:00,19.05,72.93,0.97,0.008903983844317974
2024-07-01T06:00:00,19.05,72.95,1.6,0.01468698366073068
2024-07-01T06:00:00,19.05,72.97,1.63,0.014962364604369376
2024-07-01T06:00:00,19.05,72.99,0.5,0.004589682393978336
2024-07-01T06:00:00,19.07,72.77,1.49,0.013677253534055444
2024-07-01T06:00:00,19.07,72.79,0.75,0.006884523590967505
2024-07-01T06:00:00,19.07,72.81,1.36,0.012483936111621076
2024-07-01T06:00:00,19.07,72.83,0.85,0.0078024600697631724
2024-07-01T06:00:00,19.07,72.85,4.53,0.04158252248944373
2024-07-01T06:00:00,19.07,72.87,2.45,0.02248944373049385
2024-07-01T06:00:00,19.07,72.89,1.81,0.01661465026620158
2024-07-01T06:00:00,19.07,72.91,1.06,0.009730126675234074
2024-07-01T06:00:00,19.07,72.93,2.35,0.021571507251698183
2024-07-01T06:00:00,19.07,72.95,1.23,0.011290618689186708
2024-07-01T06:00:00,19.07,72.97,3.75,0.034422617954837524
2024-07-01T06:00:00,19.07,72.99,2.39,0.02193868184321645
2024-07-01T06:00:00,19.09,72.77,1.18,0.010831650449788875
2024-07-01T06:00:00,19.09,72.79,4.26,0.03910409399669543
2024-07-01T06:00:00,19.09,72.81,1.2,0.011015237745548008
2024-07-01T06:00:00,19.09,72.83,4.82,0.04424453827795117
2024-07-01T06:00:00,19.09,72.85,4.05,0.03717642739122452
2024-07-01T06:00:00,19.09,72.87,1.72,0.015788507435285478
2024-07-01T06:00:00,19.09,72.89,0.3,0.002753809436387002
2024-07-01T06:00:00,19.09,72.91,1.56,0.014319809069212411
2024-07-01T06:00:00,19.09,72.93,0.48,0.004406095098219203
2024-07-01T06:00:00,19.09,72.95,0.76,0.0069763172388470724
2024-07-01T06:00:00,19.09,72.97,0.8,0.00734349183036534
2024-07-01T06:00:00,19.09,72.99,0.45,0.0041307141545805035
2024-07-01T06:00:00,19.11,72.77,1.88,0.017257205801358547
2024-07-01T06:00:00,19.11,72.79,0.83,0.0076188727740040384
2024-07-01T06:00:00,19.11,72.81,1.24,0.011382412337066276
2024-07-01T06:00:00,19.11,72.83,0.93,0.008536809252799708
2024-07-01T06:00:00,19.11,72.85,2.02,0.01854231687167248
2024-07-01T06:00:00,19.11,72.87,1.87,0.01716541215347898
2024-07-01T06:00:00,19.11,72.89,1.05,0.009638333027354508
2024-07-01T06:00:00,19.11,72.91,1.95,0.017899761336515514
2024-07-01T06:00:00,19.11,72.93,2.97,0.027262713420231323
2024-07-01T06:00:00,19.11,72.95,0.13,0.0011933174224343676
2024-07-01T06:00:00,19.11,72.97,0.77,0.007068110886726639
2024-07-01T06:00:00,19.11,72.99,0.54,0.004956856985496604
2024-07-01T06:00:00,19.13,72.77,0.9,0.008261428309161007
2024-07-01T06:00:00,19.13,72.79,0.12,0.0011015237745548008
2024-07-01T06:00:00,19.13,72.81,0.14,0.0012851110703139344
2024-07-01T06:00:00,19.13,72.83,0.96,0.008812190196438406
2024-07-01T06:00:00,19.13,72.85,0.91,0.008353221957040573
2024-07-01T06:00:00,19.13,72.87,3.47,0.03185239581420966
2024-07-01T06:00:00,19.13,72.89,1.51,0.013860840829814577
2024-07-01T06:00:00,19.13,72.91,1.92,0.017624380392876813
2024-07-01T06:00:00,19.13,72.93,10.61,0.0973930604002203
2024-07-01T06:00:00,19.13,72.95,3.85,0.035340554433633195
2024-07-01T06:00:00,19.13,72.97,1.21,0.011107031393427575
2024-07-01T06:00:00,19.13,72.99,0.87,0.007986047365522306
2024-07-01T06:00:00,19.15,72.77,0.99,0.009087571140077107
2024-07-01T06:00:00,19.15,72.79,1.97,0.01808334863227465
2024-07-01T06:00:00,19.15,72.81,1.06,0.009730126675234074
2024-07-01T06:00:00,19.15,72.83,0.52,0.00477326968973747
2024-07-01T06:00:00,19.15,72.85,0.91,0.008353221957040573
2024-07-01T06:00:00,19.15,72.87,1.8,0.016522856618322014
2024-07-01T06:00:00,19.15,72.89,2.2,0.020194602533504684
2024-07-01T06:00:00,19.15,72.91,4.27,0.03919588764457499
2024-07-01T06:00:00,19.15,72.93,1.4,0.012851110703139343
2024-07-01T06:00:00,19.15,72.95,3.03,0.02781347530750872
2024-07-01T06:00:00,19.15,72.97,1.08,0.009913713970993209
2024-07-01T06:00:00,19.15,72.99,1.18,0.010831650449788875
2024-07-01T06:00:00,19.17,72.77,1.45,0.013310078942537176
2024-07-01T06:00:00,19.17,72.79,1.81,0.01661465026620158
2024-07-01T06:00:00,19.17,72.81,2.74,0.025151459519001287
2024-07-01T06:00:00,19.17,72.83,1.0,0.009179364787956673
2024-07-01T06:00:00,19.17,72.85,0.65,0.005966587112171838
2024-07-01T06:00:00,19.17,72.87,2.68,0.024600697631723886
2024-07-01T06:00:00,19.17,72.89,2.49,0.02285661832201212
2024-07-01T06:00:00,19.17,72.91,3.48,0.031944189462089226
2024-07-01T06:00:00,19.17,72.93,0.78,0.007159904534606206
2024-07-01T06:00:00,19.17,72.95,1.06,0.009730126675234074
2024-07-01T06:00:00,19.17,72.97,2.5,0.022948411969891683
2024-07-01T06:00:00,19.17,72.99,0.84,0.007710666421883606
2024-07-01T06:00:00,19.19,72.77,2.52,0.023131999265650818
2024-07-01T06:00:00,19.19,72.79,1.32,0.01211676152010281
2024-07-01T06:00:00,19.19,72.81,1.9,0.017440793097117678
2024-07-01T06:00:00,19.19,72.83,0.51,0.004681476041857904
2024-07-01T06:00:00,19.19,72.85,1.51,0.013860840829814577
2024-07-01T06:00:00,19.19,72.87,3.12,0.028639618138424822
2024-07-01T06:00:00,19.19,72.89,2.34,0.021479713603818614
2024-07-01T06:00:00,19.19,72.91,0.57,0.005232237929135303
2024-07-01T06:00:00,19.19,72.93,3.97,0.036442078208188
2024-07-01T06:00:00,19.19,72.95,2.76,0.02533504681476042
2024-07-01T06:00:00,19.19,72.97,0.46,0.00422250780246007
2024-07-01T06:00:00,19.19,72.99,0.8,0.00734349183036534
2024-07-01T06:00:00,19.21,72.77,0.61,0.00559941252065357
2024-07-01T06:00:00,19.21,72.79,2.0,0.018358729575913346
2024-07-01T06:00:00,19.21,72.81,0.93,0.008536809252799708
2024-07-01T06:00:00,19.21,72.83,0.19,0.0017440793097117681
2024-07-01T06:00:00,19.21,72.85,1.34,0.012300348815861943
2024-07-01T06:00:00,19.21,72.87,2.61,0.023958142096566916
2024-07-01T06:00:00,19.21,72.89,1.47,0.01349366623829631
2024-07-01T06:00:00,19.21,72.91,1.96,0.01799155498439508
2024-07-01T06:00:00,19.21,72.93,1.51,0.013860840829814577
2024-07-01T06:00:00,19.21,72.95,2.15,0.01973563429410685
2024-07-01T06:00:00,19.21,72.97,1.56,0.014319809069212411
2024-07-01T06:00:00,19.21,72.99,1.12,0.010280888562511475
2024-07-01T06:00:00,19.23,72.77,1.71,0.015696713787405912
2024-07-01T06:00:00,19.23,72.79,4.15,0.0380943638700202
2024-07-01T06:00:00,19.23,72.81,2.31,0.021204332660179917
2024-07-01T06:00:00,19.23,72.83,0.62,0.005691206168533138
2024-07-01T06:00:00,19.23,72.85,1.5,0.01376904718193501
2024-07-01T06:00:00,19.23,72.87,1.77,0.016247475674683313
2024-07-01T06:00:00,19.23,72.89,1.2,0.011015237745548008
2024-07-01T06:00:00,19.23,72.91,0.17,0.0015604920139526345
2024-07-01T06:00:00,19.23,72.93,0.61,0.00559941252065357
2024-07-01T06:00:00,19.23,72.95,0.91,0.008353221957040573
2024-07-01T06:00:00,19.23,72.97,4.13,0.03791077657426106
2024-07-01T06:00:00,19.23,72.99,1.76,0.016155682026803744
2024-07-01T06:00:00,19.25,72.77,0.34,0.003120984027905269
2024-07-01T06:00:00,19.25,72.79,1.43,0.013126491646778043
2024-07-01T06:00:00,19.25,72.81,3.62,0.03322930053240316
2024-07-01T06:00:00,19.25,72.83,0.89,0.00816963466128144
2024-07-01T06:00:00,19.25,72.85,2.89,0.026528364237194787
2024-07-01T06:00:00,19.25,72.87,0.31,0.002845603084266569
2024-07-01T06:00:00,19.25,72.89,0.03,0.0002753809436387002
2024-07-01T06:00:00,19.25,72.91,2.98,0.02735450706811089
2024-07-01T06:00:00,19.25,72.93,0.89,0.00816963466128144
2024-07-01T06:00:00,19.25,72.95,0.93,0.008536809252799708
2024-07-01T06:00:00,19.25,72.97,1.45,0.013310078942537176
2024-07-01T06:00:00,19.25,72.99,1.72,0.015788507435285478
2024-07-01T07:00:00,18.87,72.77,0.1,0.0009179364787956674
2024-07-01T07:00:00,18.87,72.79,1.16,0.010648063154029741
2024-07-01T07:00:00,18.87,72.81,2.06,0.018909491463190747
2024-07-01T07:00:00,18.87,72.83,2.65,0.024325316688085186
2024-07-01T07:00:00,18.87,72.85,0.79,0.007251698182485772
2024-07-01T07:00:00,18.87,72.87,1.54,0.014136221773453278
2024-07-01T07:00:00,18.87,72.89,1.09,0.010005507618872774
2024-07-01T07:00:00,18.87,72.91,2.06,0.018909491463190747
2024-07-01T07:00:00,18.87,72.93,3.75,0.034422617954837524
2024-07-01T07:00:00,18.87,72.95,1.28,0.011749586928584542
2024-07-01T07:00:00,18.87,72.97,0.44,0.004038920506700936
2024-07-01T07:00:00,18.87,72.99,0.89,0.00816963466128144
2024-07-01T07:00:00,18.89,72.77,6.35,0.05828896640352487
2024-07-01T07:00:00,18.89,72.79,0.96,0.008812190196438406
2024-07-01T07:00:00,18.89,72.81,0.64,0.005874793464292271
2024-07-01T07:00:00,18.89,72.83,1.38,0.01266752340738021
2024-07-01T07:00:00,18.89,72.85,1.73,0.015880301083165044
2024-07-01T07:00:00,18.89,72.87,1.17,0.010739856801909307
2024-07-01T07:00:00,18.89,72.89,0.4,0.00367174591518267
2024-07-01T07:00:00,18.89,72.91,2.21,0.02028639618138425
2024-07-01T07:00:00,18.89,72.93,2.02,0.01854231687167248
2024-07-01T07:00:00,18.89,72.95,2.75,0.025243253166880853
2024-07-01T07:00:00,18.89,72.97,1.92,0.017624380392876813
2024-07-01T07:00:00,18.89,72.99,4.67,0.042867633559757666
2024-07-01T07:00:00,18.91,72.77,3.62,0.03322930053240316
2024-07-01T07:00:00,18.91,72.79,3.02,0.027721681659629155
2024-07-01T07:00:00,18.91,72.81,4.42,0.0405727923627685
2024-07-01T07:00:00,18.91,72.83,2.13,0.019552046998347714
2024-07-01T07:00:00,18.91,72.85,1.61,0.014778777308610245
2024-07-01T07:00:00,18.91,72.87,2.29,0.021020745364420782
2024-07-01T07:00:00,18.91,72.89,0.22,0.002019460253350468
2024-07-01T07:00:00,18.91,72.91,1.94,0.017807967688635948
2024-07-01T07:00:00,18.91,72.93,1.59,0.014595190012851112
2024-07-01T07:00:00,18.91,72.95,2.28,0.020928951716541213
2024-07-01T07:00:00,18.91,72.97,3.37,0.030934459335413993
2024-07-01T07:00:00,18.91,72.99,2.48,0.02276482467413255
2024-07-01T07:00:00,18.93,72.77,1.14,0.010464475858270606
2024-07-01T07:00:00,18.93,72.79,3.69,0.03387185606756012
2024-07-01T07:00:00,18.93,72.81,5.7,0.05232237929135304
2024-07-01T07:00:00,18.93,72.83,3.97,0.036442078208188
2024-07-01T07:00:00,18.93,72.85,0.55,0.005048650633376171
2024-07-01T07:00:00,18.93,72.87,2.75,0.025243253166880853
2024-07-01T07:00:00,18.93,72.89,0.61,0.00559941252065357
2024-07-01T07:00:00,18.93,72.91,1.39,0.012759317055259775
2024-07-01T07:00:00,18.93,72.93,2.28,0.020928951716541213
2024-07-01T07:00:00,18.93,72.95,2.03,0.018634110519552046
2024-07-01T07:00:00,18.93,72.97,3.39,0.031118046631173124
2024-07-01T07:00:00,18.93,72.99,4.73,0.04341839544703507
2024-07-01T07:00:00,18.95,72.77,2.99,0.027446300715990454
2024-07-01T07:00:00,18.95,72.79,1.51,0.013860840829814577
2024-07-01T07:00:00,18.95,72.81,0.26,0.002386634844868735
2024-07-01T07:00:00,18.95,72.83,4.6,0.042225078024600696
2024-07-01T07:00:00,18.95,72.85,1.74,0.015972094731044613
2024-07-01T07:00:00,18.95,72.87,1.76,0.016155682026803744
2024-07-01T07:00:00,18.95,72.89,1.83,0.016798237561960715
2024-07-01T07:00:00,18.95,72.91,2.41,0.022122269138975584
2024-07-01T07:00:00,18.95,72.93,2.41,0.022122269138975584
2024-07-01T07:00:00,18.95,72.95,1.35,0.01239214246374151
2024-07-01T07:00:00,18.95,72.97,1.53,0.01404442812557371
2024-07-01T07:00:00,18.95,72.99,0.98,0.00899577749219754
2024-07-01T07:00:00,18.97,72.77,1.14,0.010464475858270606
2024-07-01T07:00:00,18.97,72.79,1.1,0.010097301266752342
2024-07-01T07:00:00,18.97,72.81,1.8,0.016522856618322014
2024-07-01T07:00:00,18.97,72.83,0.87,0.007986047365522306
2024-07-01T07:00:00,18.97,72.85,0.03,0.0002753809436387002
2024-07-01T07:00:00,18.97,72.87,1.34,0.012300348815861943
2024-07-01T07:00:00,18.97,72.89,0.56,0.0051404442812557375
2024-07-01T07:00:00,18.97,72.91,1.89,0.017348999449238112
2024-07-01T07:00:00,18.97,72.93,1.02,0.009362952083715808
2024-07-01T07:00:00,18.97,72.95,2.34,0.021479713603818614
2024-07-01T07:00:00,18.97,72.97,0.57,0.005232237929135303
2024-07-01T07:00:00,18.97,72.99,0.27,0.002478428492748302
2024-07-01T07:00:00,18.99,72.77,1.94,0.017807967688635948
2024-07-01T07:00:00,18.99,72.79,1.44,0.013218285294657609
2024-07-01T07:00:00,18.99,72.81,0.56,0.0051404442812557375
2024-07-01T07:00:00,18.99,72.83,3.31,0.03038369744813659
2024-07-01T07:00:00,18.99,72.85,0.76,0.0069763172388470724
2024-07-01T07:00:00,18.99,72.87,0.95,0.008720396548558839
2024-07-01T07:00:00,18.99,72.89,3.49,0.032035983109968795
2024-07-01T07:00:00,18.99,72.91,2.53,0.023223792913530383
2024-07-01T07:00:00,18.99,72.93,0.62,0.005691206168533138
2024-07-01T07:00:00,18.99,72.95,1.28,0.011749586928584542
2024-07-01T07:00:00,18.99,72.97,0.54,0.004956856985496604
2024-07-01T07:00:00,18.99,72.99,3.03,0.02781347530750872
2024-07-01T07:00:00,19.01,72.77,3.9,0.03579952267303103
2024-07-01T07:00:00,19.01,72.79,6.46,0.05929869653020011
2024-07-01T07:00:00,19.01,72.81,7.89,0.07242518817697816
2024-07-01T07:00:00,19.01,72.83,1.13,0.01037268221039104
2024-07-01T07:00:00,19.01,72.85,3.09,0.028364237194786122
2024-07-01T07:00:00,19.01,72.87,0.25,0.002294841196989168
2024-07-01T07:00:00,19.01,72.89,2.04,0.018725904167431615
2024-07-01T07:00:00,19.01,72.91,2.38,0.021846888195336884
2024-07-01T07:00:00,19.01,72.93,0.73,0.006700936295208372
2024-07-01T07:00:00,19.01,72.95,0.94,0.008628602900679273
2024-07-01T07:00:00,19.01,72.97,3.09,0.028364237194786122
2024-07-01T07:00:00,19.01,72.99,2.26,0.02074536442078208
2024-07-01T07:00:00,19.03,72.77,6.12,0.05617771250229484
2024-07-01T07:00:00,19.03,72.79,5.48,0.050302919038002575
2024-07-01T07:00:00,19.03,72.81,0.37,0.003396364971543969
2024-07-01T07:00:00,19.03,72.83,1.23,0.011290618689186708
2024-07-01T07:00:00,19.03,72.85,0.72,0.006609142647328804
2024-07-01T07:00:00,19.03,72.87,3.11,0.028547824490545253
2024-07-01T07:00:00,19.03,72.89,2.2,0.020194602533504684
2024-07-01T07:00:00,19.03,72.91,0.72,0.006609142647328804
2024-07-01T07:00:00,19.03,72.93,0.81,0.007435285478244906
2024-07-01T07:00:00,19.03,72.95,3.88,0.035615935377271896
2024-07-01T07:00:00,19.03,72.97,1.17,0.010739856801909307
2024-07-01T07:00:00,19.03,72.99,0.18,0.001652285661832201
2024-07-01T07:00:00,19.05,72.77,0.79,0.007251698182485772
2024-07-01T07:00:00,19.05,72.79,6.75,0.06196071231870755
2024-07-01T07:00:00,19.05,72.81,3.93,0.03607490361666973
2024-07-01T07:00:00,19.05,72.83,0.59,0.005415825224894437
2024-07-01T07:00:00,19.05,72.85,2.14,0.019643840646227283
2024-07-01T07:00:00,19.05,72.87,3.48,0.031944189462089226
2024-07-01T07:00:00,19.05,72.89,0.33,0.0030291903800257025
2024-07-01T07:00:00,19.05,72.91,3.59,0.03295391958876446
2024-07-01T07:00:00,19.05,72.93,2.36,0.02166330089957775
2024-07-01T07:00:00,19.05,72.95,0.89,0.00816963466128144
2024-07-01T07:00:00,19.05,72.97,2.55,0.023407380209289515
2024-07-01T07:00:00,19.05,72.99,2.03,0.018634110519552046
2024-07-01T07:00:00,19.07,72.77,2.75,0.025243253166880853
2024-07-01T07:00:00,19.07,72.79,2.27,0.02083715806866165
2024-07-01T07:00:00,19.07,72.81,0.91,0.008353221957040573
2024-07-01T07:00:00,19.07,72.83,1.04,0.00954653937947494
2024-07-01T07:00:00,19.07,72.85,1.54,0.014136221773453278
2024-07-01T07:00:00,19.07,72.87,1.88,0.017257205801358547
2024-07-01T07:00:00,19.07,72.89,2.86,0.026252983293556086
2024-07-01T07:00:00,19.07,72.91,5.89,0.05406645860106481
2024-07-01T07:00:00,19.07,72.93,2.03,0.018634110519552046
2024-07-01T07:00:00,19.07,72.95,2.67,0.024508903983844317
2024-07-01T07:00:00,19.07,72.97,3.05,0.027997062603267852
2024-07-01T07:00:00,19.07,72.99,2.71,0.024876078575362587
2024-07-01T07:00:00,19.09,72.77,0.93,0.008536809252799708
2024-07-01T07:00:00,19.09,72.79,4.98,0.04571323664402424
2024-07-01T07:00:00,19.09,72.81,4.34,0.03983844317973196
2024-07-01T07:00:00,19.09,72.83,2.12,0.019460253350468148
2024-07-01T07:00:00,19.09,72.85,0.88,0.008077841013401872
2024-07-01T07:00:00,19.09,72.87,1.86,0.017073618505599415
2024-07-01T07:00:00,19.09,72.89,0.38,0.0034881586194235362
2024-07-01T07:00:00,19.09,72.91,4.66,0.0427758399118781
2024-07-01T07:00:00,19.09,72.93,1.0,0.009179364787956673
2024-07-01T07:00:00,19.09,72.95,1.33,0.012208555167982376
2024-07-01T07:00:00,19.09,72.97,4.21,0.038645125757297595
2024-07-01T07:00:00,19.09,72.99,3.82,0.035065173489994494
2024-07-01T07:00:00,19.11,72.77,2.69,0.024692491279603452
2024-07-01T07:00:00,19.11,72.79,5.96,0.05470901413622178
2024-07-01T07:00:00,19.11,72.81,0.85,0.0078024600697631724
2024-07-01T07:00:00,19.11,72.83,2.46,0.022581237378373416
2024-07-01T07:00:00,19.11,72.85,0.81,0.007435285478244906
2024-07-01T07:00:00,19.11,72.87,3.85,0.035340554433633195
2024-07-01T07:00:00,19.11,72.89,3.67,0.03368826877180099
2024-07-01T07:00:00,19.11,72.91,5.36,0.04920139526344777
2024-07-01T07:00:00,19.11,72.93,1.71,0.015696713787405912
2024-07-01T07:00:00,19.11,72.95,6.11,0.05608591885441528
2024-07-01T07:00:00,19.11,72.97,0.66,0.006058380760051405
2024-07-01T07:00:00,19.11,72.99,1.56,0.014319809069212411
2024-07-01T07:00:00,19.13,72.77,0.87,0.007986047365522306
2024-07-01T07:00:00,19.13,72.79,2.35,0.021571507251698183
2024-07-01T07:00:00,19.13,72.81,0.89,0.00816963466128144
2024-07-01T07:00:00,19.13,72.83,4.05,0.03717642739122452
2024-07-01T07:00:00,19.13,72.85,2.63,0.02414172939232605
2024-07-01T07:00:00,19.13,72.87,0.67,0.0061501744079309716
2024-07-01T07:00:00,19.13,72.89,3.19,0.02928217367358179
2024-07-01T07:00:00,19.13,72.91,4.88,0.04479530016522856
2024-07-01T07:00:00,19.13,72.93,2.59,0.023774554800807784
2024-07-01T07:00:00,19.13,72.95,0.46,0.00422250780246007
2024-07-01T07:00:00,19.13,72.97,1.47,0.01349366623829631
2024-07-01T07:00:00,19.13,72.99,2.69,0.024692491279603452
2024-07-01T07:00:00,19.15,72.77,1.72,0.015788507435285478
2024-07-01T07:00:00,19.15,72.79,0.8,0.00734349183036534
2024-07-01T07:00:00,19.15,72.81,4.5,0.04130714154580503
2024-07-01T07:00:00,19.15,72.83,1.52,0.013952634477694145
2024-07-01T07:00:00,19.15,72.85,5.23,0.04800807784101341
2024-07-01T07:00:00,19.15,72.87,1.18,0.010831650449788875
2024-07-01T07:00:00,19.15,72.89,1.35,0.01239214246374151
2024-07-01T07:00:00,19.15,72.91,1.06,0.009730126675234074
2024-07-01T07:00:00,19.15,72.93,1.5,0.01376904718193501
2024-07-01T07:00:00,19.15,72.95,2.35,0.021571507251698183
2024-07-01T07:00:00,19.15,72.97,0.69,0.006333761703690105
2024-07-01T07:00:00,19.15,72.99,0.56,0.0051404442812557375
2024-07-01T07:00:00,19.17,72.77,0.38,0.0034881586194235362
2024-07-01T07:00:00,19.17,72.79,0.31,0.002845603084266569
2024-07-01T07:00:00,19.17,72.81,0.54,0.004956856985496604
2024-07-01T07:00:00,19.17,72.83,1.23,0.011290618689186708
2024-07-01T07:00:00,19.17,72.85,2.13,0.019552046998347714
2024-07-01T07:00:00,19.17,72.87,2.44,0.02239765008261428
2024-07-01T07:00:00,19.17,72.89,1.96,0.01799155498439508
2024-07-01T07:00:00,19.17,72.91,4.52,0.04149072884156416
2024-07-01T07:00:00,19.17,72.93,5.39,0.049476776207086466
2024-07-01T07:00:00,19.17,72.95,1.34,0.012300348815861943
2024-07-01T07:00:00,19.17,72.97,0.7,0.006425555351569671
2024-07-01T07:00:00,19.17,72.99,6.16,0.05654488709381311
2024-07-01T07:00:00,19.19,72.77,4.67,0.042867633559757666
2024-07-01T07:00:00,19.19,72.79,4.3,0.0394712685882137
2024-07-01T07:00:00,19.19,72.81,1.23,0.011290618689186708
2024-07-01T07:00:00,19.19,72.83,3.49,0.032035983109968795
2024-07-01T07:00:00,19.19,72.85,2.07,0.019001285111070312
2024-07-01T07:00:00,19.19,72.87,1.72,0.015788507435285478
2024-07-01T07:00:00,19.19,72.89,1.67,0.015329539195887644
2024-07-01T07:00:00,19.19,72.91,2.52,0.023131999265650818
2024-07-01T07:00:00,19.19,72.93,4.53,0.04158252248944373
2024-07-01T07:00:00,19.19,72.95,6.7,0.061501744079309716
2024-07-01T07:00:00,19.19,72.97,1.19,0.010923444097668442
2024-07-01T07:00:00,19.19,72.99,1.89,0.017348999449238112
2024-07-01T07:00:00,19.21,72.77,1.94,0.017807967688635948
2024-07-01T07:00:00,19.21,72.79,2.79,0.02561042775839912
2024-07-01T07:00:00,19.21,72.81,1.65,0.015145951900128511
2024-07-01T07:00:00,19.21,72.83,1.08,0.009913713970993209
2024-07-01T07:00:00,19.21,72.85,1.34,0.012300348815861943
2024-07-01T07:00:00,19.21,72.87,1.15,0.010556269506150174
2024-07-01T07:00:00,19.21,72.89,1.58,0.014503396364971544
2024-07-01T07:00:00,19.21,72.91,0.51,0.004681476041857904
2024-07-01T07:00:00,19.21,72.93,1.1,0.010097301266752342
2024-07-01T07:00:00,19.21,72.95,2.29,0.021020745364420782
2024-07-01T07:00:00,19.21,72.97,2.25,0.020653570772902516
2024-07-01T07:00:00,19.21,72.99,1.97,0.01808334863227465
2024-07-01T07:00:00,19.23,72.77,5.23,0.04800807784101341
2024-07-01T07:00:00,19.23,72.79,2.85,0.02616118964567652
2024-07-01T07:00:00,19.23,72.81,4.81,0.0441527446300716
2024-07-01T07:00:00,19.23,72.83,7.63,0.07003855333210941
2024-07-01T07:00:00,19.23,72.85,3.46,0.03176060216633009
2024-07-01T07:00:00,19.23,72.87,0.54,0.004956856985496604
2024-07-01T07:00:00,19.23,72.89,2.21,0.02028639618138425
2024-07-01T07:00:00,19.23,72.91,1.94,0.017807967688635948
2024-07-01T07:00:00,19.23,72.93,4.79,0.04396915733431247
2024-07-01T07:00:00,19.23,72.95,1.54,0.014136221773453278
2024-07-01T07:00:00,19.23,72.97,0.82,0.007527079126124472
2024-07-01T07:00:00,19.23,72.99,1.1,0.010097301266752342
2024-07-01T07:00:00,19.25,72.77,0.65,0.005966587112171838
2024-07-01T07:00:00,19.25,72.79,7.25,0.06655039471268588
2024-07-01T07:00:00,19.25,72.81,1.99,0.01826693592803378
2024-07-01T07:00:00,19.25,72.83,0.65,0.005966587112171838
2024-07-01T07:00:00,19.25,72.85,5.53,0.05076188727740041
2024-07-01T07:00:00,19.25,72.87,6.01,0.05516798237561961
2024-07-01T07:00:00,19.25,72.89,2.03,0.018634110519552046
2024-07-01T07:00:00,19.25,72.91,0.49,0.00449788874609877
2024-07-01T07:00:00,19.25,72.93,1.17,0.010739856801909307
2024-07-01T07:00:00,19.25,72.95,1.41,0.012942904351018908
2024-07-01T07:00:00,19.25,72.97,1.72,0.015788507435285478
2024-07-01T07:00:00,19.25,72.99,0.62,0.005691206168533138
2024-07-01T08:00:00,18.87,72.77,5.32,0.0488342206719295
2024-07-01T08:00:00,18.87,72.79,0.25,0.002294841196989168
2024-07-01T08:00:00,18.87,72.81,5.56,0.0510372682210391
2024-07-01T08:00:00,18.87,72.83,6.19,0.05682026803745181
2024-07-01T08:00:00,18.87,72.85,1.8,0.016522856618322014
2024-07-01T08:00:00,18.87,72.87,2.24,0.02056177712502295
2024-07-01T08:00:00,18.87,72.89,6.24,0.057279236276849645
2024-07-01T08:00:00,18.87,72.91,3.62,0.03322930053240316
2024-07-01T08:00:00,18.87,72.93,1.7,0.015604920139526345
2024-07-01T08:00:00,18.87,72.95,1.83,0.016798237561960715
2024-07-01T08:00:00,18.87,72.97,3.1,0.028456030842665687
2024-07-01T08:00:00,18.87,72.99,7.1,0.06517348999449238
2024-07-01T08:00:00,18.89,72.77,2.34,0.021479713603818614
2024-07-01T08:00:00,18.89,72.79,1.96,0.01799155498439508
2024-07-01T08:00:00,18.89,72.81,2.63,0.02414172939232605
2024-07-01T08:00:00,18.89,72.83,2.57,0.02359096750504865
2024-07-01T08:00:00,18.89,72.85,3.06,0.02808885625114742
2024-07-01T08:00:00,18.89,72.87,2.24,0.02056177712502295
2024-07-01T08:00:00,18.89,72.89,5.23,0.04800807784101341
2024-07-01T08:00:00,18.89,72.91,1.04,0.00954653937947494
2024-07-01T08:00:00,18.89,72.93,3.04,0.02790526895538829
2024-07-01T08:00:00,18.89,72.95,3.07,0.028180649899026987
2024-07-01T08:00:00,18.89,72.97,1.07,0.009821920323113641
2024-07-01T08:00:00,18.89,72.99,2.88,0.026436570589315218
2024-07-01T08:00:00,18.91,72.77,3.9,0.03579952267303103
2024-07-01T08:00:00,18.91,72.79,0.12,0.0011015237745548008
2024-07-01T08:00:00,18.91,72.81,1.08,0.009913713970993209
2024-07-01T08:00:00,18.91,72.83,7.09,0.06508169634661282
2024-07-01T08:00:00,18.91,72.85,1.48,0.013585459886175877
2024-07-01T08:00:00,18.91,72.87,0.8,0.00734349183036534
2024-07-01T08:00:00,18.91,72.89,0.34,0.003120984027905269
2024-07-01T08:00:00,18.91,72.91,0.87,0.007986047365522306
2024-07-01T08:00:00,18.91,72.93,2.04,0.018725904167431615
2024-07-01T08:00:00,18.91,72.95,0.68,0.006241968055810538
2024-07-01T08:00:00,18.91,72.97,3.47,0.03185239581420966
2024-07-01T08:00:00,18.91,72.99,1.04,0.00954653937947494
2024-07-01T08:00:00,18.93,72.77,3.46,0.03176060216633009
2024-07-01T08:00:00,18.93,72.79,6.81,0.06251147420598495
2024-07-01T08:00:00,18.93,72.81,6.33,0.058105379107765746
2024-07-01T08:00:00,18.93,72.83,3.12,0.028639618138424822
2024-07-01T08:00:00,18.93,72.85,0.87,0.007986047365522306
2024-07-01T08:00:00,18.93,72.87,2.29,0.021020745364420782
2024-07-01T08:00:00,18.93,72.89,2.97,0.027262713420231323
2024-07-01T08:00:00,18.93,72.91,10.09,0.09261979071048283
2024-07-01T08:00:00,18.93,72.93,0.32,0.0029373967321461355
2024-07-01T08:00:00,18.93,72.95,2.12,0.019460253350468148
2024-07-01T08:00:00,18.93,72.97,3.38,0.031026252983293555
2024-07-01T08:00:00,18.93,72.99,2.31,0.021204332660179917
2024-07-01T08:00:00,18.95,72.77,3.22,0.02955755461722049
2024-07-01T08:00:00,18.95,72.79,1.37,0.012575729759500644
2024-07-01T08:00:00,18.95,72.81,4.94,0.04534606205250597
2024-07-01T08:00:00,18.95,72.83,2.57,0.02359096750504865
2024-07-01T08:00:00,18.95,72.85,2.86,0.026252983293556086
2024-07-01T08:00:00,18.95,72.87,4.9,0.0449788874609877
2024-07-01T08:00:00,18.95,72.89,1.81,0.01661465026620158
2024-07-01T08:00:00,18.95,72.91,5.4,0.04956856985496604
2024-07-01T08:00:00,18.95,72.93,0.67,0.0061501744079309716
2024-07-01T08:00:00,18.95,72.95,2.69,0.024692491279603452
2024-07-01T08:00:00,18.95,72.97,1.05,0.009638333027354508
2024-07-01T08:00:00,18.95,72.99,0.8,0.00734349183036534
2024-07-01T08:00:00,18.97,72.77,9.06,0.08316504497888746
2024-07-01T08:00:00,18.97,72.79,0.84,0.007710666421883606
2024-07-01T08:00:00,18.97,72.81,2.69,0.024692491279603452
2024-07-01T08:00:00,18.97,72.83,0.73,0.006700936295208372
2024-07-01T08:00:00,18.97,72.85,5.54,0.05085368092527997
2024-07-01T08:00:00,18.97,72.87,1.7,0.015604920139526345
2024-07-01T08:00:00,18.97,72.89,4.78,0.0438773636864329
2024-07-01T08:00:00,18.97,72.91,3.48,0.031944189462089226
2024-07-01T08:00:00,18.97,72.93,8.96,0.0822471085000918
2024-07-01T08:00:00,18.97,72.95,0.51,0.004681476041857904
2024-07-01T08:00:00,18.97,72.97,0.9,0.008261428309161007
2024-07-01T08:00:00,18.97,72.99,4.21,0.038645125757297595
2024-07-01T08:00:00,18.99,72.77,3.47,0.03185239581420966
2024-07-01T08:00:00,18.99,72.79,2.19,0.020102808885625115
2024-07-01T08:00:00,18.99,72.81,9.1,0.08353221957040573
2024-07-01T08:00:00,18.99,72.83,2.47,0.022673031026252986
2024-07-01T08:00:00,18.99,72.85,1.23,0.011290618689186708
2024-07-01T08:00:00,18.99,72.87,4.92,0.04516247475674683
2024-07-01T08:00:00,18.99,72.89,2.36,0.02166330089957775
2024-07-01T08:00:00,18.99,72.91,2.45,0.02248944373049385
2024-07-01T08:00:00,18.99,72.93,3.62,0.03322930053240316
2024-07-01T08:00:00,18.99,72.95,3.66,0.03359647512392143
2024-07-01T08:00:00,18.99,72.97,0.89,0.00816963466128144
2024-07-01T08:00:00,18.99,72.99,1.67,0.015329539195887644
2024-07-01T08:00:00,19.01,72.77,0.73,0.006700936295208372
2024-07-01T08:00:00,19.01,72.79,3.4,0.03120984027905269
2024-07-01T08:00:00,19.01,72.81,8.41,0.07719845786671563
2024-07-01T08:00:00,19.01,72.83,1.07,0.009821920323113641
2024-07-01T08:00:00,19.01,72.85,0.52,0.00477326968973747
2024-07-01T08:00:00,19.01,72.87,1.38,0.01266752340738021
2024-07-01T08:00:00,19.01,72.89,1.9,0.017440793097117678
2024-07-01T08:00:00,19.01,72.91,3.82,0.035065173489994494
2024-07-01T08:00:00,19.01,72.93,1.68,0.015421332843767212
2024-07-01T08:00:00,19.01,72.95,2.86,0.026252983293556086
2024-07-01T08:00:00,19.01,72.97,1.42,0.013034697998898476
2024-07-01T08:00:00,19.01,72.99,1.82,0.016706443914081145
2024-07-01T08:00:00,19.03,72.77,1.34,0.012300348815861943
2024-07-01T08:00:00,19.03,72.79,0.95,0.008720396548558839
2024-07-01T08:00:00,19.03,72.81,4.42,0.0405727923627685
2024-07-01T08:00:00,19.03,72.83,1.74,0.015972094731044613
2024-07-01T08:00:00,19.03,72.85,3.34,0.03065907839177529
2024-07-01T08:00:00,19.03,72.87,1.15,0.010556269506150174
2024-07-01T08:00:00,19.03,72.89,2.31,0.021204332660179917
2024-07-01T08:00:00,19.03,72.91,0.22,0.002019460253350468
2024-07-01T08:00:00,19.03,72.93,1.65,0.015145951900128511
2024-07-01T08:00:00,19.03,72.95,1.16,0.010648063154029741
2024-07-01T08:00:00,19.03,72.97,4.78,0.0438773636864329
2024-07-01T08:00:00,19.03,72.99,0.65,0.005966587112171838
2024-07-01T08:00:00,19.05,72.77,2.42,0.02221406278685515
2024-07-01T08:00:00,19.05,72.79,3.37,0.030934459335413993
2024-07-01T08:00:00,19.05,72.81,5.16,0.04736552230585644
2024-07-01T08:00:00,19.05,72.83,4.55,0.041766109785202864
2024-07-01T08:00:00,19.05,72.85,2.29,0.021020745364420782
2024-07-01T08:00:00,19.05,72.87,2.49,0.02285661832201212
2024-07-01T08:00:00,19.05,72.89,5.14,0.0471819350100973
2024-07-01T08:00:00,19.05,72.91,2.11,0.01936845970258858
2024-07-01T08:00:00,19.05,72.93,2.53,0.023223792913530383
2024-07-01T08:00:00,19.05,72.95,4.96,0.0455296493482651
2024-07-01T08:00:00,19.05,72.97,9.45,0.08674499724619056
2024-07-01T08:00:00,19.05,72.99,2.57,0.02359096750504865
2024-07-01T08:00:00,19.07,72.77,3.99,0.03662566550394713
2024-07-01T08:00:00,19.07,72.79,4.72,0.0433266017991555
2024-07-01T08:00:00,19.07,72.81,5.78,0.053056728474389574
2024-07-01T08:00:00,19.07,72.83,5.1,0.04681476041857903
2024-07-01T08:00:00,19.07,72.85,1.49,0.013677253534055444
2024-07-01T08:00:00,19.07,72.87,3.01,0.027629888011749586
2024-07-01T08:00:00,19.07,72.89,4.77,0.04378557003855333
2024-07-01T08:00:00,19.07,72.91,5.86,0.05379107765742611
2024-07-01T08:00:00,19.07,72.93,1.98,0.018175142280154214
2024-07-01T08:00:00,19.07,72.95,2.73,0.025059665871121718
2024-07-01T08:00:00,19.07,72.97,2.92,0.026803745180833487
2024-07-01T08:00:00,19.07,72.99,2.17,0.01991922158986598
2024-07-01T08:00:00,19.09,72.77,3.34,0.03065907839177529
2024-07-01T08:00:00,19.09,72.79,16.26,0.14925647145217552
2024-07-01T08:00:00,19.09,72.81,2.2,0.020194602533504684
2024-07-01T08:00:00,19.09,72.83,2.27,0.02083715806866165
2024-07-01T08:00:00,19.09,72.85,0.46,0.00422250780246007
2024-07-01T08:00:00,19.09,72.87,0.37,0.003396364971543969
2024-07-01T08:00:00,19.09,72.89,3.3,0.030291903800257022
2024-07-01T08:00:00,19.09,72.91,4.68,0.04295942720763723
2024-07-01T08:00:00,19.09,72.93,4.03,0.0369928400954654
2024-07-01T08:00:00,19.09,72.95,1.05,0.009638333027354508
2024-07-01T08:00:00,19.09,72.97,3.74,0.03433082430695796
2024-07-01T08:00:00,19.09,72.99,1.91,0.017532586744997247
2024-07-01T08:00:00,19.11,72.77,2.0,0.018358729575913346
2024-07-01T08:00:00,19.11,72.79,0.73,0.006700936295208372
2024-07-01T08:00:00,19.11,72.81,1.38,0.01266752340738021
2024-07-01T08:00:00,19.11,72.83,3.61,0.03313750688452359
2024-07-01T08:00:00,19.11,72.85,3.06,0.02808885625114742
2024-07-01T08:00:00,19.11,72.87,2.67,0.024508903983844317
2024-07-01T08:00:00,19.11,72.89,0.19,0.0017440793097117681
2024-07-01T08:00:00,19.11,72.91,2.58,0.02368276115292822
2024-07-01T08:00:00,19.11,72.93,1.35,0.01239214246374151
2024-07-01T08:00:00,19.11,72.95,2.77,0.025426840462639985
2024-07-01T08:00:00,19.11,72.97,4.95,0.045437855700385534
2024-07-01T08:00:00,19.11,72.99,1.46,0.013401872590416744
2024-07-01T08:00:00,19.13,72.77,2.93,0.026895538828713057
2024-07-01T08:00:00,19.13,72.79,9.34,0.08573526711951533
2024-07-01T08:00:00,19.13,72.81,3.13,0.028731411786304388
2024-07-01T08:00:00,19.13,72.83,2.43,0.02230585643473472
2024-07-01T08:00:00,19.13,72.85,1.19,0.010923444097668442
2024-07-01T08:00:00,19.13,72.87,4.19,0.038461538461538464
2024-07-01T08:00:00,19.13,72.89,0.96,0.008812190196438406
2024-07-01T08:00:00,19.13,72.91,5.38,0.049384982559206904
2024-07-01T08:00:00,19.13,72.93,3.55,0.03258674499724619
2024-07-01T08:00:00,19.13,72.95,1.37,0.012575729759500644
2024-07-01T08:00:00,19.13,72.97,1.09,0.010005507618872774
2024-07-01T08:00:00,19.13,72.99,1.09,0.010005507618872774
2024-07-01T08:00:00,19.15,72.77,0.43,0.0039471268588213695
2024-07-01T08:00:00,19.15,72.79,3.7,0.03396364971543969
2024-07-01T08:00:00,19.15,72.81,0.25,0.002294841196989168
2024-07-01T08:00:00,19.15,72.83,2.31,0.021204332660179917
2024-07-01T08:00:00,19.15,72.85,2.14,0.019643840646227283
2024-07-01T08:00:00,19.15,72.87,1.81,0.01661465026620158
2024-07-01T08:00:00,19.15,72.89,3.23,0.029649348265100055
2024-07-01T08:00:00,19.15,72.91,1.42,0.013034697998898476
2024-07-01T08:00:00,19.15,72.93,2.53,0.023223792913530383
2024-07-01T08:00:00,19.15,72.95,5.18,0.04754910960161557
2024-07-01T08:00:00,19.15,72.97,3.26,0.029924729208738753
2024-07-01T08:00:00,19.15,72.99,1.5,0.01376904718193501
2024-07-01T08:00:00,19.17,72.77,2.72,0.024967872223242153
2024-07-01T08:00:00,19.17,72.79,2.01,0.01845052322379291
2024-07-01T08:00:00,19.17,72.81,2.23,0.02046998347714338
2024-07-01T08:00:00,19.17,72.83,2.9,0.026620157885074353
2024-07-01T08:00:00,19.17,72.85,0.64,0.005874793464292271
2024-07-01T08:00:00,19.17,72.87,0.48,0.004406095098219203
2024-07-01T08:00:00,19.17,72.89,1.05,0.009638333027354508
2024-07-01T08:00:00,19.17,72.91,3.27,0.030016522856618322
2024-07-01T08:00:00,19.17,72.93,3.53,0.03240315770148706
2024-07-01T08:00:00,19.17,72.95,3.84,0.035248760785753626
2024-07-01T08:00:00,19.17,72.97,1.01,0.00927115843583624
2024-07-01T08:00:00,19.17,72.99,2.27,0.02083715806866165
2024-07-01T08:00:00,19.19,72.77,1.98,0.018175142280154214
2024-07-01T08:00:00,19.19,72.79,2.38,0.021846888195336884
2024-07-01T08:00:00,19.19,72.81,1.83,0.016798237561960715
2024-07-01T08:00:00,19.19,72.83,3.03,0.02781347530750872
2024-07-01T08:00:00,19.19,72.85,1.36,0.012483936111621076
2024-07-01T08:00:00,19.19,72.87,5.2,0.04773269689737471
2024-07-01T08:00:00,19.19,72.89,5.11,0.046906554066458606
2024-07-01T08:00:00,19.19,72.91,3.2,0.02937396732146136
2024-07-01T08:00:00,19.19,72.93,4.5,0.04130714154580503
2024-07-01T08:00:00,19.19,72.95,0.55,0.005048650633376171
2024-07-01T08:00:00,19.19,72.97,4.91,0.04507068110886727
2024-07-01T08:00:00,19.19,72.99,2.79,0.02561042775839912
2024-07-01T08:00:00,19.21,72.77,1.61,0.014778777308610245
2024-07-01T08:00:00,19.21,72.79,1.43,0.013126491646778043
2024-07-01T08:00:00,19.21,72.81,7.21,0.06618322012116762
2024-07-01T08:00:00,19.21,72.83,4.42,0.0405727923627685
2024-07-01T08:00:00,19.21,72.85,2.14,0.019643840646227283
2024-07-01T08:00:00,19.21,72.87,0.59,0.005415825224894437
2024-07-01T08:00:00,19.21,72.89,5.47,0.050211125390123006
2024-07-01T08:00:00,19.21,72.91,0.82,0.007527079126124472
2024-07-01T08:00:00,19.21,72.93,1.64,0.015054158252248944
2024-07-01T08:00:00,19.21,72.95,1.93,0.01771617404075638
2024-07-01T08:00:00,19.21,72.97,1.15,0.010556269506150174
2024-07-01T08:00:00,19.21,72.99,1.8,0.016522856618322014
2024-07-01T08:00:00,19.23,72.77,2.69,0.024692491279603452
2024-07-01T08:00:00,19.23,72.79,2.21,0.02028639618138425
2024-07-01T08:00:00,19.23,72.81,3.23,0.029649348265100055
2024-07-01T08:00:00,19.23,72.83,7.19,0.06599963282540848
2024-07-01T08:00:00,19.23,72.85,0.63,0.005782999816412704
2024-07-01T08:00:00,19.23,72.87,2.65,0.024325316688085186
2024-07-01T08:00:00,19.23,72.89,0.85,0.0078024600697631724
2024-07-01T08:00:00,19.23,72.91,0.53,0.004865063337617037
2024-07-01T08:00:00,19.23,72.93,4.27,0.03919588764457499
2024-07-01T08:00:00,19.23,72.95,2.61,0.023958142096566916
2024-07-01T08:00:00,19.23,72.97,0.47,0.004314301450339637
2024-07-01T08:00:00,19.23,72.99,1.8,0.016522856618322014
2024-07-01T08:00:00,19.25,72.77,1.24,0.011382412337066276
2024-07-01T08:00:00,19.25,72.79,2.31,0.021204332660179917
2024-07-01T08:00:00,19.25,72.81,4.17,0.038277951165779325
2024-07-01T08:00:00,19.25,72.83,3.77,0.03460620525059666
2024-07-01T08:00:00,19.25,72.85,1.75,0.01606388837892418
2024-07-01T08:00:00,19.25,72.87,4.69,0.043051220855516804
2024-07-01T08:00:00,19.25,72.89,5.78,0.053056728474389574
2024-07-01T08:00:00,19.25,72.91,3.73,0.03423903065907839
2024-07-01T08:00:00,19.25,72.93,1.39,0.012759317055259775
2024-07-01T08:00:00,19.25,72.95,1.96,0.01799155498439508
2024-07-01T08:00:00,19.25,72.97,6.08,0.05581053791077658
2024-07-01T08:00:00,19.25,72.99,1.62,0.014870570956489812
2024-07-01T09:00:00,18.87,72.77,5.26,0.0482834587846521
2024-07-01T09:00:00,18.87,72.79,1.77,0.016247475674683313
2024-07-01T09:00:00,18.87,72.81,6.49,0.05957407747383881
2024-07-01T09:00:00,18.87,72.83,1.51,0.013860840829814577
2024-07-01T09:00:00,18.87,72.85,2.87,0.026344776941435655
2024-07-01T09:00:00,18.87,72.87,4.46,0.04093996695428676
2024-07-01T09:00:00,18.87,72.89,9.48,0.08702037818982927
2024-07-01T09:00:00,18.87,72.91,3.4,0.03120984027905269
2024-07-01T09:00:00,18.87,72.93,2.28,0.020928951716541213
2024-07-01T09:00:00,18.87,72.95,2.11,0.01936845970258858
2024-07-01T09:00:00,18.87,72.97,5.29,0.0485588397282908
2024-07-01T09:00:00,18.87,72.99,3.76,0.03451441160271709
2024-07-01T09:00:00,18.89,72.77,5.57,0.05112906186891868
2024-07-01T09:00:00,18.89,72.79,9.06,0.08316504497888746
2024-07-01T09:00:00,18.89,72.81,3.39,0.031118046631173124
2024-07-01T09:00:00,18.89,72.83,4.2,0.03855333210941803
2024-07-01T09:00:00,18.89,72.85,2.31,0.021204332660179917
2024-07-01T09:00:00,18.89,72.87,1.54,0.014136221773453278
2024-07-01T09:00:00,18.89,72.89,1.77,0.016247475674683313
2024-07-01T09:00:00,18.89,72.91,0.16,0.0014686983660730677
2024-07-01T09:00:00,18.89,72.93,4.16,0.03818615751789976
2024-07-01T09:00:00,18.89,72.95,3.79,0.034789792546355794
2024-07-01T09:00:00,18.89,72.97,3.96,0.03635028456030843
2024-07-01T09:00:00,18.89,72.99,1.3,0.011933174224343677
2024-07-01T09:00:00,18.91,72.77,2.12,0.019460253350468148
2024-07-01T09:00:00,18.91,72.79,1.99,0.01826693592803378
2024-07-01T09:00:00,18.91,72.81,6.93,0.06361299798053975
2024-07-01T09:00:00,18.91,72.83,3.63,0.03332109418028272
2024-07-01T09:00:00,18.91,72.85,3.19,0.02928217367358179
2024-07-01T09:00:00,18.91,72.87,5.16,0.04736552230585644
2024-07-01T09:00:00,18.91,72.89,1.75,0.01606388837892418
2024-07-01T09:00:00,18.91,72.91,3.75,0.034422617954837524
2024-07-01T09:00:00,18.91,72.93,9.89,0.0907839177528915
2024-07-01T09:00:00,18.91,72.95,6.56,0.060216633008995775
2024-07-01T09:00:00,18.91,72.97,3.52,0.03231136405360749
2024-07-01T09:00:00,18.91,72.99,2.87,0.026344776941435655
2024-07-01T09:00:00,18.93,72.77,4.99,0.0458050302919038
2024-07-01T09:00:00,18.93,72.79,8.66,0.0794932990637048
2024-07-01T09:00:00,18.93,72.81,8.0,0.07343491830365338
2024-07-01T09:00:00,18.93,72.83,9.09,0.08344042592252617
2024-07-01T09:00:00,18.93,72.85,3.68,0.03378006241968056
2024-07-01T09:00:00,18.93,72.87,0.3,0.002753809436387002
2024-07-01T09:00:00,18.93,72.89,9.82,0.09014136221773454
2024-07-01T09:00:00,18.93,72.91,1.47,0.01349366623829631
2024-07-01T09:00:00,18.93,72.93,4.79,0.04396915733431247
2024-07-01T09:00:00,18.93,72.95,0.28,0.0025702221406278688
2024-07-01T09:00:00,18.93,72.97,2.78,0.02551863411051955
2024-07-01T09:00:00,18.93,72.99,2.07,0.019001285111070312
2024-07-01T09:00:00,18.95,72.77,9.96,0.09142647328804848
2024-07-01T09:00:00,18.95,72.79,4.36,0.0400220304754911
2024-07-01T09:00:00,18.95,72.81,3.29,0.030200110152377457
2024-07-01T09:00:00,18.95,72.83,4.45,0.0408481733064072
2024-07-01T09:00:00,18.95,72.85,0.08,0.0007343491830365339
2024-07-01T09:00:00,18.95,72.87,1.76,0.016155682026803744
2024-07-01T09:00:00,18.95,72.89,1.96,0.01799155498439508
2024-07-01T09:00:00,18.95,72.91,4.52,0.04149072884156416
2024-07-01T09:00:00,18.95,72.93,1.17,0.010739856801909307
2024-07-01T09:00:00,18.95,72.95,3.21,0.02946576096934092
2024-07-01T09:00:00,18.95,72.97,2.56,0.023499173857169084
2024-07-01T09:00:00,18.95,72.99,1.65,0.015145951900128511
2024-07-01T09:00:00,18.97,72.77,2.24,0.02056177712502295
2024-07-01T09:00:00,18.97,72.79,3.12,0.028639618138424822
2024-07-01T09:00:00,18.97,72.81,0.46,0.00422250780246007
2024-07-01T09:00:00,18.97,72.83,5.48,0.050302919038002575
2024-07-01T09:00:00,18.97,72.85,1.56,0.014319809069212411
2024-07-01T09:00:00,18.97,72.87,2.43,0.02230585643473472
2024-07-01T09:00:00,18.97,72.89,8.26,0.07582155314852213
2024-07-01T09:00:00,18.97,72.91,5.05,0.0463557921791812
2024-07-01T09:00:00,18.97,72.93,0.98,0.00899577749219754
2024-07-01T09:00:00,18.97,72.95,0.05,0.0004589682393978337
2024-07-01T09:00:00,18.97,72.97,3.96,0.03635028456030843
2024-07-01T09:00:00,18.97,72.99,2.25,0.020653570772902516
2024-07-01T09:00:00,18.99,72.77,4.02,0.03690104644758582
2024-07-01T09:00:00,18.99,72.79,5.74,0.05268955388287131
2024-07-01T09:00:00,18.99,72.81,6.19,0.05682026803745181
2024-07-01T09:00:00,18.99,72.83,2.24,0.02056177712502295
2024-07-01T09:00:00,18.99,72.85,2.83,0.025977602349917386
2024-07-01T09:00:00,18.99,72.87,4.0,0.03671745915182669
2024-07-01T09:00:00,18.99,72.89,4.1,0.037635395630622355
2024-07-01T09:00:00,18.99,72.91,3.33,0.030567284743895723
2024-07-01T09:00:00,18.99,72.93,7.36,0.06756012483936112
2024-07-01T09:00:00,18.99,72.95,3.84,0.035248760785753626
2024-07-01T09:00:00,18.99,72.97,4.63,0.042500458968239396
2024-07-01T09:00:00,18.99,72.99,3.3,0.030291903800257022
2024-07-01T09:00:00,19.01,72.77,1.42,0.013034697998898476
2024-07-01T09:00:00,19.01,72.79,1.96,0.01799155498439508
2024-07-01T09:00:00,19.01,72.81,1.08,0.009913713970993209
2024-07-01T09:00:00,19.01,72.83,6.49,0.05957407747383881
2024-07-01T09:00:00,19.01,72.85,0.67,0.0061501744079309716
2024-07-01T09:00:00,19.01,72.87,2.67,0.024508903983844317
2024-07-01T09:00:00,19.01,72.89,2.18,0.02001101523774555
2024-07-01T09:00:00,19.01,72.91,2.09,0.019184872406829447
2024-07-01T09:00:00,19.01,72.93,2.2,0.020194602533504684
2024-07-01T09:00:00,19.01,72.95,8.15,0.0748118230218469
2024-07-01T09:00:00,19.01,72.97,0.35,0.0032127776757848356
2024-07-01T09:00:00,19.01,72.99,6.43,0.05902331558656141
2024-07-01T09:00:00,19.03,72.77,2.88,0.026436570589315218
2024-07-01T09:00:00,19.03,72.79,6.09,0.05590233155865614
2024-07-01T09:00:00,19.03,72.81,3.44,0.031577014870570956
2024-07-01T09:00:00,19.03,72.83,1.16,0.010648063154029741
2024-07-01T09:00:00,19.03,72.85,7.84,0.07196621993758032
2024-07-01T09:00:00,19.03,72.87,6.87,0.06306223609326235
2024-07-01T09:00:00,19.03,72.89,1.16,0.010648063154029741
2024-07-01T09:00:00,19.03,72.91,4.41,0.04048099871488893
2024-07-01T09:00:00,19.03,72.93,1.71,0.015696713787405912
2024-07-01T09:00:00,19.03,72.95,0.64,0.005874793464292271
2024-07-01T09:00:00,19.03,72.97,1.39,0.012759317055259775
2024-07-01T09:00:00,19.03,72.99,6.58,0.06040022030475491
2024-07-01T09:00:00,19.05,72.77,6.4,0.05874793464292272
2024-07-01T09:00:00,19.05,72.79,2.63,0.02414172939232605
2024-07-01T09:00:00,19.05,72.81,7.98,0.07325133100789426
2024-07-01T09:00:00,19.05,72.83,6.86,0.06297044244538279
2024-07-01T09:00:00,19.05,72.85,1.57,0.014411602717091979
2024-07-01T09:00:00,19.05,72.87,8.59,0.07885074352854783
2024-07-01T09:00:00,19.05,72.89,2.16,0.019827427941986418
2024-07-01T09:00:00,19.05,72.91,2.36,0.02166330089957775
2024-07-01T09:00:00,19.05,72.93,0.38,0.0034881586194235362
2024-07-01T09:00:00,19.05,72.95,1.66,0.015237745548008077
2024-07-01T09:00:00,19.05,72.97,2.44,0.02239765008261428
2024-07-01T09:00:00,19.05,72.99,3.37,0.030934459335413993
2024-07-01T09:00:00,19.07,72.77,1.27,0.011657793280704976
2024-07-01T09:00:00,19.07,72.79,1.78,0.01633926932256288
2024-07-01T09:00:00,19.07,72.81,9.43,0.08656140995043143
2024-07-01T09:00:00,19.07,72.83,6.55,0.06012483936111621
2024-07-01T09:00:00,19.07,72.85,7.2,0.06609142647328806
2024-07-01T09:00:00,19.07,72.87,2.87,0.026344776941435655
2024-07-01T09:00:00,19.07,72.89,3.77,0.03460620525059666
2024-07-01T09:00:00,19.07,72.91,4.48,0.0411235542500459
2024-07-01T09:00:00,19.07,72.93,8.11,0.07444464843032862
2024-07-01T09:00:00,19.07,72.95,0.62,0.005691206168533138
2024-07-01T09:00:00,19.07,72.97,1.77,0.016247475674683313
2024-07-01T09:00:00,19.07,72.99,3.22,0.02955755461722049
2024-07-01T09:00:00,19.09,72.77,3.68,0.03378006241968056
2024-07-01T09:00:00,19.09,72.79,1.76,0.016155682026803744
2024-07-01T09:00:00,19.09,72.81,4.75,0.0436019827427942
2024-07-01T09:00:00,19.09,72.83,2.12,0.019460253350468148
2024-07-01T09:00:00,19.09,72.85,3.1,0.028456030842665687
2024-07-01T09:00:00,19.09,72.87,4.25,0.039012300348815865
2024-07-01T09:00:00,19.09,72.89,2.05,0.018817697815311177
2024-07-01T09:00:00,19.09,72.91,5.02,0.0460804112355425
2024-07-01T09:00:00,19.09,72.93,5.56,0.0510372682210391
2024-07-01T09:00:00,19.09,72.95,1.5,0.01376904718193501
2024-07-01T09:00:00,19.09,72.97,1.82,0.016706443914081145
2024-07-01T09:00:00,19.09,72.99,1.13,0.01037268221039104
2024-07-01T09:00:00,19.11,72.77,3.42,0.031393427574811825
2024-07-01T09:00:00,19.11,72.79,4.2,0.03855333210941803
2024-07-01T09:00:00,19.11,72.81,2.45,0.02248944373049385
2024-07-01T09:00:00,19.11,72.83,3.88,0.035615935377271896
2024-07-01T09:00:00,19.11,72.85,2.01,0.01845052322379291
2024-07-01T09:00:00,19.11,72.87,2.02,0.01854231687167248
2024-07-01T09:00:00,19.11,72.89,3.82,0.035065173489994494
2024-07-01T09:00:00,19.11,72.91,2.04,0.018725904167431615
2024-07-01T09:00:00,19.11,72.93,2.68,0.024600697631723886
2024-07-01T09:00:00,19.11,72.95,3.7,0.03396364971543969
2024-07-01T09:00:00,19.11,72.97,3.32,0.030475491096016154
2024-07-01T09:00:00,19.11,72.99,1.78,0.01633926932256288
2024-07-01T09:00:00,19.13,72.77,7.29,0.06691756930420414
2024-07-01T09:00:00,19.13,72.79,5.04,0.046263998531301635
2024-07-01T09:00:00,19.13,72.81,3.89,0.035707729025151465
2024-07-01T09:00:00,19.13,72.83,1.17,0.010739856801909307
2024-07-01T09:00:00,19.13,72.85,3.34,0.03065907839177529
2024-07-01T09:00:00,19.13,72.87,1.76,0.016155682026803744
2024-07-01T09:00:00,19.13,72.89,4.2,0.03855333210941803
2024-07-01T09:00:00,19.13,72.91,0.05,0.0004589682393978337
2024-07-01T09:00:00,19.13,72.93,2.29,0.021020745364420782
2024-07-01T09:00:00,19.13,72.95,1.77,0.016247475674683313
2024-07-01T09:00:00,19.13,72.97,4.77,0.04378557003855333
2024-07-01T09:00:00,19.13,72.99,0.38,0.0034881586194235362
2024-07-01T09:00:00,19.15,72.77,3.57,0.03277033229300532
2024-07-01T09:00:00,19.15,72.79,5.0,0.045896823939783365
2024-07-01T09:00:00,19.15,72.81,10.49,0.0962915366256655
2024-07-01T09:00:00,19.15,72.83,2.12,0.019460253350468148
2024-07-01T09:00:00,19.15,72.85,3.91,0.035891316320910596
2024-07-01T09:00:00,19.15,72.87,0.46,0.00422250780246007
2024-07-01T09:00:00,19.15,72.89,2.92,0.026803745180833487
2024-07-01T09:00:00,19.15,72.91,6.37,0.05847255369928401
2024-07-01T09:00:00,19.15,72.93,9.17,0.08417477510556269
2024-07-01T09:00:00,19.15,72.95,3.77,0.03460620525059666
2024-07-01T09:00:00,19.15,72.97,0.57,0.005232237929135303
2024-07-01T09:00:00,19.15,72.99,6.6,0.060583807600514045
2024-07-01T09:00:00,19.17,72.77,0.73,0.006700936295208372
2024-07-01T09:00:00,19.17,72.79,1.12,0.010280888562511475
2024-07-01T09:00:00,19.17,72.81,8.43,0.07738204516247475
2024-07-01T09:00:00,19.17,72.83,2.96,0.027170919772351754
2024-07-01T09:00:00,19.17,72.85,1.87,0.01716541215347898
2024-07-01T09:00:00,19.17,72.87,4.93,0.045254268404626395
2024-07-01T09:00:00,19.17,72.89,3.32,0.030475491096016154
2024-07-01T09:00:00,19.17,72.91,5.99,0.05498439507986048
2024-07-01T09:00:00,19.17,72.93,3.3,0.030291903800257022
2024-07-01T09:00:00,19.17,72.95,3.3,0.030291903800257022
2024-07-01T09:00:00,19.17,72.97,5.54,0.05085368092527997
2024-07-01T09:00:00,19.17,72.99,2.5,0.022948411969891683
2024-07-01T09:00:00,19.19,72.77,1.58,0.014503396364971544
2024-07-01T09:00:00,19.19,72.79,5.71,0.0524141729392326
2024-07-01T09:00:00,19.19,72.81,2.56,0.023499173857169084
2024-07-01T09:00:00,19.19,72.83,3.92,0.03598310996879016
2024-07-01T09:00:00,19.19,72.85,0.35,0.0032127776757848356
2024-07-01T09:00:00,19.19,72.87,2.7,0.02478428492748302
2024-07-01T09:00:00,19.19,72.89,1.89,0.017348999449238112
2024-07-01T09:00:00,19.19,72.91,0.31,0.002845603084266569
2024-07-01T09:00:00,19.19,72.93,2.6,0.023866348448687354
2024-07-01T09:00:00,19.19,72.95,2.62,0.024049935744446485
2024-07-01T09:00:00,19.19,72.97,3.56,0.03267853864512576
2024-07-01T09:00:00,19.19,72.99,5.88,0.05397466495318524
2024-07-01T09:00:00,19.21,72.77,6.76,0.06205250596658711
2024-07-01T09:00:00,19.21,72.79,2.29,0.021020745364420782
2024-07-01T09:00:00,19.21,72.81,3.73,0.03423903065907839
2024-07-01T09:00:00,19.21,72.83,4.56,0.041857903433082426
2024-07-01T09:00:00,19.21,72.85,2.16,0.019827427941986418
2024-07-01T09:00:00,19.21,72.87,0.7,0.006425555351569671
2024-07-01T09:00:00,19.21,72.89,2.48,0.02276482467413255
2024-07-01T09:00:00,19.21,72.91,6.47,0.05939049017807967
2024-07-01T09:00:00,19.21,72.93,0.63,0.005782999816412704
2024-07-01T09:00:00,19.21,72.95,1.15,0.010556269506150174
2024-07-01T09:00:00,19.21,72.97,1.37,0.012575729759500644
2024-07-01T09:00:00,19.21,72.99,1.12,0.010280888562511475
2024-07-01T09:00:00,19.23,72.77,5.69,0.05223058564347348
2024-07-01T09:00:00,19.23,72.79,1.96,0.01799155498439508
2024-07-01T09:00:00,19.23,72.81,5.45,0.050027538094363874
2024-07-01T09:00:00,19.23,72.83,3.26,0.029924729208738753
2024-07-01T09:00:00,19.23,72.85,0.51,0.004681476041857904
2024-07-01T09:00:00,19.23,72.87,2.14,0.019643840646227283
2024-07-01T09:00:00,19.23,72.89,5.86,0.05379107765742611
2024-07-01T09:00:00,19.23,72.91,3.23,0.029649348265100055
2024-07-01T09:00:00,19.23,72.93,2.14,0.019643840646227283
2024-07-01T09:00:00,19.23,72.95,6.29,0.05773820451624748
2024-07-01T09:00:00,19.23,72.97,1.02,0.009362952083715808
2024-07-01T09:00:00,19.23,72.99,1.63,0.014962364604369376
2024-07-01T09:00:00,19.25,72.77,6.46,0.05929869653020011
2024-07-01T09:00:00,19.25,72.79,5.43,0.049843950798604736
2024-07-01T09:00:00,19.25,72.81,1.12,0.010280888562511475
2024-07-01T09:00:00,19.25,72.83,4.45,0.0408481733064072
2024-07-01T09:00:00,19.25,72.85,1.78,0.01633926932256288
2024-07-01T09:00:00,19.25,72.87,0.31,0.002845603084266569
2024-07-01T09:00:00,19.25,72.89,2.27,0.02083715806866165
2024-07-01T09:00:00,19.25,72.91,9.74,0.089407013034698
2024-07-01T09:00:00,19.25,72.93,5.69,0.05223058564347348
2024-07-01T09:00:00,19.25,72.95,2.67,0.024508903983844317
2024-07-01T09:00:00,19.25,72.97,0.56,0.0051404442812557375
2024-07-01T09:00:00,19.25,72.99,0.29,0.0026620157885074353
2024-07-01T10:00:00,18.87,72.77,4.49,0.04121534789792547
2024-07-01T10:00:00,18.87,72.79,5.64,0.05177161740407563
2024-07-01T10:00:00,18.87,72.81,6.76,0.06205250596658711
2024-07-01T10:00:00,18.87,72.83,6.05,0.05553515696713787
2024-07-01T10:00:00,18.87,72.85,6.26,0.057462823572608776
2024-07-01T10:00:00,18.87,72.87,4.62,0.042408665320359834
2024-07-01T10:00:00,18.87,72.89,8.24,0.07563796585276299
2024-07-01T10:00:00,18.87,72.91,2.32,0.021296126308059483
2024-07-01T10:00:00,18.87,72.93,3.62,0.03322930053240316
2024-07-01T10:00:00,18.87,72.95,0.58,0.005324031577014871
2024-07-01T10:00:00,18.87,72.97,2.16,0.019827427941986418
2024-07-01T10:00:00,18.87,72.99,6.68,0.06131815678355058
2024-07-01T10:00:00,18.89,72.77,6.87,0.06306223609326235
2024-07-01T10:00:00,18.89,72.79,0.24,0.0022030475491096016
2024-07-01T10:00:00,18.89,72.81,14.48,0.13291720212961264
2024-07-01T10:00:00,18.89,72.83,4.45,0.0408481733064072
2024-07-01T10:00:00,18.89,72.85,4.4,0.04038920506700937
2024-07-01T10:00:00,18.89,72.87,2.25,0.020653570772902516
2024-07-01T10:00:00,18.89,72.89,2.64,0.02423352304020562
2024-07-01T10:00:00,18.89,72.91,4.02,0.03690104644758582
2024-07-01T10:00:00,18.89,72.93,5.39,0.049476776207086466
2024-07-01T10:00:00,18.89,72.95,4.42,0.0405727923627685
2024-07-01T10:00:00,18.89,72.97,2.19,0.020102808885625115
2024-07-01T10:00:00,18.89,72.99,1.52,0.013952634477694145
2024-07-01T10:00:00,18.91,72.77,1.83,0.016798237561960715
2024-07-01T10:00:00,18.91,72.79,8.76,0.08041123554250046
2024-07-01T10:00:00,18.91,72.81,7.81,0.07169083899394162
2024-07-01T10:00:00,18.91,72.83,5.64,0.05177161740407563
2024-07-01T10:00:00,18.91,72.85,8.01,0.07352671195153296
2024-07-01T10:00:00,18.91,72.87,3.41,0.031301633926932255
2024-07-01T10:00:00,18.91,72.89,6.65,0.061042775839911884
2024-07-01T10:00:00,18.91,72.91,5.33,0.04892601431980907
2024-07-01T10:00:00,18.91,72.93,6.51,0.05975766476959794
2024-07-01T10:00:00,18.91,72.95,1.33,0.012208555167982376
2024-07-01T10:00:00,18.91,72.97,4.15,0.0380943638700202
2024-07-01T10:00:00,18.91,72.99,2.53,0.023223792913530383
2024-07-01T10:00:00,18.93,72.77,0.34,0.003120984027905269
2024-07-01T10:00:00,18.93,72.79,9.72,0.08922342573893888
2024-07-01T10:00:00,18.93,72.81,7.83,0.07187442628970075
2024-07-01T10:00:00,18.93,72.83,5.12,0.04699834771433817
2024-07-01T10:00:00,18.93,72.85,1.84,0.01689003120984028
2024-07-01T10:00:00,18.93,72.87,0.59,0.005415825224894437
2024-07-01T10:00:00,18.93,72.89,0.28,0.0025702221406278688
2024-07-01T10:00:00,18.93,72.91,2.27,0.02083715806866165
2024-07-01T10:00:00,18.93,72.93,5.8,0.053240315770148705
2024-07-01T10:00:00,18.93,72.95,2.63,0.02414172939232605
2024-07-01T10:00:00,18.93,72.97,4.91,0.04507068110886727
2024-07-01T10:00:00,18.93,72.99,5.02,0.0460804112355425
2024-07-01T10:00:00,18.95,72.77,7.03,0.06453093445933542
2024-07-01T10:00:00,18.95,72.79,0.52,0.00477326968973747
2024-07-01T10:00:00,18.95,72.81,2.11,0.01936845970258858
2024-07-01T10:00:00,18.95,72.83,5.61,0.05149623646043694
2024-07-01T10:00:00,18.95,72.85,10.26,0.09418028272443547
2024-07-01T10:00:00,18.95,72.87,8.2,0.07527079126124471
2024-07-01T10:00:00,18.95,72.89,4.59,0.04213328437672113
2024-07-01T10:00:00,18.95,72.91,8.42,0.07729025151459519
2024-07-01T10:00:00,18.95,72.93,4.38,0.04020561777125023
2024-07-01T10:00:00,18.95,72.95,0.75,0.006884523590967505
2024-07-01T10:00:00,18.95,72.97,5.48,0.050302919038002575
2024-07-01T10:00:00,18.95,72.99,7.51,0.06893702955755461
2024-07-01T10:00:00,18.97,72.77,13.95,0.1280521387919956
2024-07-01T10:00:00,18.97,72.79,2.57,0.02359096750504865
2024-07-01T10:00:00,18.97,72.81,1.4,0.012851110703139343
2024-07-01T10:00:00,18.97,72.83,7.17,0.06581604552964936
2024-07-01T10:00:00,18.97,72.85,5.23,0.04800807784101341
2024-07-01T10:00:00,18.97,72.87,4.78,0.0438773636864329
2024-07-01T10:00:00,18.97,72.89,8.67,0.07958509271158436
2024-07-01T10:00:00,18.97,72.91,6.51,0.05975766476959794
2024-07-01T10:00:00,18.97,72.93,5.13,0.04709014136221774
2024-07-01T10:00:00,18.97,72.95,2.37,0.021755094547457318
2024-07-01T10:00:00,18.97,72.97,5.83,0.053515696713787406
2024-07-01T10:00:00,18.97,72.99,1.11,0.01018909491463191
2024-07-01T10:00:00,18.99,72.77,5.36,0.04920139526344777
2024-07-01T10:00:00,18.99,72.79,4.08,0.03745180833486323
2024-07-01T10:00:00,18.99,72.81,0.83,0.0076188727740040384
2024-07-01T10:00:00,18.99,72.83,5.38,0.049384982559206904
2024-07-01T10:00:00,18.99,72.85,2.37,0.021755094547457318
2024-07-01T10:00:00,18.99,72.87,5.03,0.04617220488342207
2024-07-01T10:00:00,18.99,72.89,1.57,0.014411602717091979
2024-07-01T10:00:00,18.99,72.91,6.56,0.060216633008995775
2024-07-01T10:00:00,18.99,72.93,10.39,0.09537360014686984
2024-07-01T10:00:00,18.99,72.95,1.15,0.010556269506150174
2024-07-01T10:00:00,18.99,72.97,1.45,0.013310078942537176
2024-07-01T10:00:00,18.99,72.99,0.93,0.008536809252799708
2024-07-01T10:00:00,19.01,72.77,3.65,0.03350468147604186
2024-07-01T10:00:00,19.01,72.79,5.54,0.05085368092527997
2024-07-01T10:00:00,19.01,72.81,6.65,0.061042775839911884
2024-07-01T10:00:00,19.01,72.83,4.82,0.04424453827795117
2024-07-01T10:00:00,19.01,72.85,6.16,0.05654488709381311
2024-07-01T10:00:00,19.01,72.87,3.56,0.03267853864512576
2024-07-01T10:00:00,19.01,72.89,2.24,0.02056177712502295
2024-07-01T10:00:00,19.01,72.91,1.57,0.014411602717091979
2024-07-01T10:00:00,19.01,72.93,3.07,0.028180649899026987
2024-07-01T10:00:00,19.01,72.95,1.55,0.014228015421332844
2024-07-01T10:00:00,19.01,72.97,4.42,0.0405727923627685
2024-07-01T10:00:00,19.01,72.99,1.52,0.013952634477694145
2024-07-01T10:00:00,19.03,72.77,2.89,0.026528364237194787
2024-07-01T10:00:00,19.03,72.79,8.73,0.08013585459886176
2024-07-01T10:00:00,19.03,72.81,9.03,0.08288966403524875
2024-07-01T10:00:00,19.03,72.83,8.59,0.07885074352854783
2024-07-01T10:00:00,19.03,72.85,3.69,0.03387185606756012
2024-07-01T10:00:00,19.03,72.87,2.37,0.021755094547457318
2024-07-01T10:00:00,19.03,72.89,5.29,0.0485588397282908
2024-07-01T10:00:00,19.03,72.91,1.66,0.015237745548008077
2024-07-01T10:00:00,19.03,72.93,5.98,0.05489260143198091
2024-07-01T10:00:00,19.03,72.95,2.02,0.01854231687167248
2024-07-01T10:00:00,19.03,72.97,2.87,0.026344776941435655
2024-07-01T10:00:00,19.03,72.99,5.78,0.053056728474389574
2024-07-01T10:00:00,19.05,72.77,0.64,0.005874793464292271
2024-07-01T10:00:00,19.05,72.79,2.53,0.023223792913530383
2024-07-01T10:00:00,19.05,72.81,5.34,0.049017807967688634
2024-07-01T10:00:00,19.05,72.83,6.02,0.05525977602349917
2024-07-01T10:00:00,19.05,72.85,5.21,0.04782449054525427
2024-07-01T10:00:00,19.05,72.87,3.12,0.028639618138424822
2024-07-01T10:00:00,19.05,72.89,6.76,0.06205250596658711
2024-07-01T10:00:00,19.05,72.91,1.52,0.013952634477694145
2024-07-01T10:00:00,19.05,72.93,1.43,0.013126491646778043
2024-07-01T10:00:00,19.05,72.95,4.53,0.04158252248944373
2024-07-01T10:00:00,19.05,72.97,1.29,0.01184138057646411
2024-07-01T10:00:00,19.05,72.99,10.12,0.09289517165412153
2024-07-01T10:00:00,19.07,72.77,2.68,0.024600697631723886
2024-07-01T10:00:00,19.07,72.79,7.61,0.06985496603635029
2024-07-01T10:00:00,19.07,72.81,1.29,0.01184138057646411
2024-07-01T10:00:00,19.07,72.83,10.27,0.09427207637231504
2024-07-01T10:00:00,19.07,72.85,3.89,0.035707729025151465
2024-07-01T10:00:00,19.07,72.87,2.28,0.020928951716541213
2024-07-01T10:00:00,19.07,72.89,2.89,0.026528364237194787
2024-07-01T10:00:00,19.07,72.91,1.89,0.017348999449238112
2024-07-01T10:00:00,19.07,72.93,2.96,0.027170919772351754
2024-07-01T10:00:00,19.07,72.95,1.17,0.010739856801909307
2024-07-01T10:00:00,19.07,72.97,2.12,0.019460253350468148
2024-07-01T10:00:00,19.07,72.99,6.03,0.05535156967137874
2024-07-01T10:00:00,19.09,72.77,5.07,0.046539379474940336
2024-07-01T10:00:00,19.09,72.79,1.74,0.015972094731044613
2024-07-01T10:00:00,19.09,72.81,3.5,0.03212777675784836
2024-07-01T10:00:00,19.09,72.83,8.84,0.081145584725537
2024-07-01T10:00:00,19.09,72.85,2.64,0.02423352304020562
2024-07-01T10:00:00,19.09,72.87,1.41,0.012942904351018908
2024-07-01T10:00:00,19.09,72.89,5.46,0.050119331742243436
2024-07-01T10:00:00,19.09,72.91,0.31,0.002845603084266569
2024-07-01T10:00:00,19.09,72.93,2.83,0.025977602349917386
2024-07-01T10:00:00,19.09,72.95,8.23,0.07554617220488342
2024-07-01T10:00:00,19.09,72.97,2.87,0.026344776941435655
2024-07-01T10:00:00,19.09,72.99,6.44,0.05911510923444098
2024-07-01T10:00:00,19.11,72.77,1.6,0.01468698366073068
2024-07-01T10:00:00,19.11,72.79,3.42,0.031393427574811825
2024-07-01T10:00:00,19.11,72.81,3.07,0.028180649899026987
2024-07-01T10:00:00,19.11,72.83,5.65,0.05186341105195521
2024-07-01T10:00:00,19.11,72.85,4.06,0.03726822103910409
2024-07-01T10:00:00,19.11,72.87,9.71,0.08913163209105932
2024-07-01T10:00:00,19.11,72.89,2.4,0.022030475491096015
2024-07-01T10:00:00,19.11,72.91,3.76,0.03451441160271709
2024-07-01T10:00:00,19.11,72.93,2.75,0.025243253166880853
2024-07-01T10:00:00,19.11,72.95,3.43,0.031485221222691394
2024-07-01T10:00:00,19.11,72.97,3.14,0.028823205434183957
2024-07-01T10:00:00,19.11,72.99,1.54,0.014136221773453278
2024-07-01T10:00:00,19.13,72.77,7.46,0.06847806131815679
2024-07-01T10:00:00,19.13,72.79,2.38,0.021846888195336884
2024-07-01T10:00:00,19.13,72.81,2.17,0.01991922158986598
2024-07-01T10:00:00,19.13,72.83,0.86,0.007894253717642739
2024-07-01T10:00:00,19.13,72.85,2.46,0.022581237378373416
2024-07-01T10:00:00,19.13,72.87,2.11,0.01936845970258858
2024-07-01T10:00:00,19.13,72.89,0.4,0.00367174591518267
2024-07-01T10:00:00,19.13,72.91,3.01,0.027629888011749586
2024-07-01T10:00:00,19.13,72.93,8.86,0.08132917202129612
2024-07-01T10:00:00,19.13,72.95,0.91,0.008353221957040573
2024-07-01T10:00:00,19.13,72.97,3.32,0.030475491096016154
2024-07-01T10:00:00,19.13,72.99,2.76,0.02533504681476042
2024-07-01T10:00:00,19.15,72.77,6.78,0.06223609326234625
2024-07-01T10:00:00,19.15,72.79,6.91,0.06342941068478061
2024-07-01T10:00:00,19.15,72.81,15.32,0.14062786855149625
2024-07-01T10:00:00,19.15,72.83,4.75,0.0436019827427942
2024-07-01T10:00:00,19.15,72.85,1.92,0.017624380392876813
2024-07-01T10:00:00,19.15,72.87,2.34,0.021479713603818614
2024-07-01T10:00:00,19.15,72.89,2.49,0.02285661832201212
2024-07-01T10:00:00,19.15,72.91,2.09,0.019184872406829447
2024-07-01T10:00:00,19.15,72.93,10.33,0.09482283825959244
2024-07-01T10:00:00,19.15,72.95,5.53,0.05076188727740041
2024-07-01T10:00:00,19.15,72.97,4.85,0.04451991922158986
2024-07-01T10:00:00,19.15,72.99,1.3,0.011933174224343677
2024-07-01T10:00:00,19.17,72.77,7.09,0.06508169634661282
2024-07-01T10:00:00,19.17,72.79,8.9,0.0816963466128144
2024-07-01T10:00:00,19.17,72.81,3.38,0.031026252983293555
2024-07-01T10:00:00,19.17,72.83,2.44,0.02239765008261428
2024-07-01T10:00:00,19.17,72.85,10.11,0.09280337800624197
2024-07-01T10:00:00,19.17,72.87,2.07,0.019001285111070312
2024-07-01T10:00:00,19.17,72.89,1.84,0.01689003120984028
2024-07-01T10:00:00,19.17,72.91,1.55,0.014228015421332844
2024-07-01T10:00:00,19.17,72.93,3.31,0.03038369744813659
2024-07-01T10:00:00,19.17,72.95,4.16,0.03818615751789976
2024-07-01T10:00:00,19.17,72.97,6.6,0.060583807600514045
2024-07-01T10:00:00,19.17,72.99,4.93,0.045254268404626395
2024-07-01T10:00:00,19.19,72.77,6.27,0.05755461722048834
2024-07-01T10:00:00,19.19,72.79,9.82,0.09014136221773454
2024-07-01T10:00:00,19.19,72.81,1.67,0.015329539195887644
2024-07-01T10:00:00,19.19,72.83,0.97,0.008903983844317974
2024-07-01T10:00:00,19.19,72.85,5.84,0.053607490361666975
2024-07-01T10:00:00,19.19,72.87,3.4,0.03120984027905269
2024-07-01T10:00:00,19.19,72.89,7.12,0.06535707729025152
2024-07-01T10:00:00,19.19,72.91,3.49,0.032035983109968795
2024-07-01T10:00:00,19.19,72.93,2.11,0.01936845970258858
2024-07-01T10:00:00,19.19,72.95,5.32,0.0488342206719295
2024-07-01T10:00:00,19.19,72.97,3.63,0.03332109418028272
2024-07-01T10:00:00,19.19,72.99,3.27,0.030016522856618322
2024-07-01T10:00:00,19.21,72.77,18.28,0.167798788323848
2024-07-01T10:00:00,19.21,72.79,9.32,0.0855516798237562
2024-07-01T10:00:00,19.21,72.81,6.79,0.06232788691022582
2024-07-01T10:00:00,19.21,72.83,4.3,0.0394712685882137
2024-07-01T10:00:00,19.21,72.85,3.93,0.03607490361666973
2024-07-01T10:00:00,19.21,72.87,2.94,0.02698733247659262
2024-07-01T10:00:00,19.21,72.89,4.31,0.03956306223609326
2024-07-01T10:00:00,19.21,72.91,2.4,0.022030475491096015
2024-07-01T10:00:00,19.21,72.93,1.18,0.010831650449788875
2024-07-01T10:00:00,19.21,72.95,3.34,0.03065907839177529
2024-07-01T10:00:00,19.21,72.97,4.24,0.038920506700936296
2024-07-01T10:00:00,19.21,72.99,6.53,0.05994125206535708
2024-07-01T10:00:00,19.23,72.77,2.18,0.02001101523774555
2024-07-01T10:00:00,19.23,72.79,4.3,0.0394712685882137
2024-07-01T10:00:00,19.23,72.81,5.93,0.05443363319258307
2024-07-01T10:00:00,19.23,72.83,5.67,0.05204699834771434
2024-07-01T10:00:00,19.23,72.85,10.89,0.09996328254084819
2024-07-01T10:00:00,19.23,72.87,2.99,0.027446300715990454
2024-07-01T10:00:00,19.23,72.89,1.72,0.015788507435285478
2024-07-01T10:00:00,19.23,72.91,3.88,0.035615935377271896
2024-07-01T10:00:00,19.23,72.93,2.92,0.026803745180833487
2024-07-01T10:00:00,19.23,72.95,2.49,0.02285661832201212
2024-07-01T10:00:00,19.23,72.97,2.19,0.020102808885625115
2024-07-01T10:00:00,19.23,72.99,4.19,0.038461538461538464
2024-07-01T10:00:00,19.25,72.77,2.46,0.022581237378373416
2024-07-01T10:00:00,19.25,72.79,6.99,0.06416375986781715
2024-07-01T10:00:00,19.25,72.81,6.57,0.06030842665687535
2024-07-01T10:00:00,19.25,72.83,5.25,0.04819166513677254
2024-07-01T10:00:00,19.25,72.85,1.58,0.014503396364971544
2024-07-01T10:00:00,19.25,72.87,4.53,0.04158252248944373
2024-07-01T10:00:00,19.25,72.89,7.45,0.06838626767027722
2024-07-01T10:00:00,19.25,72.91,6.31,0.05792179181200661
2024-07-01T10:00:00,19.25,72.93,5.61,0.05149623646043694
2024-07-01T10:00:00,19.25,72.95,3.52,0.03231136405360749
2024-07-01T10:00:00,19.25,72.97,3.35,0.030750872039654858
2024-07-01T10:00:00,19.25,72.99,7.57,0.06948779144483203
2024-07-01T11:00:00,18.87,72.77,6.58,0.06040022030475491
2024-07-01T11:00:00,18.87,72.79,6.43,0.05902331558656141
2024-07-01T11:00:00,18.87,72.81,25.15,0.23086102441711032
2024-07-01T11:00:00,18.87,72.83,3.81,0.034973379842114925
2024-07-01T11:00:00,18.87,72.85,0.46,0.00422250780246007
2024-07-01T11:00:00,18.87,72.87,4.06,0.03726822103910409
2024-07-01T11:00:00,18.87,72.89,4.15,0.0380943638700202
2024-07-01T11:00:00,18.87,72.91,5.42,0.049752157150725174
2024-07-01T11:00:00,18.87,72.93,6.22,0.057095648981090506
2024-07-01T11:00:00,18.87,72.95,0.52,0.00477326968973747
2024-07-01T11:00:00,18.87,72.97,6.1,0.055994125206535704
2024-07-01T11:00:00,18.87,72.99,3.97,0.036442078208188
2024-07-01T11:00:00,18.89,72.77,4.33,0.0397466495318524
2024-07-01T11:00:00,18.89,72.79,1.05,0.009638333027354508
2024-07-01T11:00:00,18.89,72.81,12.86,0.11804663117312282
2024-07-01T11:00:00,18.89,72.83,3.46,0.03176060216633009
2024-07-01T11:00:00,18.89,72.85,7.62,0.06994675968422985
2024-07-01T11:00:00,18.89,72.87,2.31,0.021204332660179917
2024-07-01T11:00:00,18.89,72.89,5.71,0.0524141729392326
2024-07-01T11:00:00,18.89,72.91,3.65,0.03350468147604186
2024-07-01T11:00:00,18.89,72.93,6.84,0.06278685514962365
2024-07-01T11:00:00,18.89,72.95,3.42,0.031393427574811825
2024-07-01T11:00:00,18.89,72.97,2.01,0.01845052322379291
2024-07-01T11:00:00,18.89,72.99,4.11,0.03772718927850193
2024-07-01T11:00:00,18.91,72.77,5.09,0.04672296677069947
2024-07-01T11:00:00,18.91,72.79,6.2,0.056912061685331375
2024-07-01T11:00:00,18.91,72.81,9.53,0.0874793464292271
2024-07-01T11:00:00,18.91,72.83,1.89,0.017348999449238112
2024-07-01T11:00:00,18.91,72.85,8.72,0.0800440609509822
2024-07-01T11:00:00,18.91,72.87,1.55,0.014228015421332844
2024-07-01T11:00:00,18.91,72.89,6.93,0.06361299798053975
2024-07-01T11:00:00,18.91,72.91,6.94,0.06370479162841931
2024-07-01T11:00:00,18.91,72.93,2.96,0.027170919772351754
2024-07-01T11:00:00,18.91,72.95,2.23,0.02046998347714338
2024-07-01T11:00:00,18.91,72.97,2.09,0.019184872406829447
2024-07-01T11:00:00,18.91,72.99,4.4,0.04038920506700937
2024-07-01T11:00:00,18.93,72.77,8.71,0.07995226730310263
2024-07-01T11:00:00,18.93,72.79,4.62,0.042408665320359834
2024-07-01T11:00:00,18.93,72.81,0.42,0.003855333210941803
2024-07-01T11:00:00,18.93,72.83,3.14,0.028823205434183957
2024-07-01T11:00:00,18.93,72.85,2.97,0.027262713420231323
2024-07-01T11:00:00,18.93,72.87,6.59,0.060492013952634476
2024-07-01T11:00:00,18.93,72.89,6.67,0.061226363135671015
2024-07-01T11:00:00,18.93,72.91,4.98,0.04571323664402424
2024-07-01T11:00:00,18.93,72.93,8.01,0.07352671195153296
2024-07-01T11:00:00,18.93,72.95,8.27,0.07591334679640169
2024-07-01T11:00:00,18.93,72.97,2.85,0.02616118964567652
2024-07-01T11:00:00,18.93,72.99,2.02,0.01854231687167248
2024-07-01T11:00:00,18.95,72.77,5.03,0.04617220488342207
2024-07-01T11:00:00,18.95,72.79,5.78,0.053056728474389574
2024-07-01T11:00:00,18.95,72.81,3.25,0.02983293556085919
2024-07-01T11:00:00,18.95,72.83,28.2,0.2588580870203782
2024-07-01T11:00:00,18.95,72.85,11.73,0.10767394896273179
2024-07-01T11:00:00,18.95,72.87,2.78,0.02551863411051955
2024-07-01T11:00:00,18.95,72.89,1.82,0.016706443914081145
2024-07-01T11:00:00,18.95,72.91,2.49,0.02285661832201212
2024-07-01T11:00:00,18.95,72.93,8.51,0.07811639434551129
2024-07-01T11:00:00,18.95,72.95,8.5,0.07802460069763173
2024-07-01T11:00:00,18.95,72.97,10.48,0.09619974297778594
2024-07-01T11:00:00,18.95,72.99,1.97,0.01808334863227465
2024-07-01T11:00:00,18.97,72.77,7.56,0.06939599779695245
2024-07-01T11:00:00,18.97,72.79,2.66,0.02441711033596475
2024-07-01T11:00:00,18.97,72.81,14.24,0.13071415458050303
2024-07-01T11:00:00,18.97,72.83,2.39,0.02193868184321645
2024-07-01T11:00:00,18.97,72.85,1.53,0.01404442812557371
2024-07-01T11:00:00,18.97,72.87,1.77,0.016247475674683313
2024-07-01T11:00:00,18.97,72.89,4.5,0.04130714154580503
2024-07-01T11:00:00,18.97,72.91,7.18,0.06590783917752892
2024-07-01T11:00:00,18.97,72.93,6.73,0.061777125022948416
2024-07-01T11:00:00,18.97,72.95,1.7,0.015604920139526345
2024-07-01T11:00:00,18.97,72.97,3.11,0.028547824490545253
2024-07-01T11:00:00,18.97,72.99,2.75,0.025243253166880853
2024-07-01T11:00:00,18.99,72.77,1.85,0.016981824857719846
2024-07-01T11:00:00,18.99,72.79,3.36,0.030842665687534424
2024-07-01T11:00:00,18.99,72.81,12.13,0.11134569487791446
2024-07-01T11:00:00,18.99,72.83,1.48,0.013585459886175877
2024-07-01T11:00:00,18.99,72.85,5.58,0.05122085551679824
2024-07-01T11:00:00,18.99,72.87,11.39,0.10455296493482652
2024-07-01T11:00:00,18.99,72.89,10.77,0.09886175876629337
2024-07-01T11:00:00,18.99,72.91,12.99,0.11923994859555719
2024-07-01T11:00:00,18.99,72.93,5.48,0.050302919038002575
2024-07-01T11:00:00,18.99,72.95,5.95,0.05461722048834221
2024-07-01T11:00:00,18.99,72.97,2.78,0.02551863411051955
2024-07-01T11:00:00,18.99,72.99,1.23,0.011290618689186708
2024-07-01T11:00:00,19.01,72.77,4.77,0.04378557003855333
2024-07-01T11:00:00,19.01,72.79,10.93,0.10033045713236644
2024-07-01T11:00:00,19.01,72.81,0.41,0.003763539563062236
2024-07-01T11:00:00,19.01,72.83,3.34,0.03065907839177529
2024-07-01T11:00:00,19.01,72.85,7.05,0.06471452175509455
2024-07-01T11:00:00,19.01,72.87,4.65,0.042684046263998535
2024-07-01T11:00:00,19.01,72.89,10.38,0.09528180649899028
2024-07-01T11:00:00,19.01,72.91,8.76,0.08041123554250046
2024-07-01T11:00:00,19.01,72.93,1.14,0.010464475858270606
2024-07-01T11:00:00,19.01,72.95,4.57,0.041949697080962
2024-07-01T11:00:00,19.01,72.97,2.26,0.02074536442078208
2024-07-01T11:00:00,19.01,72.99,2.2,0.020194602533504684
2024-07-01T11:00:00,19.03,72.77,1.5,0.01376904718193501
2024-07-01T11:00:00,19.03,72.79,6.19,0.05682026803745181
2024-07-01T11:00:00,19.03,72.81,11.64,0.10684780613181569
2024-07-01T11:00:00,19.03,72.83,6.22,0.057095648981090506
2024-07-01T11:00:00,19.03,72.85,1.25,0.011474205984945841
2024-07-01T11:00:00,19.03,72.87,4.46,0.04093996695428676
2024-07-01T11:00:00,19.03,72.89,6.55,0.06012483936111621
2024-07-01T11:00:00,19.03,72.91,4.03,0.0369928400954654
2024-07-01T11:00:00,19.03,72.93,5.49,0.05039471268588214
2024-07-01T11:00:00,19.03,72.95,2.46,0.022581237378373416
2024-07-01T11:00:00,19.03,72.97,3.49,0.032035983109968795
2024-07-01T11:00:00,19.03,72.99,3.28,0.030108316504497887
2024-07-01T11:00:00,19.05,72.77,13.89,0.1275013769047182
2024-07-01T11:00:00,19.05,72.79,2.09,0.019184872406829447
2024-07-01T11:00:00,19.05,72.81,0.49,0.00449788874609877
2024-07-01T11:00:00,19.05,72.83,12.16,0.11162107582155316
2024-07-01T11:00:00,19.05,72.85,5.19,0.04764090324949514
2024-07-01T11:00:00,19.05,72.87,1.53,0.01404442812557371
2024-07-01T11:00:00,19.05,72.89,8.42,0.07729025151459519
2024-07-01T11:00:00,19.05,72.91,6.69,0.06140995043143015
2024-07-01T11:00:00,19.05,72.93,12.55,0.11520102808885627
2024-07-01T11:00:00,19.05,72.95,4.96,0.0455296493482651
2024-07-01T11:00:00,19.05,72.97,17.84,0.16375986781714705
2024-07-01T11:00:00,19.05,72.99,3.79,0.034789792546355794
2024-07-01T11:00:00,19.07,72.77,8.05,0.07389388654305123
2024-07-01T11:00:00,19.07,72.79,8.58,0.07875894988066826
2024-07-01T11:00:00,19.07,72.81,3.54,0.03249495134936663
2024-07-01T11:00:00,19.07,72.83,3.36,0.030842665687534424
2024-07-01T11:00:00,19.07,72.85,8.0,0.07343491830365338
2024-07-01T11:00:00,19.07,72.87,1.4,0.012851110703139343
2024-07-01T11:00:00,19.07,72.89,2.42,0.02221406278685515
2024-07-01T11:00:00,19.07,72.91,3.98,0.03653387185606756
2024-07-01T11:00:00,19.07,72.93,12.29,0.11281439324398751
2024-07-01T11:00:00,19.07,72.95,7.21,0.06618322012116762
2024-07-01T11:00:00,19.07,72.97,4.47,0.04103176060216633
2024-07-01T11:00:00,19.07,72.99,2.71,0.024876078575362587
2024-07-01T11:00:00,19.09,72.77,19.03,0.1746833119148155
2024-07-01T11:00:00,19.09,72.79,4.94,0.04534606205250597
2024-07-01T11:00:00,19.09,72.81,2.67,0.024508903983844317
2024-07-01T11:00:00,19.09,72.83,19.54,0.1793647879566734
2024-07-01T11:00:00,19.09,72.85,1.5,0.01376904718193501
2024-07-01T11:00:00,19.09,72.87,10.98,0.10078942537176427
2024-07-01T11:00:00,19.09,72.89,4.59,0.04213328437672113
2024-07-01T11:00:00,19.09,72.91,7.47,0.06856985496603635
2024-07-01T11:00:00,19.09,72.93,6.44,0.05911510923444098
2024-07-01T11:00:00,19.09,72.95,7.13,0.06544887093813108
2024-07-01T11:00:00,19.09,72.97,17.86,0.16394345511290617
2024-07-01T11:00:00,19.09,72.99,15.9,0.14595190012851111
2024-07-01T11:00:00,19.11,72.77,2.97,0.027262713420231323
2024-07-01T11:00:00,19.11,72.79,7.44,0.06829447402239766
2024-07-01T11:00:00,19.11,72.81,0.9,0.008261428309161007
2024-07-01T11:00:00,19.11,72.83,8.73,0.08013585459886176
2024-07-01T11:00:00,19.11,72.85,9.89,0.0907839177528915
2024-07-01T11:00:00,19.11,72.87,0.46,0.00422250780246007
2024-07-01T11:00:00,19.11,72.89,4.46,0.04093996695428676
2024-07-01T11:00:00,19.11,72.91,7.46,0.06847806131815679
2024-07-01T11:00:00,19.11,72.93,5.66,0.05195520469983477
2024-07-01T11:00:00,19.11,72.95,1.38,0.01266752340738021
2024-07-01T11:00:00,19.11,72.97,1.51,0.013860840829814577
2024-07-01T11:00:00,19.11,72.99,3.72,0.03414723701119883
2024-07-01T11:00:00,19.13,72.77,3.77,0.03460620525059666
2024-07-01T11:00:00,19.13,72.79,3.94,0.0361666972645493
2024-07-01T11:00:00,19.13,72.81,1.4,0.012851110703139343
2024-07-01T11:00:00,19.13,72.83,5.0,0.045896823939783365
2024-07-01T11:00:00,19.13,72.85,13.47,0.1236460436937764
2024-07-01T11:00:00,19.13,72.87,1.56,0.014319809069212411
2024-07-01T11:00:00,19.13,72.89,3.81,0.034973379842114925
2024-07-01T11:00:00,19.13,72.91,6.89,0.06324582338902147
2024-07-01T11:00:00,19.13,72.93,0.93,0.008536809252799708
2024-07-01T11:00:00,19.13,72.95,4.42,0.0405727923627685
2024-07-01T11:00:00,19.13,72.97,8.59,0.07885074352854783
2024-07-01T11:00:00,19.13,72.99,1.71,0.015696713787405912
2024-07-01T11:00:00,19.15,72.77,5.92,0.05434183954470351
2024-07-01T11:00:00,19.15,72.79,10.03,0.09206902882320543
2024-07-01T11:00:00,19.15,72.81,20.56,0.1887277400403892
2024-07-01T11:00:00,19.15,72.83,5.21,0.04782449054525427
2024-07-01T11:00:00,19.15,72.85,2.58,0.02368276115292822
2024-07-01T11:00:00,19.15,72.87,2.54,0.023315586561409953
2024-07-01T11:00:00,19.15,72.89,1.19,0.010923444097668442
2024-07-01T11:00:00,19.15,72.91,13.27,0.12181017073618505
2024-07-01T11:00:00,19.15,72.93,8.11,0.07444464843032862
2024-07-01T11:00:00,19.15,72.95,1.54,0.014136221773453278
2024-07-01T11:00:00,19.15,72.97,2.17,0.01991922158986598
2024-07-01T11:00:00,19.15,72.99,4.38,0.04020561777125023
2024-07-01T11:00:00,19.17,72.77,10.83,0.09941252065357077
2024-07-01T11:00:00,19.17,72.79,7.45,0.06838626767027722
2024-07-01T11:00:00,19.17,72.81,6.74,0.061868918670827985
2024-07-01T11:00:00,19.17,72.83,5.68,0.0521387919955939
2024-07-01T11:00:00,19.17,72.85,1.8,0.016522856618322014
2024-07-01T11:00:00,19.17,72.87,4.94,0.04534606205250597
2024-07-01T11:00:00,19.17,72.89,4.4,0.04038920506700937
2024-07-01T11:00:00,19.17,72.91,1.15,0.010556269506150174
2024-07-01T11:00:00,19.17,72.93,12.81,0.117587662933725
2024-07-01T11:00:00,19.17,72.95,2.61,0.023958142096566916
2024-07-01T11:00:00,19.17,72.97,1.12,0.010280888562511475
2024-07-01T11:00:00,19.17,72.99,2.9,0.026620157885074353
2024-07-01T11:00:00,19.19,72.77,4.34,0.03983844317973196
2024-07-01T11:00:00,19.19,72.79,4.9,0.0449788874609877
2024-07-01T11:00:00,19.19,72.81,4.03,0.0369928400954654
2024-07-01T11:00:00,19.19,72.83,4.83,0.04433633192583073
2024-07-01T11:00:00,19.19,72.85,5.33,0.04892601431980907
2024-07-01T11:00:00,19.19,72.87,5.0,0.045896823939783365
2024-07-01T11:00:00,19.19,72.89,6.06,0.05562695061501744
2024-07-01T11:00:00,19.19,72.91,6.2,0.056912061685331375
2024-07-01T11:00:00,19.19,72.93,6.19,0.05682026803745181
2024-07-01T11:00:00,19.19,72.95,7.19,0.06599963282540848
2024-07-01T11:00:00,19.19,72.97,2.33,0.02138791995593905
2024-07-01T11:00:00,19.19,72.99,2.37,0.021755094547457318
2024-07-01T11:00:00,19.21,72.77,10.86,0.09968790159720947
2024-07-01T11:00:00,19.21,72.79,3.71,0.03405544336331926
2024-07-01T11:00:00,19.21,72.81,4.55,0.041766109785202864
2024-07-01T11:00:00,19.21,72.83,4.12,0.03781898292638149
2024-07-01T11:00:00,19.21,72.85,19.02,0.17459151826693592
2024-07-01T11:00:00,19.21,72.87,2.2,0.020194602533504684
2024-07-01T11:00:00,19.21,72.89,2.12,0.019460253350468148
2024-07-01T11:00:00,19.21,72.91,4.41,0.04048099871488893
2024-07-01T11:00:00,19.21,72.93,3.77,0.03460620525059666
2024-07-01T11:00:00,19.21,72.95,1.52,0.013952634477694145
2024-07-01T11:00:00,19.21,72.97,3.92,0.03598310996879016
2024-07-01T11:00:00,19.21,72.99,4.21,0.038645125757297595
2024-07-01T11:00:00,19.23,72.77,3.52,0.03231136405360749
2024-07-01T11:00:00,19.23,72.79,4.59,0.04213328437672113
2024-07-01T11:00:00,19.23,72.81,2.59,0.023774554800807784
2024-07-01T11:00:00,19.23,72.83,1.74,0.015972094731044613
2024-07-01T11:00:00,19.23,72.85,3.38,0.031026252983293555
2024-07-01T11:00:00,19.23,72.87,1.9,0.017440793097117678
2024-07-01T11:00:00,19.23,72.89,1.33,0.012208555167982376
2024-07-01T11:00:00,19.23,72.91,0.63,0.005782999816412704
2024-07-01T11:00:00,19.23,72.93,5.14,0.0471819350100973
2024-07-01T11:00:00,19.23,72.95,2.97,0.027262713420231323
2024-07-01T11:00:00,19.23,72.97,8.61,0.07903433082430696
2024-07-01T11:00:00,19.23,72.99,3.08,0.028272443546906556
2024-07-01T11:00:00,19.25,72.77,6.28,0.057646410868367914
2024-07-01T11:00:00,19.25,72.79,3.02,0.027721681659629155
2024-07-01T11:00:00,19.25,72.81,4.86,0.04461171286946944
2024-07-01T11:00:00,19.25,72.83,0.7,0.006425555351569671
2024-07-01T11:00:00,19.25,72.85,3.34,0.03065907839177529
2024-07-01T11:00:00,19.25,72.87,2.21,0.02028639618138425
2024-07-01T11:00:00,19.25,72.89,8.63,0.0792179181200661
2024-07-01T11:00:00,19.25,72.91,4.98,0.04571323664402424
2024-07-01T11:00:00,19.25,72.93,7.52,0.06902882320543419
2024-07-01T11:00:00,19.25,72.95,9.4,0.08628602900679273
2024-07-01T11:00:00,19.25,72.97,2.77,0.025426840462639985
2024-07-01T11:00:00,19.25,72.99,4.51,0.041398935193684594
2024-07-01T12:00:00,18.87,72.77,2.44,0.02239765008261428
2024-07-01T12:00:00,18.87,72.79,8.21,0.0753625849091243
2024-07-01T12:00:00,18.87,72.81,8.81,0.0808702037818983
2024-07-01T12:00:00,18.87,72.83,7.37,0.06765191848724068
2024-07-01T12:00:00,18.87,72.85,3.79,0.034789792546355794
2024-07-01T12:00:00,18.87,72.87,17.59,0.16146502662015788
2024-07-01T12:00:00,18.87,72.89,5.57,0.05112906186891868
2024-07-01T12:00:00,18.87,72.91,2.04,0.018725904167431615
2024-07-01T12:00:00,18.87,72.93,8.17,0.07499541031760602
2024-07-01T12:00:00,18.87,72.95,10.11,0.09280337800624197
2024-07-01T12:00:00,18.87,72.97,1.97,0.01808334863227465
2024-07-01T12:00:00,18.87,72.99,4.11,0.03772718927850193
2024-07-01T12:00:00,18.89,72.77,1.69,0.015513126491646777
2024-07-01T12:00:00,18.89,72.79,14.15,0.12988801174958695
2024-07-01T12:00:00,18.89,72.81,5.63,0.05167982375619607
2024-07-01T12:00:00,18.89,72.83,2.84,0.02606939599779695
2024-07-01T12:00:00,18.89,72.85,11.31,0.10381861575178998
2024-07-01T12:00:00,18.89,72.87,5.58,0.05122085551679824
2024-07-01T12:00:00,18.89,72.89,9.81,0.09004956856985498
2024-07-01T12:00:00,18.89,72.91,7.38,0.06774371213512025
2024-07-01T12:00:00,18.89,72.93,2.24,0.02056177712502295
2024-07-01T12:00:00,18.89,72.95,3.32,0.030475491096016154
2024-07-01T12:00:00,18.89,72.97,2.52,0.023131999265650818
2024-07-01T12:00:00,18.89,72.99,1.79,0.016431062970442445
2024-07-01T12:00:00,18.91,72.77,1.27,0.011657793280704976
2024-07-01T12:00:00,18.91,72.79,22.18,0.20359831099687903
2024-07-01T12:00:00,18.91,72.81,7.48,0.06866164861391592
2024-07-01T12:00:00,18.91,72.83,8.06,0.0739856801909308
2024-07-01T12:00:00,18.91,72.85,12.18,0.11180466311731228
2024-07-01T12:00:00,18.91,72.87,3.57,0.03277033229300532
2024-07-01T12:00:00,18.91,72.89,1.55,0.014228015421332844
2024-07-01T12:00:00,18.91,72.91,9.04,0.08298145768312833
2024-07-01T12:00:00,18.91,72.93,1.74,0.015972094731044613
2024-07-01T12:00:00,18.91,72.95,8.57,0.0786671562327887
2024-07-01T12:00:00,18.91,72.97,1.22,0.01119882504130714
2024-07-01T12:00:00,18.91,72.99,1.55,0.014228015421332844
2024-07-01T12:00:00,18.93,72.77,3.77,0.03460620525059666
2024-07-01T12:00:00,18.93,72.79,10.07,0.09243620341472371
2024-07-01T12:00:00,18.93,72.81,17.39,0.15962915366256655
2024-07-01T12:00:00,18.93,72.83,8.06,0.0739856801909308
2024-07-01T12:00:00,18.93,72.85,3.47,0.03185239581420966
2024-07-01T12:00:00,18.93,72.87,10.63,0.09757664769597944
2024-07-01T12:00:00,18.93,72.89,1.28,0.011749586928584542
2024-07-01T12:00:00,18.93,72.91,2.4,0.022030475491096015
2024-07-01T12:00:00,18.93,72.93,5.63,0.05167982375619607
2024-07-01T12:00:00,18.93,72.95,8.91,0.08178814026069396
2024-07-01T12:00:00,18.93,72.97,4.34,0.03983844317973196
2024-07-01T12:00:00,18.93,72.99,3.92,0.03598310996879016
2024-07-01T12:00:00,18.95,72.77,5.28,0.04846704608041124
2024-07-01T12:00:00,18.95,72.79,13.17,0.12089223425738939
2024-07-01T12:00:00,18.95,72.81,3.17,0.029098586377822654
2024-07-01T12:00:00,18.95,72.83,2.48,0.02276482467413255
2024-07-01T12:00:00,18.95,72.85,4.64,0.042592252616118965
2024-07-01T12:00:00,18.95,72.87,12.93,0.11868918670827978
2024-07-01T12:00:00,18.95,72.89,3.16,0.02900679272994309
2024-07-01T12:00:00,18.95,72.91,4.39,0.04029741141912979
2024-07-01T12:00:00,18.95,72.93,1.2,0.011015237745548008
2024-07-01T12:00:00,18.95,72.95,4.37,0.04011382412337067
2024-07-01T12:00:00,18.95,72.97,6.06,0.05562695061501744
2024-07-01T12:00:00,18.95,72.99,1.66,0.015237745548008077
2024-07-01T12:00:00,18.97,72.77,13.61,0.12493115476409032
2024-07-01T12:00:00,18.97,72.79,7.37,0.06765191848724068
2024-07-01T12:00:00,18.97,72.81,3.97,0.036442078208188
2024-07-01T12:00:00,18.97,72.83,6.99,0.06416375986781715
2024-07-01T12:00:00,18.97,72.85,8.18,0.07508720396548559
2024-07-01T12:00:00,18.97,72.87,0.93,0.008536809252799708
2024-07-01T12:00:00,18.97,72.89,6.69,0.06140995043143015
2024-07-01T12:00:00,18.97,72.91,12.1,0.11107031393427574
2024-07-01T12:00:00,18.97,72.93,2.72,0.024967872223242153
2024-07-01T12:00:00,18.97,72.95,3.45,0.031668808518450525
2024-07-01T12:00:00,18.97,72.97,3.87,0.035524141729392326
2024-07-01T12:00:00,18.97,72.99,8.7,0.07986047365522306
2024-07-01T12:00:00,18.99,72.77,2.5,0.022948411969891683
2024-07-01T12:00:00,18.99,72.79,8.61,0.07903433082430696
2024-07-01T12:00:00,18.99,72.81,4.67,0.042867633559757666
2024-07-01T12:00:00,18.99,72.83,17.44,0.1600881219019644
2024-07-01T12:00:00,18.99,72.85,4.63,0.042500458968239396
2024-07-01T12:00:00,18.99,72.87,0.45,0.0041307141545805035
2024-07-01T12:00:00,18.99,72.89,8.58,0.07875894988066826
2024-07-01T12:00:00,18.99,72.91,7.13,0.06544887093813108
2024-07-01T12:00:00,18.99,72.93,6.02,0.05525977602349917
2024-07-01T12:00:00,18.99,72.95,11.45,0.10510372682210391
2024-07-01T12:00:00,18.99,72.97,0.99,0.009087571140077107
2024-07-01T12:00:00,18.99,72.99,2.27,0.02083715806866165
2024-07-01T12:00:00,19.01,72.77,6.26,0.057462823572608776
2024-07-01T12:00:00,19.01,72.79,6.86,0.06297044244538279
2024-07-01T12:00:00,19.01,72.81,5.25,0.04819166513677254
2024-07-01T12:00:00,19.01,72.83,1.37,0.012575729759500644
2024-07-01T12:00:00,19.01,72.85,3.86,0.03543234808151276
2024-07-01T12:00:00,19.01,72.87,15.82,0.1452175509454746
2024-07-01T12:00:00,19.01,72.89,2.03,0.018634110519552046
2024-07-01T12:00:00,19.01,72.91,5.12,0.04699834771433817
2024-07-01T12:00:00,19.01,72.93,7.28,0.06682577565632458
2024-07-01T12:00:00,19.01,72.95,8.8,0.08077841013401874
2024-07-01T12:00:00,19.01,72.97,7.94,0.072884156416376
2024-07-01T12:00:00,19.01,72.99,3.17,0.029098586377822654
2024-07-01T12:00:00,19.03,72.77,2.91,0.02671195153295392
2024-07-01T12:00:00,19.03,72.79,18.58,0.170552597760235
2024-07-01T12:00:00,19.03,72.81,11.01,0.10106480631540297
2024-07-01T12:00:00,19.03,72.83,6.04,0.05544336331925831
2024-07-01T12:00:00,19.03,72.85,14.18,0.13016339269322563
2024-07-01T12:00:00,19.03,72.87,1.6,0.01468698366073068
2024-07-01T12:00:00,19.03,72.89,0.46,0.00422250780246007
2024-07-01T12:00:00,19.03,72.91,5.85,0.05369928400954654
2024-07-01T12:00:00,19.03,72.93,5.94,0.054525426840462646
2024-07-01T12:00:00,19.03,72.95,1.34,0.012300348815861943
2024-07-01T12:00:00,19.03,72.97,9.02,0.08279787038736919
2024-07-01T12:00:00,19.03,72.99,0.67,0.0061501744079309716
2024-07-01T12:00:00,19.05,72.77,8.19,0.07517899761336515
2024-07-01T12:00:00,19.05,72.79,9.26,0.08500091793647879
2024-07-01T12:00:00,19.05,72.81,6.54,0.060033045713236644
2024-07-01T12:00:00,19.05,72.83,1.31,0.012024967872223243
2024-07-01T12:00:00,19.05,72.85,12.61,0.11575178997613365
2024-07-01T12:00:00,19.05,72.87,3.64,0.03341288782816229
2024-07-01T12:00:00,19.05,72.89,3.57,0.03277033229300532
2024-07-01T12:00:00,19.05,72.91,2.94,0.02698733247659262
2024-07-01T12:00:00,19.05,72.93,8.41,0.07719845786671563
2024-07-01T12:00:00,19.05,72.95,3.23,0.029649348265100055
2024-07-01T12:00:00,19.05,72.97,1.72,0.015788507435285478
2024-07-01T12:00:00,19.05,72.99,9.61,0.08821369561226362
2024-07-01T12:00:00,19.07,72.77,6.05,0.05553515696713787
2024-07-01T12:00:00,19.07,72.79,12.25,0.11244721865246925
2024-07-01T12:00:00,19.07,72.81,6.01,0.05516798237561961
2024-07-01T12:00:00,19.07,72.83,3.05,0.027997062603267852
2024-07-01T12:00:00,19.07,72.85,0.92,0.00844501560492014
2024-07-01T12:00:00,19.07,72.87,6.12,0.05617771250229484
2024-07-01T12:00:00,19.07,72.89,4.17,0.038277951165779325
2024-07-01T12:00:00,19.07,72.91,8.82,0.08096199742977786
2024-07-01T12:00:00,19.07,72.93,3.16,0.02900679272994309
2024-07-01T12:00:00,19.07,72.95,6.71,0.06159353772718928
2024-07-01T12:00:00,19.07,72.97,4.89,0.04488709381310813
2024-07-01T12:00:00,19.07,72.99,2.4,0.022030475491096015
2024-07-01T12:00:00,19.09,72.77,4.13,0.03791077657426106
2024-07-01T12:00:00,19.09,72.79,1.74,0.015972094731044613
2024-07-01T12:00:00,19.09,72.81,18.85,0.1730310262529833
2024-07-01T12:00:00,19.09,72.83,7.53,0.06912061685331375
2024-07-01T12:00:00,19.09,72.85,1.49,0.013677253534055444
2024-07-01T12:00:00,19.09,72.87,16.85,0.15467229667706997
2024-07-01T12:00:00,19.09,72.89,2.01,0.01845052322379291
2024-07-01T12:00:00,19.09,72.91,3.18,0.029190380025702223
2024-07-01T12:00:00,19.09,72.93,4.24,0.038920506700936296
2024-07-01T12:00:00,19.09,72.95,5.06,0.04644758582706077
2024-07-01T12:00:00,19.09,72.97,8.21,0.0753625849091243
2024-07-01T12:00:00,19.09,72.99,0.6,0.005507618872774004
2024-07-01T12:00:00,19.11,72.77,6.39,0.05865614099504314
2024-07-01T12:00:00,19.11,72.79,4.83,0.04433633192583073
2024-07-01T12:00:00,19.11,72.81,6.71,0.06159353772718928
2024-07-01T12:00:00,19.11,72.83,4.38,0.04020561777125023
2024-07-01T12:00:00,19.11,72.85,3.82,0.035065173489994494
2024-07-01T12:00:00,19.11,72.87,4.93,0.045254268404626395
2024-07-01T12:00:00,19.11,72.89,15.88,0.145768312832752
2024-07-01T12:00:00,19.11,72.91,3.63,0.03332109418028272
2024-07-01T12:00:00,19.11,72.93,11.22,0.10299247292087388
2024-07-01T12:00:00,19.11,72.95,5.55,0.05094547457315954
2024-07-01T12:00:00,19.11,72.97,5.27,0.048375252432531664
2024-07-01T12:00:00,19.11,72.99,5.59,0.0513126491646778
2024-07-01T12:00:00,19.13,72.77,8.89,0.08160455296493484
2024-07-01T12:00:00,19.13,72.79,4.49,0.04121534789792547
2024-07-01T12:00:00,19.13,72.81,12.31,0.11299798053974666
2024-07-01T12:00:00,19.13,72.83,8.14,0.07472002937396732
2024-07-01T12:00:00,19.13,72.85,1.74,0.015972094731044613
2024-07-01T12:00:00,19.13,72.87,0.46,0.00422250780246007
2024-07-01T12:00:00,19.13,72.89,15.56,0.14283091610060586
2024-07-01T12:00:00,19.13,72.91,6.13,0.05626950615017441
2024-07-01T12:00:00,19.13,72.93,1.41,0.012942904351018908
2024-07-01T12:00:00,19.13,72.95,3.49,0.032035983109968795
2024-07-01T12:00:00,19.13,72.97,9.25,0.08490912428859923
2024-07-01T12:00:00,19.13,72.99,4.21,0.038645125757297595
2024-07-01T12:00:00,19.15,72.77,5.81,0.05333210941802827
2024-07-01T12:00:00,19.15,72.79,9.93,0.09115109234440977
2024-07-01T12:00:00,19.15,72.81,7.41,0.06801909307875895
2024-07-01T12:00:00,19.15,72.83,8.57,0.0786671562327887
2024-07-01T12:00:00,19.15,72.85,9.06,0.08316504497888746
2024-07-01T12:00:00,19.15,72.87,2.97,0.027262713420231323
2024-07-01T12:00:00,19.15,72.89,3.15,0.02891499908206352
2024-07-01T12:00:00,19.15,72.91,2.55,0.023407380209289515
2024-07-01T12:00:00,19.15,72.93,3.17,0.029098586377822654
2024-07-01T12:00:00,19.15,72.95,4.52,0.04149072884156416
2024-07-01T12:00:00,19.15,72.97,4.7,0.04314301450339637
2024-07-01T12:00:00,19.15,72.99,12.14,0.11143748852579402
2024-07-01T12:00:00,19.17,72.77,7.61,0.06985496603635029
2024-07-01T12:00:00,19.17,72.79,5.54,0.05085368092527997
2024-07-01T12:00:00,19.17,72.81,2.35,0.021571507251698183
2024-07-01T12:00:00,19.17,72.83,4.45,0.0408481733064072
2024-07-01T12:00:00,19.17,72.85,17.12,0.15715072516981826
2024-07-01T12:00:00,19.17,72.87,16.54,0.15182669359280337
2024-07-01T12:00:00,19.17,72.89,4.1,0.037635395630622355
2024-07-01T12:00:00,19.17,72.91,0.99,0.009087571140077107
2024-07-01T12:00:00,19.17,72.93,3.53,0.03240315770148706
2024-07-01T12:00:00,19.17,72.95,12.61,0.11575178997613365
2024-07-01T12:00:00,19.17,72.97,4.47,0.04103176060216633
2024-07-01T12:00:00,19.17,72.99,7.98,0.07325133100789426
2024-07-01T12:00:00,19.19,72.77,6.18,0.056728474389572243
2024-07-01T12:00:00,19.19,72.79,1.54,0.014136221773453278
2024-07-01T12:00:00,19.19,72.81,5.96,0.05470901413622178
2024-07-01T12:00:00,19.19,72.83,10.25,0.0940884890765559
2024-07-01T12:00:00,19.19,72.85,3.41,0.031301633926932255
2024-07-01T12:00:00,19.19,72.87,9.58,0.08793831466862494
2024-07-01T12:00:00,19.19,72.89,5.65,0.05186341105195521
2024-07-01T12:00:00,19.19,72.91,8.84,0.081145584725537
2024-07-01T12:00:00,19.19,72.93,6.5,0.05966587112171838
2024-07-01T12:00:00,19.19,72.95,2.13,0.019552046998347714
2024-07-01T12:00:00,19.19,72.97,3.88,0.035615935377271896
2024-07-01T12:00:00,19.19,72.99,3.72,0.03414723701119883
2024-07-01T12:00:00,19.21,72.77,3.68,0.03378006241968056
2024-07-01T12:00:00,19.21,72.79,7.28,0.06682577565632458
2024-07-01T12:00:00,19.21,72.81,20.21,0.18551496236460438
2024-07-01T12:00:00,19.21,72.83,11.98,0.10996879015972096
2024-07-01T12:00:00,19.21,72.85,12.74,0.11694510739856802
2024-07-01T12:00:00,19.21,72.87,3.03,0.02781347530750872
2024-07-01T12:00:00,19.21,72.89,12.3,0.11290618689186709
2024-07-01T12:00:00,19.21,72.91,14.75,0.13539563062236093
2024-07-01T12:00:00,19.21,72.93,2.77,0.025426840462639985
2024-07-01T12:00:00,19.21,72.95,6.91,0.06342941068478061
2024-07-01T12:00:00,19.21,72.97,6.93,0.06361299798053975
2024-07-01T12:00:00,19.21,72.99,4.04,0.03708463374334496
2024-07-01T12:00:00,19.23,72.77,7.08,0.06498990269873325
2024-07-01T12:00:00,19.23,72.79,8.8,0.08077841013401874
2024-07-01T12:00:00,19.23,72.81,5.14,0.0471819350100973
2024-07-01T12:00:00,19.23,72.83,11.6,0.10648063154029741
2024-07-01T12:00:00,19.23,72.85,1.75,0.01606388837892418
2024-07-01T12:00:00,19.23,72.87,4.14,0.038002570222140625
2024-07-01T12:00:00,19.23,72.89,8.84,0.081145584725537
2024-07-01T12:00:00,19.23,72.91,16.68,0.1531118046631173
2024-07-01T12:00:00,19.23,72.93,10.81,0.09922893335781165
2024-07-01T12:00:00,19.23,72.95,5.59,0.0513126491646778
2024-07-01T12:00:00,19.23,72.97,4.49,0.04121534789792547
2024-07-01T12:00:00,19.23,72.99,3.88,0.035615935377271896
2024-07-01T12:00:00,19.25,72.77,5.01,0.045988617587662935
2024-07-01T12:00:00,19.25,72.79,0.99,0.009087571140077107
2024-07-01T12:00:00,19.25,72.81,18.33,0.16825775656324582
2024-07-01T12:00:00,19.25,72.83,5.5,0.050486506333761706
2024-07-01T12:00:00,19.25,72.85,2.86,0.026252983293556086
2024-07-01T12:00:00,19.25,72.87,7.4,0.06792729943087938
2024-07-01T12:00:00,19.25,72.89,2.92,0.026803745180833487
2024-07-01T12:00:00,19.25,72.91,9.89,0.0907839177528915
2024-07-01T12:00:00,19.25,72.93,2.69,0.024692491279603452
2024-07-01T12:00:00,19.25,72.95,8.61,0.07903433082430696
2024-07-01T12:00:00,19.25,72.97,3.89,0.035707729025151465
2024-07-01T12:00:00,19.25,72.99,6.01,0.05516798237561961
2024-07-01T13:00:00,18.87,72.77,13.53,0.12419680558105378
2024-07-01T13:00:00,18.87,72.79,4.71,0.04323480815127593
2024-07-01T13:00:00,18.87,72.81,12.5,0.11474205984945841
2024-07-01T13:00:00,18.87,72.83,1.18,0.010831650449788875
2024-07-01T13:00:00,18.87,72.85,17.94,0.16467780429594273
2024-07-01T13:00:00,18.87,72.87,12.95,0.11887277400403892
2024-07-01T13:00:00,18.87,72.89,5.96,0.05470901413622178
2024-07-01T13:00:00,18.87,72.91,13.93,0.12786855149623647
2024-07-01T13:00:00,18.87,72.93,12.72,0.1167615201028089
2024-07-01T13:00:00,18.87,72.95,6.02,0.05525977602349917
2024-07-01T13:00:00,18.87,72.97,5.88,0.05397466495318524
2024-07-01T13:00:00,18.87,72.99,2.67,0.024508903983844317
2024-07-01T13:00:00,18.89,72.77,7.82,0.07178263264182119
2024-07-01T13:00:00,18.89,72.79,1.78,0.01633926932256288
2024-07-01T13:00:00,18.89,72.81,11.97,0.1098769965118414
2024-07-01T13:00:00,18.89,72.83,11.81,0.10840829814576831
2024-07-01T13:00:00,18.89,72.85,1.17,0.010739856801909307
2024-07-01T13:00:00,18.89,72.87,16.41,0.150633376170369
2024-07-01T13:00:00,18.89,72.89,3.84,0.035248760785753626
2024-07-01T13:00:00,18.89,72.91,33.44,0.30695795850927116
2024-07-01T13:00:00,18.89,72.93,7.27,0.06673398200844502
2024-07-01T13:00:00,18.89,72.95,15.25,0.13998531301633926
2024-07-01T13:00:00,18.89,72.97,2.63,0.02414172939232605
2024-07-01T13:00:00,18.89,72.99,4.58,0.042041490728841564
2024-07-01T13:00:00,18.91,72.77,4.85,0.04451991922158986
2024-07-01T13:00:00,18.91,72.79,1.74,0.015972094731044613
2024-07-01T13:00:00,18.91,72.81,2.22,0.02037818982926382
2024-07-01T13:00:00,18.91,72.83,6.21,0.057003855333210944
2024-07-01T13:00:00,18.91,72.85,8.85,0.08123737837341656
2024-07-01T13:00:00,18.91,72.87,2.62,0.024049935744446485
2024-07-01T13:00:00,18.91,72.89,4.76,0.04369377639067377
2024-07-01T13:00:00,18.91,72.91,3.41,0.031301633926932255
2024-07-01T13:00:00,18.91,72.93,5.84,0.053607490361666975
2024-07-01T13:00:00,18.91,72.95,9.69,0.08894804479530016
2024-07-01T13:00:00,18.91,72.97,6.42,0.05893152193868184
2024-07-01T13:00:00,18.91,72.99,3.63,0.03332109418028272
2024-07-01T13:00:00,18.93,72.77,15.23,0.13980172572058014
2024-07-01T13:00:00,18.93,72.79,9.4,0.08628602900679273
2024-07-01T13:00:00,18.93,72.81,7.8,0.07159904534606205
2024-07-01T13:00:00,18.93,72.83,2.79,0.02561042775839912
2024-07-01T13:00:00,18.93,72.85,12.6,0.11565999632825408
2024-07-01T13:00:00,18.93,72.87,9.06,0.08316504497888746
2024-07-01T13:00:00,18.93,72.89,9.18,0.08426656875344227
2024-07-01T13:00:00,18.93,72.91,5.24,0.04809987148889297
2024-07-01T13:00:00,18.93,72.93,4.44,0.04075637965852764
2024-07-01T13:00:00,18.93,72.95,18.8,0.17257205801358547
2024-07-01T13:00:00,18.93,72.97,4.24,0.038920506700936296
2024-07-01T13:00:00,18.93,72.99,1.95,0.017899761336515514
2024-07-01T13:00:00,18.95,72.77,8.62,0.07912612447218652
2024-07-01T13:00:00,18.95,72.79,7.22,0.06627501376904718
2024-07-01T13:00:00,18.95,72.81,14.75,0.13539563062236093
2024-07-01T13:00:00,18.95,72.83,6.1,0.055994125206535704
2024-07-01T13:00:00,18.95,72.85,10.51,0.09647512392142464
2024-07-01T13:00:00,18.95,72.87,17.16,0.1575178997613365
2024-07-01T13:00:00,18.95,72.89,8.49,0.07793280704975217
2024-07-01T13:00:00,18.95,72.91,2.66,0.02441711033596475
2024-07-01T13:00:00,18.95,72.93,8.32,0.07637231503579953
2024-07-01T13:00:00,18.95,72.95,4.56,0.041857903433082426
2024-07-01T13:00:00,18.95,72.97,7.15,0.06563245823389022
2024-07-01T13:00:00,18.95,72.99,5.83,0.053515696713787406
2024-07-01T13:00:00,18.97,72.77,2.46,0.022581237378373416
2024-07-01T13:00:00,18.97,72.79,6.44,0.05911510923444098
2024-07-01T13:00:00,18.97,72.81,2.85,0.02616118964567652
2024-07-01T13:00:00,18.97,72.83,4.61,0.042316871672480265
2024-07-01T13:00:00,18.97,72.85,12.57,0.11538461538461539
2024-07-01T13:00:00,18.97,72.87,6.91,0.06342941068478061
2024-07-01T13:00:00,18.97,72.89,9.61,0.08821369561226362
2024-07-01T13:00:00,18.97,72.91,7.02,0.06443914081145584
2024-07-01T13:00:00,18.97,72.93,4.9,0.0449788874609877
2024-07-01T13:00:00,18.97,72.95,7.28,0.06682577565632458
2024-07-01T13:00:00,18.97,72.97,1.2,0.011015237745548008
2024-07-01T13:00:00,18.97,72.99,9.93,0.09115109234440977
2024-07-01T13:00:00,18.99,72.77,3.75,0.034422617954837524
2024-07-01T13:00:00,18.99,72.79,10.48,0.09619974297778594
2024-07-01T13:00:00,18.99,72.81,5.47,0.050211125390123006
2024-07-01T13:00:00,18.99,72.83,2.25,0.020653570772902516
2024-07-01T13:00:00,18.99,72.85,3.86,0.03543234808151276
2024-07-01T13:00:00,18.99,72.87,9.44,0.086653203598311
2024-07-01T13:00:00,18.99,72.89,24.2,0.2221406278685515
2024-07-01T13:00:00,18.99,72.91,5.95,0.05461722048834221
2024-07-01T13:00:00,18.99,72.93,21.48,0.19717275564530934
2024-07-01T13:00:00,18.99,72.95,1.22,0.01119882504130714
2024-07-01T13:00:00,18.99,72.97,4.88,0.04479530016522856
2024-07-01T13:00:00,18.99,72.99,5.56,0.0510372682210391
2024-07-01T13:00:00,19.01,72.77,11.26,0.10335964751239214
2024-07-01T13:00:00,19.01,72.79,4.34,0.03983844317973196
2024-07-01T13:00:00,19.01,72.81,9.1,0.08353221957040573
2024-07-01T13:00:00,19.01,72.83,5.87,0.053882871305305675
2024-07-01T13:00:00,19.01,72.85,15.34,0.14081145584725538
2024-07-01T13:00:00,19.01,72.87,7.49,0.06875344226179549
2024-07-01T13:00:00,19.01,72.89,32.32,0.2966770699467597
2024-07-01T13:00:00,19.01,72.91,5.38,0.049384982559206904
2024-07-01T13:00:00,19.01,72.93,13.46,0.12355425004589683
2024-07-01T13:00:00,19.01,72.95,16.11,0.147879566733982
2024-07-01T13:00:00,19.01,72.97,0.31,0.002845603084266569
2024-07-01T13:00:00,19.01,72.99,9.84,0.09032494951349367
2024-07-01T13:00:00,19.03,72.77,6.28,0.057646410868367914
2024-07-01T13:00:00,19.03,72.79,2.72,0.024967872223242153
2024-07-01T13:00:00,19.03,72.81,16.38,0.1503579952267303
2024-07-01T13:00:00,19.03,72.83,4.3,0.0394712685882137
2024-07-01T13:00:00,19.03,72.85,1.27,0.011657793280704976
2024-07-01T13:00:00,19.03,72.87,7.63,0.07003855333210941
2024-07-01T13:00:00,19.03,72.89,16.31,0.14971543969157333
2024-07-01T13:00:00,19.03,72.91,2.37,0.021755094547457318
2024-07-01T13:00:00,19.03,72.93,11.29,0.10363502845603084
2024-07-01T13:00:00,19.03,72.95,0.82,0.007527079126124472
2024-07-01T13:00:00,19.03,72.97,15.87,0.1456765191848724
2024-07-01T13:00:00,19.03,72.99,7.88,0.0723333945290986
2024-07-01T13:00:00,19.05,72.77,2.56,0.023499173857169084
2024-07-01T13:00:00,19.05,72.79,12.56,0.11529282173673583
2024-07-01T13:00:00,19.05,72.81,4.63,0.042500458968239396
2024-07-01T13:00:00,19.05,72.83,3.14,0.028823205434183957
2024-07-01T13:00:00,19.05,72.85,4.31,0.03956306223609326
2024-07-01T13:00:00,19.05,72.87,10.49,0.0962915366256655
2024-07-01T13:00:00,19.05,72.89,2.76,0.02533504681476042
2024-07-01T13:00:00,19.05,72.91,0.5,0.004589682393978336
2024-07-01T13:00:00,19.05,72.93,4.12,0.03781898292638149
2024-07-01T13:00:00,19.05,72.95,14.37,0.1319074720029374
2024-07-01T13:00:00,19.05,72.97,14.01,0.128602900679273
2024-07-01T13:00:00,19.05,72.99,3.76,0.03451441160271709
2024-07-01T13:00:00,19.07,72.77,4.69,0.043051220855516804
2024-07-01T13:00:00,19.07,72.79,4.31,0.03956306223609326
2024-07-01T13:00:00,19.07,72.81,4.02,0.03690104644758582
2024-07-01T13:00:00,19.07,72.83,4.15,0.0380943638700202
2024-07-01T13:00:00,19.07,72.85,8.09,0.07426106113456948
2024-07-01T13:00:00,19.07,72.87,15.82,0.1452175509454746
2024-07-01T13:00:00,19.07,72.89,2.75,0.025243253166880853
2024-07-01T13:00:00,19.07,72.91,3.18,0.029190380025702223
2024-07-01T13:00:00,19.07,72.93,8.06,0.0739856801909308
2024-07-01T13:00:00,19.07,72.95,10.08,0.09252799706260327
2024-07-01T13:00:00,19.07,72.97,1.45,0.013310078942537176
2024-07-01T13:00:00,19.07,72.99,17.74,0.16284193133835137
2024-07-01T13:00:00,19.09,72.77,5.85,0.05369928400954654
2024-07-01T13:00:00,19.09,72.79,1.96,0.01799155498439508
2024-07-01T13:00:00,19.09,72.81,1.64,0.015054158252248944
2024-07-01T13:00:00,19.09,72.83,1.49,0.013677253534055444
2024-07-01T13:00:00,19.09,72.85,14.48,0.13291720212961264
2024-07-01T13:00:00,19.09,72.87,6.95,0.06379658527629889
2024-07-01T13:00:00,19.09,72.89,13.91,0.12768496420047734
2024-07-01T13:00:00,19.09,72.91,5.74,0.05268955388287131
2024-07-01T13:00:00,19.09,72.93,13.11,0.12034147237011199
2024-07-01T13:00:00,19.09,72.95,5.42,0.049752157150725174
2024-07-01T13:00:00,19.09,72.97,8.86,0.08132917202129612
2024-07-01T13:00:00,19.09,72.99,5.65,0.05186341105195521
2024-07-01T13:00:00,19.11,72.77,6.44,0.05911510923444098
2024-07-01T13:00:00,19.11,72.79,3.43,0.031485221222691394
2024-07-01T13:00:00,19.11,72.81,11.6,0.10648063154029741
2024-07-01T13:00:00,19.11,72.83,2.61,0.023958142096566916
2024-07-01T13:00:00,19.11,72.85,10.97,0.10069763172388471
2024-07-01T13:00:00,19.11,72.87,7.19,0.06599963282540848
2024-07-01T13:00:00,19.11,72.89,10.67,0.0979438222874977
2024-07-01T13:00:00,19.11,72.91,7.34,0.06737653754360198
2024-07-01T13:00:00,19.11,72.93,14.1,0.1294290435101891
2024-07-01T13:00:00,19.11,72.95,8.39,0.0770148705709565
2024-07-01T13:00:00,19.11,72.97,6.64,0.06095098219203231
2024-07-01T13:00:00,19.11,72.99,0.39,0.003579952267303103
2024-07-01T13:00:00,19.13,72.77,17.74,0.16284193133835137
2024-07-01T13:00:00,19.13,72.79,1.56,0.014319809069212411
2024-07-01T13:00:00,19.13,72.81,2.09,0.019184872406829447
2024-07-01T13:00:00,19.13,72.83,12.24,0.11235542500458968
2024-07-01T13:00:00,19.13,72.85,6.92,0.06352120433266017
2024-07-01T13:00:00,19.13,72.87,1.47,0.01349366623829631
2024-07-01T13:00:00,19.13,72.89,3.98,0.03653387185606756
2024-07-01T13:00:00,19.13,72.91,14.24,0.13071415458050303
2024-07-01T13:00:00,19.13,72.93,7.04,0.06462272810721498
2024-07-01T13:00:00,19.13,72.95,6.36,0.05838076005140445
2024-07-01T13:00:00,19.13,72.97,3.32,0.030475491096016154
2024-07-01T13:00:00,19.13,72.99,10.68,0.09803561593537727
2024-07-01T13:00:00,19.15,72.77,7.05,0.06471452175509455
2024-07-01T13:00:00,19.15,72.79,11.61,0.10657242518817697
2024-07-01T13:00:00,19.15,72.81,3.6,0.03304571323664403
2024-07-01T13:00:00,19.15,72.83,26.11,0.23967321461354874
2024-07-01T13:00:00,19.15,72.85,17.14,0.1573343124655774
2024-07-01T13:00:00,19.15,72.87,7.43,0.06820268037451808
2024-07-01T13:00:00,19.15,72.89,8.49,0.07793280704975217
2024-07-01T13:00:00,19.15,72.91,3.93,0.03607490361666973
2024-07-01T13:00:00,19.15,72.93,10.35,0.09500642555535156
2024-07-01T13:00:00,19.15,72.95,0.55,0.005048650633376171
2024-07-01T13:00:00,19.15,72.97,17.82,0.16357628052138792
2024-07-01T13:00:00,19.15,72.99,9.45,0.08674499724619056
2024-07-01T13:00:00,19.17,72.77,3.18,0.029190380025702223
2024-07-01T13:00:00,19.17,72.79,21.51,0.19744813658894805
2024-07-01T13:00:00,19.17,72.81,25.35,0.2326968973747017
2024-07-01T13:00:00,19.17,72.83,9.49,0.08711217183770883
2024-07-01T13:00:00,19.17,72.85,3.46,0.03176060216633009
2024-07-01T13:00:00,19.17,72.87,6.97,0.06398017257205801
2024-07-01T13:00:00,19.17,72.89,9.75,0.08949880668257756
2024-07-01T13:00:00,19.17,72.91,8.13,0.07462823572608776
2024-07-01T13:00:00,19.17,72.93,2.59,0.023774554800807784
2024-07-01T13:00:00,19.17,72.95,9.09,0.08344042592252617
2024-07-01T13:00:00,19.17,72.97,13.4,0.12300348815861943
2024-07-01T13:00:00,19.17,72.99,1.95,0.017899761336515514
2024-07-01T13:00:00,19.19,72.77,2.81,0.025794015054158254
2024-07-01T13:00:00,19.19,72.79,4.41,0.04048099871488893
2024-07-01T13:00:00,19.19,72.81,6.16,0.05654488709381311
2024-07-01T13:00:00,19.19,72.83,12.77,0.11722048834220672
2024-07-01T13:00:00,19.19,72.85,15.0,0.1376904718193501
2024-07-01T13:00:00,19.19,72.87,3.25,0.02983293556085919
2024-07-01T13:00:00,19.19,72.89,7.68,0.07049752157150725
2024-07-01T13:00:00,19.19,72.91,13.64,0.12520653570772902
2024-07-01T13:00:00,19.19,72.93,24.2,0.2221406278685515
2024-07-01T13:00:00,19.19,72.95,7.22,0.06627501376904718
2024-07-01T13:00:00,19.19,72.97,7.4,0.06792729943087938
2024-07-01T13:00:00,19.19,72.99,8.11,0.07444464843032862
2024-07-01T13:00:00,19.21,72.77,6.01,0.05516798237561961
2024-07-01T13:00:00,19.21,72.79,8.22,0.07545437855700386
2024-07-01T13:00:00,19.21,72.81,0.87,0.007986047365522306
2024-07-01T13:00:00,19.21,72.83,4.34,0.03983844317973196
2024-07-01T13:00:00,19.21,72.85,9.97,0.09151826693592804
2024-07-01T13:00:00,19.21,72.87,3.08,0.028272443546906556
2024-07-01T13:00:00,19.21,72.89,12.07,0.11079493299063706
2024-07-01T13:00:00,19.21,72.91,1.15,0.010556269506150174
2024-07-01T13:00:00,19.21,72.93,11.29,0.10363502845603084
2024-07-01T13:00:00,19.21,72.95,11.07,0.10161556820268038
2024-07-01T13:00:00,19.21,72.97,23.67,0.21727556453093447
2024-07-01T13:00:00,19.21,72.99,4.52,0.04149072884156416
2024-07-01T13:00:00,19.23,72.77,7.78,0.07141545805030293
2024-07-01T13:00:00,19.23,72.79,20.46,0.18780980356159355
2024-07-01T13:00:00,19.23,72.81,18.19,0.1669726454929319
2024-07-01T13:00:00,19.23,72.83,14.32,0.13144850376353956
2024-07-01T13:00:00,19.23,72.85,8.91,0.08178814026069396
2024-07-01T13:00:00,19.23,72.87,18.03,0.16550394712685884
2024-07-01T13:00:00,19.23,72.89,31.43,0.28850743528547823
2024-07-01T13:00:00,19.23,72.91,9.95,0.09133467964016889
2024-07-01T13:00:00,19.23,72.93,6.59,0.060492013952634476
2024-07-01T13:00:00,19.23,72.95,10.41,0.09555718744262898
2024-07-01T13:00:00,19.23,72.97,7.03,0.06453093445933542
2024-07-01T13:00:00,19.23,72.99,4.85,0.04451991922158986
2024-07-01T13:00:00,19.25,72.77,14.25,0.1308059482283826
2024-07-01T13:00:00,19.25,72.79,4.98,0.04571323664402424
2024-07-01T13:00:00,19.25,72.81,11.07,0.10161556820268038
2024-07-01T13:00:00,19.25,72.83,1.62,0.014870570956489812
2024-07-01T13:00:00,19.25,72.85,20.69,0.1899210574628236
2024-07-01T13:00:00,19.25,72.87,3.47,0.03185239581420966
2024-07-01T13:00:00,19.25,72.89,1.85,0.016981824857719846
2024-07-01T13:00:00,19.25,72.91,15.74,0.14448320176243803
2024-07-01T13:00:00,19.25,72.93,17.4,0.15972094731044612
2024-07-01T13:00:00,19.25,72.95,7.91,0.0726087754727373
2024-07-01T13:00:00,19.25,72.97,5.69,0.05223058564347348
2024-07-01T13:00:00,19.25,72.99,4.61,0.042316871672480265
2024-07-01T14:00:00,18.87,72.77,11.16,0.10244171103359648
2024-07-01T14:00:00,18.87,72.79,8.59,0.07885074352854783
2024-07-01T14:00:00,18.87,72.81,7.56,0.06939599779695245
2024-07-01T14:00:00,18.87,72.83,3.89,0.035707729025151465
2024-07-01T14:00:00,18.87,72.85,2.85,0.02616118964567652
2024-07-01T14:00:00,18.87,72.87,8.51,0.07811639434551129
2024-07-01T14:00:00,18.87,72.89,9.27,0.08509271158435835
2024-07-01T14:00:00,18.87,72.91,4.12,0.03781898292638149
2024-07-01T14:00:00,18.87,72.93,4.56,0.041857903433082426
2024-07-01T14:00:00,18.87,72.95,8.74,0.08022764824674133
2024-07-01T14:00:00,18.87,72.97,3.28,0.030108316504497887
2024-07-01T14:00:00,18.87,72.99,14.74,0.13530383697448137
2024-07-01T14:00:00,18.89,72.77,13.49,0.12382963098953553
2024-07-01T14:00:00,18.89,72.79,4.75,0.0436019827427942
2024-07-01T14:00:00,18.89,72.81,12.22,0.11217183770883056
2024-07-01T14:00:00,18.89,72.83,3.89,0.035707729025151465
2024-07-01T14:00:00,18.89,72.85,14.52,0.1332843767211309
2024-07-01T14:00:00,18.89,72.87,3.83,0.035156967137874064
2024-07-01T14:00:00,18.89,72.89,7.11,0.06526528364237195
2024-07-01T14:00:00,18.89,72.91,8.53,0.07829998164127042
2024-07-01T14:00:00,18.89,72.93,20.3,0.18634110519552047
2024-07-01T14:00:00,18.89,72.95,3.75,0.034422617954837524
2024-07-01T14:00:00,18.89,72.97,3.55,0.03258674499724619
2024-07-01T14:00:00,18.89,72.99,1.73,0.015880301083165044
2024-07-01T14:00:00,18.91,72.77,29.83,0.27382045162474755
2024-07-01T14:00:00,18.91,72.79,9.11,0.08362401321828529
2024-07-01T14:00:00,18.91,72.81,18.1,0.1661465026620158
2024-07-01T14:00:00,18.91,72.83,5.18,0.04754910960161557
2024-07-01T14:00:00,18.91,72.85,5.46,0.050119331742243436
2024-07-01T14:00:00,18.91,72.87,7.68,0.07049752157150725
2024-07-01T14:00:00,18.91,72.89,7.68,0.07049752157150725
2024-07-01T14:00:00,18.91,72.91,12.41,0.11391591701854233
2024-07-01T14:00:00,18.91,72.93,7.85,0.07205801358545988
2024-07-01T14:00:00,18.91,72.95,5.43,0.049843950798604736
2024-07-01T14:00:00,18.91,72.97,23.84,0.2188360565448871
2024-07-01T14:00:00,18.91,72.99,3.27,0.030016522856618322
2024-07-01T14:00:00,18.93,72.77,4.7,0.04314301450339637
2024-07-01T14:00:00,18.93,72.79,4.13,0.03791077657426106
2024-07-01T14:00:00,18.93,72.81,14.39,0.13209105929869655
2024-07-01T14:00:00,18.93,72.83,11.62,0.10666421883605653
2024-07-01T14:00:00,18.93,72.85,7.19,0.06599963282540848
2024-07-01T14:00:00,18.93,72.87,3.53,0.03240315770148706
2024-07-01T14:00:00,18.93,72.89,8.68,0.07967688635946392
2024-07-01T14:00:00,18.93,72.91,14.01,0.128602900679273
2024-07-01T14:00:00,18.93,72.93,20.86,0.1914815494767762
2024-07-01T14:00:00,18.93,72.95,4.39,0.04029741141912979
2024-07-01T14:00:00,18.93,72.97,6.36,0.05838076005140445
2024-07-01T14:00:00,18.93,72.99,9.82,0.09014136221773454
2024-07-01T14:00:00,18.95,72.77,6.71,0.06159353772718928
2024-07-01T14:00:00,18.95,72.79,2.54,0.023315586561409953
2024-07-01T14:00:00,18.95,72.81,7.6,0.06976317238847071
2024-07-01T14:00:00,18.95,72.83,2.72,0.024967872223242153
2024-07-01T14:00:00,18.95,72.85,15.88,0.145768312832752
2024-07-01T14:00:00,18.95,72.87,6.22,0.057095648981090506
2024-07-01T14:00:00,18.95,72.89,7.42,0.06811088672663852
2024-07-01T14:00:00,18.95,72.91,4.0,0.03671745915182669
2024-07-01T14:00:00,18.95,72.93,7.34,0.06737653754360198
2024-07-01T14:00:00,18.95,72.95,17.29,0.15871121718377088
2024-07-01T14:00:00,18.95,72.97,15.14,0.13897558288966405
2024-07-01T14:00:00,18.95,72.99,2.68,0.024600697631723886
2024-07-01T14:00:00,18.97,72.77,0.25,0.002294841196989168
2024-07-01T14:00:00,18.97,72.79,7.88,0.0723333945290986
2024-07-01T14:00:00,18.97,72.81,6.76,0.06205250596658711
2024-07-01T14:00:00,18.97,72.83,6.25,0.05737102992472921
2024-07-01T14:00:00,18.97,72.85,5.14,0.0471819350100973
2024-07-01T14:00:00,18.97,72.87,2.93,0.026895538828713057
2024-07-01T14:00:00,18.97,72.89,31.38,0.2880484670460804
2024-07-01T14:00:00,18.97,72.91,24.81,0.22774004038920506
2024-07-01T14:00:00,18.97,72.93,5.39,0.049476776207086466
2024-07-01T14:00:00,18.97,72.95,8.11,0.07444464843032862
2024-07-01T14:00:00,18.97,72.97,14.25,0.1308059482283826
2024-07-01T14:00:00,18.97,72.99,7.84,0.07196621993758032
2024-07-01T14:00:00,18.99,72.77,6.18,0.056728474389572243
2024-07-01T14:00:00,18.99,72.79,2.59,0.023774554800807784
2024-07-01T14:00:00,18.99,72.81,8.69,0.0797686800073435
2024-07-01T14:00:00,18.99,72.83,2.76,0.02533504681476042
2024-07-01T14:00:00,18.99,72.85,18.31,0.1680741692674867
2024-07-01T14:00:00,18.99,72.87,7.76,0.07123187075454379
2024-07-01T14:00:00,18.99,72.89,11.36,0.1042775839911878
2024-07-01T14:00:00,18.99,72.91,5.84,0.053607490361666975
2024-07-01T14:00:00,18.99,72.93,13.38,0.1228199008628603
2024-07-01T14:00:00,18.99,72.95,4.31,0.03956306223609326
2024-07-01T14:00:00,18.99,72.97,8.98,0.08243069579585094
2024-07-01T14:00:00,18.99,72.99,5.3,0.04865063337617037
2024-07-01T14:00:00,19.01,72.77,7.67,0.07040572792362769
2024-07-01T14:00:00,19.01,72.79,17.33,0.15907839177528912
2024-07-01T14:00:00,19.01,72.81,4.48,0.0411235542500459
2024-07-01T14:00:00,19.01,72.83,10.93,0.10033045713236644
2024-07-01T14:00:00,19.01,72.85,19.79,0.18165962915366257
2024-07-01T14:00:00,19.01,72.87,15.16,0.13915917018542318
2024-07-01T14:00:00,19.01,72.89,4.67,0.042867633559757666
2024-07-01T14:00:00,19.01,72.91,10.95,0.10051404442812557
2024-07-01T14:00:00,19.01,72.93,1.33,0.012208555167982376
2024-07-01T14:00:00,19.01,72.95,14.69,0.13484486873508353
2024-07-01T14:00:00,19.01,72.97,34.34,0.3152193868184322
2024-07-01T14:00:00,19.01,72.99,8.92,0.08187993390857352
2024-07-01T14:00:00,19.03,72.77,22.97,0.21085000917936478
2024-07-01T14:00:00,19.03,72.79,2.46,0.022581237378373416
2024-07-01T14:00:00,19.03,72.81,3.5,0.03212777675784836
2024-07-01T14:00:00,19.03,72.83,6.4,0.05874793464292272
2024-07-01T14:00:00,19.03,72.85,7.19,0.06599963282540848
2024-07-01T14:00:00,19.03,72.87,10.01,0.09188544152744631
2024-07-01T14:00:00,19.03,72.89,4.69,0.043051220855516804
2024-07-01T14:00:00,19.03,72.91,8.47,0.07774921975399303
2024-07-01T14:00:00,19.03,72.93,14.59,0.13392693225628788
2024-07-01T14:00:00,19.03,72.95,10.53,0.09665871121718377
2024-07-01T14:00:00,19.03,72.97,5.38,0.049384982559206904
2024-07-01T14:00:00,19.03,72.99,12.05,0.11061134569487792
2024-07-01T14:00:00,19.05,72.77,6.58,0.06040022030475491
2024-07-01T14:00:00,19.05,72.79,9.46,0.08683679089407013
2024-07-01T14:00:00,19.05,72.81,16.21,0.14879750321277768
2024-07-01T14:00:00,19.05,72.83,7.23,0.06636680741692676
2024-07-01T14:00:00,19.05,72.85,2.65,0.024325316688085186
2024-07-01T14:00:00,19.05,72.87,8.31,0.07628052138791996
2024-07-01T14:00:00,19.05,72.89,14.74,0.13530383697448137
2024-07-01T14:00:00,19.05,72.91,15.36,0.1409950431430145
2024-07-01T14:00:00,19.05,72.93,2.93,0.026895538828713057
2024-07-01T14:00:00,19.05,72.95,12.08,0.11088672663851662
2024-07-01T14:00:00,19.05,72.97,5.96,0.05470901413622178
2024-07-01T14:00:00,19.05,72.99,18.66,0.17128694694327154
2024-07-01T14:00:00,19.07,72.77,3.04,0.02790526895538829
2024-07-01T14:00:00,19.07,72.79,14.39,0.13209105929869655
2024-07-01T14:00:00,19.07,72.81,6.49,0.05957407747383881
2024-07-01T14:00:00,19.07,72.83,5.11,0.046906554066458606
2024-07-01T14:00:00,19.07,72.85,15.83,0.14530934459335415
2024-07-01T14:00:00,19.07,72.87,17.12,0.15715072516981826
2024-07-01T14:00:00,19.07,72.89,0.96,0.008812190196438406
2024-07-01T14:00:00,19.07,72.91,14.98,0.13750688452359097
2024-07-01T14:00:00,19.07,72.93,7.09,0.06508169634661282
2024-07-01T14:00:00,19.07,72.95,7.51,0.06893702955755461
2024-07-01T14:00:00,19.07,72.97,2.27,0.02083715806866165
2024-07-01T14:00:00,19.07,72.99,11.03,0.1012483936111621
2024-07-01T14:00:00,19.09,72.77,37.52,0.34440976684413444
2024-07-01T14:00:00,19.09,72.79,5.71,0.0524141729392326
2024-07-01T14:00:00,19.09,72.81,19.72,0.18101707361850558
2024-07-01T14:00:00,19.09,72.83,8.32,0.07637231503579953
2024-07-01T14:00:00,19.09,72.85,5.42,0.049752157150725174
2024-07-01T14:00:00,19.09,72.87,2.04,0.018725904167431615
2024-07-01T14:00:00,19.09,72.89,19.54,0.1793647879566734
2024-07-01T14:00:00,19.09,72.91,8.3,0.0761887277400404
2024-07-01T14:00:00,19.09,72.93,5.19,0.04764090324949514
2024-07-01T14:00:00,19.09,72.95,5.82,0.05342390306590784
2024-07-01T14:00:00,19.09,72.97,11.83,0.10859188544152745
2024-07-01T14:00:00,19.09,72.99,4.94,0.04534606205250597
2024-07-01T14:00:00,19.11,72.77,4.03,0.0369928400954654
2024-07-01T14:00:00,19.11,72.79,8.11,0.07444464843032862
2024-07-01T14:00:00,19.11,72.81,7.68,0.07049752157150725
2024-07-01T14:00:00,19.11,72.83,7.34,0.06737653754360198
2024-07-01T14:00:00,19.11,72.85,5.71,0.0524141729392326
2024-07-01T14:00:00,19.11,72.87,18.66,0.17128694694327154
2024-07-01T14:00:00,19.11,72.89,39.43,0.3619423535891316
2024-07-01T14:00:00,19.11,72.91,2.99,0.027446300715990454
2024-07-01T14:00:00,19.11,72.93,0.75,0.006884523590967505
2024-07-01T14:00:00,19.11,72.95,6.09,0.05590233155865614
2024-07-01T14:00:00,19.11,72.97,0.84,0.007710666421883606
2024-07-01T14:00:00,19.11,72.99,1.64,0.015054158252248944
2024-07-01T14:00:00,19.13,72.77,5.98,0.05489260143198091
2024-07-01T14:00:00,19.13,72.79,14.43,0.1324582338902148
2024-07-01T14:00:00,19.13,72.81,7.06,0.06480631540297412
2024-07-01T14:00:00,19.13,72.83,0.56,0.0051404442812557375
2024-07-01T14:00:00,19.13,72.85,6.62,0.06076739489627318
2024-07-01T14:00:00,19.13,72.87,6.85,0.06287864879750321
2024-07-01T14:00:00,19.13,72.89,6.79,0.06232788691022582
2024-07-01T14:00:00,19.13,72.91,16.12,0.1479713603818616
2024-07-01T14:00:00,19.13,72.93,14.05,0.12897007527079127
2024-07-01T14:00:00,19.13,72.95,7.76,0.07123187075454379
2024-07-01T14:00:00,19.13,72.97,25.95,0.23820451624747568
2024-07-01T14:00:00,19.13,72.99,4.64,0.042592252616118965
2024-07-01T14:00:00,19.15,72.77,8.29,0.07609693409216081
2024-07-01T14:00:00,19.15,72.79,8.7,0.07986047365522306
2024-07-01T14:00:00,19.15,72.81,2.18,0.02001101523774555
2024-07-01T14:00:00,19.15,72.83,8.34,0.07655590233155865
2024-07-01T14:00:00,19.15,72.85,1.67,0.015329539195887644
2024-07-01T14:00:00,19.15,72.87,4.52,0.04149072884156416
2024-07-01T14:00:00,19.15,72.89,8.51,0.07811639434551129
2024-07-01T14:00:00,19.15,72.91,2.27,0.02083715806866165
2024-07-01T14:00:00,19.15,72.93,9.56,0.0877547273728658
2024-07-01T14:00:00,19.15,72.95,3.62,0.03322930053240316
2024-07-01T14:00:00,19.15,72.97,5.37,0.049293188911327335
2024-07-01T14:00:00,19.15,72.99,10.28,0.0943638700201946
2024-07-01T14:00:00,19.17,72.77,8.59,0.07885074352854783
2024-07-01T14:00:00,19.17,72.79,11.14,0.10225812373783735
2024-07-01T14:00:00,19.17,72.81,11.88,0.10905085368092529
2024-07-01T14:00:00,19.17,72.83,7.74,0.07104828345878465
2024-07-01T14:00:00,19.17,72.85,10.68,0.09803561593537727
2024-07-01T14:00:00,19.17,72.87,4.46,0.04093996695428676
2024-07-01T14:00:00,19.17,72.89,11.13,0.10216633008995779
2024-07-01T14:00:00,19.17,72.91,6.35,0.05828896640352487
2024-07-01T14:00:00,19.17,72.93,17.84,0.16375986781714705
2024-07-01T14:00:00,19.17,72.95,8.16,0.07490361666972646
2024-07-01T14:00:00,19.17,72.97,4.56,0.041857903433082426
2024-07-01T14:00:00,19.17,72.99,10.32,0.09473104461171288
2024-07-01T14:00:00,19.19,72.77,22.49,0.20644391408114557
2024-07-01T14:00:00,19.19,72.79,6.03,0.05535156967137874
2024-07-01T14:00:00,19.19,72.81,5.06,0.04644758582706077
2024-07-01T14:00:00,19.19,72.83,0.28,0.0025702221406278688
2024-07-01T14:00:00,19.19,72.85,9.03,0.08288966403524875
2024-07-01T14:00:00,19.19,72.87,6.11,0.05608591885441528
2024-07-01T14:00:00,19.19,72.89,11.24,0.10317606021663302
2024-07-01T14:00:00,19.19,72.91,11.18,0.1026252983293556
2024-07-01T14:00:00,19.19,72.93,1.99,0.01826693592803378
2024-07-01T14:00:00,19.19,72.95,13.76,0.12630805948228382
2024-07-01T14:00:00,19.19,72.97,3.73,0.03423903065907839
2024-07-01T14:00:00,19.19,72.99,4.87,0.044703506517349
2024-07-01T14:00:00,19.21,72.77,11.75,0.10785753625849091
2024-07-01T14:00:00,19.21,72.79,3.26,0.029924729208738753
2024-07-01T14:00:00,19.21,72.81,5.1,0.04681476041857903
2024-07-01T14:00:00,19.21,72.83,2.81,0.025794015054158254
2024-07-01T14:00:00,19.21,72.85,16.19,0.14861391591701856
2024-07-01T14:00:00,19.21,72.87,5.83,0.053515696713787406
2024-07-01T14:00:00,19.21,72.89,2.36,0.02166330089957775
2024-07-01T14:00:00,19.21,72.91,2.48,0.02276482467413255
2024-07-01T14:00:00,19.21,72.93,13.21,0.12125940884890767
2024-07-01T14:00:00,19.21,72.95,3.49,0.032035983109968795
2024-07-01T14:00:00,19.21,72.97,4.85,0.04451991922158986
2024-07-01T14:00:00,19.21,72.99,7.33,0.06728474389572242
2024-07-01T14:00:00,19.23,72.77,7.1,0.06517348999449238
2024-07-01T14:00:00,19.23,72.79,1.3,0.011933174224343677
2024-07-01T14:00:00,19.23,72.81,13.4,0.12300348815861943
2024-07-01T14:00:00,19.23,72.83,6.88,0.06315402974114191
2024-07-01T14:00:00,19.23,72.85,10.16,0.09326234624563981
2024-07-01T14:00:00,19.23,72.87,13.04,0.11969891683495501
2024-07-01T14:00:00,19.23,72.89,0.84,0.007710666421883606
2024-07-01T14:00:00,19.23,72.91,12.57,0.11538461538461539
2024-07-01T14:00:00,19.23,72.93,33.28,0.3054892601431981
2024-07-01T14:00:00,19.23,72.95,9.88,0.09069212410501194
2024-07-01T14:00:00,19.23,72.97,17.43,0.15999632825408483
2024-07-01T14:00:00,19.23,72.99,13.82,0.12685882136956123
2024-07-01T14:00:00,19.25,72.77,14.72,0.13512024967872224
2024-07-01T14:00:00,19.25,72.79,17.63,0.16183220121167616
2024-07-01T14:00:00,19.25,72.81,19.13,0.17560124839361116
2024-07-01T14:00:00,19.25,72.83,19.1,0.17532586744997247
2024-07-01T14:00:00,19.25,72.85,2.65,0.024325316688085186
2024-07-01T14:00:00,19.25,72.87,16.49,0.15136772535340554
2024-07-01T14:00:00,19.25,72.89,6.33,0.058105379107765746
2024-07-01T14:00:00,19.25,72.91,17.83,0.16366807416926749
2024-07-01T14:00:00,19.25,72.93,10.7,0.0982192032311364
2024-07-01T14:00:00,19.25,72.95,2.35,0.021571507251698183
2024-07-01T14:00:00,19.25,72.97,18.5,0.16981824857719846
2024-07-01T14:00:00,19.25,72.99,3.69,0.03387185606756012
2024-07-01T15:00:00,18.87,72.77,8.3,0.0761887277400404
2024-07-01T15:00:00,18.87,72.79,30.52,0.28015421332843765
2024-07-01T15:00:00,18.87,72.81,11.14,0.10225812373783735
2024-07-01T15:00:00,18.87,72.83,7.32,0.06719295024784286
2024-07-01T15:00:00,18.87,72.85,8.92,0.08187993390857352
2024-07-01T15:00:00,18.87,72.87,6.84,0.06278685514962365
2024-07-01T15:00:00,18.87,72.89,15.92,0.14613548742427024
2024-07-01T15:00:00,18.87,72.91,6.71,0.06159353772718928
2024-07-01T15:00:00,18.87,72.93,8.4,0.07710666421883607
2024-07-01T15:00:00,18.87,72.95,12.94,0.11878098035615935
2024-07-01T15:00:00,18.87,72.97,11.74,0.10776574261061135
2024-07-01T15:00:00,18.87,72.99,4.6,0.042225078024600696
2024-07-01T15:00:00,18.89,72.77,18.9,0.17348999449238112
2024-07-01T15:00:00,18.89,72.79,6.69,0.06140995043143015
2024-07-01T15:00:00,18.89,72.81,3.98,0.03653387185606756
2024-07-01T15:00:00,18.89,72.83,1.6,0.01468698366073068
2024-07-01T15:00:00,18.89,72.85,8.21,0.0753625849091243
2024-07-01T15:00:00,18.89,72.87,1.92,0.017624380392876813
2024-07-01T15:00:00,18.89,72.89,4.43,0.04066458601064806
2024-07-01T15:00:00,18.89,72.91,8.73,0.08013585459886176
2024-07-01T15:00:00,18.89,72.93,19.0,0.1744079309711768
2024-07-01T15:00:00,18.89,72.95,6.8,0.06241968055810538
2024-07-01T15:00:00,18.89,72.97,2.17,0.01991922158986598
2024-07-01T15:00:00,18.89,72.99,7.59,0.06967137874059115
2024-07-01T15:00:00,18.91,72.77,22.65,0.20791261244721865
2024-07-01T15:00:00,18.91,72.79,8.06,0.0739856801909308
2024-07-01T15:00:00,18.91,72.81,24.42,0.224160088121902
2024-07-01T15:00:00,18.91,72.83,9.54,0.08757114007710666
2024-07-01T15:00:00,18.91,72.85,15.64,0.14356526528364238
2024-07-01T15:00:00,18.91,72.87,10.88,0.09987148889296861
2024-07-01T15:00:00,18.91,72.89,21.36,0.19607123187075454
2024-07-01T15:00:00,18.91,72.91,33.13,0.30411235542500464
2024-07-01T15:00:00,18.91,72.93,5.88,0.05397466495318524
2024-07-01T15:00:00,18.91,72.95,9.61,0.08821369561226362
2024-07-01T15:00:00,18.91,72.97,18.35,0.16844134385900497
2024-07-01T15:00:00,18.91,72.99,9.99,0.09170185423168717
2024-07-01T15:00:00,18.93,72.77,1.65,0.015145951900128511
2024-07-01T15:00:00,18.93,72.79,8.16,0.07490361666972646
2024-07-01T15:00:00,18.93,72.81,12.0,0.11015237745548008
2024-07-01T15:00:00,18.93,72.83,27.3,0.25059665871121717
2024-07-01T15:00:00,18.93,72.85,10.23,0.09390490178079677
2024-07-01T15:00:00,18.93,72.87,4.26,0.03910409399669543
2024-07-01T15:00:00,18.93,72.89,11.04,0.10134018725904168
2024-07-01T15:00:00,18.93,72.91,23.21,0.2130530567284744
2024-07-01T15:00:00,18.93,72.93,5.13,0.04709014136221774
2024-07-01T15:00:00,18.93,72.95,5.61,0.05149623646043694
2024-07-01T15:00:00,18.93,72.97,5.02,0.0460804112355425
2024-07-01T15:00:00,18.93,72.99,2.45,0.02248944373049385
2024-07-01T15:00:00,18.95,72.77,11.11,0.10198274279419864
2024-07-01T15:00:00,18.95,72.79,9.82,0.09014136221773454
2024-07-01T15:00:00,18.95,72.81,1.76,0.016155682026803744
2024-07-01T15:00:00,18.95,72.83,4.8,0.04406095098219203
2024-07-01T15:00:00,18.95,72.85,10.9,0.10005507618872775
2024-07-01T15:00:00,18.95,72.87,15.01,0.13778226546722966
2024-07-01T15:00:00,18.95,72.89,17.56,0.16118964567651917
2024-07-01T15:00:00,18.95,72.91,15.2,0.13952634477694142
2024-07-01T15:00:00,18.95,72.93,8.66,0.0794932990637048
2024-07-01T15:00:00,18.95,72.95,2.12,0.019460253350468148
2024-07-01T15:00:00,18.95,72.97,7.0,0.06425555351569671
2024-07-01T15:00:00,18.95,72.99,0.47,0.004314301450339637
2024-07-01T15:00:00,18.97,72.77,12.29,0.11281439324398751
2024-07-01T15:00:00,18.97,72.79,5.9,0.054158252248944376
2024-07-01T15:00:00,18.97,72.81,1.04,0.00954653937947494
2024-07-01T15:00:00,18.97,72.83,12.79,0.11740407563796584
2024-07-01T15:00:00,18.97,72.85,24.62,0.22599596107949332
2024-07-01T15:00:00,18.97,72.87,1.95,0.017899761336515514
2024-07-01T15:00:00,18.97,72.89,12.61,0.11575178997613365
2024-07-01T15:00:00,18.97,72.91,6.41,0.05883972829080228
2024-07-01T15:00:00,18.97,72.93,4.49,0.04121534789792547
2024-07-01T15:00:00,18.97,72.95,4.42,0.0405727923627685
2024-07-01T15:00:00,18.97,72.97,6.08,0.05581053791077658
2024-07-01T15:00:00,18.97,72.99,5.97,0.05480080778410134
2024-07-01T15:00:00,18.99,72.77,10.28,0.0943638700201946
2024-07-01T15:00:00,18.99,72.79,4.87,0.044703506517349
2024-07-01T15:00:00,18.99,72.81,5.65,0.05186341105195521
2024-07-01T15:00:00,18.99,72.83,14.48,0.13291720212961264
2024-07-01T15:00:00,18.99,72.85,4.12,0.03781898292638149
2024-07-01T15:00:00,18.99,72.87,11.19,0.10271709197723518
2024-07-01T15:00:00,18.99,72.89,6.82,0.06260326785386451
2024-07-01T15:00:00,18.99,72.91,5.61,0.05149623646043694
2024-07-01T15:00:00,18.99,72.93,27.5,0.2524325316688085
2024-07-01T15:00:00,18.99,72.95,2.59,0.023774554800807784
2024-07-01T15:00:00,18.99,72.97,22.84,0.2096566917569304
2024-07-01T15:00:00,18.99,72.99,14.82,0.1360381861575179
2024-07-01T15:00:00,19.01,72.77,6.23,0.05718744262897008
2024-07-01T15:00:00,19.01,72.79,18.82,0.1727556453093446
2024-07-01T15:00:00,19.01,72.81,0.27,0.002478428492748302
2024-07-01T15:00:00,19.01,72.83,5.24,0.04809987148889297
2024-07-01T15:00:00,19.01,72.85,4.17,0.038277951165779325
2024-07-01T15:00:00,19.01,72.87,12.27,0.11263080594822839
2024-07-01T15:00:00,19.01,72.89,14.88,0.13658894804479532
2024-07-01T15:00:00,19.01,72.91,11.61,0.10657242518817697
2024-07-01T15:00:00,19.01,72.93,9.53,0.0874793464292271
2024-07-01T15:00:00,19.01,72.95,16.31,0.14971543969157333
2024-07-01T15:00:00,19.01,72.97,14.51,0.13319258307325132
2024-07-01T15:00:00,19.01,72.99,4.75,0.0436019827427942
2024-07-01T15:00:00,19.03,72.77,6.71,0.06159353772718928
2024-07-01T15:00:00,19.03,72.79,17.1,0.15696713787405914
2024-07-01T15:00:00,19.03,72.81,9.59,0.0880301083165045
2024-07-01T15:00:00,19.03,72.83,9.83,0.0902331558656141
2024-07-01T15:00:00,19.03,72.85,10.54,0.09675050486506333
2024-07-01T15:00:00,19.03,72.87,1.51,0.013860840829814577
2024-07-01T15:00:00,19.03,72.89,4.99,0.0458050302919038
2024-07-01T15:00:00,19.03,72.91,12.49,0.11465026620157885
2024-07-01T15:00:00,19.03,72.93,4.76,0.04369377639067377
2024-07-01T15:00:00,19.03,72.95,7.05,0.06471452175509455
2024-07-01T15:00:00,19.03,72.97,11.79,0.10822471085000918
2024-07-01T15:00:00,19.03,72.99,16.42,0.1507251698182486
2024-07-01T15:00:00,19.05,72.77,22.86,0.20984027905268957
2024-07-01T15:00:00,19.05,72.79,22.99,0.2110335964751239
2024-07-01T15:00:00,19.05,72.81,8.89,0.08160455296493484
2024-07-01T15:00:00,19.05,72.83,7.95,0.07297595006425556
2024-07-01T15:00:00,19.05,72.85,3.24,0.029741141912979625
2024-07-01T15:00:00,19.05,72.87,24.13,0.22149807233339452
2024-07-01T15:00:00,19.05,72.89,7.14,0.06554066458601064
2024-07-01T15:00:00,19.05,72.91,22.75,0.20883054892601433
2024-07-01T15:00:00,19.05,72.93,10.73,0.09849458417477511
2024-07-01T15:00:00,19.05,72.95,17.48,0.16045529649348267
2024-07-01T15:00:00,19.05,72.97,7.87,0.07224160088121902
2024-07-01T15:00:00,19.05,72.99,12.46,0.11437488525794016
2024-07-01T15:00:00,19.07,72.77,22.3,0.20469983477143383
2024-07-01T15:00:00,19.07,72.79,6.8,0.06241968055810538
2024-07-01T15:00:00,19.07,72.81,22.39,0.20552597760234992
2024-07-01T15:00:00,19.07,72.83,3.78,0.034697998898476225
2024-07-01T15:00:00,19.07,72.85,29.46,0.2704240866532036
2024-07-01T15:00:00,19.07,72.87,10.32,0.09473104461171288
2024-07-01T15:00:00,19.07,72.89,5.05,0.0463557921791812
2024-07-01T15:00:00,19.07,72.91,15.64,0.14356526528364238
2024-07-01T15:00:00,19.07,72.93,11.1,0.10189094914631908
2024-07-01T15:00:00,19.07,72.95,1.48,0.013585459886175877
2024-07-01T15:00:00,19.07,72.97,6.08,0.05581053791077658
2024-07-01T15:00:00,19.07,72.99,3.37,0.030934459335413993
2024-07-01T15:00:00,19.09,72.77,4.7,0.04314301450339637
2024-07-01T15:00:00,19.09,72.79,4.4,0.04038920506700937
2024-07-01T15:00:00,19.09,72.81,14.55,0.1335597576647696
2024-07-01T15:00:00,19.09,72.83,18.1,0.1661465026620158
2024-07-01T15:00:00,19.09,72.85,4.88,0.04479530016522856
2024-07-01T15:00:00,19.09,72.87,1.14,0.010464475858270606
2024-07-01T15:00:00,19.09,72.89,32.51,0.29842114925647145
2024-07-01T15:00:00,19.09,72.91,9.97,0.09151826693592804
2024-07-01T15:00:00,19.09,72.93,15.43,0.14163759867817147
2024-07-01T15:00:00,19.09,72.95,7.29,0.06691756930420414
2024-07-01T15:00:00,19.09,72.97,0.77,0.007068110886726639
2024-07-01T15:00:00,19.09,72.99,11.2,0.10280888562511474
2024-07-01T15:00:00,19.11,72.77,30.81,0.2828162291169451
2024-07-01T15:00:00,19.11,72.79,6.04,0.05544336331925831
2024-07-01T15:00:00,19.11,72.81,0.78,0.007159904534606206
2024-07-01T15:00:00,19.11,72.83,3.31,0.03038369744813659
2024-07-01T15:00:00,19.11,72.85,17.39,0.15962915366256655
2024-07-01T15:00:00,19.11,72.87,11.74,0.10776574261061135
2024-07-01T15:00:00,19.11,72.89,20.3,0.18634110519552047
2024-07-01T15:00:00,19.11,72.91,8.9,0.0816963466128144
2024-07-01T15:00:00,19.11,72.93,14.13,0.1297044244538278
2024-07-01T15:00:00,19.11,72.95,6.03,0.05535156967137874
2024-07-01T15:00:00,19.11,72.97,3.08,0.028272443546906556
2024-07-01T15:00:00,19.11,72.99,13.48,0.12373783734165597
2024-07-01T15:00:00,19.13,72.77,19.76,0.18138424821002389
2024-07-01T15:00:00,19.13,72.79,6.17,0.056636680741692674
2024-07-01T15:00:00,19.13,72.81,27.23,0.24995410317606023
2024-07-01T15:00:00,19.13,72.83,26.97,0.24756746833119148
2024-07-01T15:00:00,19.13,72.85,4.07,0.03736001468698366
2024-07-01T15:00:00,19.13,72.87,4.15,0.0380943638700202
2024-07-01T15:00:00,19.13,72.89,4.23,0.03882871305305673
2024-07-01T15:00:00,19.13,72.91,8.0,0.07343491830365338
2024-07-01T15:00:00,19.13,72.93,6.39,0.05865614099504314
2024-07-01T15:00:00,19.13,72.95,2.48,0.02276482467413255
2024-07-01T15:00:00,19.13,72.97,4.04,0.03708463374334496
2024-07-01T15:00:00,19.13,72.99,0.78,0.007159904534606206
2024-07-01T15:00:00,19.15,72.77,1.27,0.011657793280704976
2024-07-01T15:00:00,19.15,72.79,2.42,0.02221406278685515
2024-07-01T15:00:00,19.15,72.81,34.66,0.31815678355057825
2024-07-01T15:00:00,19.15,72.83,31.05,0.2850192766660547
2024-07-01T15:00:00,19.15,72.85,16.07,0.14751239214246376
2024-07-01T15:00:00,19.15,72.87,5.58,0.05122085551679824
2024-07-01T15:00:00,19.15,72.89,2.09,0.019184872406829447
2024-07-01T15:00:00,19.15,72.91,8.76,0.08041123554250046
2024-07-01T15:00:00,19.15,72.93,12.0,0.11015237745548008
2024-07-01T15:00:00,19.15,72.95,4.46,0.04093996695428676
2024-07-01T15:00:00,19.15,72.97,11.15,0.10234991738571692
2024-07-01T15:00:00,19.15,72.99,2.79,0.02561042775839912
2024-07-01T15:00:00,19.17,72.77,6.54,0.060033045713236644
2024-07-01T15:00:00,19.17,72.79,8.36,0.07673948962731779
2024-07-01T15:00:00,19.17,72.81,32.56,0.2988801174958693
2024-07-01T15:00:00,19.17,72.83,4.61,0.042316871672480265
2024-07-01T15:00:00,19.17,72.85,13.03,0.11960712318707545
2024-07-01T15:00:00,19.17,72.87,3.79,0.034789792546355794
2024-07-01T15:00:00,19.17,72.89,3.24,0.029741141912979625
2024-07-01T15:00:00,19.17,72.91,4.61,0.042316871672480265
2024-07-01T15:00:00,19.17,72.93,8.82,0.08096199742977786
2024-07-01T15:00:00,19.17,72.95,25.3,0.23223792913530386
2024-07-01T15:00:00,19.17,72.97,4.98,0.04571323664402424
2024-07-01T15:00:00,19.17,72.99,15.45,0.1418211859739306
2024-07-01T15:00:00,19.19,72.77,35.79,0.32852946576096936
2024-07-01T15:00:00,19.19,72.79,12.47,0.11446667890581973
2024-07-01T15:00:00,19.19,72.81,21.06,0.19331742243436753
2024-07-01T15:00:00,19.19,72.83,4.82,0.04424453827795117
2024-07-01T15:00:00,19.19,72.85,12.78,0.11731228199008628
2024-07-01T15:00:00,19.19,72.87,14.86,0.13640536074903617
2024-07-01T15:00:00,19.19,72.89,2.5,0.022948411969891683
2024-07-01T15:00:00,19.19,72.91,4.0,0.03671745915182669
2024-07-01T15:00:00,19.19,72.93,6.8,0.06241968055810538
2024-07-01T15:00:00,19.19,72.95,4.56,0.041857903433082426
2024-07-01T15:00:00,19.19,72.97,7.22,0.06627501376904718
2024-07-01T15:00:00,19.19,72.99,1.96,0.01799155498439508
2024-07-01T15:00:00,19.21,72.77,33.48,0.3073251331007894
2024-07-01T15:00:00,19.21,72.79,20.62,0.18927850192766663
2024-07-01T15:00:00,19.21,72.81,69.67,0.6395263447769415
2024-07-01T15:00:00,19.21,72.83,3.03,0.02781347530750872
2024-07-01T15:00:00,19.21,72.85,13.15,0.12070864696163026
2024-07-01T15:00:00,19.21,72.87,4.98,0.04571323664402424
2024-07-01T15:00:00,19.21,72.89,3.22,0.02955755461722049
2024-07-01T15:00:00,19.21,72.91,17.04,0.1564163759867817
2024-07-01T15:00:00,19.21,72.93,9.05,0.0830732513310079
2024-07-01T15:00:00,19.21,72.95,6.32,0.05801358545988618
2024-07-01T15:00:00,19.21,72.97,10.39,0.09537360014686984
2024-07-01T15:00:00,19.21,72.99,3.89,0.035707729025151465
2024-07-01T15:00:00,19.23,72.77,4.85,0.04451991922158986
2024-07-01T15:00:00,19.23,72.79,5.73,0.05259776023499174
2024-07-01T15:00:00,19.23,72.81,21.95,0.20148705709564899
2024-07-01T15:00:00,19.23,72.83,20.16,0.18505599412520654
2024-07-01T15:00:00,19.23,72.85,2.82,0.025885808702037817
2024-07-01T15:00:00,19.23,72.87,28.26,0.2594088489076556
2024-07-01T15:00:00,19.23,72.89,8.81,0.0808702037818983
2024-07-01T15:00:00,19.23,72.91,12.14,0.11143748852579402
2024-07-01T15:00:00,19.23,72.93,4.69,0.043051220855516804
2024-07-01T15:00:00,19.23,72.95,8.66,0.0794932990637048
2024-07-01T15:00:00,19.23,72.97,2.97,0.027262713420231323
2024-07-01T15:00:00,19.23,72.99,4.2,0.03855333210941803
2024-07-01T15:00:00,19.25,72.77,19.3,0.1771617404075638
2024-07-01T15:00:00,19.25,72.79,19.0,0.1744079309711768
2024-07-01T15:00:00,19.25,72.81,14.18,0.13016339269322563
2024-07-01T15:00:00,19.25,72.83,6.82,0.06260326785386451
2024-07-01T15:00:00,19.25,72.85,2.77,0.025426840462639985
2024-07-01T15:00:00,19.25,72.87,21.99,0.20185423168716723
2024-07-01T15:00:00,19.25,72.89,17.54,0.16100605838076004
2024-07-01T15:00:00,19.25,72.91,1.28,0.011749586928584542
2024-07-01T15:00:00,19.25,72.93,16.21,0.14879750321277768
2024-07-01T15:00:00,19.25,72.95,6.32,0.05801358545988618
2024-07-01T15:00:00,19.25,72.97,13.82,0.12685882136956123
2024-07-01T15:00:00,19.25,72.99,1.99,0.01826693592803378
2024-07-01T16:00:00,18.87,72.77,6.87,0.06306223609326235
2024-07-01T16:00:00,18.87,72.79,12.63,0.11593537727189279
2024-07-01T16:00:00,18.87,72.81,35.93,0.3298145768312833
2024-07-01T16:00:00,18.87,72.83,11.94,0.10960161556820268
2024-07-01T16:00:00,18.87,72.85,23.09,0.21195153295391958
2024-07-01T16:00:00,18.87,72.87,12.55,0.11520102808885627
2024-07-01T16:00:00,18.87,72.89,11.94,0.10960161556820268
2024-07-01T16:00:00,18.87,72.91,14.91,0.136864328988434
2024-07-01T16:00:00,18.87,72.93,9.46,0.08683679089407013
2024-07-01T16:00:00,18.87,72.95,17.38,0.159537360014687
2024-07-01T16:00:00,18.87,72.97,3.64,0.03341288782816229
2024-07-01T16:00:00,18.87,72.99,9.06,0.08316504497888746
2024-07-01T16:00:00,18.89,72.77,40.43,0.3711217183770883
2024-07-01T16:00:00,18.89,72.79,25.84,0.23719478612080044
2024-07-01T16:00:00,18.89,72.81,14.47,0.13282540848173308
2024-07-01T16:00:00,18.89,72.83,22.1,0.2028639618138425
2024-07-01T16:00:00,18.89,72.85,29.81,0.2736368643289884
2024-07-01T16:00:00,18.89,72.87,1.29,0.01184138057646411
2024-07-01T16:00:00,18.89,72.89,8.25,0.07572975950064256
2024-07-01T16:00:00,18.89,72.91,5.7,0.05232237929135304
2024-07-01T16:00:00,18.89,72.93,2.57,0.02359096750504865
2024-07-01T16:00:00,18.89,72.95,35.53,0.32614283091610063
2024-07-01T16:00:00,18.89,72.97,14.63,0.13429410684780616
2024-07-01T16:00:00,18.89,72.99,18.36,0.16853313750688453
2024-07-01T16:00:00,18.91,72.77,7.12,0.06535707729025152
2024-07-01T16:00:00,18.91,72.79,9.24,0.08481733064071967
2024-07-01T16:00:00,18.91,72.81,11.35,0.10418579034330824
2024-07-01T16:00:00,18.91,72.83,14.87,0.13649715439691573
2024-07-01T16:00:00,18.91,72.85,18.79,0.17248026436570588
2024-07-01T16:00:00,18.91,72.87,17.52,0.16082247108500092
2024-07-01T16:00:00,18.91,72.89,8.55,0.07848356893702957
2024-07-01T16:00:00,18.91,72.91,28.61,0.2626216265834404
2024-07-01T16:00:00,18.91,72.93,24.34,0.22342573893886544
2024-07-01T16:00:00,18.91,72.95,12.1,0.11107031393427574
2024-07-01T16:00:00,18.91,72.97,9.82,0.09014136221773454
2024-07-01T16:00:00,18.91,72.99,7.35,0.06746833119148155
2024-07-01T16:00:00,18.93,72.77,16.35,0.15008261428309164
2024-07-01T16:00:00,18.93,72.79,27.83,0.2554617220488342
2024-07-01T16:00:00,18.93,72.81,11.89,0.10914264732880485
2024-07-01T16:00:00,18.93,72.83,6.96,0.06388837892417845
2024-07-01T16:00:00,18.93,72.85,11.07,0.10161556820268038
2024-07-01T16:00:00,18.93,72.87,13.28,0.12190196438406461
2024-07-01T16:00:00,18.93,72.89,3.67,0.03368826877180099
2024-07-01T16:00:00,18.93,72.91,2.74,0.025151459519001287
2024-07-01T16:00:00,18.93,72.93,6.36,0.05838076005140445
2024-07-01T16:00:00,18.93,72.95,27.54,0.2527997062603268
2024-07-01T16:00:00,18.93,72.97,21.82,0.20029373967321462
2024-07-01T16:00:00,18.93,72.99,1.98,0.018175142280154214
2024-07-01T16:00:00,18.95,72.77,5.31,0.048742427024049934
2024-07-01T16:00:00,18.95,72.79,20.19,0.18533137506884526
2024-07-01T16:00:00,18.95,72.81,8.12,0.07453644207820818
2024-07-01T16:00:00,18.95,72.83,15.53,0.14255553515696714
2024-07-01T16:00:00,18.95,72.85,2.41,0.022122269138975584
2024-07-01T16:00:00,18.95,72.87,10.64,0.097668441343859
2024-07-01T16:00:00,18.95,72.89,9.58,0.08793831466862494
2024-07-01T16:00:00,18.95,72.91,19.71,0.18092527997062605
2024-07-01T16:00:00,18.95,72.93,13.29,0.12199375803194419
2024-07-01T16:00:00,18.95,72.95,10.85,0.09959610794932991
2024-07-01T16:00:00,18.95,72.97,1.63,0.014962364604369376
2024-07-01T16:00:00,18.95,72.99,32.11,0.2947494033412888
2024-07-01T16:00:00,18.97,72.77,19.8,0.18175142280154213
2024-07-01T16:00:00,18.97,72.79,6.39,0.05865614099504314
2024-07-01T16:00:00,18.97,72.81,12.46,0.11437488525794016
2024-07-01T16:00:00,18.97,72.83,8.1,0.07435285478244905
2024-07-01T16:00:00,18.97,72.85,9.17,0.08417477510556269
2024-07-01T16:00:00,18.97,72.87,23.77,0.21819350100973012
2024-07-01T16:00:00,18.97,72.89,4.49,0.04121534789792547
2024-07-01T16:00:00,18.97,72.91,16.97,0.15577382045162474
2024-07-01T16:00:00,18.97,72.93,22.98,0.21094180282724437
2024-07-01T16:00:00,18.97,72.95,14.58,0.1338351386084083
2024-07-01T16:00:00,18.97,72.97,8.46,0.07765742610611347
2024-07-01T16:00:00,18.97,72.99,4.81,0.0441527446300716
2024-07-01T16:00:00,18.99,72.77,6.98,0.06407196621993759
2024-07-01T16:00:00,18.99,72.79,13.05,0.1197907104828346
2024-07-01T16:00:00,18.99,72.81,11.87,0.1089590600330457
2024-07-01T16:00:00,18.99,72.83,20.29,0.1862493115476409
2024-07-01T16:00:00,18.99,72.85,2.61,0.023958142096566916
2024-07-01T16:00:00,18.99,72.87,23.56,0.21626583440425923
2024-07-01T16:00:00,18.99,72.89,50.63,0.4647512392142464
2024-07-01T16:00:00,18.99,72.91,9.6,0.08812190196438406
2024-07-01T16:00:00,18.99,72.93,8.31,0.07628052138791996
2024-07-01T16:00:00,18.99,72.95,8.8,0.08077841013401874
2024-07-01T16:00:00,18.99,72.97,10.36,0.09509821920323114
2024-07-01T16:00:00,18.99,72.99,7.42,0.06811088672663852
2024-07-01T16:00:00,19.01,72.77,1.52,0.013952634477694145
2024-07-01T16:00:00,19.01,72.79,10.44,0.09583256838626766
2024-07-01T16:00:00,19.01,72.81,12.9,0.1184138057646411
2024-07-01T16:00:00,19.01,72.83,26.62,0.24435469065540666
2024-07-01T16:00:00,19.01,72.85,4.65,0.042684046263998535
2024-07-01T16:00:00,19.01,72.87,32.31,0.29658527629888015
2024-07-01T16:00:00,19.01,72.89,7.66,0.07031393427574813
2024-07-01T16:00:00,19.01,72.91,4.85,0.04451991922158986
2024-07-01T16:00:00,19.01,72.93,16.17,0.14843032862125943
2024-07-01T16:00:00,19.01,72.95,6.56,0.060216633008995775
2024-07-01T16:00:00,19.01,72.97,9.25,0.08490912428859923
2024-07-01T16:00:00,19.01,72.99,9.6,0.08812190196438406
2024-07-01T16:00:00,19.03,72.77,19.0,0.1744079309711768
2024-07-01T16:00:00,19.03,72.79,11.08,0.10170736185055994
2024-07-01T16:00:00,19.03,72.81,9.84,0.09032494951349367
2024-07-01T16:00:00,19.03,72.83,8.06,0.0739856801909308
2024-07-01T16:00:00,19.03,72.85,15.72,0.1442996144666789
2024-07-01T16:00:00,19.03,72.87,6.79,0.06232788691022582
2024-07-01T16:00:00,19.03,72.89,25.32,0.23242151643106299
2024-07-01T16:00:00,19.03,72.91,10.37,0.0951900128511107
2024-07-01T16:00:00,19.03,72.93,1.8,0.016522856618322014
2024-07-01T16:00:00,19.03,72.95,12.26,0.11253901230034882
2024-07-01T16:00:00,19.03,72.97,13.55,0.12438039287681293
2024-07-01T16:00:00,19.03,72.99,23.35,0.21433816779878834
2024-07-01T16:00:00,19.05,72.77,6.44,0.05911510923444098
2024-07-01T16:00:00,19.05,72.79,5.44,0.049935744446484305
2024-07-01T16:00:00,19.05,72.81,18.28,0.167798788323848
2024-07-01T16:00:00,19.05,72.83,24.43,0.22425188176978153
2024-07-01T16:00:00,19.05,72.85,5.53,0.05076188727740041
2024-07-01T16:00:00,19.05,72.87,12.92,0.11859739306040022
2024-07-01T16:00:00,19.05,72.89,9.86,0.09050853680925279
2024-07-01T16:00:00,19.05,72.91,5.33,0.04892601431980907
2024-07-01T16:00:00,19.05,72.93,9.04,0.08298145768312833
2024-07-01T16:00:00,19.05,72.95,20.42,0.1874426289700753
2024-07-01T16:00:00,19.05,72.97,9.86,0.09050853680925279
2024-07-01T16:00:00,19.05,72.99,8.26,0.07582155314852213
2024-07-01T16:00:00,19.07,72.77,18.73,0.1719295024784285
2024-07-01T16:00:00,19.07,72.79,26.19,0.2404075637965853
2024-07-01T16:00:00,19.07,72.81,4.83,0.04433633192583073
2024-07-01T16:00:00,19.07,72.83,14.01,0.128602900679273
2024-07-01T16:00:00,19.07,72.85,8.06,0.0739856801909308
2024-07-01T16:00:00,19.07,72.87,10.89,0.09996328254084819
2024-07-01T16:00:00,19.07,72.89,16.82,0.15439691573343126
2024-07-01T16:00:00,19.07,72.91,8.04,0.07380209289517164
2024-07-01T16:00:00,19.07,72.93,9.29,0.0852762988801175
2024-07-01T16:00:00,19.07,72.95,19.28,0.17697815311180468
2024-07-01T16:00:00,19.07,72.97,13.32,0.12226913897558289
2024-07-01T16:00:00,19.07,72.99,8.69,0.0797686800073435
2024-07-01T16:00:00,19.09,72.77,13.49,0.12382963098953553
2024-07-01T16:00:00,19.09,72.79,12.35,0.11336515513126491
2024-07-01T16:00:00,19.09,72.81,1.89,0.017348999449238112
2024-07-01T16:00:00,19.09,72.83,12.48,0.11455847255369929
2024-07-01T16:00:00,19.09,72.85,3.28,0.030108316504497887
2024-07-01T16:00:00,19.09,72.87,23.06,0.2116761520102809
2024-07-01T16:00:00,19.09,72.89,3.05,0.027997062603267852
2024-07-01T16:00:00,19.09,72.91,7.24,0.06645860106480632
2024-07-01T16:00:00,19.09,72.93,6.02,0.05525977602349917
2024-07-01T16:00:00,19.09,72.95,26.79,0.24591518266935927
2024-07-01T16:00:00,19.09,72.97,20.35,0.1868000734349183
2024-07-01T16:00:00,19.09,72.99,0.66,0.006058380760051405
2024-07-01T16:00:00,19.11,72.77,12.02,0.11033596475123922
2024-07-01T16:00:00,19.11,72.79,4.21,0.038645125757297595
2024-07-01T16:00:00,19.11,72.81,12.88,0.11823021846888196
2024-07-01T16:00:00,19.11,72.83,17.8,0.1633926932256288
2024-07-01T16:00:00,19.11,72.85,12.98,0.11914815494767762
2024-07-01T16:00:00,19.11,72.87,17.66,0.16210758215531484
2024-07-01T16:00:00,19.11,72.89,8.39,0.0770148705709565
2024-07-01T16:00:00,19.11,72.91,12.42,0.11400771066642189
2024-07-01T16:00:00,19.11,72.93,16.18,0.14852212226913897
2024-07-01T16:00:00,19.11,72.95,6.76,0.06205250596658711
2024-07-01T16:00:00,19.11,72.97,4.54,0.0416743161373233
2024-07-01T16:00:00,19.11,72.99,5.47,0.050211125390123006
2024-07-01T16:00:00,19.13,72.77,11.06,0.10152377455480081
2024-07-01T16:00:00,19.13,72.79,11.88,0.10905085368092529
2024-07-01T16:00:00,19.13,72.81,14.63,0.13429410684780616
2024-07-01T16:00:00,19.13,72.83,5.88,0.05397466495318524
2024-07-01T16:00:00,19.13,72.85,18.0,0.16522856618322013
2024-07-01T16:00:00,19.13,72.87,33.47,0.30723333945290987
2024-07-01T16:00:00,19.13,72.89,6.31,0.05792179181200661
2024-07-01T16:00:00,19.13,72.91,43.98,0.40370846337433447
2024-07-01T16:00:00,19.13,72.93,34.25,0.31439324398751606
2024-07-01T16:00:00,19.13,72.95,9.82,0.09014136221773454
2024-07-01T16:00:00,19.13,72.97,8.52,0.07820818799339085
2024-07-01T16:00:00,19.13,72.99,5.4,0.04956856985496604
2024-07-01T16:00:00,19.15,72.77,22.34,0.20506700936295208
2024-07-01T16:00:00,19.15,72.79,12.47,0.11446667890581973
2024-07-01T16:00:00,19.15,72.81,13.09,0.12015788507435285
2024-07-01T16:00:00,19.15,72.83,5.35,0.0491096016155682
2024-07-01T16:00:00,19.15,72.85,20.27,0.18606572425188178
2024-07-01T16:00:00,19.15,72.87,8.8,0.08077841013401874
2024-07-01T16:00:00,19.15,72.89,3.97,0.036442078208188
2024-07-01T16:00:00,19.15,72.91,9.58,0.08793831466862494
2024-07-01T16:00:00,19.15,72.93,5.07,0.046539379474940336
2024-07-01T16:00:00,19.15,72.95,24.11,0.2213144850376354
2024-07-01T16:00:00,19.15,72.97,32.82,0.301266752340738
2024-07-01T16:00:00,19.15,72.99,9.15,0.08399118780980357
2024-07-01T16:00:00,19.17,72.77,25.3,0.23223792913530386
2024-07-01T16:00:00,19.17,72.79,24.08,0.22103910409399669
2024-07-01T16:00:00,19.17,72.81,0.15,0.001376904718193501
2024-07-01T16:00:00,19.17,72.83,6.44,0.05911510923444098
2024-07-01T16:00:00,19.17,72.85,11.85,0.10877547273728658
2024-07-01T16:00:00,19.17,72.87,7.48,0.06866164861391592
2024-07-01T16:00:00,19.17,72.89,5.58,0.05122085551679824
2024-07-01T16:00:00,19.17,72.91,21.65,0.19873324765926198
2024-07-01T16:00:00,19.17,72.93,6.8,0.06241968055810538
2024-07-01T16:00:00,19.17,72.95,12.52,0.11492564714521755
2024-07-01T16:00:00,19.17,72.97,19.33,0.1774371213512025
2024-07-01T16:00:00,19.17,72.99,24.3,0.22305856434734717
2024-07-01T16:00:00,19.19,72.77,4.7,0.04314301450339637
2024-07-01T16:00:00,19.19,72.79,4.93,0.045254268404626395
2024-07-01T16:00:00,19.19,72.81,13.49,0.12382963098953553
2024-07-01T16:00:00,19.19,72.83,1.36,0.012483936111621076
2024-07-01T16:00:00,19.19,72.85,4.75,0.0436019827427942
2024-07-01T16:00:00,19.19,72.87,24.3,0.22305856434734717
2024-07-01T16:00:00,19.19,72.89,16.26,0.14925647145217552
2024-07-01T16:00:00,19.19,72.91,9.2,0.08445015604920139
2024-07-01T16:00:00,19.19,72.93,14.01,0.128602900679273
2024-07-01T16:00:00,19.19,72.95,16.1,0.14778777308610247
2024-07-01T16:00:00,19.19,72.97,2.57,0.02359096750504865
2024-07-01T16:00:00,19.19,72.99,6.38,0.05856434734716358
2024-07-01T16:00:00,19.21,72.77,30.53,0.28024600697631724
2024-07-01T16:00:00,19.21,72.79,14.09,0.12933724986230952
2024-07-01T16:00:00,19.21,72.81,14.27,0.13098953552414172
2024-07-01T16:00:00,19.21,72.83,10.77,0.09886175876629337
2024-07-01T16:00:00,19.21,72.85,1.81,0.01661465026620158
2024-07-01T16:00:00,19.21,72.87,6.36,0.05838076005140445
2024-07-01T16:00:00,19.21,72.89,13.96,0.12814393243987518
2024-07-01T16:00:00,19.21,72.91,6.96,0.06388837892417845
2024-07-01T16:00:00,19.21,72.93,3.97,0.036442078208188
2024-07-01T16:00:00,19.21,72.95,4.4,0.04038920506700937
2024-07-01T16:00:00,19.21,72.97,24.43,0.22425188176978153
2024-07-01T16:00:00,19.21,72.99,6.22,0.057095648981090506
2024-07-01T16:00:00,19.23,72.77,26.92,0.24710850009179366
2024-07-01T16:00:00,19.23,72.79,14.76,0.1354874242702405
2024-07-01T16:00:00,19.23,72.81,9.48,0.08702037818982927
2024-07-01T16:00:00,19.23,72.83,5.76,0.052873141178630435
2024-07-01T16:00:00,19.23,72.85,17.35,0.1592619790710483
2024-07-01T16:00:00,19.23,72.87,21.49,0.1972645492931889
2024-07-01T16:00:00,19.23,72.89,17.69,0.16238296309895356
2024-07-01T16:00:00,19.23,72.91,3.01,0.027629888011749586
2024-07-01T16:00:00,19.23,72.93,6.51,0.05975766476959794
2024-07-01T16:00:00,19.23,72.95,7.06,0.06480631540297412
2024-07-01T16:00:00,19.23,72.97,1.25,0.011474205984945841
2024-07-01T16:00:00,19.23,72.99,13.25,0.12162658344042593
2024-07-01T16:00:00,19.25,72.77,18.8,0.17257205801358547
2024-07-01T16:00:00,19.25,72.79,17.76,0.16302551863411055
2024-07-01T16:00:00,19.25,72.81,15.27,0.14016890031209842
2024-07-01T16:00:00,19.25,72.83,8.61,0.07903433082430696
2024-07-01T16:00:00,19.25,72.85,5.41,0.049660363502845604
2024-07-01T16:00:00,19.25,72.87,8.16,0.07490361666972646
2024-07-01T16:00:00,19.25,72.89,13.02,0.11951532953919589
2024-07-01T16:00:00,19.25,72.91,23.82,0.21865246924912796
2024-07-01T16:00:00,19.25,72.93,10.51,0.09647512392142464
2024-07-01T16:00:00,19.25,72.95,10.07,0.09243620341472371
2024-07-01T16:00:00,19.25,72.97,1.39,0.012759317055259775
2024-07-01T16:00:00,19.25,72.99,12.5,0.11474205984945841
2024-07-01T17:00:00,18.87,72.77,33.75,0.3098035615935377
2024-07-01T17:00:00,18.87,72.79,12.11,0.1111621075821553
2024-07-01T17:00:00,18.87,72.81,11.07,0.10161556820268038
2024-07-01T17:00:00,18.87,72.83,9.18,0.08426656875344227
2024-07-01T17:00:00,18.87,72.85,19.98,0.18340370846337434
2024-07-01T17:00:00,18.87,72.87,1.63,0.014962364604369376
2024-07-01T17:00:00,18.87,72.89,25.73,0.2361850559941252
2024-07-01T17:00:00,18.87,72.91,9.47,0.08692858454194971
2024-07-01T17:00:00,18.87,72.93,14.95,0.13723150357995226
2024-07-01T17:00:00,18.87,72.95,19.0,0.1744079309711768
2024-07-01T17:00:00,18.87,72.97,4.81,0.0441527446300716
2024-07-01T17:00:00,18.87,72.99,10.44,0.09583256838626766
2024-07-01T17:00:00,18.89,72.77,11.18,0.1026252983293556
2024-07-01T17:00:00,18.89,72.79,4.67,0.042867633559757666
2024-07-01T17:00:00,18.89,72.81,25.99,0.23857169083899393
2024-07-01T17:00:00,18.89,72.83,9.57,0.08784652102074537
2024-07-01T17:00:00,18.89,72.85,4.12,0.03781898292638149
2024-07-01T17:00:00,18.89,72.87,12.22,0.11217183770883056
2024-07-01T17:00:00,18.89,72.89,2.93,0.026895538828713057
2024-07-01T17:00:00,18.89,72.91,7.83,0.07187442628970075
2024-07-01T17:00:00,18.89,72.93,13.87,0.12731778960895906
2024-07-01T17:00:00,18.89,72.95,2.47,0.022673031026252986
2024-07-01T17:00:00,18.89,72.97,16.93,0.15540664586010647
2024-07-01T17:00:00,18.89,72.99,11.37,0.10436937763906737
2024-07-01T17:00:00,18.91,72.77,23.78,0.2182852946576097
2024-07-01T17:00:00,18.91,72.79,22.84,0.2096566917569304
2024-07-01T17:00:00,18.91,72.81,8.59,0.07885074352854783
2024-07-01T17:00:00,18.91,72.83,8.54,0.07839177528914998
2024-07-01T17:00:00,18.91,72.85,17.18,0.15770148705709566
2024-07-01T17:00:00,18.91,72.87,4.56,0.041857903433082426
2024-07-01T17:00:00,18.91,72.89,4.49,0.04121534789792547
2024-07-01T17:00:00,18.91,72.91,6.75,0.06196071231870755
2024-07-01T17:00:00,18.91,72.93,3.09,0.028364237194786122
2024-07-01T17:00:00,18.91,72.95,3.67,0.03368826877180099
2024-07-01T17:00:00,18.91,72.97,3.73,0.03423903065907839
2024-07-01T17:00:00,18.91,72.99,8.17,0.07499541031760602
2024-07-01T17:00:00,18.93,72.77,10.12,0.09289517165412153
2024-07-01T17:00:00,18.93,72.79,25.47,0.23379842114925647
2024-07-01T17:00:00,18.93,72.81,10.01,0.09188544152744631
2024-07-01T17:00:00,18.93,72.83,11.56,0.10611345694877915
2024-07-01T17:00:00,18.93,72.85,36.76,0.3374334496052873
2024-07-01T17:00:00,18.93,72.87,0.88,0.008077841013401872
2024-07-01T17:00:00,18.93,72.89,13.43,0.12327886910225812
2024-07-01T17:00:00,18.93,72.91,9.48,0.08702037818982927
2024-07-01T17:00:00,18.93,72.93,13.88,0.12740958325683863
2024-07-01T17:00:00,18.93,72.95,6.86,0.06297044244538279
2024-07-01T17:00:00,18.93,72.97,8.37,0.07683128327519735
2024-07-01T17:00:00,18.93,72.99,24.24,0.22250780246006976
2024-07-01T17:00:00,18.95,72.77,19.11,0.17541766109785203
2024-07-01T17:00:00,18.95,72.79,10.68,0.09803561593537727
2024-07-01T17:00:00,18.95,72.81,6.56,0.060216633008995775
2024-07-01T17:00:00,18.95,72.83,4.78,0.0438773636864329
2024-07-01T17:00:00,18.95,72.85,8.02,0.07361850559941252
2024-07-01T17:00:00,18.95,72.87,10.28,0.0943638700201946
2024-07-01T17:00:00,18.95,72.89,35.0,0.3212777675784836
2024-07-01T17:00:00,18.95,72.91,12.46,0.11437488525794016
2024-07-01T17:00:00,18.95,72.93,6.31,0.05792179181200661
2024-07-01T17:00:00,18.95,72.95,0.82,0.007527079126124472
2024-07-01T17:00:00,18.95,72.97,5.38,0.049384982559206904
2024-07-01T17:00:00,18.95,72.99,7.01,0.06434734716357628
2024-07-01T17:00:00,18.97,72.77,16.06,0.14742059849458417
2024-07-01T17:00:00,18.97,72.79,9.0,0.08261428309161006
2024-07-01T17:00:00,18.97,72.81,39.91,0.36634844868735084
2024-07-01T17:00:00,18.97,72.83,10.22,0.09381310813291721
2024-07-01T17:00:00,18.97,72.85,23.96,0.2199375803194419
2024-07-01T17:00:00,18.97,72.87,2.44,0.02239765008261428
2024-07-01T17:00:00,18.97,72.89,10.94,0.10042225078024601
2024-07-01T17:00:00,18.97,72.91,5.72,0.05250596658711217
2024-07-01T17:00:00,18.97,72.93,22.4,0.20561777125022948
2024-07-01T17:00:00,18.97,72.95,7.87,0.07224160088121902
2024-07-01T17:00:00,18.97,72.97,25.07,0.23012667523407382
2024-07-01T17:00:00,18.97,72.99,16.52,0.15164310629704425
2024-07-01T17:00:00,18.99,72.77,8.78,0.08059482283825958
2024-07-01T17:00:00,18.99,72.79,4.98,0.04571323664402424
2024-07-01T17:00:00,18.99,72.81,6.81,0.06251147420598495
2024-07-01T17:00:00,18.99,72.83,9.69,0.08894804479530016
2024-07-01T17:00:00,18.99,72.85,18.83,0.17284743895722415
2024-07-01T17:00:00,18.99,72.87,11.49,0.10547090141362218
2024-07-01T17:00:00,18.99,72.89,20.29,0.1862493115476409
2024-07-01T17:00:00,18.99,72.91,27.82,0.2553699284009547
2024-07-01T17:00:00,18.99,72.93,11.24,0.10317606021663302
2024-07-01T17:00:00,18.99,72.95,4.56,0.041857903433082426
2024-07-01T17:00:00,18.99,72.97,13.88,0.12740958325683863
2024-07-01T17:00:00,18.99,72.99,35.44,0.3253166880851845
2024-07-01T17:00:00,19.01,72.77,24.82,0.22783183403708465
2024-07-01T17:00:00,19.01,72.79,16.1,0.14778777308610247
2024-07-01T17:00:00,19.01,72.81,5.99,0.05498439507986048
2024-07-01T17:00:00,19.01,72.83,10.51,0.09647512392142464
2024-07-01T17:00:00,19.01,72.85,2.68,0.024600697631723886
2024-07-01T17:00:00,19.01,72.87,4.22,0.03873691940517716
2024-07-01T17:00:00,19.01,72.89,15.16,0.13915917018542318
2024-07-01T17:00:00,19.01,72.91,1.95,0.017899761336515514
2024-07-01T17:00:00,19.01,72.93,8.32,0.07637231503579953
2024-07-01T17:00:00,19.01,72.95,3.5,0.03212777675784836
2024-07-01T17:00:00,19.01,72.97,4.01,0.03680925279970626
2024-07-01T17:00:00,19.01,72.99,10.85,0.09959610794932991
2024-07-01T17:00:00,19.03,72.77,7.26,0.06664218836056544
2024-07-01T17:00:00,19.03,72.79,3.44,0.031577014870570956
2024-07-01T17:00:00,19.03,72.81,8.01,0.07352671195153296
2024-07-01T17:00:00,19.03,72.83,3.13,0.028731411786304388
2024-07-01T17:00:00,19.03,72.85,27.11,0.2488525794015054
2024-07-01T17:00:00,19.03,72.87,19.09,0.1752340738020929
2024-07-01T17:00:00,19.03,72.89,18.61,0.1708279787038737
2024-07-01T17:00:00,19.03,72.91,5.54,0.05085368092527997
2024-07-01T17:00:00,19.03,72.93,14.92,0.13695612263631357
2024-07-01T17:00:00,19.03,72.95,12.44,0.11419129796218101
2024-07-01T17:00:00,19.03,72.97,5.61,0.05149623646043694
2024-07-01T17:00:00,19.03,72.99,9.79,0.08986598127409583
2024-07-01T17:00:00,19.05,72.77,2.86,0.026252983293556086
2024-07-01T17:00:00,19.05,72.79,5.1,0.04681476041857903
2024-07-01T17:00:00,19.05,72.81,11.58,0.10629704424453829
2024-07-01T17:00:00,19.05,72.83,8.16,0.07490361666972646
2024-07-01T17:00:00,19.05,72.85,15.25,0.13998531301633926
2024-07-01T17:00:00,19.05,72.87,6.33,0.058105379107765746
2024-07-01T17:00:00,19.05,72.89,8.53,0.07829998164127042
2024-07-01T17:00:00,19.05,72.91,10.93,0.10033045713236644
2024-07-01T17:00:00,19.05,72.93,5.52,0.05067009362952084
2024-07-01T17:00:00,19.05,72.95,7.95,0.07297595006425556
2024-07-01T17:00:00,19.05,72.97,12.18,0.11180466311731228
2024-07-01T17:00:00,19.05,72.99,28.24,0.25922526161189646
2024-07-01T17:00:00,19.07,72.77,6.8,0.06241968055810538
2024-07-01T17:00:00,19.07,72.79,8.69,0.0797686800073435
2024-07-01T17:00:00,19.07,72.81,23.16,0.21259408848907657
2024-07-01T17:00:00,19.07,72.83,26.41,0.24242702404993574
2024-07-01T17:00:00,19.07,72.85,17.38,0.159537360014687
2024-07-01T17:00:00,19.07,72.87,24.68,0.2265467229667707
2024-07-01T17:00:00,19.07,72.89,5.49,0.05039471268588214
2024-07-01T17:00:00,19.07,72.91,22.13,0.2031393427574812
2024-07-01T17:00:00,19.07,72.93,18.38,0.16871672480264366
2024-07-01T17:00:00,19.07,72.95,4.03,0.0369928400954654
2024-07-01T17:00:00,19.07,72.97,8.02,0.07361850559941252
2024-07-01T17:00:00,19.07,72.99,1.07,0.009821920323113641
2024-07-01T17:00:00,19.09,72.77,14.61,0.134110519552047
2024-07-01T17:00:00,19.09,72.79,25.43,0.2334312465577382
2024-07-01T17:00:00,19.09,72.81,8.08,0.07416926748668992
2024-07-01T17:00:00,19.09,72.83,5.1,0.04681476041857903
2024-07-01T17:00:00,19.09,72.85,4.66,0.0427758399118781
2024-07-01T17:00:00,19.09,72.87,11.28,0.10354323480815127
2024-07-01T17:00:00,19.09,72.89,16.48,0.15127593170552597
2024-07-01T17:00:00,19.09,72.91,30.64,0.2812557371029925
2024-07-01T17:00:00,19.09,72.93,1.0,0.009179364787956673
2024-07-01T17:00:00,19.09,72.95,27.18,0.2494951349366624
2024-07-01T17:00:00,19.09,72.97,11.99,0.11006058380760052
2024-07-01T17:00:00,19.09,72.99,19.77,0.18147604185790342
2024-07-01T17:00:00,19.11,72.77,21.61,0.1983660730677437
2024-07-01T17:00:00,19.11,72.79,13.16,0.12080044060950983
2024-07-01T17:00:00,19.11,72.81,12.41,0.11391591701854233
2024-07-01T17:00:00,19.11,72.83,15.97,0.14659445566366808
2024-07-01T17:00:00,19.11,72.85,9.61,0.08821369561226362
2024-07-01T17:00:00,19.11,72.87,9.99,0.09170185423168717
2024-07-01T17:00:00,19.11,72.89,17.06,0.15659996328254083
2024-07-01T17:00:00,19.11,72.91,5.64,0.05177161740407563
2024-07-01T17:00:00,19.11,72.93,22.1,0.2028639618138425
2024-07-01T17:00:00,19.11,72.95,20.51,0.18826877180099139
2024-07-01T17:00:00,19.11,72.97,7.11,0.06526528364237195
2024-07-01T17:00:00,19.11,72.99,15.72,0.1442996144666789
2024-07-01T17:00:00,19.13,72.77,18.44,0.16926748668992106
2024-07-01T17:00:00,19.13,72.79,7.99,0.07334312465577382
2024-07-01T17:00:00,19.13,72.81,19.98,0.18340370846337434
2024-07-01T17:00:00,19.13,72.83,32.45,0.2978703873691941
2024-07-01T17:00:00,19.13,72.85,24.65,0.22627134202313198
2024-07-01T17:00:00,19.13,72.87,3.05,0.027997062603267852
2024-07-01T17:00:00,19.13,72.89,16.06,0.14742059849458417
2024-07-01T17:00:00,19.13,72.91,20.59,0.1890031209840279
2024-07-01T17:00:00,19.13,72.93,6.38,0.05856434734716358
2024-07-01T17:00:00,19.13,72.95,21.72,0.19937580319441894
2024-07-01T17:00:00,19.13,72.97,5.58,0.05122085551679824
2024-07-01T17:00:00,19.13,72.99,8.33,0.07646410868367909
2024-07-01T17:00:00,19.15,72.77,7.31,0.06710115659996328
2024-07-01T17:00:00,19.15,72.79,6.11,0.05608591885441528
2024-07-01T17:00:00,19.15,72.81,16.41,0.150633376170369
2024-07-01T17:00:00,19.15,72.83,3.51,0.03221957040572792
2024-07-01T17:00:00,19.15,72.85,9.96,0.09142647328804848
2024-07-01T17:00:00,19.15,72.87,15.18,0.1393427574811823
2024-07-01T17:00:00,19.15,72.89,6.29,0.05773820451624748
2024-07-01T17:00:00,19.15,72.91,25.18,0.23113640536074903
2024-07-01T17:00:00,19.15,72.93,9.72,0.08922342573893888
2024-07-01T17:00:00,19.15,72.95,31.51,0.2892417844685148
2024-07-01T17:00:00,19.15,72.97,2.7,0.02478428492748302
2024-07-01T17:00:00,19.15,72.99,13.97,0.12823572608775474
2024-07-01T17:00:00,19.17,72.77,15.47,0.14200477326968974
2024-07-01T17:00:00,19.17,72.79,9.49,0.08711217183770883
2024-07-01T17:00:00,19.17,72.81,12.83,0.11777125022948412
2024-07-01T17:00:00,19.17,72.83,18.18,0.16688085184505233
2024-07-01T17:00:00,19.17,72.85,20.11,0.1845970258858087
2024-07-01T17:00:00,19.17,72.87,10.61,0.0973930604002203
2024-07-01T17:00:00,19.17,72.89,15.41,0.14145401138241234
2024-07-01T17:00:00,19.17,72.91,5.61,0.05149623646043694
2024-07-01T17:00:00,19.17,72.93,18.69,0.17156232788691025
2024-07-01T17:00:00,19.17,72.95,27.48,0.2522489443730494
2024-07-01T17:00:00,19.17,72.97,19.03,0.1746833119148155
2024-07-01T17:00:00,19.17,72.99,5.7,0.05232237929135304
2024-07-01T17:00:00,19.19,72.77,5.83,0.053515696713787406
2024-07-01T17:00:00,19.19,72.79,53.93,0.4950431430145034
2024-07-01T17:00:00,19.19,72.81,30.79,0.28263264182118597
2024-07-01T17:00:00,19.19,72.83,20.69,0.1899210574628236
2024-07-01T17:00:00,19.19,72.85,31.84,0.2922709748485405
2024-07-01T17:00:00,19.19,72.87,11.57,0.10620525059665871
2024-07-01T17:00:00,19.19,72.89,19.0,0.1744079309711768
2024-07-01T17:00:00,19.19,72.91,25.01,0.22957591334679642
2024-07-01T17:00:00,19.19,72.93,8.81,0.0808702037818983
2024-07-01T17:00:00,19.19,72.95,15.15,0.1390673765375436
2024-07-01T17:00:00,19.19,72.97,21.98,0.2017624380392877
2024-07-01T17:00:00,19.19,72.99,4.24,0.038920506700936296
2024-07-01T17:00:00,19.21,72.77,9.95,0.09133467964016889
2024-07-01T17:00:00,19.21,72.79,26.55,0.2437121351202497
2024-07-01T17:00:00,19.21,72.81,14.83,0.13612997980539748
2024-07-01T17:00:00,19.21,72.83,13.05,0.1197907104828346
2024-07-01T17:00:00,19.21,72.85,11.6,0.10648063154029741
2024-07-01T17:00:00,19.21,72.87,25.51,0.23416559574077475
2024-07-01T17:00:00,19.21,72.89,5.11,0.046906554066458606
2024-07-01T17:00:00,19.21,72.91,7.83,0.07187442628970075
2024-07-01T17:00:00,19.21,72.93,3.11,0.028547824490545253
2024-07-01T17:00:00,19.21,72.95,8.45,0.07756563245823389
2024-07-01T17:00:00,19.21,72.97,12.01,0.11024417110335964
2024-07-01T17:00:00,19.21,72.99,1.55,0.014228015421332844
2024-07-01T17:00:00,19.23,72.77,6.84,0.06278685514962365
2024-07-01T17:00:00,19.23,72.79,15.27,0.14016890031209842
2024-07-01T17:00:00,19.23,72.81,17.55,0.16109785202863963
2024-07-01T17:00:00,19.23,72.83,37.59,0.3450523223792914
2024-07-01T17:00:00,19.23,72.85,18.42,0.16908389939416194
2024-07-01T17:00:00,19.23,72.87,10.29,0.09445566366807416
2024-07-01T17:00:00,19.23,72.89,12.68,0.11639434551129062
2024-07-01T17:00:00,19.23,72.91,12.73,0.11685331375068846
2024-07-01T17:00:00,19.23,72.93,7.7,0.07068110886726639
2024-07-01T17:00:00,19.23,72.95,13.05,0.1197907104828346
2024-07-01T17:00:00,19.23,72.97,7.15,0.06563245823389022
2024-07-01T17:00:00,19.23,72.99,13.11,0.12034147237011199
2024-07-01T17:00:00,19.25,72.77,13.03,0.11960712318707545
2024-07-01T17:00:00,19.25,72.79,11.07,0.10161556820268038
2024-07-01T17:00:00,19.25,72.81,10.99,0.10088121901964385
2024-07-01T17:00:00,19.25,72.83,21.12,0.19386818432164496
2024-07-01T17:00:00,19.25,72.85,19.23,0.17651918487240684
2024-07-01T17:00:00,19.25,72.87,9.54,0.08757114007710666
2024-07-01T17:00:00,19.25,72.89,19.12,0.1755094547457316
2024-07-01T17:00:00,19.25,72.91,10.68,0.09803561593537727
2024-07-01T17:00:00,19.25,72.93,10.6,0.09730126675234074
2024-07-01T17:00:00,19.25,72.95,7.57,0.06948779144483203
2024-07-01T17:00:00,19.25,72.97,30.26,0.277767578483569
2024-07-01T17:00:00,19.25,72.99,27.77,0.25491096016155684
2024-07-01T18:00:00,18.87,72.77,8.69,0.0797686800073435
2024-07-01T18:00:00,18.87,72.79,11.22,0.10299247292087388
2024-07-01T18:00:00,18.87,72.81,18.52,0.17000183587295759
2024-07-01T18:00:00,18.87,72.83,20.42,0.1874426289700753
2024-07-01T18:00:00,18.87,72.85,5.48,0.050302919038002575
2024-07-01T18:00:00,18.87,72.87,6.21,0.057003855333210944
2024-07-01T18:00:00,18.87,72.89,19.03,0.1746833119148155
2024-07-01T18:00:00,18.87,72.91,3.21,0.02946576096934092
2024-07-01T18:00:00,18.87,72.93,7.15,0.06563245823389022
2024-07-01T18:00:00,18.87,72.95,22.1,0.2028639618138425
2024-07-01T18:00:00,18.87,72.97,21.07,0.19340921608224712
2024-07-01T18:00:00,18.87,72.99,31.82,0.29208738755278135
2024-07-01T18:00:00,18.89,72.77,50.06,0.4595190012851111
2024-07-01T18:00:00,18.89,72.79,75.58,0.6937763906737654
2024-07-01T18:00:00,18.89,72.81,10.64,0.097668441343859
2024-07-01T18:00:00,18.89,72.83,8.46,0.07765742610611347
2024-07-01T18:00:00,18.89,72.85,18.03,0.16550394712685884
2024-07-01T18:00:00,18.89,72.87,3.76,0.03451441160271709
2024-07-01T18:00:00,18.89,72.89,10.6,0.09730126675234074
2024-07-01T18:00:00,18.89,72.91,13.99,0.12841931338351387
2024-07-01T18:00:00,18.89,72.93,17.44,0.1600881219019644
2024-07-01T18:00:00,18.89,72.95,18.46,0.1694510739856802
2024-07-01T18:00:00,18.89,72.97,9.61,0.08821369561226362
2024-07-01T18:00:00,18.89,72.99,3.88,0.035615935377271896
2024-07-01T18:00:00,18.91,72.77,6.08,0.05581053791077658
2024-07-01T18:00:00,18.91,72.79,1.83,0.016798237561960715
2024-07-01T18:00:00,18.91,72.81,8.97,0.08233890214797136
2024-07-01T18:00:00,18.91,72.83,3.86,0.03543234808151276
2024-07-01T18:00:00,18.91,72.85,8.99,0.0825224894437305
2024-07-01T18:00:00,18.91,72.87,17.48,0.16045529649348267
2024-07-01T18:00:00,18.91,72.89,4.34,0.03983844317973196
2024-07-01T18:00:00,18.91,72.91,13.41,0.123095281806499
2024-07-01T18:00:00,18.91,72.93,9.85,0.09041674316137323
2024-07-01T18:00:00,18.91,72.95,15.53,0.14255553515696714
2024-07-01T18:00:00,18.91,72.97,17.93,0.16458601064806316
2024-07-01T18:00:00,18.91,72.99,8.93,0.08197172755645309
2024-07-01T18:00:00,18.93,72.77,15.12,0.1387919955939049
2024-07-01T18:00:00,18.93,72.79,11.72,0.10758215531485223
2024-07-01T18:00:00,18.93,72.81,9.73,0.08931521938681844
2024-07-01T18:00:00,18.93,72.83,7.66,0.07031393427574813
2024-07-01T18:00:00,18.93,72.85,18.92,0.17367358178814027
2024-07-01T18:00:00,18.93,72.87,31.45,0.28869102258123736
2024-07-01T18:00:00,18.93,72.89,28.33,0.26005140444281255
2024-07-01T18:00:00,18.93,72.91,3.87,0.035524141729392326
2024-07-01T18:00:00,18.93,72.93,29.19,0.2679456581604553
2024-07-01T18:00:00,18.93,72.95,5.44,0.049935744446484305
2024-07-01T18:00:00,18.93,72.97,13.27,0.12181017073618505
2024-07-01T18:00:00,18.93,72.99,14.83,0.13612997980539748
2024-07-01T18:00:00,18.95,72.77,3.54,0.03249495134936663
2024-07-01T18:00:00,18.95,72.79,12.73,0.11685331375068846
2024-07-01T18:00:00,18.95,72.81,34.99,0.32118597393060405
2024-07-01T18:00:00,18.95,72.83,1.08,0.009913713970993209
2024-07-01T18:00:00,18.95,72.85,57.61,0.5288232054341839
2024-07-01T18:00:00,18.95,72.87,1.55,0.014228015421332844
2024-07-01T18:00:00,18.95,72.89,15.91,0.14604369377639068
2024-07-01T18:00:00,18.95,72.91,3.1,0.028456030842665687
2024-07-01T18:00:00,18.95,72.93,17.08,0.15678355057829996
2024-07-01T18:00:00,18.95,72.95,25.96,0.23829630989535525
2024-07-01T18:00:00,18.95,72.97,21.0,0.19276666054709016
2024-07-01T18:00:00,18.95,72.99,23.07,0.21176794565816046
2024-07-01T18:00:00,18.97,72.77,12.15,0.11152928217367358
2024-07-01T18:00:00,18.97,72.79,35.89,0.32944740223976504
2024-07-01T18:00:00,18.97,72.81,52.01,0.4774187626216266
2024-07-01T18:00:00,18.97,72.83,14.79,0.1357628052138792
2024-07-01T18:00:00,18.97,72.85,9.85,0.09041674316137323
2024-07-01T18:00:00,18.97,72.87,6.68,0.06131815678355058
2024-07-01T18:00:00,18.97,72.89,21.61,0.1983660730677437
2024-07-01T18:00:00,18.97,72.91,25.49,0.2339820084450156
2024-07-01T18:00:00,18.97,72.93,9.04,0.08298145768312833
2024-07-01T18:00:00,18.97,72.95,34.13,0.3132917202129613
2024-07-01T18:00:00,18.97,72.97,18.91,0.1735817881402607
2024-07-01T18:00:00,18.97,72.99,12.48,0.11455847255369929
2024-07-01T18:00:00,18.99,72.77,19.17,0.17596842298512944
2024-07-01T18:00:00,18.99,72.79,6.04,0.05544336331925831
2024-07-01T18:00:00,18.99,72.81,23.7,0.21755094547457315
2024-07-01T18:00:00,18.99,72.83,6.06,0.05562695061501744
2024-07-01T18:00:00,18.99,72.85,8.84,0.081145584725537
2024-07-01T18:00:00,18.99,72.87,12.39,0.11373232972278319
2024-07-01T18:00:00,18.99,72.89,42.24,0.3877363686432899
2024-07-01T18:00:00,18.99,72.91,15.03,0.1379658527629888
2024-07-01T18:00:00,18.99,72.93,5.91,0.054250045896823945
2024-07-01T18:00:00,18.99,72.95,15.42,0.1415458050302919
2024-07-01T18:00:00,18.99,72.97,18.12,0.16633008995777493
2024-07-01T18:00:00,18.99,72.99,26.53,0.24352854782449057
2024-07-01T18:00:00,19.01,72.77,14.81,0.13594639250963833
2024-07-01T18:00:00,19.01,72.79,7.98,0.07325133100789426
2024-07-01T18:00:00,19.01,72.81,54.95,0.5044060950982192
2024-07-01T18:00:00,19.01,72.83,17.59,0.16146502662015788
2024-07-01T18:00:00,19.01,72.85,6.48,0.05948228382595925
2024-07-01T18:00:00,19.01,72.87,12.78,0.11731228199008628
2024-07-01T18:00:00,19.01,72.89,8.44,0.07747383881035431
2024-07-01T18:00:00,19.01,72.91,29.55,0.2712502294841197
2024-07-01T18:00:00,19.01,72.93,18.61,0.1708279787038737
2024-07-01T18:00:00,19.01,72.95,9.41,0.0863778226546723
2024-07-01T18:00:00,19.01,72.97,24.19,0.22204883422067195
2024-07-01T18:00:00,19.01,72.99,10.74,0.09858637782265467
2024-07-01T18:00:00,19.03,72.77,14.45,0.13264182118597392
2024-07-01T18:00:00,19.03,72.79,7.79,0.07150725169818249
2024-07-01T18:00:00,19.03,72.81,7.51,0.06893702955755461
2024-07-01T18:00:00,19.03,72.83,51.13,0.46934092160822477
2024-07-01T18:00:00,19.03,72.85,26.4,0.24233523040205618
2024-07-01T18:00:00,19.03,72.87,1.98,0.018175142280154214
2024-07-01T18:00:00,19.03,72.89,5.51,0.05057829998164127
2024-07-01T18:00:00,19.03,72.91,4.41,0.04048099871488893
2024-07-01T18:00:00,19.03,72.93,12.91,0.11850559941252066
2024-07-01T18:00:00,19.03,72.95,8.62,0.07912612447218652
2024-07-01T18:00:00,19.03,72.97,31.85,0.29236276849642007
2024-07-01T18:00:00,19.03,72.99,9.01,0.08270607673948963
2024-07-01T18:00:00,19.05,72.77,52.25,0.4796218101707362
2024-07-01T18:00:00,19.05,72.79,13.69,0.12566550394712686
2024-07-01T18:00:00,19.05,72.81,56.16,0.5155131264916467
2024-07-01T18:00:00,19.05,72.83,11.74,0.10776574261061135
2024-07-01T18:00:00,19.05,72.85,11.62,0.10666421883605653
2024-07-01T18:00:00,19.05,72.87,25.38,0.23297227831834036
2024-07-01T18:00:00,19.05,72.89,22.37,0.2053423903065908
2024-07-01T18:00:00,19.05,72.91,3.71,0.03405544336331926
2024-07-01T18:00:00,19.05,72.93,13.14,0.1206168533137507
2024-07-01T18:00:00,19.05,72.95,8.55,0.07848356893702957
2024-07-01T18:00:00,19.05,72.97,7.95,0.07297595006425556
2024-07-01T18:00:00,19.05,72.99,12.47,0.11446667890581973
2024-07-01T18:00:00,19.07,72.77,11.97,0.1098769965118414
2024-07-01T18:00:00,19.07,72.79,16.79,0.15412153478979254
2024-07-01T18:00:00,19.07,72.81,5.84,0.053607490361666975
2024-07-01T18:00:00,19.07,72.83,3.16,0.02900679272994309
2024-07-01T18:00:00,19.07,72.85,26.69,0.24499724619056362
2024-07-01T18:00:00,19.07,72.87,28.86,0.2649164677804296
2024-07-01T18:00:00,19.07,72.89,24.4,0.22397650082614282
2024-07-01T18:00:00,19.07,72.91,12.9,0.1184138057646411
2024-07-01T18:00:00,19.07,72.93,9.18,0.08426656875344227
2024-07-01T18:00:00,19.07,72.95,7.19,0.06599963282540848
2024-07-01T18:00:00,19.07,72.97,5.98,0.05489260143198091
2024-07-01T18:00:00,19.07,72.99,11.0,0.10097301266752341
2024-07-01T18:00:00,19.09,72.77,32.66,0.2997980539746649
2024-07-01T18:00:00,19.09,72.79,8.06,0.0739856801909308
2024-07-01T18:00:00,19.09,72.81,30.72,0.281990086286029
2024-07-01T18:00:00,19.09,72.83,3.34,0.03065907839177529
2024-07-01T18:00:00,19.09,72.85,16.04,0.14723701119882504
2024-07-01T18:00:00,19.09,72.87,18.12,0.16633008995777493
2024-07-01T18:00:00,19.09,72.89,8.32,0.07637231503579953
2024-07-01T18:00:00,19.09,72.91,4.86,0.04461171286946944
2024-07-01T18:00:00,19.09,72.93,22.3,0.20469983477143383
2024-07-01T18:00:00,19.09,72.95,12.51,0.11483385349733799
2024-07-01T18:00:00,19.09,72.97,56.58,0.5193684597025886
2024-07-01T18:00:00,19.09,72.99,25.66,0.23554250045896824
2024-07-01T18:00:00,19.11,72.77,33.18,0.3045713236644024
2024-07-01T18:00:00,19.11,72.79,0.81,0.007435285478244906
2024-07-01T18:00:00,19.11,72.81,7.96,0.07306774371213512
2024-07-01T18:00:00,19.11,72.83,4.75,0.0436019827427942
2024-07-01T18:00:00,19.11,72.85,1.57,0.014411602717091979
2024-07-01T18:00:00,19.11,72.87,12.73,0.11685331375068846
2024-07-01T18:00:00,19.11,72.89,22.8,0.20928951716541216
2024-07-01T18:00:00,19.11,72.91,5.33,0.04892601431980907
2024-07-01T18:00:00,19.11,72.93,1.55,0.014228015421332844
2024-07-01T18:00:00,19.11,72.95,5.54,0.05085368092527997
2024-07-01T18:00:00,19.11,72.97,10.5,0.09638333027354508
2024-07-01T18:00:00,19.11,72.99,9.75,0.08949880668257756
2024-07-01T18:00:00,19.13,72.77,15.22,0.13970993207270058
2024-07-01T18:00:00,19.13,72.79,19.89,0.18257756563245825
2024-07-01T18:00:00,19.13,72.81,14.03,0.12878648797503212
2024-07-01T18:00:00,19.13,72.83,25.48,0.23389021479713604
2024-07-01T18:00:00,19.13,72.85,5.8,0.053240315770148705
2024-07-01T18:00:00,19.13,72.87,10.53,0.09665871121718377
2024-07-01T18:00:00,19.13,72.89,19.56,0.17954837525243253
2024-07-01T18:00:00,19.13,72.91,15.5,0.14228015421332843
2024-07-01T18:00:00,19.13,72.93,39.41,0.3617587662933725
2024-07-01T18:00:00,19.13,72.95,5.43,0.049843950798604736
2024-07-01T18:00:00,19.13,72.97,18.41,0.16899210574628237
2024-07-01T18:00:00,19.13,72.99,6.89,0.06324582338902147
2024-07-01T18:00:00,19.15,72.77,8.04,0.07380209289517164
2024-07-01T18:00:00,19.15,72.79,30.66,0.28143932439875163
2024-07-01T18:00:00,19.15,72.81,13.91,0.12768496420047734
2024-07-01T18:00:00,19.15,72.83,16.81,0.15430512208555167
2024-07-01T18:00:00,19.15,72.85,8.42,0.07729025151459519
2024-07-01T18:00:00,19.15,72.87,8.63,0.0792179181200661
2024-07-01T18:00:00,19.15,72.89,2.88,0.026436570589315218
2024-07-01T18:00:00,19.15,72.91,14.42,0.13236644024233524
2024-07-01T18:00:00,19.15,72.93,4.84,0.0444281255737103
2024-07-01T18:00:00,19.15,72.95,10.83,0.09941252065357077
2024-07-01T18:00:00,19.15,72.97,21.99,0.20185423168716723
2024-07-01T18:00:00,19.15,72.99,1.88,0.017257205801358547
2024-07-01T18:00:00,19.17,72.77,84.1,0.7719845786671562
2024-07-01T18:00:00,19.17,72.79,7.64,0.07013034697998899
2024-07-01T18:00:00,19.17,72.81,12.97,0.11905636129979806
2024-07-01T18:00:00,19.17,72.83,16.79,0.15412153478979254
2024-07-01T18:00:00,19.17,72.85,6.82,0.06260326785386451
2024-07-01T18:00:00,19.17,72.87,8.89,0.08160455296493484
2024-07-01T18:00:00,19.17,72.89,27.5,0.2524325316688085
2024-07-01T18:00:00,19.17,72.91,21.46,0.19698916834955021
2024-07-01T18:00:00,19.17,72.93,10.07,0.09243620341472371
2024-07-01T18:00:00,19.17,72.95,12.09,0.11097852028639618
2024-07-01T18:00:00,19.17,72.97,13.26,0.12171837708830549
2024-07-01T18:00:00,19.17,72.99,17.57,0.16128143932439876
2024-07-01T18:00:00,19.19,72.77,23.76,0.21810170736185058
2024-07-01T18:00:00,19.19,72.79,22.58,0.20727005691206168
2024-07-01T18:00:00,19.19,72.81,10.14,0.09307875894988067
2024-07-01T18:00:00,19.19,72.83,14.98,0.13750688452359097
2024-07-01T18:00:00,19.19,72.85,26.74,0.24545621442996143
2024-07-01T18:00:00,19.19,72.87,50.73,0.465669175693042
2024-07-01T18:00:00,19.19,72.89,13.63,0.12511474205984946
2024-07-01T18:00:00,19.19,72.91,8.0,0.07343491830365338
2024-07-01T18:00:00,19.19,72.93,6.15,0.05645309344593354
2024-07-01T18:00:00,19.19,72.95,18.81,0.17266385166146503
2024-07-01T18:00:00,19.19,72.97,2.54,0.023315586561409953
2024-07-01T18:00:00,19.19,72.99,18.36,0.16853313750688453
2024-07-01T18:00:00,19.21,72.77,23.91,0.21947861208004407
2024-07-01T18:00:00,19.21,72.79,9.6,0.08812190196438406
2024-07-01T18:00:00,19.21,72.81,16.99,0.15595740774738387
2024-07-01T18:00:00,19.21,72.83,11.57,0.10620525059665871
2024-07-01T18:00:00,19.21,72.85,3.79,0.034789792546355794
2024-07-01T18:00:00,19.21,72.87,19.46,0.17863043877363688
2024-07-01T18:00:00,19.21,72.89,17.83,0.16366807416926749
2024-07-01T18:00:00,19.21,72.91,8.81,0.0808702037818983
2024-07-01T18:00:00,19.21,72.93,47.19,0.4331742243436754
2024-07-01T18:00:00,19.21,72.95,12.17,0.11171286946943272
2024-07-01T18:00:00,19.21,72.97,1.7,0.015604920139526345
2024-07-01T18:00:00,19.21,72.99,24.2,0.2221406278685515
2024-07-01T18:00:00,19.23,72.77,26.32,0.24160088121901965
2024-07-01T18:00:00,19.23,72.79,27.6,0.2533504681476042
2024-07-01T18:00:00,19.23,72.81,5.87,0.053882871305305675
2024-07-01T18:00:00,19.23,72.83,16.19,0.14861391591701856
2024-07-01T18:00:00,19.23,72.85,13.33,0.12236093262346245
2024-07-01T18:00:00,19.23,72.87,11.43,0.10492013952634478
2024-07-01T18:00:00,19.23,72.89,31.25,0.28685514962364606
2024-07-01T18:00:00,19.23,72.91,12.76,0.11712869469432716
2024-07-01T18:00:00,19.23,72.93,8.89,0.08160455296493484
2024-07-01T18:00:00,19.23,72.95,8.66,0.0794932990637048
2024-07-01T18:00:00,19.23,72.97,4.58,0.042041490728841564
2024-07-01T18:00:00,19.23,72.99,12.82,0.11767945658160456
2024-07-01T18:00:00,19.25,72.77,38.69,0.3551496236460437
2024-07-01T18:00:00,19.25,72.79,11.26,0.10335964751239214
2024-07-01T18:00:00,19.25,72.81,17.35,0.1592619790710483
2024-07-01T18:00:00,19.25,72.83,11.87,0.1089590600330457
2024-07-01T18:00:00,19.25,72.85,12.56,0.11529282173673583
2024-07-01T18:00:00,19.25,72.87,23.58,0.21644942170001835
2024-07-01T18:00:00,19.25,72.89,4.87,0.044703506517349
2024-07-01T18:00:00,19.25,72.91,2.98,0.02735450706811089
2024-07-01T18:00:00,19.25,72.93,25.43,0.2334312465577382
2024-07-01T18:00:00,19.25,72.95,7.77,0.07132366440242335
2024-07-01T18:00:00,19.25,72.97,8.68,0.07967688635946392
2024-07-01T18:00:00,19.25,72.99,51.32,0.4710850009179365
2024-07-01T19:00:00,18.87,72.77,28.56,0.26216265834404257
2024-07-01T19:00:00,18.87,72.79,7.47,0.06856985496603635
2024-07-01T19:00:00,18.87,72.81,33.43,0.3068661648613916
2024-07-01T19:00:00,18.87,72.83,26.51,0.24334496052873142
2024-07-01T19:00:00,18.87,72.85,0.2,0.001835872957591335
2024-07-01T19:00:00,18.87,72.87,16.04,0.14723701119882504
2024-07-01T19:00:00,18.87,72.89,5.57,0.05112906186891868
2024-07-01T19:00:00,18.87,72.91,12.77,0.11722048834220672
2024-07-01T19:00:00,18.87,72.93,52.06,0.4778777308610245
2024-07-01T19:00:00,18.87,72.95,24.43,0.22425188176978153
2024-07-01T19:00:00,18.87,72.97,26.3,0.24141729392326053
2024-07-01T19:00:00,18.87,72.99,11.03,0.1012483936111621
2024-07-01T19:00:00,18.89,72.77,33.43,0.3068661648613916
2024-07-01T19:00:00,18.89,72.79,8.58,0.07875894988066826
2024-07-01T19:00:00,18.89,72.81,17.18,0.15770148705709566
2024-07-01T19:00:00,18.89,72.83,26.94,0.2472920873875528
2024-07-01T19:00:00,18.89,72.85,25.69,0.23581788140260695
2024-07-01T19:00:00,18.89,72.87,3.61,0.03313750688452359
2024-07-01T19:00:00,18.89,72.89,46.57,0.4274830181751423
2024-07-01T19:00:00,18.89,72.91,6.18,0.056728474389572243
2024-07-01T19:00:00,18.89,72.93,65.61,0.6022581237378374
2024-07-01T19:00:00,18.89,72.95,24.15,0.22168165962915365
2024-07-01T19:00:00,18.89,72.97,22.36,0.2052505966587112
2024-07-01T19:00:00,18.89,72.99,6.23,0.05718744262897008
2024-07-01T19:00:00,18.91,72.77,10.94,0.10042225078024601
2024-07-01T19:00:00,18.91,72.79,50.26,0.4613548742427024
2024-07-01T19:00:00,18.91,72.81,44.62,0.40958325683862673
2024-07-01T19:00:00,18.91,72.83,13.24,0.12153478979254637
2024-07-01T19:00:00,18.91,72.85,12.05,0.11061134569487792
2024-07-01T19:00:00,18.91,72.87,12.04,0.11051955204699834
2024-07-01T19:00:00,18.91,72.89,30.37,0.2787773086102442
2024-07-01T19:00:00,18.91,72.91,27.8,0.25518634110519556
2024-07-01T19:00:00,18.91,72.93,17.89,0.1642188360565449
2024-07-01T19:00:00,18.91,72.95,14.78,0.13567101156599962
2024-07-01T19:00:00,18.91,72.97,11.34,0.10409399669542868
2024-07-01T19:00:00,18.91,72.99,59.27,0.5440609509821921
2024-07-01T19:00:00,18.93,72.77,4.66,0.0427758399118781
2024-07-01T19:00:00,18.93,72.79,11.72,0.10758215531485223
2024-07-01T19:00:00,18.93,72.81,19.56,0.17954837525243253
2024-07-01T19:00:00,18.93,72.83,3.43,0.031485221222691394
2024-07-01T19:00:00,18.93,72.85,9.19,0.08435836240132183
2024-07-01T19:00:00,18.93,72.87,54.93,0.50422250780246
2024-07-01T19:00:00,18.93,72.89,27.09,0.24866899210574628
2024-07-01T19:00:00,18.93,72.91,8.54,0.07839177528914998
2024-07-01T19:00:00,18.93,72.93,8.16,0.07490361666972646
2024-07-01T19:00:00,18.93,72.95,3.76,0.03451441160271709
2024-07-01T19:00:00,18.93,72.97,9.08,0.0833486322746466
2024-07-01T19:00:00,18.93,72.99,19.3,0.1771617404075638
2024-07-01T19:00:00,18.95,72.77,21.83,0.20038553332109416
2024-07-01T19:00:00,18.95,72.79,11.63,0.10675601248393612
2024-07-01T19:00:00,18.95,72.81,6.88,0.06315402974114191
2024-07-01T19:00:00,18.95,72.83,12.99,0.11923994859555719
2024-07-01T19:00:00,18.95,72.85,12.43,0.11409950431430145
2024-07-01T19:00:00,18.95,72.87,25.26,0.23187075454378558
2024-07-01T19:00:00,18.95,72.89,16.63,0.15265283642371946
2024-07-01T19:00:00,18.95,72.91,14.7,0.1349366623829631
2024-07-01T19:00:00,18.95,72.93,30.96,0.2841931338351386
2024-07-01T19:00:00,18.95,72.95,37.86,0.34753075087203966
2024-07-01T19:00:00,18.95,72.97,17.08,0.15678355057829996
2024-07-01T19:00:00,18.95,72.99,17.13,0.1572425188176978
2024-07-01T19:00:00,18.97,72.77,15.0,0.1376904718193501
2024-07-01T19:00:00,18.97,72.79,7.67,0.07040572792362769
2024-07-01T19:00:00,18.97,72.81,28.86,0.2649164677804296
2024-07-01T19:00:00,18.97,72.83,24.36,0.22360932623462457
2024-07-01T19:00:00,18.97,72.85,14.22,0.1305305672847439
2024-07-01T19:00:00,18.97,72.87,17.04,0.1564163759867817
2024-07-01T19:00:00,18.97,72.89,30.76,0.2823572608775473
2024-07-01T19:00:00,18.97,72.91,33.62,0.30861024417110333
2024-07-01T19:00:00,18.97,72.93,0.79,0.007251698182485772
2024-07-01T19:00:00,18.97,72.95,7.77,0.07132366440242335
2024-07-01T19:00:00,18.97,72.97,12.58,0.11547640903249495
2024-07-01T19:00:00,18.97,72.99,4.91,0.04507068110886727
2024-07-01T19:00:00,18.99,72.77,20.0,0.18358729575913346
2024-07-01T19:00:00,18.99,72.79,9.81,0.09004956856985498
2024-07-01T19:00:00,18.99,72.81,19.27,0.17688635946392509
2024-07-01T19:00:00,18.99,72.83,9.49,0.08711217183770883
2024-07-01T19:00:00,18.99,72.85,9.59,0.0880301083165045
2024-07-01T19:00:00,18.99,72.87,17.72,0.16265834404259225
2024-07-01T19:00:00,18.99,72.89,26.89,0.24683311914815495
2024-07-01T19:00:00,18.99,72.91,21.28,0.195336882687718
2024-07-01T19:00:00,18.99,72.93,13.1,0.12024967872223243
2024-07-01T19:00:00,18.99,72.95,2.08,0.01909307875894988
2024-07-01T19:00:00,18.99,72.97,8.33,0.07646410868367909
2024-07-01T19:00:00,18.99,72.99,7.46,0.06847806131815679
2024-07-01T19:00:00,19.01,72.77,27.82,0.2553699284009547
2024-07-01T19:00:00,19.01,72.79,17.96,0.16486139159170188
2024-07-01T19:00:00,19.01,72.81,17.91,0.16440242335230404
2024-07-01T19:00:00,19.01,72.83,7.54,0.06921241050119332
2024-07-01T19:00:00,19.01,72.85,36.94,0.3390857352671195
2024-07-01T19:00:00,19.01,72.87,16.48,0.15127593170552597
2024-07-01T19:00:00,19.01,72.89,6.64,0.06095098219203231
2024-07-01T19:00:00,19.01,72.91,6.93,0.06361299798053975
2024-07-01T19:00:00,19.01,72.93,17.2,0.1578850743528548
2024-07-01T19:00:00,19.01,72.95,6.06,0.05562695061501744
2024-07-01T19:00:00,19.01,72.97,7.66,0.07031393427574813
2024-07-01T19:00:00,19.01,72.99,4.69,0.043051220855516804
2024-07-01T19:00:00,19.03,72.77,27.66,0.2539012300348816
2024-07-01T19:00:00,19.03,72.79,7.47,0.06856985496603635
2024-07-01T19:00:00,19.03,72.81,43.37,0.3981090508536809
2024-07-01T19:00:00,19.03,72.83,21.02,0.19295024784284928
2024-07-01T19:00:00,19.03,72.85,5.35,0.0491096016155682
2024-07-01T19:00:00,19.03,72.87,22.07,0.2025885808702038
2024-07-01T19:00:00,19.03,72.89,35.3,0.32403157701487056
2024-07-01T19:00:00,19.03,72.91,12.9,0.1184138057646411
2024-07-01T19:00:00,19.03,72.93,36.62,0.3361483385349734
2024-07-01T19:00:00,19.03,72.95,18.71,0.17174591518266938
2024-07-01T19:00:00,19.03,72.97,8.0,0.07343491830365338
2024-07-01T19:00:00,19.03,72.99,49.67,0.455939049017808
2024-07-01T19:00:00,19.05,72.77,4.56,0.041857903433082426
2024-07-01T19:00:00,19.05,72.79,12.28,0.11272259959610795
2024-07-01T19:00:00,19.05,72.81,15.07,0.13833302735450706
2024-07-01T19:00:00,19.05,72.83,51.97,0.47705158803010833
2024-07-01T19:00:00,19.05,72.85,25.02,0.22966770699467598
2024-07-01T19:00:00,19.05,72.87,21.6,0.19827427941986417
2024-07-01T19:00:00,19.05,72.89,7.52,0.06902882320543419
2024-07-01T19:00:00,19.05,72.91,12.53,0.11501744079309711
2024-07-01T19:00:00,19.05,72.93,8.44,0.07747383881035431
2024-07-01T19:00:00,19.05,72.95,19.46,0.17863043877363688
2024-07-01T19:00:00,19.05,72.97,29.34,0.2693225628786488
2024-07-01T19:00:00,19.05,72.99,57.15,0.5246006976317239
2024-07-01T19:00:00,19.07,72.77,11.34,0.10409399669542868
2024-07-01T19:00:00,19.07,72.79,4.29,0.03937947494033413
2024-07-01T19:00:00,19.07,72.81,12.08,0.11088672663851662
2024-07-01T19:00:00,19.07,72.83,30.83,0.2829998164127042
2024-07-01T19:00:00,19.07,72.85,7.05,0.06471452175509455
2024-07-01T19:00:00,19.07,72.87,14.33,0.13154029741141912
2024-07-01T19:00:00,19.07,72.89,21.31,0.1956122636313567
2024-07-01T19:00:00,19.07,72.91,9.6,0.08812190196438406
2024-07-01T19:00:00,19.07,72.93,15.99,0.1467780429594272
2024-07-01T19:00:00,19.07,72.95,5.81,0.05333210941802827
2024-07-01T19:00:00,19.07,72.97,30.73,0.2820818799339086
2024-07-01T19:00:00,19.07,72.99,10.62,0.09748485404809987
2024-07-01T19:00:00,19.09,72.77,19.16,0.17587662933724987
2024-07-01T19:00:00,19.09,72.79,2.64,0.02423352304020562
2024-07-01T19:00:00,19.09,72.81,5.95,0.05461722048834221
2024-07-01T19:00:00,19.09,72.83,30.13,0.2765742610611346
2024-07-01T19:00:00,19.09,72.85,10.15,0.09317055259776023
2024-07-01T19:00:00,19.09,72.87,6.58,0.06040022030475491
2024-07-01T19:00:00,19.09,72.89,3.45,0.031668808518450525
2024-07-01T19:00:00,19.09,72.91,31.99,0.293647879566734
2024-07-01T19:00:00,19.09,72.93,22.25,0.204240866532036
2024-07-01T19:00:00,19.09,72.95,20.86,0.1914815494767762
2024-07-01T19:00:00,19.09,72.97,38.64,0.35469065540664585
2024-07-01T19:00:00,19.09,72.99,9.87,0.09060033045713237
2024-07-01T19:00:00,19.11,72.77,4.48,0.0411235542500459
2024-07-01T19:00:00,19.11,72.79,16.69,0.1532035983109969
2024-07-01T19:00:00,19.11,72.81,51.89,0.4763172388470718
2024-07-01T19:00:00,19.11,72.83,16.0,0.14686983660730676
2024-07-01T19:00:00,19.11,72.85,32.5,0.2983293556085919
2024-07-01T19:00:00,19.11,72.87,4.05,0.03717642739122452
2024-07-01T19:00:00,19.11,72.89,7.38,0.06774371213512025
2024-07-01T19:00:00,19.11,72.91,26.32,0.24160088121901965
2024-07-01T19:00:00,19.11,72.93,15.41,0.14145401138241234
2024-07-01T19:00:00,19.11,72.95,12.26,0.11253901230034882
2024-07-01T19:00:00,19.11,72.97,28.55,0.26207086469616303
2024-07-01T19:00:00,19.11,72.99,24.37,0.22370111988250416
2024-07-01T19:00:00,19.13,72.77,19.25,0.17670277216816596
2024-07-01T19:00:00,19.13,72.79,0.96,0.008812190196438406
2024-07-01T19:00:00,19.13,72.81,15.68,0.14393243987516063
2024-07-01T19:00:00,19.13,72.83,20.84,0.19129796218101708
2024-07-01T19:00:00,19.13,72.85,2.51,0.02304020561777125
2024-07-01T19:00:00,19.13,72.87,19.34,0.17752891499908208
2024-07-01T19:00:00,19.13,72.89,31.68,0.2908022764824674
2024-07-01T19:00:00,19.13,72.91,13.87,0.12731778960895906
2024-07-01T19:00:00,19.13,72.93,5.56,0.0510372682210391
2024-07-01T19:00:00,19.13,72.95,0.96,0.008812190196438406
2024-07-01T19:00:00,19.13,72.97,17.82,0.16357628052138792
2024-07-01T19:00:00,19.13,72.99,2.52,0.023131999265650818
2024-07-01T19:00:00,19.15,72.77,25.85,0.23728657976868003
2024-07-01T19:00:00,19.15,72.79,51.78,0.47530750872039657
2024-07-01T19:00:00,19.15,72.81,8.5,0.07802460069763173
2024-07-01T19:00:00,19.15,72.83,12.72,0.1167615201028089
2024-07-01T19:00:00,19.15,72.85,49.41,0.45355241417293923
2024-07-01T19:00:00,19.15,72.87,15.85,0.14549293188911328
2024-07-01T19:00:00,19.15,72.89,9.77,0.0896823939783367
2024-07-01T19:00:00,19.15,72.91,28.09,0.25784835689370295
2024-07-01T19:00:00,19.15,72.93,9.82,0.09014136221773454
2024-07-01T19:00:00,19.15,72.95,6.84,0.06278685514962365
2024-07-01T19:00:00,19.15,72.97,20.18,0.18523958142096567
2024-07-01T19:00:00,19.15,72.99,27.7,0.2542684046263998
2024-07-01T19:00:00,19.17,72.77,8.47,0.07774921975399303
2024-07-01T19:00:00,19.17,72.79,18.78,0.17238847071782634
2024-07-01T19:00:00,19.17,72.81,13.54,0.12428859922893336
2024-07-01T19:00:00,19.17,72.83,14.89,0.13668074169267488
2024-07-01T19:00:00,19.17,72.85,6.12,0.05617771250229484
2024-07-01T19:00:00,19.17,72.87,23.43,0.21507251698182486
2024-07-01T19:00:00,19.17,72.89,39.11,0.3590049568569855
2024-07-01T19:00:00,19.17,72.91,6.91,0.06342941068478061
2024-07-01T19:00:00,19.17,72.93,22.01,0.2020378189829264
2024-07-01T19:00:00,19.17,72.95,26.64,0.24453827795116578
2024-07-01T19:00:00,19.17,72.97,15.23,0.13980172572058014
2024-07-01T19:00:00,19.17,72.99,20.33,0.18661648613915915
2024-07-01T19:00:00,19.19,72.77,9.18,0.08426656875344227
2024-07-01T19:00:00,19.19,72.79,42.9,0.3937947494033413
2024-07-01T19:00:00,19.19,72.81,33.65,0.30888562511474205
2024-07-01T19:00:00,19.19,72.83,35.29,0.32393978336699103
2024-07-01T19:00:00,19.19,72.85,5.17,0.047457315953736
2024-07-01T19:00:00,19.19,72.87,20.71,0.1901046447585827
2024-07-01T19:00:00,19.19,72.89,8.31,0.07628052138791996
2024-07-01T19:00:00,19.19,72.91,39.0,0.35799522673031026
2024-07-01T19:00:00,19.19,72.93,6.9,0.06333761703690105
2024-07-01T19:00:00,19.19,72.95,15.95,0.14641086836790893
2024-07-01T19:00:00,19.19,72.97,1.54,0.014136221773453278
2024-07-01T19:00:00,19.19,72.99,15.4,0.14136221773453278
2024-07-01T19:00:00,19.21,72.77,5.88,0.05397466495318524
2024-07-01T19:00:00,19.21,72.79,23.93,0.2196621993758032
2024-07-01T19:00:00,19.21,72.81,13.87,0.12731778960895906
2024-07-01T19:00:00,19.21,72.83,11.26,0.10335964751239214
2024-07-01T19:00:00,19.21,72.85,42.42,0.3893886543051221
2024-07-01T19:00:00,19.21,72.87,58.04,0.5327703322930053
2024-07-01T19:00:00,19.21,72.89,3.64,0.03341288782816229
2024-07-01T19:00:00,19.21,72.91,10.53,0.09665871121718377
2024-07-01T19:00:00,19.21,72.93,24.51,0.22498623095281808
2024-07-01T19:00:00,19.21,72.95,17.54,0.16100605838076004
2024-07-01T19:00:00,19.21,72.97,22.79,0.20919772351753257
2024-07-01T19:00:00,19.21,72.99,12.14,0.11143748852579402
2024-07-01T19:00:00,19.23,72.77,36.83,0.3380760051404443
2024-07-01T19:00:00,19.23,72.79,18.63,0.17101156599963283
2024-07-01T19:00:00,19.23,72.81,21.43,0.1967137874059115
2024-07-01T19:00:00,19.23,72.83,5.37,0.049293188911327335
2024-07-01T19:00:00,19.23,72.85,15.84,0.1454011382412337
2024-07-01T19:00:00,19.23,72.87,26.28,0.2412337066275014
2024-07-01T19:00:00,19.23,72.89,17.83,0.16366807416926749
2024-07-01T19:00:00,19.23,72.91,15.31,0.14053607490361666
2024-07-01T19:00:00,19.23,72.93,19.47,0.1787222324215164
2024-07-01T19:00:00,19.23,72.95,15.37,0.14108683679089407
2024-07-01T19:00:00,19.23,72.97,12.64,0.11602717091977235
2024-07-01T19:00:00,19.23,72.99,24.03,0.22058013585459887
2024-07-01T19:00:00,19.25,72.77,15.16,0.13915917018542318
2024-07-01T19:00:00,19.25,72.79,5.35,0.0491096016155682
2024-07-01T19:00:00,19.25,72.81,43.43,0.39865981274095835
2024-07-01T19:00:00,19.25,72.83,9.17,0.08417477510556269
2024-07-01T19:00:00,19.25,72.85,3.62,0.03322930053240316
2024-07-01T19:00:00,19.25,72.87,22.59,0.20736185055994125
2024-07-01T19:00:00,19.25,72.89,42.64,0.3914081145584726
2024-07-01T19:00:00,19.25,72.91,22.0,0.20194602533504682
2024-07-01T19:00:00,19.25,72.93,34.18,0.3137506884523591
2024-07-01T19:00:00,19.25,72.95,6.13,0.05626950615017441
2024-07-01T19:00:00,19.25,72.97,4.42,0.0405727923627685
2024-07-01T19:00:00,19.25,72.99,9.81,0.09004956856985498
2024-07-01T20:00:00,18.87,72.77,37.54,0.3445933541398935
2024-07-01T20:00:00,18.87,72.79,25.74,0.23627684964200477
2024-07-01T20:00:00,18.87,72.81,26.31,0.24150908757114006
2024-07-01T20:00:00,18.87,72.83,18.02,0.16541215347897925
2024-07-01T20:00:00,18.87,72.85,12.24,0.11235542500458968
2024-07-01T20:00:00,18.87,72.87,17.73,0.16275013769047184
2024-07-01T20:00:00,18.87,72.89,13.45,0.12346245639801726
2024-07-01T20:00:00,18.87,72.91,10.8,0.09913713970993208
2024-07-01T20:00:00,18.87,72.93,19.53,0.17927299430879384
2024-07-01T20:00:00,18.87,72.95,11.75,0.10785753625849091
2024-07-01T20:00:00,18.87,72.97,17.34,0.15917018542316871
2024-07-01T20:00:00,18.87,72.99,1.87,0.01716541215347898
2024-07-01T20:00:00,18.89,72.77,20.64,0.18946208922342575
2024-07-01T20:00:00,18.89,72.79,14.11,0.12952083715806867
2024-07-01T20:00:00,18.89,72.81,43.74,0.4015054158252249
2024-07-01T20:00:00,18.89,72.83,3.79,0.034789792546355794
2024-07-01T20:00:00,18.89,72.85,17.36,0.15935377271892784
2024-07-01T20:00:00,18.89,72.87,28.43,0.26096934092160823
2024-07-01T20:00:00,18.89,72.89,13.87,0.12731778960895906
2024-07-01T20:00:00,18.89,72.91,11.8,0.10831650449788875
2024-07-01T20:00:00,18.89,72.93,26.65,0.24463007159904535
2024-07-01T20:00:00,18.89,72.95,20.95,0.19230769230769232
2024-07-01T20:00:00,18.89,72.97,21.74,0.19955939049017807
2024-07-01T20:00:00,18.89,72.99,10.11,0.09280337800624197
2024-07-01T20:00:00,18.91,72.77,11.69,0.10730677437121351
2024-07-01T20:00:00,18.91,72.79,21.29,0.19542867633559757
2024-07-01T20:00:00,18.91,72.81,32.45,0.2978703873691941
2024-07-01T20:00:00,18.91,72.83,4.75,0.0436019827427942
2024-07-01T20:00:00,18.91,72.85,14.94,0.1371397099320727
2024-07-01T20:00:00,18.91,72.87,10.54,0.09675050486506333
2024-07-01T20:00:00,18.91,72.89,15.61,0.14328988434000367
2024-07-01T20:00:00,18.91,72.91,25.47,0.23379842114925647
2024-07-01T20:00:00,18.91,72.93,7.28,0.06682577565632458
2024-07-01T20:00:00,18.91,72.95,22.65,0.20791261244721865
2024-07-01T20:00:00,18.91,72.97,10.54,0.09675050486506333
2024-07-01T20:00:00,18.91,72.99,29.8,0.2735450706811089
2024-07-01T20:00:00,18.93,72.77,9.39,0.08619423535891317
2024-07-01T20:00:00,18.93,72.79,33.13,0.30411235542500464
2024-07-01T20:00:00,18.93,72.81,5.43,0.049843950798604736
2024-07-01T20:00:00,18.93,72.83,19.11,0.17541766109785203
2024-07-01T20:00:00,18.93,72.85,25.51,0.23416559574077475
2024-07-01T20:00:00,18.93,72.87,8.35,0.07664769597943823
2024-07-01T20:00:00,18.93,72.89,10.59,0.09720947310446117
2024-07-01T20:00:00,18.93,72.91,15.42,0.1415458050302919
2024-07-01T20:00:00,18.93,72.93,11.55,0.10602166330089959
2024-07-01T20:00:00,18.93,72.95,9.24,0.08481733064071967
2024-07-01T20:00:00,18.93,72.97,26.04,0.23903065907839177
2024-07-01T20:00:00,18.93,72.99,31.88,0.2926381494400587
2024-07-01T20:00:00,18.95,72.77,39.38,0.36148338534973384
2024-07-01T20:00:00,18.95,72.79,24.54,0.22526161189645677
2024-07-01T20:00:00,18.95,72.81,26.15,0.240040389205067
2024-07-01T20:00:00,18.95,72.83,7.54,0.06921241050119332
2024-07-01T20:00:00,18.95,72.85,15.35,0.14090324949513494
2024-07-01T20:00:00,18.95,72.87,17.11,0.15705893152193867
2024-07-01T20:00:00,18.95,72.89,19.18,0.176060216633009
2024-07-01T20:00:00,18.95,72.91,18.54,0.1701854231687167
2024-07-01T20:00:00,18.95,72.93,15.16,0.13915917018542318
2024-07-01T20:00:00,18.95,72.95,20.17,0.18514778777308613
2024-07-01T20:00:00,18.95,72.97,17.02,0.15623278869102258
2024-07-01T20:00:00,18.95,72.99,16.74,0.1536625665503947
2024-07-01T20:00:00,18.97,72.77,10.18,0.09344593354139893
2024-07-01T20:00:00,18.97,72.79,6.4,0.05874793464292272
2024-07-01T20:00:00,18.97,72.81,21.28,0.195336882687718
2024-07-01T20:00:00,18.97,72.83,11.8,0.10831650449788875
2024-07-01T20:00:00,18.97,72.85,9.43,0.08656140995043143
2024-07-01T20:00:00,18.97,72.87,25.35,0.2326968973747017
2024-07-01T20:00:00,18.97,72.89,14.77,0.13557921791812005
2024-07-01T20:00:00,18.97,72.91,37.5,0.34422617954837526
2024-07-01T20:00:00,18.97,72.93,22.08,0.20268037451808335
2024-07-01T20:00:00,18.97,72.95,7.74,0.07104828345878465
2024-07-01T20:00:00,18.97,72.97,23.23,0.21323664402423353
2024-07-01T20:00:00,18.97,72.99,18.89,0.17339820084450158
2024-07-01T20:00:00,18.99,72.77,9.33,0.08564347347163577
2024-07-01T20:00:00,18.99,72.79,11.29,0.10363502845603084
2024-07-01T20:00:00,18.99,72.81,26.75,0.24554800807784102
2024-07-01T20:00:00,18.99,72.83,2.99,0.027446300715990454
2024-07-01T20:00:00,18.99,72.85,1.77,0.016247475674683313
2024-07-01T20:00:00,18.99,72.87,17.94,0.16467780429594273
2024-07-01T20:00:00,18.99,72.89,16.59,0.1522856618322012
2024-07-01T20:00:00,18.99,72.91,18.32,0.16816596291536626
2024-07-01T20:00:00,18.99,72.93,15.98,0.14668624931154764
2024-07-01T20:00:00,18.99,72.95,19.98,0.18340370846337434
2024-07-01T20:00:00,18.99,72.97,32.66,0.2997980539746649
2024-07-01T20:00:00,18.99,72.99,14.2,0.13034697998898476
2024-07-01T20:00:00,19.01,72.77,4.79,0.04396915733431247
2024-07-01T20:00:00,19.01,72.79,2.74,0.025151459519001287
2024-07-01T20:00:00,19.01,72.81,13.01,0.11942353589131632
2024-07-01T20:00:00,19.01,72.83,12.92,0.11859739306040022
2024-07-01T20:00:00,19.01,72.85,5.02,0.0460804112355425
2024-07-01T20:00:00,19.01,72.87,1.34,0.012300348815861943
2024-07-01T20:00:00,19.01,72.89,11.08,0.10170736185055994
2024-07-01T20:00:00,19.01,72.91,44.66,0.40995043143014503
2024-07-01T20:00:00,19.01,72.93,19.75,0.1812924545621443
2024-07-01T20:00:00,19.01,72.95,18.21,0.16715623278869104
2024-07-01T20:00:00,19.01,72.97,12.59,0.11556820268037452
2024-07-01T20:00:00,19.01,72.99,10.76,0.09876996511841381
2024-07-01T20:00:00,19.03,72.77,25.95,0.23820451624747568
2024-07-01T20:00:00,19.03,72.79,6.12,0.05617771250229484
2024-07-01T20:00:00,19.03,72.81,59.18,0.5432348081512759
2024-07-01T20:00:00,19.03,72.83,6.19,0.05682026803745181
2024-07-01T20:00:00,19.03,72.85,24.58,0.22562878648797502
2024-07-01T20:00:00,19.03,72.87,6.41,0.05883972829080228
2024-07-01T20:00:00,19.03,72.89,16.94,0.15549843950798606
2024-07-01T20:00:00,19.03,72.91,24.72,0.22691389755828897
2024-07-01T20:00:00,19.03,72.93,3.16,0.02900679272994309
2024-07-01T20:00:00,19.03,72.95,6.54,0.060033045713236644
2024-07-01T20:00:00,19.03,72.97,6.82,0.06260326785386451
2024-07-01T20:00:00,19.03,72.99,11.49,0.10547090141362218
2024-07-01T20:00:00,19.05,72.77,21.79,0.2000183587295759
2024-07-01T20:00:00,19.05,72.79,52.66,0.4833853497337984
2024-07-01T20:00:00,19.05,72.81,10.88,0.09987148889296861
2024-07-01T20:00:00,19.05,72.83,47.61,0.4370295575546172
2024-07-01T20:00:00,19.05,72.85,20.99,0.19267486689921057
2024-07-01T20:00:00,19.05,72.87,5.7,0.05232237929135304
2024-07-01T20:00:00,19.05,72.89,13.6,0.12483936111621076
2024-07-01T20:00:00,19.05,72.91,4.05,0.03717642739122452
2024-07-01T20:00:00,19.05,72.93,11.31,0.10381861575178998
2024-07-01T20:00:00,19.05,72.95,10.51,0.09647512392142464
2024-07-01T20:00:00,19.05,72.97,15.93,0.1462272810721498
2024-07-01T20:00:00,19.05,72.99,21.53,0.1976317238847072
2024-07-01T20:00:00,19.07,72.77,16.99,0.15595740774738387
2024-07-01T20:00:00,19.07,72.79,7.06,0.06480631540297412
2024-07-01T20:00:00,19.07,72.81,42.21,0.3874609876996512
2024-07-01T20:00:00,19.07,72.83,51.8,0.4754910960161557
2024-07-01T20:00:00,19.07,72.85,14.01,0.128602900679273
2024-07-01T20:00:00,19.07,72.87,19.84,0.1821185973930604
2024-07-01T20:00:00,19.07,72.89,12.8,0.11749586928584543
2024-07-01T20:00:00,19.07,72.91,16.89,0.15503947126858822
2024-07-01T20:00:00,19.07,72.93,17.23,0.1581604552964935
2024-07-01T20:00:00,19.07,72.95,4.6,0.042225078024600696
2024-07-01T20:00:00,19.07,72.97,11.1,0.10189094914631908
2024-07-01T20:00:00,19.07,72.99,28.2,0.2588580870203782
2024-07-01T20:00:00,19.09,72.77,34.15,0.3134753075087204
2024-07-01T20:00:00,19.09,72.79,13.42,0.12318707545437856
2024-07-01T20:00:00,19.09,72.81,20.11,0.1845970258858087
2024-07-01T20:00:00,19.09,72.83,13.44,0.1233706627501377
2024-07-01T20:00:00,19.09,72.85,25.31,0.2323297227831834
2024-07-01T20:00:00,19.09,72.87,3.33,0.030567284743895723
2024-07-01T20:00:00,19.09,72.89,22.09,0.2027721681659629
2024-07-01T20:00:00,19.09,72.91,39.06,0.3585459886175877
2024-07-01T20:00:00,19.09,72.93,8.23,0.07554617220488342
2024-07-01T20:00:00,19.09,72.95,34.3,0.3148522122269139
2024-07-01T20:00:00,19.09,72.97,17.51,0.16073067743712136
2024-07-01T20:00:00,19.09,72.99,13.19,0.12107582155314851
2024-07-01T20:00:00,19.11,72.77,13.77,0.1263998531301634
2024-07-01T20:00:00,19.11,72.79,42.38,0.38902147971360385
2024-07-01T20:00:00,19.11,72.81,13.85,0.1271342023131999
2024-07-01T20:00:00,19.11,72.83,47.19,0.4331742243436754
2024-07-01T20:00:00,19.11,72.85,42.52,0.3903065907839178
2024-07-01T20:00:00,19.11,72.87,10.63,0.09757664769597944
2024-07-01T20:00:00,19.11,72.89,13.27,0.12181017073618505
2024-07-01T20:00:00,19.11,72.91,2.21,0.02028639618138425
2024-07-01T20:00:00,19.11,72.93,14.2,0.13034697998898476
2024-07-01T20:00:00,19.11,72.95,15.3,0.1404442812557371
2024-07-01T20:00:00,19.11,72.97,30.7,0.2818064989902699
2024-07-01T20:00:00,19.11,72.99,38.49,0.3533137506884524
2024-07-01T20:00:00,19.13,72.77,30.32,0.27831834037084635
2024-07-01T20:00:00,19.13,72.79,35.6,0.3267853864512576
2024-07-01T20:00:00,19.13,72.81,14.67,0.1346612814393244
2024-07-01T20:00:00,19.13,72.83,5.57,0.05112906186891868
2024-07-01T20:00:00,19.13,72.85,19.72,0.18101707361850558
2024-07-01T20:00:00,19.13,72.87,33.41,0.30668257756563244
2024-07-01T20:00:00,19.13,72.89,0.64,0.005874793464292271
2024-07-01T20:00:00,19.13,72.91,16.45,0.1510005507618873
2024-07-01T20:00:00,19.13,72.93,2.54,0.023315586561409953
2024-07-01T20:00:00,19.13,72.95,7.53,0.06912061685331375
2024-07-01T20:00:00,19.13,72.97,16.07,0.14751239214246376
2024-07-01T20:00:00,19.13,72.99,38.9,0.3570772902515146
2024-07-01T20:00:00,19.15,72.77,18.3,0.16798237561960713
2024-07-01T20:00:00,19.15,72.79,28.03,0.2572975950064256
2024-07-01T20:00:00,19.15,72.81,20.67,0.18973747016706446
2024-07-01T20:00:00,19.15,72.83,9.04,0.08298145768312833
2024-07-01T20:00:00,19.15,72.85,22.45,0.20607673948962732
2024-07-01T20:00:00,19.15,72.87,5.16,0.04736552230585644
2024-07-01T20:00:00,19.15,72.89,15.38,0.14117863043877366
2024-07-01T20:00:00,19.15,72.91,35.96,0.330089957774922
2024-07-01T20:00:00,19.15,72.93,16.97,0.15577382045162474
2024-07-01T20:00:00,19.15,72.95,17.66,0.16210758215531484
2024-07-01T20:00:00,19.15,72.97,10.92,0.10023866348448687
2024-07-01T20:00:00,19.15,72.99,3.22,0.02955755461722049
2024-07-01T20:00:00,19.17,72.77,15.14,0.13897558288966405
2024-07-01T20:00:00,19.17,72.79,31.92,0.29300532403157703
2024-07-01T20:00:00,19.17,72.81,22.62,0.20763723150357996
2024-07-01T20:00:00,19.17,72.83,5.74,0.05268955388287131
2024-07-01T20:00:00,19.17,72.85,2.61,0.023958142096566916
2024-07-01T20:00:00,19.17,72.87,8.51,0.07811639434551129
2024-07-01T20:00:00,19.17,72.89,12.96,0.1189645676519185
2024-07-01T20:00:00,19.17,72.91,13.42,0.12318707545437856
2024-07-01T20:00:00,19.17,72.93,13.3,0.12208555167982377
2024-07-01T20:00:00,19.17,72.95,14.57,0.13374334496052873
2024-07-01T20:00:00,19.17,72.97,19.46,0.17863043877363688
2024-07-01T20:00:00,19.17,72.99,10.18,0.09344593354139893
2024-07-01T20:00:00,19.19,72.77,8.01,0.07352671195153296
2024-07-01T20:00:00,19.19,72.79,25.86,0.23737837341655957
2024-07-01T20:00:00,19.19,72.81,31.49,0.28905819717275566
2024-07-01T20:00:00,19.19,72.83,10.46,0.09601615568202682
2024-07-01T20:00:00,19.19,72.85,56.32,0.5169818248577198
2024-07-01T20:00:00,19.19,72.87,41.93,0.3848907655590233
2024-07-01T20:00:00,19.19,72.89,5.71,0.0524141729392326
2024-07-01T20:00:00,19.19,72.91,2.65,0.024325316688085186
2024-07-01T20:00:00,19.19,72.93,12.89,0.11832201211676152
2024-07-01T20:00:00,19.19,72.95,17.74,0.16284193133835137
2024-07-01T20:00:00,19.19,72.97,49.46,0.4540113824123371
2024-07-01T20:00:00,19.19,72.99,47.66,0.43748852579401504
2024-07-01T20:00:00,19.21,72.77,29.0,0.2662015788507435
2024-07-01T20:00:00,19.21,72.79,12.89,0.11832201211676152
2024-07-01T20:00:00,19.21,72.81,37.63,0.34541949697080965
2024-07-01T20:00:00,19.21,72.83,18.15,0.16660547090141362
2024-07-01T20:00:00,19.21,72.85,4.81,0.0441527446300716
2024-07-01T20:00:00,19.21,72.87,4.88,0.04479530016522856
2024-07-01T20:00:00,19.21,72.89,11.37,0.10436937763906737
2024-07-01T20:00:00,19.21,72.91,29.65,0.2721681659629154
2024-07-01T20:00:00,19.21,72.93,5.94,0.054525426840462646
2024-07-01T20:00:00,19.21,72.95,10.72,0.09840279052689554
2024-07-01T20:00:00,19.21,72.97,37.87,0.3476225445199192
2024-07-01T20:00:00,19.21,72.99,18.7,0.1716541215347898
2024-07-01T20:00:00,19.23,72.77,26.11,0.23967321461354874
2024-07-01T20:00:00,19.23,72.79,35.36,0.324582338902148
2024-07-01T20:00:00,19.23,72.81,12.77,0.11722048834220672
2024-07-01T20:00:00,19.23,72.83,45.83,0.42069028823205434
2024-07-01T20:00:00,19.23,72.85,26.36,0.2419680558105379
2024-07-01T20:00:00,19.23,72.87,14.37,0.1319074720029374
2024-07-01T20:00:00,19.23,72.89,37.36,0.34294106847806133
2024-07-01T20:00:00,19.23,72.91,23.89,0.21929502478428495
2024-07-01T20:00:00,19.23,72.93,14.57,0.13374334496052873
2024-07-01T20:00:00,19.23,72.95,21.39,0.19634661281439325
2024-07-01T20:00:00,19.23,72.97,6.86,0.06297044244538279
2024-07-01T20:00:00,19.23,72.99,31.22,0.28657976868000734
2024-07-01T20:00:00,19.25,72.77,61.97,0.5688452359096751
2024-07-01T20:00:00,19.25,72.79,3.82,0.035065173489994494
2024-07-01T20:00:00,19.25,72.81,10.65,0.09776023499173858
2024-07-01T20:00:00,19.25,72.83,9.63,0.08839728290802278
2024-07-01T20:00:00,19.25,72.85,27.53,0.25270791261244724
2024-07-01T20:00:00,19.25,72.87,18.49,0.16972645492931887
2024-07-01T20:00:00,19.25,72.89,10.9,0.10005507618872775
2024-07-01T20:00:00,19.25,72.91,12.04,0.11051955204699834
2024-07-01T20:00:00,19.25,72.93,9.69,0.08894804479530016
2024-07-01T20:00:00,19.25,72.95,22.68,0.20818799339085736
2024-07-01T20:00:00,19.25,72.97,16.59,0.1522856618322012
2024-07-01T20:00:00,19.25,72.99,10.82,0.09932072700569121
2024-07-01T21:00:00,18.87,72.77,12.73,0.11685331375068846
2024-07-01T21:00:00,18.87,72.79,45.5,0.41766109785202865
2024-07-01T21:00:00,18.87,72.81,39.16,0.3594639250963833
2024-07-01T21:00:00,18.87,72.83,27.51,0.2525243253166881
2024-07-01T21:00:00,18.87,72.85,34.45,0.3162291169451074
2024-07-01T21:00:00,18.87,72.87,5.01,0.045988617587662935
2024-07-01T21:00:00,18.87,72.89,6.47,0.05939049017807967
2024-07-01T21:00:00,18.87,72.91,5.7,0.05232237929135304
2024-07-01T21:00:00,18.87,72.93,15.75,0.1445749954103176
2024-07-01T21:00:00,18.87,72.95,31.75,0.2914448320176244
2024-07-01T21:00:00,18.87,72.97,10.82,0.09932072700569121
2024-07-01T21:00:00,18.87,72.99,33.7,0.30934459335413994
2024-07-01T21:00:00,18.89,72.77,11.95,0.10969340921608224
2024-07-01T21:00:00,18.89,72.79,16.75,0.1537543601982743
2024-07-01T21:00:00,18.89,72.81,12.76,0.11712869469432716
2024-07-01T21:00:00,18.89,72.83,14.87,0.13649715439691573
2024-07-01T21:00:00,18.89,72.85,15.76,0.1446667890581972
2024-07-01T21:00:00,18.89,72.87,2.82,0.025885808702037817
2024-07-01T21:00:00,18.89,72.89,21.15,0.19414356526528365
2024-07-01T21:00:00,18.89,72.91,14.47,0.13282540848173308
2024-07-01T21:00:00,18.89,72.93,43.19,0.3964567651918487
2024-07-01T21:00:00,18.89,72.95,23.32,0.21406278685514962
2024-07-01T21:00:00,18.89,72.97,19.03,0.1746833119148155
2024-07-01T21:00:00,18.89,72.99,39.52,0.36276849642004777
2024-07-01T21:00:00,18.91,72.77,47.43,0.435377271892785
2024-07-01T21:00:00,18.91,72.79,52.75,0.4842114925647145
2024-07-01T21:00:00,18.91,72.81,11.82,0.10850009179364789
2024-07-01T21:00:00,18.91,72.83,6.11,0.05608591885441528
2024-07-01T21:00:00,18.91,72.85,2.91,0.02671195153295392
2024-07-01T21:00:00,18.91,72.87,33.32,0.30585643473471635
2024-07-01T21:00:00,18.91,72.89,2.28,0.020928951716541213
2024-07-01T21:00:00,18.91,72.91,18.68,0.17147053423903066
2024-07-01T21:00:00,18.91,72.93,3.72,0.03414723701119883
2024-07-01T21:00:00,18.91,72.95,33.87,0.3109050853680925
2024-07-01T21:00:00,18.91,72.97,21.66,0.19882504130714154
2024-07-01T21:00:00,18.91,72.99,32.7,0.3001652285661833
2024-07-01T21:00:00,18.93,72.77,22.8,0.20928951716541216
2024-07-01T21:00:00,18.93,72.79,8.16,0.07490361666972646
2024-07-01T21:00:00,18.93,72.81,12.48,0.11455847255369929
2024-07-01T21:00:00,18.93,72.83,32.66,0.2997980539746649
2024-07-01T21:00:00,18.93,72.85,3.67,0.03368826877180099
2024-07-01T21:00:00,18.93,72.87,10.78,0.09895355241417293
2024-07-01T21:00:00,18.93,72.89,9.32,0.0855516798237562
2024-07-01T21:00:00,18.93,72.91,14.89,0.13668074169267488
2024-07-01T21:00:00,18.93,72.93,24.3,0.22305856434734717
2024-07-01T21:00:00,18.93,72.95,33.15,0.3042959427207637
2024-07-01T21:00:00,18.93,72.97,4.25,0.039012300348815865
2024-07-01T21:00:00,18.93,72.99,6.97,0.06398017257205801
2024-07-01T21:00:00,18.95,72.77,6.04,0.05544336331925831
2024-07-01T21:00:00,18.95,72.79,17.86,0.16394345511290617
2024-07-01T21:00:00,18.95,72.81,6.38,0.05856434734716358
2024-07-01T21:00:00,18.95,72.83,22.61,0.20754543785570037
2024-07-01T21:00:00,18.95,72.85,40.23,0.36928584541949694
2024-07-01T21:00:00,18.95,72.87,2.96,0.027170919772351754
2024-07-01T21:00:00,18.95,72.89,7.86,0.07214980723333946
2024-07-01T21:00:00,18.95,72.91,45.66,0.4191297962181017
2024-07-01T21:00:00,18.95,72.93,17.95,0.1647695979438223
2024-07-01T21:00:00,18.95,72.95,10.1,0.0927115843583624
2024-07-01T21:00:00,18.95,72.97,74.19,0.6810170736185056
2024-07-01T21:00:00,18.95,72.99,11.85,0.10877547273728658
2024-07-01T21:00:00,18.97,72.77,28.93,0.26555902331558656
2024-07-01T21:00:00,18.97,72.79,9.31,0.08545988617587663
2024-07-01T21:00:00,18.97,72.81,7.66,0.07031393427574813
2024-07-01T21:00:00,18.97,72.83,27.55,0.25289149990820636
2024-07-01T21:00:00,18.97,72.85,51.8,0.4754910960161557
2024-07-01T21:00:00,18.97,72.87,11.34,0.10409399669542868
2024-07-01T21:00:00,18.97,72.89,6.46,0.05929869653020011
2024-07-01T21:00:00,18.97,72.91,31.54,0.2895171654121535
2024-07-01T21:00:00,18.97,72.93,10.74,0.09858637782265467
2024-07-01T21:00:00,18.97,72.95,20.05,0.1840462639985313
2024-07-01T21:00:00,18.97,72.97,10.05,0.09225261611896457
2024-07-01T21:00:00,18.97,72.99,11.31,0.10381861575178998
2024-07-01T21:00:00,18.99,72.77,8.92,0.08187993390857352
2024-07-01T21:00:00,18.99,72.79,29.75,0.27308610244171105
2024-07-01T21:00:00,18.99,72.81,23.99,0.2202129612630806
2024-07-01T21:00:00,18.99,72.83,22.74,0.20873875527813474
2024-07-01T21:00:00,18.99,72.85,9.36,0.08591885441527446
2024-07-01T21:00:00,18.99,72.87,20.8,0.19093078758949883
2024-07-01T21:00:00,18.99,72.89,53.91,0.49485955571874424
2024-07-01T21:00:00,18.99,72.91,6.37,0.05847255369928401
2024-07-01T21:00:00,18.99,72.93,7.9,0.07251698182485772
2024-07-01T21:00:00,18.99,72.95,8.15,0.0748118230218469
2024-07-01T21:00:00,18.99,72.97,16.25,0.14916467780429596
2024-07-01T21:00:00,18.99,72.99,5.54,0.05085368092527997
2024-07-01T21:00:00,19.01,72.77,27.47,0.2521571507251698
2024-07-01T21:00:00,19.01,72.79,2.9,0.026620157885074353
2024-07-01T21:00:00,19.01,72.81,31.37,0.28795667339820086
2024-07-01T21:00:00,19.01,72.83,22.44,0.20598494584174776
2024-07-01T21:00:00,19.01,72.85,55.63,0.5106480631540298
2024-07-01T21:00:00,19.01,72.87,6.94,0.06370479162841931
2024-07-01T21:00:00,19.01,72.89,33.09,0.30374518083348634
2024-07-01T21:00:00,19.01,72.91,14.5,0.13310078942537176
2024-07-01T21:00:00,19.01,72.93,12.1,0.11107031393427574
2024-07-01T21:00:00,19.01,72.95,6.12,0.05617771250229484
2024-07-01T21:00:00,19.01,72.97,10.17,0.09335413989351937
2024-07-01T21:00:00,19.01,72.99,10.4,0.09546539379474941
2024-07-01T21:00:00,19.03,72.77,4.59,0.04213328437672113
2024-07-01T21:00:00,19.03,72.79,23.6,0.2166330089957775
2024-07-01T21:00:00,19.03,72.81,20.75,0.190471819350101
2024-07-01T21:00:00,19.03,72.83,26.36,0.2419680558105379
2024-07-01T21:00:00,19.03,72.85,10.25,0.0940884890765559
2024-07-01T21:00:00,19.03,72.87,29.78,0.27336148338534977
2024-07-01T21:00:00,19.03,72.89,39.78,0.3651551312649165
2024-07-01T21:00:00,19.03,72.91,13.1,0.12024967872223243
2024-07-01T21:00:00,19.03,72.93,6.65,0.061042775839911884
2024-07-01T21:00:00,19.03,72.95,15.87,0.1456765191848724
2024-07-01T21:00:00,19.03,72.97,15.07,0.13833302735450706
2024-07-01T21:00:00,19.03,72.99,12.75,0.1170369010464476
2024-07-01T21:00:00,19.05,72.77,28.9,0.26528364237194785
2024-07-01T21:00:00,19.05,72.79,13.8,0.1266752340738021
2024-07-01T21:00:00,19.05,72.81,7.1,0.06517348999449238
2024-07-01T21:00:00,19.05,72.83,19.35,0.17762070864696164
2024-07-01T21:00:00,19.05,72.85,26.61,0.24426289700752707
2024-07-01T21:00:00,19.05,72.87,27.5,0.2524325316688085
2024-07-01T21:00:00,19.05,72.89,11.47,0.10528731411786305
2024-07-01T21:00:00,19.05,72.91,19.53,0.17927299430879384
2024-07-01T21:00:00,19.05,72.93,38.71,0.35533321094180287
2024-07-01T21:00:00,19.05,72.95,31.87,0.2925463557921792
2024-07-01T21:00:00,19.05,72.97,3.38,0.031026252983293555
2024-07-01T21:00:00,19.05,72.99,11.16,0.10244171103359648
2024-07-01T21:00:00,19.07,72.77,45.34,0.4161923994859556
2024-07-01T21:00:00,19.07,72.79,4.12,0.03781898292638149
2024-07-01T21:00:00,19.07,72.81,16.85,0.15467229667706997
2024-07-01T21:00:00,19.07,72.83,10.37,0.0951900128511107
2024-07-01T21:00:00,19.07,72.85,21.22,0.1947861208004406
2024-07-01T21:00:00,19.07,72.87,1.65,0.015145951900128511
2024-07-01T21:00:00,19.07,72.89,36.05,0.33091610060583804
2024-07-01T21:00:00,19.07,72.91,15.49,0.14218836056544887
2024-07-01T21:00:00,19.07,72.93,5.79,0.05314852212226914
2024-07-01T21:00:00,19.07,72.95,8.04,0.07380209289517164
2024-07-01T21:00:00,19.07,72.97,19.3,0.1771617404075638
2024-07-01T21:00:00,19.07,72.99,7.27,0.06673398200844502
2024-07-01T21:00:00,19.09,72.77,56.94,0.522673031026253
2024-07-01T21:00:00,19.09,72.79,16.43,0.15081696346612813
2024-07-01T21:00:00,19.09,72.81,47.14,0.4327152561042776
2024-07-01T21:00:00,19.09,72.83,19.37,0.17780429594272076
2024-07-01T21:00:00,19.09,72.85,27.35,0.25105562695061506
2024-07-01T21:00:00,19.09,72.87,25.57,0.23471635762805215
2024-07-01T21:00:00,19.09,72.89,10.7,0.0982192032311364
2024-07-01T21:00:00,19.09,72.91,25.79,0.2367358178814026
2024-07-01T21:00:00,19.09,72.93,11.04,0.10134018725904168
2024-07-01T21:00:00,19.09,72.95,3.07,0.028180649899026987
2024-07-01T21:00:00,19.09,72.97,12.48,0.11455847255369929
2024-07-01T21:00:00,19.09,72.99,4.78,0.0438773636864329
2024-07-01T21:00:00,19.11,72.77,13.14,0.1206168533137507
2024-07-01T21:00:00,19.11,72.79,17.57,0.16128143932439876
2024-07-01T21:00:00,19.11,72.81,7.86,0.07214980723333946
2024-07-01T21:00:00,19.11,72.83,25.52,0.2342573893886543
2024-07-01T21:00:00,19.11,72.85,11.92,0.10941802827244355
2024-07-01T21:00:00,19.11,72.87,5.18,0.04754910960161557
2024-07-01T21:00:00,19.11,72.89,7.22,0.06627501376904718
2024-07-01T21:00:00,19.11,72.91,16.85,0.15467229667706997
2024-07-01T21:00:00,19.11,72.93,12.46,0.11437488525794016
2024-07-01T21:00:00,19.11,72.95,18.6,0.17073618505599414
2024-07-01T21:00:00,19.11,72.97,16.06,0.14742059849458417
2024-07-01T21:00:00,19.11,72.99,6.05,0.05553515696713787
2024-07-01T21:00:00,19.13,72.77,11.12,0.1020745364420782
2024-07-01T21:00:00,19.13,72.79,33.0,0.30291903800257025
2024-07-01T21:00:00,19.13,72.81,8.49,0.07793280704975217
2024-07-01T21:00:00,19.13,72.83,46.56,0.42739122452726275
2024-07-01T21:00:00,19.13,72.85,4.22,0.03873691940517716
2024-07-01T21:00:00,19.13,72.87,28.94,0.26565081696346615
2024-07-01T21:00:00,19.13,72.89,14.6,0.13401872590416744
2024-07-01T21:00:00,19.13,72.91,6.52,0.059849458417477505
2024-07-01T21:00:00,19.13,72.93,16.18,0.14852212226913897
2024-07-01T21:00:00,19.13,72.95,7.47,0.06856985496603635
2024-07-01T21:00:00,19.13,72.97,9.27,0.08509271158435835
2024-07-01T21:00:00,19.13,72.99,10.62,0.09748485404809987
2024-07-01T21:00:00,19.15,72.77,31.5,0.2891499908206352
2024-07-01T21:00:00,19.15,72.79,10.64,0.097668441343859
2024-07-01T21:00:00,19.15,72.81,20.82,0.19111437488525795
2024-07-01T21:00:00,19.15,72.83,29.56,0.27134202313199923
2024-07-01T21:00:00,19.15,72.85,17.28,0.15861942353589134
2024-07-01T21:00:00,19.15,72.87,21.47,0.19708096199742978
2024-07-01T21:00:00,19.15,72.89,15.35,0.14090324949513494
2024-07-01T21:00:00,19.15,72.91,22.9,0.21020745364420781
2024-07-01T21:00:00,19.15,72.93,4.73,0.04341839544703507
2024-07-01T21:00:00,19.15,72.95,38.47,0.3531301633926932
2024-07-01T21:00:00,19.15,72.97,8.21,0.0753625849091243
2024-07-01T21:00:00,19.15,72.99,13.46,0.12355425004589683
2024-07-01T21:00:00,19.17,72.77,2.62,0.024049935744446485
2024-07-01T21:00:00,19.17,72.79,11.84,0.10868367908940701
2024-07-01T21:00:00,19.17,72.81,21.47,0.19708096199742978
2024-07-01T21:00:00,19.17,72.83,47.82,0.43895722416008814
2024-07-01T21:00:00,19.17,72.85,25.29,0.23214613548742427
2024-07-01T21:00:00,19.17,72.87,11.33,0.10400220304754912
2024-07-01T21:00:00,19.17,72.89,3.68,0.03378006241968056
2024-07-01T21:00:00,19.17,72.91,36.86,0.338351386084083
2024-07-01T21:00:00,19.17,72.93,10.23,0.09390490178079677
2024-07-01T21:00:00,19.17,72.95,18.29,0.16789058197172754
2024-07-01T21:00:00,19.17,72.97,10.31,0.09463925096383331
2024-07-01T21:00:00,19.17,72.99,19.37,0.17780429594272076
2024-07-01T21:00:00,19.19,72.77,42.96,0.3943455112906187
2024-07-01T21:00:00,19.19,72.79,30.25,0.2776757848356894
2024-07-01T21:00:00,19.19,72.81,14.13,0.1297044244538278
2024-07-01T21:00:00,19.19,72.83,41.12,0.3774554800807784
2024-07-01T21:00:00,19.19,72.85,53.48,0.49091242885992287
2024-07-01T21:00:00,19.19,72.87,32.08,0.2944740223976501
2024-07-01T21:00:00,19.19,72.89,11.38,0.10446117128694696
2024-07-01T21:00:00,19.19,72.91,27.76,0.25481916651367725
2024-07-01T21:00:00,19.19,72.93,29.93,0.27473838810354323
2024-07-01T21:00:00,19.19,72.95,12.24,0.11235542500458968
2024-07-01T21:00:00,19.19,72.97,47.42,0.4352854782449055
2024-07-01T21:00:00,19.19,72.99,32.4,0.2974114191297962
2024-07-01T21:00:00,19.21,72.77,15.89,0.14586010648063155
2024-07-01T21:00:00,19.21,72.79,12.96,0.1189645676519185
2024-07-01T21:00:00,19.21,72.81,33.9,0.31118046631173124
2024-07-01T21:00:00,19.21,72.83,64.75,0.5943638700201946
2024-07-01T21:00:00,19.21,72.85,5.52,0.05067009362952084
2024-07-01T21:00:00,19.21,72.87,22.4,0.20561777125022948
2024-07-01T21:00:00,19.21,72.89,27.99,0.25693042041490727
2024-07-01T21:00:00,19.21,72.91,35.53,0.32614283091610063
2024-07-01T21:00:00,19.21,72.93,27.08,0.24857719845786672
2024-07-01T21:00:00,19.21,72.95,10.16,0.09326234624563981
2024-07-01T21:00:00,19.21,72.97,4.37,0.04011382412337067
2024-07-01T21:00:00,19.21,72.99,11.37,0.10436937763906737
2024-07-01T21:00:00,19.23,72.77,32.39,0.29731962548191665
2024-07-01T21:00:00,19.23,72.79,11.21,0.10290067927299432
2024-07-01T21:00:00,19.23,72.81,44.42,0.40774738388103543
2024-07-01T21:00:00,19.23,72.83,15.43,0.14163759867817147
2024-07-01T21:00:00,19.23,72.85,9.76,0.08959060033045713
2024-07-01T21:00:00,19.23,72.87,24.22,0.2223242151643106
2024-07-01T21:00:00,19.23,72.89,13.22,0.12135120249678723
2024-07-01T21:00:00,19.23,72.91,10.89,0.09996328254084819
2024-07-01T21:00:00,19.23,72.93,53.3,0.4892601431980907
2024-07-01T21:00:00,19.23,72.95,9.24,0.08481733064071967
2024-07-01T21:00:00,19.23,72.97,11.21,0.10290067927299432
2024-07-01T21:00:00,19.23,72.99,21.9,0.20102808885625115
2024-07-01T21:00:00,19.25,72.77,46.8,0.4295942720763723
2024-07-01T21:00:00,19.25,72.79,25.45,0.23361483385349735
2024-07-01T21:00:00,19.25,72.81,18.96,0.17404075637965855
2024-07-01T21:00:00,19.25,72.83,64.26,0.5898659812740958
2024-07-01T21:00:00,19.25,72.85,12.17,0.11171286946943272
2024-07-01T21:00:00,19.25,72.87,11.92,0.10941802827244355
2024-07-01T21:00:00,19.25,72.89,9.9,0.09087571140077107
2024-07-01T21:00:00,19.25,72.91,20.91,0.19194051771617404
2024-07-01T21:00:00,19.25,72.93,7.27,0.06673398200844502
2024-07-01T21:00:00,19.25,72.95,5.6,0.05140444281255737
2024-07-01T21:00:00,19.25,72.97,11.18,0.1026252983293556
2024-07-01T21:00:00,19.25,72.99,3.2,0.02937396732146136
2024-07-01T22:00:00,18.87,72.77,23.72,0.21773453277033228
2024-07-01T22:00:00,18.87,72.79,25.34,0.2326051037268221
2024-07-01T22:00:00,18.87,72.81,27.7,0.2542684046263998
2024-07-01T22:00:00,18.87,72.83,32.66,0.2997980539746649
2024-07-01T22:00:00,18.87,72.85,13.41,0.123095281806499
2024-07-01T22:00:00,18.87,72.87,39.03,0.35827060767394897
2024-07-01T22:00:00,18.87,72.89,35.64,0.32715256104277585
2024-07-01T22:00:00,18.87,72.91,6.77,0.06214429961446668
2024-07-01T22:00:00,18.87,72.93,15.37,0.14108683679089407
2024-07-01T22:00:00,18.87,72.95,1.26,0.011565999632825409
2024-07-01T22:00:00,18.87,72.97,35.8,0.3286212594088489
2024-07-01T22:00:00,18.87,72.99,27.46,0.2520653570772903
2024-07-01T22:00:00,18.89,72.77,52.47,0.48164127042408666
2024-07-01T22:00:00,18.89,72.79,4.73,0.04341839544703507
2024-07-01T22:00:00,18.89,72.81,26.2,0.24049935744446485
2024-07-01T22:00:00,18.89,72.83,11.71,0.10749036166697265
2024-07-01T22:00:00,18.89,72.85,2.38,0.021846888195336884
2024-07-01T22:00:00,18.89,72.87,33.87,0.3109050853680925
2024-07-01T22:00:00,18.89,72.89,5.59,0.0513126491646778
2024-07-01T22:00:00,18.89,72.91,21.1,0.19368459702588584
2024-07-01T22:00:00,18.89,72.93,10.36,0.09509821920323114
2024-07-01T22:00:00,18.89,72.95,17.85,0.16385166146502664
2024-07-01T22:00:00,18.89,72.97,28.49,0.2615201028088856
2024-07-01T22:00:00,18.89,72.99,17.34,0.15917018542316871
2024-07-01T22:00:00,18.91,72.77,9.1,0.08353221957040573
2024-07-01T22:00:00,18.91,72.79,66.8,0.6131815678355058
2024-07-01T22:00:00,18.91,72.81,14.32,0.13144850376353956
2024-07-01T22:00:00,18.91,72.83,9.81,0.09004956856985498
2024-07-01T22:00:00,18.91,72.85,16.36,0.15017440793097117
2024-07-01T22:00:00,18.91,72.87,4.35,0.03993023682761153
2024-07-01T22:00:00,18.91,72.89,9.84,0.09032494951349367
2024-07-01T22:00:00,18.91,72.91,13.31,0.12217734532770333
2024-07-01T22:00:00,18.91,72.93,19.3,0.1771617404075638
2024-07-01T22:00:00,18.91,72.95,16.33,0.14989902698733246
2024-07-01T22:00:00,18.91,72.97,22.05,0.20240499357444466
2024-07-01T22:00:00,18.91,72.99,14.74,0.13530383697448137
2024-07-01T22:00:00,18.93,72.77,41.62,0.3820451624747567
2024-07-01T22:00:00,18.93,72.79,30.43,0.27932807049752156
2024-07-01T22:00:00,18.93,72.81,24.81,0.22774004038920506
2024-07-01T22:00:00,18.93,72.83,42.32,0.3884707178263264
2024-07-01T22:00:00,18.93,72.85,41.23,0.3784652102074536
2024-07-01T22:00:00,18.93,72.87,18.67,0.1713787405911511
2024-07-01T22:00:00,18.93,72.89,12.45,0.11428309161006057
2024-07-01T22:00:00,18.93,72.91,19.14,0.17569304204149075
2024-07-01T22:00:00,18.93,72.93,14.47,0.13282540848173308
2024-07-01T22:00:00,18.93,72.95,11.38,0.10446117128694696
2024-07-01T22:00:00,18.93,72.97,17.63,0.16183220121167616
2024-07-01T22:00:00,18.93,72.99,20.08,0.18432164494217
2024-07-01T22:00:00,18.95,72.77,30.38,0.2788691022581237
2024-07-01T22:00:00,18.95,72.79,49.69,0.4561226363135671
2024-07-01T22:00:00,18.95,72.81,22.52,0.20671929502478428
2024-07-01T22:00:00,18.95,72.83,17.61,0.161648613915917
2024-07-01T22:00:00,18.95,72.85,34.11,0.31310813291720213
2024-07-01T22:00:00,18.95,72.87,8.61,0.07903433082430696
2024-07-01T22:00:00,18.95,72.89,3.68,0.03378006241968056
2024-07-01T22:00:00,18.95,72.91,22.98,0.21094180282724437
2024-07-01T22:00:00,18.95,72.93,12.41,0.11391591701854233
2024-07-01T22:00:00,18.95,72.95,12.93,0.11868918670827978
2024-07-01T22:00:00,18.95,72.97,7.67,0.07040572792362769
2024-07-01T22:00:00,18.95,72.99,33.95,0.3116394345511291
2024-07-01T22:00:00,18.97,72.77,4.52,0.04149072884156416
2024-07-01T22:00:00,18.97,72.79,28.66,0.26308059482283824
2024-07-01T22:00:00,18.97,72.81,18.31,0.1680741692674867
2024-07-01T22:00:00,18.97,72.83,48.83,0.44822838259592435
2024-07-01T22:00:00,18.97,72.85,34.21,0.3140260693959978
2024-07-01T22:00:00,18.97,72.87,6.54,0.060033045713236644
2024-07-01T22:00:00,18.97,72.89,26.72,0.2452726271342023
2024-07-01T22:00:00,18.97,72.91,22.51,0.20662750137690475
2024-07-01T22:00:00,18.97,72.93,15.03,0.1379658527629888
2024-07-01T22:00:00,18.97,72.95,23.87,0.2191114374885258
2024-07-01T22:00:00,18.97,72.97,9.12,0.08371580686616485
2024-07-01T22:00:00,18.97,72.99,16.31,0.14971543969157333
2024-07-01T22:00:00,18.99,72.77,19.75,0.1812924545621443
2024-07-01T22:00:00,18.99,72.79,9.83,0.0902331558656141
2024-07-01T22:00:00,18.99,72.81,14.31,0.13135671011566
2024-07-01T22:00:00,18.99,72.83,12.09,0.11097852028639618
2024-07-01T22:00:00,18.99,72.85,22.97,0.21085000917936478
2024-07-01T22:00:00,18.99,72.87,39.43,0.3619423535891316
2024-07-01T22:00:00,18.99,72.89,5.14,0.0471819350100973
2024-07-01T22:00:00,18.99,72.91,21.95,0.20148705709564899
2024-07-01T22:00:00,18.99,72.93,10.49,0.0962915366256655
2024-07-01T22:00:00,18.99,72.95,29.53,0.2710666421883606
2024-07-01T22:00:00,18.99,72.97,20.64,0.18946208922342575
2024-07-01T22:00:00,18.99,72.99,3.64,0.03341288782816229
2024-07-01T22:00:00,19.01,72.77,22.35,0.20515880301083167
2024-07-01T22:00:00,19.01,72.79,17.11,0.15705893152193867
2024-07-01T22:00:00,19.01,72.81,6.28,0.057646410868367914
2024-07-01T22:00:00,19.01,72.83,11.86,0.10886726638516614
2024-07-01T22:00:00,19.01,72.85,19.24,0.1766109785202864
2024-07-01T22:00:00,19.01,72.87,11.55,0.10602166330089959
2024-07-01T22:00:00,19.01,72.89,33.76,0.30989535524141726
2024-07-01T22:00:00,19.01,72.91,14.6,0.13401872590416744
2024-07-01T22:00:00,19.01,72.93,9.99,0.09170185423168717
2024-07-01T22:00:00,19.01,72.95,18.06,0.1657793280704975
2024-07-01T22:00:00,19.01,72.97,19.49,0.17890581971727557
2024-07-01T22:00:00,19.01,72.99,28.8,0.2643657058931522
2024-07-01T22:00:00,19.03,72.77,20.35,0.1868000734349183
2024-07-01T22:00:00,19.03,72.79,23.21,0.2130530567284744
2024-07-01T22:00:00,19.03,72.81,29.09,0.2670277216816596
2024-07-01T22:00:00,19.03,72.83,9.26,0.08500091793647879
2024-07-01T22:00:00,19.03,72.85,31.59,0.28997613365155134
2024-07-01T22:00:00,19.03,72.87,5.97,0.05480080778410134
2024-07-01T22:00:00,19.03,72.89,18.21,0.16715623278869104
2024-07-01T22:00:00,19.03,72.91,18.07,0.1658711217183771
2024-07-01T22:00:00,19.03,72.93,17.41,0.15981274095832568
2024-07-01T22:00:00,19.03,72.95,5.06,0.04644758582706077
2024-07-01T22:00:00,19.03,72.97,0.72,0.006609142647328804
2024-07-01T22:00:00,19.03,72.99,12.15,0.11152928217367358
2024-07-01T22:00:00,19.05,72.77,25.25,0.231778960895906
2024-07-01T22:00:00,19.05,72.79,48.1,0.441527446300716
2024-07-01T22:00:00,19.05,72.81,23.97,0.22002937396732145
2024-07-01T22:00:00,19.05,72.83,6.17,0.056636680741692674
2024-07-01T22:00:00,19.05,72.85,14.53,0.13337617036901045
2024-07-01T22:00:00,19.05,72.87,14.89,0.13668074169267488
2024-07-01T22:00:00,19.05,72.89,38.27,0.3512942904351019
2024-07-01T22:00:00,19.05,72.91,21.65,0.19873324765926198
2024-07-01T22:00:00,19.05,72.93,6.38,0.05856434734716358
2024-07-01T22:00:00,19.05,72.95,9.95,0.09133467964016889
2024-07-01T22:00:00,19.05,72.97,26.11,0.23967321461354874
2024-07-01T22:00:00,19.05,72.99,17.65,0.16201578850743528
2024-07-01T22:00:00,19.07,72.77,19.44,0.17844685147787775
2024-07-01T22:00:00,19.07,72.79,15.75,0.1445749954103176
2024-07-01T22:00:00,19.07,72.81,30.58,0.2807049752157151
2024-07-01T22:00:00,19.07,72.83,13.09,0.12015788507435285
2024-07-01T22:00:00,19.07,72.85,10.67,0.0979438222874977
2024-07-01T22:00:00,19.07,72.87,31.73,0.29126124472186526
2024-07-01T22:00:00,19.07,72.89,0.76,0.0069763172388470724
2024-07-01T22:00:00,19.07,72.91,6.32,0.05801358545988618
2024-07-01T22:00:00,19.07,72.93,8.52,0.07820818799339085
2024-07-01T22:00:00,19.07,72.95,30.65,0.28134753075087204
2024-07-01T22:00:00,19.07,72.97,17.22,0.1580686616486139
2024-07-01T22:00:00,19.07,72.99,5.52,0.05067009362952084
2024-07-01T22:00:00,19.09,72.77,6.6,0.060583807600514045
2024-07-01T22:00:00,19.09,72.79,37.7,0.3460620525059666
2024-07-01T22:00:00,19.09,72.81,6.22,0.057095648981090506
2024-07-01T22:00:00,19.09,72.83,10.59,0.09720947310446117
2024-07-01T22:00:00,19.09,72.85,12.44,0.11419129796218101
2024-07-01T22:00:00,19.09,72.87,24.31,0.22315035799522673
2024-07-01T22:00:00,19.09,72.89,11.04,0.10134018725904168
2024-07-01T22:00:00,19.09,72.91,4.69,0.043051220855516804
2024-07-01T22:00:00,19.09,72.93,24.25,0.22259959610794933
2024-07-01T22:00:00,19.09,72.95,23.47,0.2154396915733431
2024-07-01T22:00:00,19.09,72.97,42.14,0.38681843216449424
2024-07-01T22:00:00,19.09,72.99,18.14,0.16651367725353405
2024-07-01T22:00:00,19.11,72.77,6.35,0.05828896640352487
2024-07-01T22:00:00,19.11,72.79,50.09,0.4597943822287498
2024-07-01T22:00:00,19.11,72.81,13.09,0.12015788507435285
2024-07-01T22:00:00,19.11,72.83,31.55,0.28960895906003303
2024-07-01T22:00:00,19.11,72.85,45.01,0.41316320910592985
2024-07-01T22:00:00,19.11,72.87,17.93,0.16458601064806316
2024-07-01T22:00:00,19.11,72.89,15.98,0.14668624931154764
2024-07-01T22:00:00,19.11,72.91,19.46,0.17863043877363688
2024-07-01T22:00:00,19.11,72.93,21.71,0.19928400954653938
2024-07-01T22:00:00,19.11,72.95,30.86,0.28327519735634293
2024-07-01T22:00:00,19.11,72.97,13.28,0.12190196438406461
2024-07-01T22:00:00,19.11,72.99,15.47,0.14200477326968974
2024-07-01T22:00:00,19.13,72.77,12.65,0.11611896456765193
2024-07-01T22:00:00,19.13,72.79,12.2,0.11198825041307141
2024-07-01T22:00:00,19.13,72.81,8.68,0.07967688635946392
2024-07-01T22:00:00,19.13,72.83,12.22,0.11217183770883056
2024-07-01T22:00:00,19.13,72.85,7.36,0.06756012483936112
2024-07-01T22:00:00,19.13,72.87,30.83,0.2829998164127042
2024-07-01T22:00:00,19.13,72.89,25.84,0.23719478612080044
2024-07-01T22:00:00,19.13,72.91,14.87,0.13649715439691573
2024-07-01T22:00:00,19.13,72.93,18.73,0.1719295024784285
2024-07-01T22:00:00,19.13,72.95,7.42,0.06811088672663852
2024-07-01T22:00:00,19.13,72.97,14.8,0.13585459886175877
2024-07-01T22:00:00,19.13,72.99,32.66,0.2997980539746649
2024-07-01T22:00:00,19.15,72.77,41.04,0.3767211308977419
2024-07-01T22:00:00,19.15,72.79,52.38,0.4808151275931706
2024-07-01T22:00:00,19.15,72.81,33.28,0.3054892601431981
2024-07-01T22:00:00,19.15,72.83,22.32,0.20488342206719296
2024-07-01T22:00:00,19.15,72.85,30.41,0.27914448320176244
2024-07-01T22:00:00,19.15,72.87,5.95,0.05461722048834221
2024-07-01T22:00:00,19.15,72.89,27.54,0.2527997062603268
2024-07-01T22:00:00,19.15,72.91,30.17,0.27694143565265283
2024-07-01T22:00:00,19.15,72.93,15.11,0.13870020194602534
2024-07-01T22:00:00,19.15,72.95,16.12,0.1479713603818616
2024-07-01T22:00:00,19.15,72.97,12.36,0.11345694877914449
2024-07-01T22:00:00,19.15,72.99,14.06,0.12906186891867083
2024-07-01T22:00:00,19.17,72.77,21.95,0.20148705709564899
2024-07-01T22:00:00,19.17,72.79,22.9,0.21020745364420781
2024-07-01T22:00:00,19.17,72.81,8.82,0.08096199742977786
2024-07-01T22:00:00,19.17,72.83,9.97,0.09151826693592804
2024-07-01T22:00:00,19.17,72.85,27.09,0.24866899210574628
2024-07-01T22:00:00,19.17,72.87,21.94,0.20139526344776942
2024-07-01T22:00:00,19.17,72.89,8.56,0.07857536258490913
2024-07-01T22:00:00,19.17,72.91,14.53,0.13337617036901045
2024-07-01T22:00:00,19.17,72.93,48.35,0.4438222874977052
2024-07-01T22:00:00,19.17,72.95,1.6,0.01468698366073068
2024-07-01T22:00:00,19.17,72.97,0.71,0.006517348999449238
2024-07-01T22:00:00,19.17,72.99,1.59,0.014595190012851112
2024-07-01T22:00:00,19.19,72.77,74.59,0.6846888195336883
2024-07-01T22:00:00,19.19,72.79,7.39,0.06783550578299981
2024-07-01T22:00:00,19.19,72.81,14.08,0.12924545621442995
2024-07-01T22:00:00,19.19,72.83,26.21,0.2405911510923444
2024-07-01T22:00:00,19.19,72.85,24.35,0.223517532586745
2024-07-01T22:00:00,19.19,72.87,13.73,0.12603267853864514
2024-07-01T22:00:00,19.19,72.89,41.02,0.37653754360198277
2024-07-01T22:00:00,19.19,72.91,27.66,0.2539012300348816
2024-07-01T22:00:00,19.19,72.93,9.27,0.08509271158435835
2024-07-01T22:00:00,19.19,72.95,6.4,0.05874793464292272
2024-07-01T22:00:00,19.19,72.97,17.11,0.15705893152193867
2024-07-01T22:00:00,19.19,72.99,26.71,0.24518083348632275
2024-07-01T22:00:00,19.21,72.77,60.13,0.5519552046998348
2024-07-01T22:00:00,19.21,72.79,23.61,0.21672480264365707
2024-07-01T22:00:00,19.21,72.81,13.58,0.12465577382045163
2024-07-01T22:00:00,19.21,72.83,41.52,0.3811272259959611
2024-07-01T22:00:00,19.21,72.85,36.8,0.33780062419680557
2024-07-01T22:00:00,19.21,72.87,28.67,0.26317238847071783
2024-07-01T22:00:00,19.21,72.89,5.58,0.05122085551679824
2024-07-01T22:00:00,19.21,72.91,12.54,0.11510923444097668
2024-07-01T22:00:00,19.21,72.93,13.61,0.12493115476409032
2024-07-01T22:00:00,19.21,72.95,26.48,0.24306957958509273
2024-07-01T22:00:00,19.21,72.97,2.34,0.021479713603818614
2024-07-01T22:00:00,19.21,72.99,11.0,0.10097301266752341
2024-07-01T22:00:00,19.23,72.77,19.65,0.18037451808334862
2024-07-01T22:00:00,19.23,72.79,15.7,0.14411602717091976
2024-07-01T22:00:00,19.23,72.81,52.6,0.48283458784652106
2024-07-01T22:00:00,19.23,72.83,35.37,0.3246741325500275
2024-07-01T22:00:00,19.23,72.85,34.4,0.3157701487057096
2024-07-01T22:00:00,19.23,72.87,11.55,0.10602166330089959
2024-07-01T22:00:00,19.23,72.89,18.79,0.17248026436570588
2024-07-01T22:00:00,19.23,72.91,7.67,0.07040572792362769
2024-07-01T22:00:00,19.23,72.93,7.72,0.07086469616302551
2024-07-01T22:00:00,19.23,72.95,31.25,0.28685514962364606
2024-07-01T22:00:00,19.23,72.97,27.3,0.25059665871121717
2024-07-01T22:00:00,19.23,72.99,6.71,0.06159353772718928
2024-07-01T22:00:00,19.25,72.77,21.05,0.193225628786488
2024-07-01T22:00:00,19.25,72.79,4.48,0.0411235542500459
2024-07-01T22:00:00,19.25,72.81,26.65,0.24463007159904535
2024-07-01T22:00:00,19.25,72.83,7.71,0.07077290251514595
2024-07-01T22:00:00,19.25,72.85,18.78,0.17238847071782634
2024-07-01T22:00:00,19.25,72.87,51.17,0.469708096199743
2024-07-01T22:00:00,19.25,72.89,6.36,0.05838076005140445
2024-07-01T22:00:00,19.25,72.91,20.87,0.1915733431246558
2024-07-01T22:00:00,19.25,72.93,15.38,0.14117863043877366
2024-07-01T22:00:00,19.25,72.95,5.52,0.05067009362952084
2024-07-01T22:00:00,19.25,72.97,8.41,0.07719845786671563
2024-07-01T22:00:00,19.25,72.99,20.71,0.1901046447585827
2024-07-01T23:00:00,18.87,72.77,16.86,0.1547640903249495
2024-07-01T23:00:00,18.87,72.79,48.85,0.4484119698916835
2024-07-01T23:00:00,18.87,72.81,26.49,0.24316137323297227
2024-07-01T23:00:00,18.87,72.83,7.49,0.06875344226179549
2024-07-01T23:00:00,18.87,72.85,32.39,0.29731962548191665
2024-07-01T23:00:00,18.87,72.87,34.3,0.3148522122269139
2024-07-01T23:00:00,18.87,72.89,20.72,0.19019643840646228
2024-07-01T23:00:00,18.87,72.91,24.87,0.2282908022764825
2024-07-01T23:00:00,18.87,72.93,19.72,0.18101707361850558
2024-07-01T23:00:00,18.87,72.95,36.5,0.3350468147604186
2024-07-01T23:00:00,18.87,72.97,33.07,0.3035615935377272
2024-07-01T23:00:00,18.87,72.99,3.67,0.03368826877180099
2024-07-01T23:00:00,18.89,72.77,4.2,0.03855333210941803
2024-07-01T23:00:00,18.89,72.79,16.56,0.1520102808885625
2024-07-01T23:00:00,18.89,72.81,32.74,0.3005324031577015
2024-07-01T23:00:00,18.89,72.83,40.55,0.3722232421516431
2024-07-01T23:00:00,18.89,72.85,13.35,0.12254451991922159
2024-07-01T23:00:00,18.89,72.87,14.56,0.13365155131264916
2024-07-01T23:00:00,18.89,72.89,13.34,0.12245272627134203
2024-07-01T23:00:00,18.89,72.91,15.53,0.14255553515696714
2024-07-01T23:00:00,18.89,72.93,18.27,0.16770699467596842
2024-07-01T23:00:00,18.89,72.95,10.99,0.10088121901964385
2024-07-01T23:00:00,18.89,72.97,12.36,0.11345694877914449
2024-07-01T23:00:00,18.89,72.99,20.49,0.18808518450523223
2024-07-01T23:00:00,18.91,72.77,6.29,0.05773820451624748
2024-07-01T23:00:00,18.91,72.79,62.14,0.5704057279236276
2024-07-01T23:00:00,18.91,72.81,32.13,0.2949329906370479
2024-07-01T23:00:00,18.91,72.83,44.74,0.4106847806131816
2024-07-01T23:00:00,18.91,72.85,8.15,0.0748118230218469
2024-07-01T23:00:00,18.91,72.87,10.53,0.09665871121718377
2024-07-01T23:00:00,18.91,72.89,1.22,0.01119882504130714
2024-07-01T23:00:00,18.91,72.91,17.14,0.1573343124655774
2024-07-01T23:00:00,18.91,72.93,17.2,0.1578850743528548
2024-07-01T23:00:00,18.91,72.95,19.6,0.1799155498439508
2024-07-01T23:00:00,18.91,72.97,3.06,0.02808885625114742
2024-07-01T23:00:00,18.91,72.99,15.06,0.1382412337066275
2024-07-01T23:00:00,18.93,72.77,25.44,0.2335230402056178
2024-07-01T23:00:00,18.93,72.79,27.45,0.2519735634294107
2024-07-01T23:00:00,18.93,72.81,11.82,0.10850009179364789
2024-07-01T23:00:00,18.93,72.83,64.42,0.591334679640169
2024-07-01T23:00:00,18.93,72.85,14.8,0.13585459886175877
2024-07-01T23:00:00,18.93,72.87,19.3,0.1771617404075638
2024-07-01T23:00:00,18.93,72.89,12.86,0.11804663117312282
2024-07-01T23:00:00,18.93,72.91,10.6,0.09730126675234074
2024-07-01T23:00:00,18.93,72.93,25.94,0.23811272259959612
2024-07-01T23:00:00,18.93,72.95,3.27,0.030016522856618322
2024-07-01T23:00:00,18.93,72.97,26.16,0.24013218285294657
2024-07-01T23:00:00,18.93,72.99,16.97,0.15577382045162474
2024-07-01T23:00:00,18.95,72.77,17.34,0.15917018542316871
2024-07-01T23:00:00,18.95,72.79,6.48,0.05948228382595925
2024-07-01T23:00:00,18.95,72.81,19.26,0.17679456581604555
2024-07-01T23:00:00,18.95,72.83,28.81,0.26445749954103176
2024-07-01T23:00:00,18.95,72.85,20.03,0.18386267670277218
2024-07-01T23:00:00,18.95,72.87,16.42,0.1507251698182486
2024-07-01T23:00:00,18.95,72.89,13.94,0.12796034514411603
2024-07-01T23:00:00,18.95,72.91,11.58,0.10629704424453829
2024-07-01T23:00:00,18.95,72.93,5.87,0.053882871305305675
2024-07-01T23:00:00,18.95,72.95,24.95,0.229025151459519
2024-07-01T23:00:00,18.95,72.97,18.68,0.17147053423903066
2024-07-01T23:00:00,18.95,72.99,25.28,0.2320543418395447
2024-07-01T23:00:00,18.97,72.77,13.72,0.12594088489076558
2024-07-01T23:00:00,18.97,72.79,16.84,0.15458050302919038
2024-07-01T23:00:00,18.97,72.81,6.38,0.05856434734716358
2024-07-01T23:00:00,18.97,72.83,3.96,0.03635028456030843
2024-07-01T23:00:00,18.97,72.85,18.97,0.17413255002753808
2024-07-01T23:00:00,18.97,72.87,1.77,0.016247475674683313
2024-07-01T23:00:00,18.97,72.89,21.73,0.19946759684229853
2024-07-01T23:00:00,18.97,72.91,10.16,0.09326234624563981
2024-07-01T23:00:00,18.97,72.93,64.27,0.5899577749219753
2024-07-01T23:00:00,18.97,72.95,16.23,0.1489810905085368
2024-07-01T23:00:00,18.97,72.97,23.72,0.21773453277033228
2024-07-01T23:00:00,18.97,72.99,8.8,0.08077841013401874
2024-07-01T23:00:00,18.99,72.77,43.36,0.3980172572058014
2024-07-01T23:00:00,18.99,72.79,44.27,0.40637047916284197
2024-07-01T23:00:00,18.99,72.81,36.34,0.33357811639434554
2024-07-01T23:00:00,18.99,72.83,63.21,0.5802276482467413
2024-07-01T23:00:00,18.99,72.85,6.81,0.06251147420598495
2024-07-01T23:00:00,18.99,72.87,27.52,0.25261611896456765
2024-07-01T23:00:00,18.99,72.89,8.8,0.08077841013401874
2024-07-01T23:00:00,18.99,72.91,6.63,0.060859188544152745
2024-07-01T23:00:00,18.99,72.93,15.83,0.14530934459335415
2024-07-01T23:00:00,18.99,72.95,19.09,0.1752340738020929
2024-07-01T23:00:00,18.99,72.97,14.47,0.13282540848173308
2024-07-01T23:00:00,18.99,72.99,4.67,0.042867633559757666
2024-07-01T23:00:00,19.01,72.77,20.9,0.19184872406829445
2024-07-01T23:00:00,19.01,72.79,18.99,0.1743161373232972
2024-07-01T23:00:00,19.01,72.81,7.77,0.07132366440242335
2024-07-01T23:00:00,19.01,72.83,47.19,0.4331742243436754
2024-07-01T23:00:00,19.01,72.85,57.92,0.5316688085184506
2024-07-01T23:00:00,19.01,72.87,19.05,0.17486689921057463
2024-07-01T23:00:00,19.01,72.89,0.85,0.0078024600697631724
2024-07-01T23:00:00,19.01,72.91,16.47,0.1511841380576464
2024-07-01T23:00:00,19.01,72.93,34.15,0.3134753075087204
2024-07-01T23:00:00,19.01,72.95,16.15,0.14824674132550025
2024-07-01T23:00:00,19.01,72.97,14.37,0.1319074720029374
2024-07-01T23:00:00,19.01,72.99,24.94,0.22893335781163945
2024-07-01T23:00:00,19.03,72.77,79.35,0.7283825959243619
2024-07-01T23:00:00,19.03,72.79,24.65,0.22627134202313198
2024-07-01T23:00:00,19.03,72.81,20.76,0.19056361299798055
2024-07-01T23:00:00,19.03,72.83,44.01,0.4039838443179732
2024-07-01T23:00:00,19.03,72.85,24.73,0.22700569120616854
2024-07-01T23:00:00,19.03,72.87,52.07,0.477969524508904
2024-07-01T23:00:00,19.03,72.89,6.89,0.06324582338902147
2024-07-01T23:00:00,19.03,72.91,6.84,0.06278685514962365
2024-07-01T23:00:00,19.03,72.93,7.96,0.07306774371213512
2024-07-01T23:00:00,19.03,72.95,29.62,0.27189278501927666
2024-07-01T23:00:00,19.03,72.97,20.17,0.18514778777308613
2024-07-01T23:00:00,19.03,72.99,12.61,0.11575178997613365
2024-07-01T23:00:00,19.05,72.77,25.69,0.23581788140260695
2024-07-01T23:00:00,19.05,72.79,39.47,0.3623095281806499
2024-07-01T23:00:00,19.05,72.81,14.6,0.13401872590416744
2024-07-01T23:00:00,19.05,72.83,30.96,0.2841931338351386
2024-07-01T23:00:00,19.05,72.85,12.51,0.11483385349733799
2024-07-01T23:00:00,19.05,72.87,3.98,0.03653387185606756
2024-07-01T23:00:00,19.05,72.89,17.12,0.15715072516981826
2024-07-01T23:00:00,19.05,72.91,3.31,0.03038369744813659
2024-07-01T23:00:00,19.05,72.93,12.53,0.11501744079309711
2024-07-01T23:00:00,19.05,72.95,17.86,0.16394345511290617
2024-07-01T23:00:00,19.05,72.97,7.75,0.07114007710666422
2024-07-01T23:00:00,19.05,72.99,23.51,0.21580686616486142
2024-07-01T23:00:00,19.07,72.77,16.54,0.15182669359280337
2024-07-01T23:00:00,19.07,72.79,29.92,0.2746465944556637
2024-07-01T23:00:00,19.07,72.81,18.44,0.16926748668992106
2024-07-01T23:00:00,19.07,72.83,15.51,0.142371947861208
2024-07-01T23:00:00,19.07,72.85,8.8,0.08077841013401874
2024-07-01T23:00:00,19.07,72.87,17.71,0.16256655039471268
2024-07-01T23:00:00,19.07,72.89,19.03,0.1746833119148155
2024-07-01T23:00:00,19.07,72.91,21.62,0.1984578667156233
2024-07-01T23:00:00,19.07,72.93,19.75,0.1812924545621443
2024-07-01T23:00:00,19.07,72.95,4.76,0.04369377639067377
2024-07-01T23:00:00,19.07,72.97,31.23,0.28667156232788693
2024-07-01T23:00:00,19.07,72.99,20.73,0.19028823205434184
2024-07-01T23:00:00,19.09,72.77,20.79,0.19083899394161924
2024-07-01T23:00:00,19.09,72.79,24.97,0.22920873875527814
2024-07-01T23:00:00,19.09,72.81,27.59,0.2532586744997246
2024-07-01T23:00:00,19.09,72.83,61.18,0.5615935377271893
2024-07-01T23:00:00,19.09,72.85,11.19,0.10271709197723518
2024-07-01T23:00:00,19.09,72.87,11.18,0.1026252983293556
2024-07-01T23:00:00,19.09,72.89,6.52,0.059849458417477505
2024-07-01T23:00:00,19.09,72.91,2.35,0.021571507251698183
2024-07-01T23:00:00,19.09,72.93,22.17,0.20350651734899947
2024-07-01T23:00:00,19.09,72.95,55.16,0.50633376170369
2024-07-01T23:00:00,19.09,72.97,12.59,0.11556820268037452
2024-07-01T23:00:00,19.09,72.99,35.37,0.3246741325500275
2024-07-01T23:00:00,19.11,72.77,16.15,0.14824674132550025
2024-07-01T23:00:00,19.11,72.79,42.63,0.39131632091059304
2024-07-01T23:00:00,19.11,72.81,24.08,0.22103910409399669
2024-07-01T23:00:00,19.11,72.83,18.75,0.17211308977418763
2024-07-01T23:00:00,19.11,72.85,11.31,0.10381861575178998
2024-07-01T23:00:00,19.11,72.87,18.51,0.16991004222507805
2024-07-01T23:00:00,19.11,72.89,30.93,0.2839177528914999
2024-07-01T23:00:00,19.11,72.91,9.46,0.08683679089407013
2024-07-01T23:00:00,19.11,72.93,15.42,0.1415458050302919
2024-07-01T23:00:00,19.11,72.95,18.73,0.1719295024784285
2024-07-01T23:00:00,19.11,72.97,28.07,0.2576647695979438
2024-07-01T23:00:00,19.11,72.99,16.93,0.15540664586010647
2024-07-01T23:00:00,19.13,72.77,16.28,0.14944005874793465
2024-07-01T23:00:00,19.13,72.79,23.71,0.21764273912245274
2024-07-01T23:00:00,19.13,72.81,40.7,0.3736001468698366
2024-07-01T23:00:00,19.13,72.83,25.31,0.2323297227831834
2024-07-01T23:00:00,19.13,72.85,17.15,0.15742610611345695
2024-07-01T23:00:00,19.13,72.87,18.25,0.1675234073802093
2024-07-01T23:00:00,19.13,72.89,6.88,0.06315402974114191
2024-07-01T23:00:00,19.13,72.91,27.91,0.25619607123187077
2024-07-01T23:00:00,19.13,72.93,4.98,0.04571323664402424
2024-07-01T23:00:00,19.13,72.95,11.44,0.10501193317422435
2024-07-01T23:00:00,19.13,72.97,13.85,0.1271342023131999
2024-07-01T23:00:00,19.13,72.99,11.07,0.10161556820268038
2024-07-01T23:00:00,19.15,72.77,8.45,0.07756563245823389
2024-07-01T23:00:00,19.15,72.79,11.21,0.10290067927299432
2024-07-01T23:00:00,19.15,72.81,5.4,0.04956856985496604
2024-07-01T23:00:00,19.15,72.83,50.29,0.4616302551863411
2024-07-01T23:00:00,19.15,72.85,11.56,0.10611345694877915
2024-07-01T23:00:00,19.15,72.87,10.4,0.09546539379474941
2024-07-01T23:00:00,19.15,72.89,58.24,0.5346062052505967
2024-07-01T23:00:00,19.15,72.91,3.61,0.03313750688452359
2024-07-01T23:00:00,19.15,72.93,24.45,0.22443546906554065
2024-07-01T23:00:00,19.15,72.95,16.58,0.15219386818432162
2024-07-01T23:00:00,19.15,72.97,6.77,0.06214429961446668
2024-07-01T23:00:00,19.15,72.99,16.96,0.15568202680374518
2024-07-01T23:00:00,19.17,72.77,60.99,0.5598494584174776
2024-07-01T23:00:00,19.17,72.79,28.83,0.2646410868367909
2024-07-01T23:00:00,19.17,72.81,25.44,0.2335230402056178
2024-07-01T23:00:00,19.17,72.83,6.08,0.05581053791077658
2024-07-01T23:00:00,19.17,72.85,8.85,0.08123737837341656
2024-07-01T23:00:00,19.17,72.87,4.1,0.037635395630622355
2024-07-01T23:00:00,19.17,72.89,18.01,0.16532035983109972
2024-07-01T23:00:00,19.17,72.91,17.08,0.15678355057829996
2024-07-01T23:00:00,19.17,72.93,8.17,0.07499541031760602
2024-07-01T23:00:00,19.17,72.95,29.3,0.26895538828713056
2024-07-01T23:00:00,19.17,72.97,4.9,0.0449788874609877
2024-07-01T23:00:00,19.17,72.99,8.34,0.07655590233155865
2024-07-01T23:00:00,19.19,72.77,21.72,0.19937580319441894
2024-07-01T23:00:00,19.19,72.79,6.81,0.06251147420598495
2024-07-01T23:00:00,19.19,72.81,14.71,0.13502845603084268
2024-07-01T23:00:00,19.19,72.83,10.43,0.0957407747383881
2024-07-01T23:00:00,19.19,72.85,21.49,0.1972645492931889
2024-07-01T23:00:00,19.19,72.87,4.92,0.04516247475674683
2024-07-01T23:00:00,19.19,72.89,1.9,0.017440793097117678
2024-07-01T23:00:00,19.19,72.91,5.62,0.05158803010831651
2024-07-01T23:00:00,19.19,72.93,30.14,0.2766660547090141
2024-07-01T23:00:00,19.19,72.95,28.14,0.2583073251331008
2024-07-01T23:00:00,19.19,72.97,7.08,0.06498990269873325
2024-07-01T23:00:00,19.19,72.99,14.67,0.1346612814393244
2024-07-01T23:00:00,19.21,72.77,20.13,0.18478061318156783
2024-07-01T23:00:00,19.21,72.79,5.19,0.04764090324949514
2024-07-01T23:00:00,19.21,72.81,10.96,0.10060583807600515
2024-07-01T23:00:00,19.21,72.83,15.46,0.14191297962181018
2024-07-01T23:00:00,19.21,72.85,1.52,0.013952634477694145
2024-07-01T23:00:00,19.21,72.87,18.81,0.17266385166146503
2024-07-01T23:00:00,19.21,72.89,23.92,0.21957040572792363
2024-07-01T23:00:00,19.21,72.91,19.46,0.17863043877363688
2024-07-01T23:00:00,19.21,72.93,26.83,0.24628235726087755
2024-07-01T23:00:00,19.21,72.95,21.78,0.19992656508169637
2024-07-01T23:00:00,19.21,72.97,28.69,0.26335597576647696
2024-07-01T23:00:00,19.21,72.99,1.96,0.01799155498439508
2024-07-01T23:00:00,19.23,72.77,14.47,0.13282540848173308
2024-07-01T23:00:00,19.23,72.79,7.87,0.07224160088121902
2024-07-01T23:00:00,19.23,72.81,2.45,0.02248944373049385
2024-07-01T23:00:00,19.23,72.83,16.2,0.1487057095648981
2024-07-01T23:00:00,19.23,72.85,33.56,0.308059482283826
2024-07-01T23:00:00,19.23,72.87,10.51,0.09647512392142464
2024-07-01T23:00:00,19.23,72.89,21.49,0.1972645492931889
2024-07-01T23:00:00,19.23,72.91,38.05,0.34927483018175143
2024-07-01T23:00:00,19.23,72.93,13.19,0.12107582155314851
2024-07-01T23:00:00,19.23,72.95,32.79,0.3009913713970993
2024-07-01T23:00:00,19.23,72.97,30.14,0.2766660547090141
2024-07-01T23:00:00,19.23,72.99,19.23,0.17651918487240684
2024-07-01T23:00:00,19.25,72.77,6.47,0.05939049017807967
2024-07-01T23:00:00,19.25,72.79,2.38,0.021846888195336884
2024-07-01T23:00:00,19.25,72.81,10.19,0.0935377271892785
2024-07-01T23:00:00,19.25,72.83,12.57,0.11538461538461539
2024-07-01T23:00:00,19.25,72.85,14.37,0.1319074720029374
2024-07-01T23:00:00,19.25,72.87,26.34,0.24178446851477878
2024-07-01T23:00:00,19.25,72.89,8.87,0.08142096566917569
2024-07-01T23:00:00,19.25,72.91,25.7,0.23590967505048652
2024-07-01T23:00:00,19.25,72.93,46.81,0.4296860657242519
2024-07-01T23:00:00,19.25,72.95,13.83,0.1269506150174408
2024-07-01T23:00:00,19.25,72.97,18.13,0.1664218836056545
2024-07-01T23:00:00,19.25,72.99,42.78,0.3926932256287865
2024-07-02T00:00:00,18.87,72.77,33.98,0.31191481549476774
2024-07-02T00:00:00,18.87,72.79,10.48,0.09619974297778594
2024-07-02T00:00:00,18.87,72.81,57.17,0.5247842849274831
2024-07-02T00:00:00,18.87,72.83,20.79,0.19083899394161924
2024-07-02T00:00:00,18.87,72.85,10.62,0.09748485404809987
2024-07-02T00:00:00,18.87,72.87,3.49,0.032035983109968795
2024-07-02T00:00:00,18.87,72.89,9.04,0.08298145768312833
2024-07-02T00:00:00,18.87,72.91,18.34,0.16834955021112538
2024-07-02T00:00:00,18.87,72.93,6.7,0.061501744079309716
2024-07-02T00:00:00,18.87,72.95,7.56,0.06939599779695245
2024-07-02T00:00:00,18.87,72.97,37.61,0.34523590967505047
2024-07-02T00:00:00,18.87,72.99,17.91,0.16440242335230404
2024-07-02T00:00:00,18.89,72.77,4.78,0.0438773636864329
2024-07-02T00:00:00,18.89,72.79,31.08,0.2852946576096934
2024-07-02T00:00:00,18.89,72.81,2.34,0.021479713603818614
2024-07-02T00:00:00,18.89,72.83,20.13,0.18478061318156783
2024-07-02T00:00:00,18.89,72.85,17.82,0.16357628052138792
2024-07-02T00:00:00,18.89,72.87,69.67,0.6395263447769415
2024-07-02T00:00:00,18.89,72.89,33.95,0.3116394345511291
2024-07-02T00:00:00,18.89,72.91,15.97,0.14659445566366808
2024-07-02T00:00:00,18.89,72.93,29.21,0.2681292454562144
2024-07-02T00:00:00,18.89,72.95,2.23,0.02046998347714338
2024-07-02T00:00:00,18.89,72.97,15.67,0.14384064622728107
2024-07-02T00:00:00,18.89,72.99,8.94,0.08206352120433266
2024-07-02T00:00:00,18.91,72.77,21.64,0.19864145401138242
2024-07-02T00:00:00,18.91,72.79,2.3,0.021112539012300348
2024-07-02T00:00:00,18.91,72.81,29.57,0.2714338167798788
2024-07-02T00:00:00,18.91,72.83,25.1,0.23040205617771253
2024-07-02T00:00:00,18.91,72.85,36.38,0.3339452909858638
2024-07-02T00:00:00,18.91,72.87,12.01,0.11024417110335964
2024-07-02T00:00:00,18.91,72.89,27.47,0.2521571507251698
2024-07-02T00:00:00,18.91,72.91,53.51,0.4911878098035616
2024-07-02T00:00:00,18.91,72.93,12.73,0.11685331375068846
2024-07-02T00:00:00,18.91,72.95,4.45,0.0408481733064072
2024-07-02T00:00:00,18.91,72.97,24.42,0.224160088121902
2024-07-02T00:00:00,18.91,72.99,11.27,0.1034514411602717
2024-07-02T00:00:00,18.93,72.77,7.83,0.07187442628970075
2024-07-02T00:00:00,18.93,72.79,9.04,0.08298145768312833
2024-07-02T00:00:00,18.93,72.81,4.46,0.04093996695428676
2024-07-02T00:00:00,18.93,72.83,7.18,0.06590783917752892
2024-07-02T00:00:00,18.93,72.85,23.16,0.21259408848907657
2024-07-02T00:00:00,18.93,72.87,23.22,0.21314485037635394
2024-07-02T00:00:00,18.93,72.89,8.65,0.07940150541582523
2024-07-02T00:00:00,18.93,72.91,64.53,0.5923444097668441
2024-07-02T00:00:00,18.93,72.93,17.4,0.15972094731044612
2024-07-02T00:00:00,18.93,72.95,19.92,0.18285294657609696
2024-07-02T00:00:00,18.93,72.97,22.71,0.20846337433449608
2024-07-02T00:00:00,18.93,72.99,8.34,0.07655590233155865
2024-07-02T00:00:00,18.95,72.77,37.15,0.34101340187259044
2024-07-02T00:00:00,18.95,72.79,4.0,0.03671745915182669
2024-07-02T00:00:00,18.95,72.81,6.62,0.06076739489627318
2024-07-02T00:00:00,18.95,72.83,9.88,0.09069212410501194
2024-07-02T00:00:00,18.95,72.85,20.62,0.18927850192766663
2024-07-02T00:00:00,18.95,72.87,5.16,0.04736552230585644
2024-07-02T00:00:00,18.95,72.89,5.52,0.05067009362952084
2024-07-02T00:00:00,18.95,72.91,42.68,0.3917752891499908
2024-07-02T00:00:00,18.95,72.93,38.29,0.35147787773086103
2024-07-02T00:00:00,18.95,72.95,4.57,0.041949697080962
2024-07-02T00:00:00,18.95,72.97,7.83,0.07187442628970075
2024-07-02T00:00:00,18.95,72.99,14.64,0.13438590049568572
2024-07-02T00:00:00,18.97,72.77,30.02,0.2755645309344593
2024-07-02T00:00:00,18.97,72.79,13.17,0.12089223425738939
2024-07-02T00:00:00,18.97,72.81,11.52,0.10574628235726087
2024-07-02T00:00:00,18.97,72.83,39.33,0.36102441711033595
2024-07-02T00:00:00,18.97,72.85,9.58,0.08793831466862494
2024-07-02T00:00:00,18.97,72.87,13.46,0.12355425004589683
2024-07-02T00:00:00,18.97,72.89,23.76,0.21810170736185058
2024-07-02T00:00:00,18.97,72.91,24.0,0.22030475491096016
2024-07-02T00:00:00,18.97,72.93,21.83,0.20038553332109416
2024-07-02T00:00:00,18.97,72.95,20.55,0.18863594639250966
2024-07-02T00:00:00,18.97,72.97,18.36,0.16853313750688453
2024-07-02T00:00:00,18.97,72.99,12.66,0.11621075821553149
2024-07-02T00:00:00,18.99,72.77,37.1,0.3405544336331926
2024-07-02T00:00:00,18.99,72.79,28.95,0.2657426106113457
2024-07-02T00:00:00,18.99,72.81,11.25,0.10326785386451258
2024-07-02T00:00:00,18.99,72.83,14.41,0.13227464659445567
2024-07-02T00:00:00,18.99,72.85,5.73,0.05259776023499174
2024-07-02T00:00:00,18.99,72.87,11.63,0.10675601248393612
2024-07-02T00:00:00,18.99,72.89,6.17,0.056636680741692674
2024-07-02T00:00:00,18.99,72.91,31.47,0.2888746098769965
2024-07-02T00:00:00,18.99,72.93,72.27,0.6633926932256288
2024-07-02T00:00:00,18.99,72.95,5.39,0.049476776207086466
2024-07-02T00:00:00,18.99,72.97,13.49,0.12382963098953553
2024-07-02T00:00:00,18.99,72.99,11.65,0.10693959977969525
2024-07-02T00:00:00,19.01,72.77,2.07,0.019001285111070312
2024-07-02T00:00:00,19.01,72.79,10.8,0.09913713970993208
2024-07-02T00:00:00,19.01,72.81,58.84,0.5401138241233707
2024-07-02T00:00:00,19.01,72.83,20.11,0.1845970258858087
2024-07-02T00:00:00,19.01,72.85,15.41,0.14145401138241234
2024-07-02T00:00:00,19.01,72.87,6.4,0.05874793464292272
2024-07-02T00:00:00,19.01,72.89,29.14,0.26748668992105745
2024-07-02T00:00:00,19.01,72.91,10.77,0.09886175876629337
2024-07-02T00:00:00,19.01,72.93,8.63,0.0792179181200661
2024-07-02T00:00:00,19.01,72.95,25.61,0.2350835322195704
2024-07-02T00:00:00,19.01,72.97,13.58,0.12465577382045163
2024-07-02T00:00:00,19.01,72.99,6.55,0.06012483936111621
2024-07-02T00:00:00,19.03,72.77,33.79,0.310170736185056
2024-07-02T00:00:00,19.03,72.79,20.76,0.19056361299798055
2024-07-02T00:00:00,19.03,72.81,32.01,0.2938314668624931
2024-07-02T00:00:00,19.03,72.83,16.35,0.15008261428309164
2024-07-02T00:00:00,19.03,72.85,82.79,0.759959610794933
2024-07-02T00:00:00,19.03,72.87,3.45,0.031668808518450525
2024-07-02T00:00:00,19.03,72.89,73.2,0.6719295024784285
2024-07-02T00:00:00,19.03,72.91,10.01,0.09188544152744631
2024-07-02T00:00:00,19.03,72.93,3.44,0.031577014870570956
2024-07-02T00:00:00,19.03,72.95,18.42,0.16908389939416194
2024-07-02T00:00:00,19.03,72.97,33.85,0.3107214980723334
2024-07-02T00:00:00,19.03,72.99,20.66,0.18964567651918487
2024-07-02T00:00:00,19.05,72.77,3.27,0.030016522856618322
2024-07-02T00:00:00,19.05,72.79,3.6,0.03304571323664403
2024-07-02T00:00:00,19.05,72.81,4.34,0.03983844317973196
2024-07-02T00:00:00,19.05,72.83,10.14,0.09307875894988067
2024-07-02T00:00:00,19.05,72.85,4.82,0.04424453827795117
2024-07-02T00:00:00,19.05,72.87,13.64,0.12520653570772902
2024-07-02T00:00:00,19.05,72.89,2.25,0.020653570772902516
2024-07-02T00:00:00,19.05,72.91,13.77,0.1263998531301634
2024-07-02T00:00:00,19.05,72.93,20.85,0.19138975582889667
2024-07-02T00:00:00,19.05,72.95,34.34,0.3152193868184322
2024-07-02T00:00:00,19.05,72.97,17.89,0.1642188360565449
2024-07-02T00:00:00,19.05,72.99,38.27,0.3512942904351019
2024-07-02T00:00:00,19.07,72.77,22.69,0.20827978703873692
2024-07-02T00:00:00,19.07,72.79,6.08,0.05581053791077658
2024-07-02T00:00:00,19.07,72.81,13.55,0.12438039287681293
2024-07-02T00:00:00,19.07,72.83,9.7,0.08903983844317973
2024-07-02T00:00:00,19.07,72.85,18.15,0.16660547090141362
2024-07-02T00:00:00,19.07,72.87,1.62,0.014870570956489812
2024-07-02T00:00:00,19.07,72.89,39.23,0.36010648063154027
2024-07-02T00:00:00,19.07,72.91,25.79,0.2367358178814026
2024-07-02T00:00:00,19.07,72.93,15.59,0.14310629704424455
2024-07-02T00:00:00,19.07,72.95,72.11,0.6619239948595558
2024-07-02T00:00:00,19.07,72.97,49.1,0.45070681108867267
2024-07-02T00:00:00,19.07,72.99,22.47,0.20626032678538644
2024-07-02T00:00:00,19.09,72.77,19.7,0.18083348632274646
2024-07-02T00:00:00,19.09,72.79,15.13,0.1388837892417845
2024-07-02T00:00:00,19.09,72.81,13.79,0.1265834404259225
2024-07-02T00:00:00,19.09,72.83,9.42,0.08646961630255186
2024-07-02T00:00:00,19.09,72.85,9.23,0.0847255369928401
2024-07-02T00:00:00,19.09,72.87,15.84,0.1454011382412337
2024-07-02T00:00:00,19.09,72.89,34.54,0.3170552597760235
2024-07-02T00:00:00,19.09,72.91,15.04,0.13805764641086837
2024-07-02T00:00:00,19.09,72.93,4.2,0.03855333210941803
2024-07-02T00:00:00,19.09,72.95,12.03,0.11042775839911878
2024-07-02T00:00:00,19.09,72.97,6.28,0.057646410868367914
2024-07-02T00:00:00,19.09,72.99,42.34,0.3886543051220856
2024-07-02T00:00:00,19.11,72.77,2.05,0.018817697815311177
2024-07-02T00:00:00,19.11,72.79,18.88,0.173306407196622
2024-07-02T00:00:00,19.11,72.81,6.8,0.06241968055810538
2024-07-02T00:00:00,19.11,72.83,14.26,0.13089774187626216
2024-07-02T00:00:00,19.11,72.85,17.15,0.15742610611345695
2024-07-02T00:00:00,19.11,72.87,30.85,0.2831834037084634
2024-07-02T00:00:00,19.11,72.89,11.45,0.10510372682210391
2024-07-02T00:00:00,19.11,72.91,15.66,0.1437488525794015
2024-07-02T00:00:00,19.11,72.93,37.9,0.3478979254635579
2024-07-02T00:00:00,19.11,72.95,37.16,0.34110519552047
2024-07-02T00:00:00,19.11,72.97,59.66,0.5476409032494951
2024-07-02T00:00:00,19.11,72.99,6.6,0.060583807600514045
2024-07-02T00:00:00,19.13,72.77,76.41,0.7013952634477694
2024-07-02T00:00:00,19.13,72.79,14.38,0.13199926565081696
2024-07-02T00:00:00,19.13,72.81,50.04,0.45933541398935196
2024-07-02T00:00:00,19.13,72.83,31.48,0.28896640352487607
2024-07-02T00:00:00,19.13,72.85,11.46,0.10519552046998348
2024-07-02T00:00:00,19.13,72.87,57.62,0.5289149990820635
2024-07-02T00:00:00,19.13,72.89,41.99,0.3854415274463007
2024-07-02T00:00:00,19.13,72.91,5.02,0.0460804112355425
2024-07-02T00:00:00,19.13,72.93,11.25,0.10326785386451258
2024-07-02T00:00:00,19.13,72.95,25.06,0.23003488158619423
2024-07-02T00:00:00,19.13,72.97,3.98,0.03653387185606756
2024-07-02T00:00:00,19.13,72.99,13.77,0.1263998531301634
2024-07-02T00:00:00,19.15,72.77,40.67,0.37332476592619795
2024-07-02T00:00:00,19.15,72.79,17.13,0.1572425188176978
2024-07-02T00:00:00,19.15,72.81,21.33,0.19579585092711582
2024-07-02T00:00:00,19.15,72.83,35.22,0.323297227831834
2024-07-02T00:00:00,19.15,72.85,23.71,0.21764273912245274
2024-07-02T00:00:00,19.15,72.87,15.28,0.14026069395997798
2024-07-02T00:00:00,19.15,72.89,44.77,0.4109601615568203
2024-07-02T00:00:00,19.15,72.91,17.46,0.16027170919772352
2024-07-02T00:00:00,19.15,72.93,15.74,0.14448320176243803
2024-07-02T00:00:00,19.15,72.95,41.75,0.3832384798971911
2024-07-02T00:00:00,19.15,72.97,21.63,0.19854966036350283
2024-07-02T00:00:00,19.15,72.99,5.83,0.053515696713787406
2024-07-02T00:00:00,19.17,72.77,8.39,0.0770148705709565
2024-07-02T00:00:00,19.17,72.79,10.24,0.09399669542867634
2024-07-02T00:00:00,19.17,72.81,37.42,0.34349183036533876
2024-07-02T00:00:00,19.17,72.83,33.7,0.30934459335413994
2024-07-02T00:00:00,19.17,72.85,19.92,0.18285294657609696
2024-07-02T00:00:00,19.17,72.87,7.38,0.06774371213512025
2024-07-02T00:00:00,19.17,72.89,12.35,0.11336515513126491
2024-07-02T00:00:00,19.17,72.91,40.38,0.3706627501376905
2024-07-02T00:00:00,19.17,72.93,14.07,0.1291536625665504
2024-07-02T00:00:00,19.17,72.95,13.38,0.1228199008628603
2024-07-02T00:00:00,19.17,72.97,8.93,0.08197172755645309
2024-07-02T00:00:00,19.17,72.99,31.66,0.2906186891867083
2024-07-02T00:00:00,19.19,72.77,9.91,0.09096750504865064
2024-07-02T00:00:00,19.19,72.79,32.32,0.2966770699467597
2024-07-02T00:00:00,19.19,72.81,12.22,0.11217183770883056
2024-07-02T00:00:00,19.19,72.83,26.5,0.24325316688085186
2024-07-02T00:00:00,19.19,72.85,21.39,0.19634661281439325
2024-07-02T00:00:00,19.19,72.87,16.1,0.14778777308610247
2024-07-02T00:00:00,19.19,72.89,12.7,0.11657793280704974
2024-07-02T00:00:00,19.19,72.91,21.56,0.19790710482834586
2024-07-02T00:00:00,19.19,72.93,19.46,0.17863043877363688
2024-07-02T00:00:00,19.19,72.95,9.47,0.08692858454194971
2024-07-02T00:00:00,19.19,72.97,34.69,0.31843216449421696
2024-07-02T00:00:00,19.19,72.99,29.13,0.2673948962731779
2024-07-02T00:00:00,19.21,72.77,8.66,0.0794932990637048
2024-07-02T00:00:00,19.21,72.79,9.32,0.0855516798237562
2024-07-02T00:00:00,19.21,72.81,2.81,0.025794015054158254
2024-07-02T00:00:00,19.21,72.83,31.89,0.2927299430879383
2024-07-02T00:00:00,19.21,72.85,13.79,0.1265834404259225
2024-07-02T00:00:00,19.21,72.87,17.07,0.15669175693042042
2024-07-02T00:00:00,19.21,72.89,7.91,0.0726087754727373
2024-07-02T00:00:00,19.21,72.91,16.38,0.1503579952267303
2024-07-02T00:00:00,19.21,72.93,20.29,0.1862493115476409
2024-07-02T00:00:00,19.21,72.95,4.6,0.042225078024600696
2024-07-02T00:00:00,19.21,72.97,19.3,0.1771617404075638
2024-07-02T00:00:00,19.21,72.99,18.28,0.167798788323848
2024-07-02T00:00:00,19.23,72.77,50.39,0.4625481916651368
2024-07-02T00:00:00,19.23,72.79,24.76,0.22728107214980725
2024-07-02T00:00:00,19.23,72.81,7.9,0.07251698182485772
2024-07-02T00:00:00,19.23,72.83,8.3,0.0761887277400404
2024-07-02T00:00:00,19.23,72.85,20.72,0.19019643840646228
2024-07-02T00:00:00,19.23,72.87,13.13,0.12052505966587113
2024-07-02T00:00:00,19.23,72.89,28.1,0.25794015054158254
2024-07-02T00:00:00,19.23,72.91,4.57,0.041949697080962
2024-07-02T00:00:00,19.23,72.93,29.38,0.26968973747016706
2024-07-02T00:00:00,19.23,72.95,18.21,0.16715623278869104
2024-07-02T00:00:00,19.23,72.97,40.45,0.3713053056728475
2024-07-02T00:00:00,19.23,72.99,14.08,0.12924545621442995
2024-07-02T00:00:00,19.25,72.77,8.74,0.08022764824674133
2024-07-02T00:00:00,19.25,72.79,7.7,0.07068110886726639
2024-07-02T00:00:00,19.25,72.81,24.03,0.22058013585459887
2024-07-02T00:00:00,19.25,72.83,5.94,0.054525426840462646
2024-07-02T00:00:00,19.25,72.85,67.6,0.6205250596658711
2024-07-02T00:00:00,19.25,72.87,15.24,0.1398935193684597
2024-07-02T00:00:00,19.25,72.89,46.72,0.4288599228933358
2024-07-02T00:00:00,19.25,72.91,3.31,0.03038369744813659
2024-07-02T00:00:00,19.25,72.93,0.94,0.008628602900679273
2024-07-02T00:00:00,19.25,72.95,8.54,0.07839177528914998
2024-07-02T00:00:00,19.25,72.97,21.14,0.19405177161740408
2024-07-02T00:00:00,19.25,72.99,16.87,0.1548558839728291
2024-07-02T01:00:00,18.87,72.77,12.02,0.11033596475123922
2024-07-02T01:00:00,18.87,72.79,25.46,0.2337066275013769
2024-07-02T01:00:00,18.87,72.81,15.17,0.13925096383330274
2024-07-02T01:00:00,18.87,72.83,6.08,0.05581053791077658
2024-07-02T01:00:00,18.87,72.85,53.54,0.4914631907472003
2024-07-02T01:00:00,18.87,72.87,0.88,0.008077841013401872
2024-07-02T01:00:00,18.87,72.89,20.31,0.18643289884340003
2024-07-02T01:00:00,18.87,72.91,17.07,0.15669175693042042
2024-07-02T01:00:00,18.87,72.93,17.08,0.15678355057829996
2024-07-02T01:00:00,18.87,72.95,32.94,0.3023682761152928
2024-07-02T01:00:00,18.87,72.97,6.06,0.05562695061501744
2024-07-02T01:00:00,18.87,72.99,5.68,0.0521387919955939
2024-07-02T01:00:00,18.89,72.77,41.13,0.377547273728658
2024-07-02T01:00:00,18.89,72.79,29.7,0.2726271342023132
2024-07-02T01:00:00,18.89,72.81,49.33,0.4528180649899027
2024-07-02T01:00:00,18.89,72.83,15.34,0.14081145584725538
2024-07-02T01:00:00,18.89,72.85,14.56,0.13365155131264916
2024-07-02T01:00:00,18.89,72.87,33.15,0.3042959427207637
2024-07-02T01:00:00,18.89,72.89,40.4,0.3708463374334496
2024-07-02T01:00:00,18.89,72.91,5.6,0.05140444281255737
2024-07-02T01:00:00,18.89,72.93,59.3,0.5443363319258308
2024-07-02T01:00:00,18.89,72.95,10.91,0.10014686983660731
2024-07-02T01:00:00,18.89,72.97,18.74,0.17202129612630804
2024-07-02T01:00:00,18.89,72.99,23.58,0.21644942170001835
2024-07-02T01:00:00,18.91,72.77,41.84,0.38406462272810726
2024-07-02T01:00:00,18.91,72.79,32.81,0.3011749586928585
2024-07-02T01:00:00,18.91,72.81,20.0,0.18358729575913346
2024-07-02T01:00:00,18.91,72.83,30.74,0.28217367358178813
2024-07-02T01:00:00,18.91,72.85,13.24,0.12153478979254637
2024-07-02T01:00:00,18.91,72.87,10.93,0.10033045713236644
2024-07-02T01:00:00,18.91,72.89,17.63,0.16183220121167616
2024-07-02T01:00:00,18.91,72.91,38.17,0.35037635395630623
2024-07-02T01:00:00,18.91,72.93,24.35,0.223517532586745
2024-07-02T01:00:00,18.91,72.95,11.14,0.10225812373783735
2024-07-02T01:00:00,18.91,72.97,14.85,0.1363135671011566
2024-07-02T01:00:00,18.91,72.99,30.73,0.2820818799339086
2024-07-02T01:00:00,18.93,72.77,24.6,0.22581237378373417
2024-07-02T01:00:00,18.93,72.79,21.69,0.19910042225078026
2024-07-02T01:00:00,18.93,72.81,21.41,0.19653020011015238
2024-07-02T01:00:00,18.93,72.83,6.48,0.05948228382595925
2024-07-02T01:00:00,18.93,72.85,2.9,0.026620157885074353
2024-07-02T01:00:00,18.93,72.87,37.14,0.34092160822471085
2024-07-02T01:00:00,18.93,72.89,17.53,0.1609142647328805
2024-07-02T01:00:00,18.93,72.91,19.35,0.17762070864696164
2024-07-02T01:00:00,18.93,72.93,11.65,0.10693959977969525
2024-07-02T01:00:00,18.93,72.95,42.6,0.3910409399669543
2024-07-02T01:00:00,18.93,72.97,10.45,0.09592436203414723
2024-07-02T01:00:00,18.93,72.99,12.47,0.11446667890581973
2024-07-02T01:00:00,18.95,72.77,42.15,0.3869102258123738
2024-07-02T01:00:00,18.95,72.79,13.18,0.12098402790526895
2024-07-02T01:00:00,18.95,72.81,22.09,0.2027721681659629
2024-07-02T01:00:00,18.95,72.83,5.28,0.04846704608041124
2024-07-02T01:00:00,18.95,72.85,8.32,0.07637231503579953
2024-07-02T01:00:00,18.95,72.87,4.26,0.03910409399669543
2024-07-02T01:00:00,18.95,72.89,18.19,0.1669726454929319
2024-07-02T01:00:00,18.95,72.91,18.71,0.17174591518266938
2024-07-02T01:00:00,18.95,72.93,19.19,0.1761520102808886
2024-07-02T01:00:00,18.95,72.95,13.23,0.12144299614466679
2024-07-02T01:00:00,18.95,72.97,13.58,0.12465577382045163
2024-07-02T01:00:00,18.95,72.99,9.03,0.08288966403524875
2024-07-02T01:00:00,18.97,72.77,14.81,0.13594639250963833
2024-07-02T01:00:00,18.97,72.79,5.9,0.054158252248944376
2024-07-02T01:00:00,18.97,72.81,24.66,0.22636313567101157
2024-07-02T01:00:00,18.97,72.83,32.0,0.29373967321461353
2024-07-02T01:00:00,18.97,72.85,15.73,0.14439140811455847
2024-07-02T01:00:00,18.97,72.87,15.0,0.1376904718193501
2024-07-02T01:00:00,18.97,72.89,18.24,0.1674316137323297
2024-07-02T01:00:00,18.97,72.91,43.39,0.39829263814944005
2024-07-02T01:00:00,18.97,72.93,15.39,0.14127042408665322
2024-07-02T01:00:00,18.97,72.95,16.15,0.14824674132550025
2024-07-02T01:00:00,18.97,72.97,71.97,0.6606388837892417
2024-07-02T01:00:00,18.97,72.99,13.06,0.11988250413071416
2024-07-02T01:00:00,18.99,72.77,25.76,0.23646043693776392
2024-07-02T01:00:00,18.99,72.79,24.19,0.22204883422067195
2024-07-02T01:00:00,18.99,72.81,14.17,0.13007159904534607
2024-07-02T01:00:00,18.99,72.83,24.67,0.22645492931889116
2024-07-02T01:00:00,18.99,72.85,4.67,0.042867633559757666
2024-07-02T01:00:00,18.99,72.87,14.97,0.1374150908757114
2024-07-02T01:00:00,18.99,72.89,7.77,0.07132366440242335
2024-07-02T01:00:00,18.99,72.91,22.88,0.2100238663484487
2024-07-02T01:00:00,18.99,72.93,3.6,0.03304571323664403
2024-07-02T01:00:00,18.99,72.95,25.5,0.2340738020928952
2024-07-02T01:00:00,18.99,72.97,0.7,0.006425555351569671
2024-07-02T01:00:00,18.99,72.99,20.39,0.18716724802643658
2024-07-02T01:00:00,19.01,72.77,7.83,0.07187442628970075
2024-07-02T01:00:00,19.01,72.79,11.68,0.10721498072333395
2024-07-02T01:00:00,19.01,72.81,15.55,0.14273912245272627
2024-07-02T01:00:00,19.01,72.83,49.97,0.458692858454195
2024-07-02T01:00:00,19.01,72.85,6.89,0.06324582338902147
2024-07-02T01:00:00,19.01,72.87,16.87,0.1548558839728291
2024-07-02T01:00:00,19.01,72.89,38.05,0.34927483018175143
2024-07-02T01:00:00,19.01,72.91,16.72,0.15347897925463558
2024-07-02T01:00:00,19.01,72.93,23.79,0.21837708830548927
2024-07-02T01:00:00,19.01,72.95,32.59,0.299155498439508
2024-07-02T01:00:00,19.01,72.97,9.34,0.08573526711951533
2024-07-02T01:00:00,19.01,72.99,10.15,0.09317055259776023
2024-07-02T01:00:00,19.03,72.77,7.62,0.06994675968422985
2024-07-02T01:00:00,19.03,72.79,43.71,0.4012300348815862
2024-07-02T01:00:00,19.03,72.81,56.72,0.5206535707729025
2024-07-02T01:00:00,19.03,72.83,5.23,0.04800807784101341
2024-07-02T01:00:00,19.03,72.85,21.54,0.19772351753258674
2024-07-02T01:00:00,19.03,72.87,10.38,0.09528180649899028
2024-07-02T01:00:00,19.03,72.89,10.66,0.09785202863961814
2024-07-02T01:00:00,19.03,72.91,25.21,0.23141178630438775
2024-07-02T01:00:00,19.03,72.93,16.88,0.15494767762070863
2024-07-02T01:00:00,19.03,72.95,22.72,0.2085551679823756
2024-07-02T01:00:00,19.03,72.97,46.77,0.42931889113273364
2024-07-02T01:00:00,19.03,72.99,19.51,0.17908940701303472
2024-07-02T01:00:00,19.05,72.77,31.07,0.2852028639618138
2024-07-02T01:00:00,19.05,72.79,38.33,0.3518450523223793
2024-07-02T01:00:00,19.05,72.81,10.29,0.09445566366807416
2024-07-02T01:00:00,19.05,72.83,30.31,0.27822654672296676
2024-07-02T01:00:00,19.05,72.85,10.93,0.10033045713236644
2024-07-02T01:00:00,19.05,72.87,5.5,0.050486506333761706
2024-07-02T01:00:00,19.05,72.89,22.68,0.20818799339085736
2024-07-02T01:00:00,19.05,72.91,5.85,0.05369928400954654
2024-07-02T01:00:00,19.05,72.93,16.96,0.15568202680374518
2024-07-02T01:00:00,19.05,72.95,13.88,0.12740958325683863
2024-07-02T01:00:00,19.05,72.97,38.97,0.35771984578667154
2024-07-02T01:00:00,19.05,72.99,5.44,0.049935744446484305
2024-07-02T01:00:00,19.07,72.77,25.21,0.23141178630438775
2024-07-02T01:00:00,19.07,72.79,9.68,0.0888562511474206
2024-07-02T01:00:00,19.07,72.81,4.17,0.038277951165779325
2024-07-02T01:00:00,19.07,72.83,2.21,0.02028639618138425
2024-07-02T01:00:00,19.07,72.85,6.45,0.05920690288232055
2024-07-02T01:00:00,19.07,72.87,6.04,0.05544336331925831
2024-07-02T01:00:00,19.07,72.89,2.16,0.019827427941986418
2024-07-02T01:00:00,19.07,72.91,30.23,0.27749219753993026
2024-07-02T01:00:00,19.07,72.93,35.15,0.32265467229667705
2024-07-02T01:00:00,19.07,72.95,8.46,0.07765742610611347
2024-07-02T01:00:00,19.07,72.97,10.98,0.10078942537176427
2024-07-02T01:00:00,19.07,72.99,12.71,0.11666972645492933
2024-07-02T01:00:00,19.09,72.77,39.53,0.3628602900679273
2024-07-02T01:00:00,19.09,72.79,38.81,0.35625114742059855
2024-07-02T01:00:00,19.09,72.81,23.37,0.21452175509454746
2024-07-02T01:00:00,19.09,72.83,22.17,0.20350651734899947
2024-07-02T01:00:00,19.09,72.85,11.51,0.10565448870938131
2024-07-02T01:00:00,19.09,72.87,2.14,0.019643840646227283
2024-07-02T01:00:00,19.09,72.89,13.46,0.12355425004589683
2024-07-02T01:00:00,19.09,72.91,37.38,0.3431246557738205
2024-07-02T01:00:00,19.09,72.93,9.32,0.0855516798237562
2024-07-02T01:00:00,19.09,72.95,11.8,0.10831650449788875
2024-07-02T01:00:00,19.09,72.97,26.92,0.24710850009179366
2024-07-02T01:00:00,19.09,72.99,11.05,0.10143198090692125
2024-07-02T01:00:00,19.11,72.77,16.33,0.14989902698733246
2024-07-02T01:00:00,19.11,72.79,33.55,0.30796768863594637
2024-07-02T01:00:00,19.11,72.81,2.27,0.02083715806866165
2024-07-02T01:00:00,19.11,72.83,6.19,0.05682026803745181
2024-07-02T01:00:00,19.11,72.85,57.2,0.5250596658711217
2024-07-02T01:00:00,19.11,72.87,29.95,0.27492197539930235
2024-07-02T01:00:00,19.11,72.89,32.03,0.29401505415825224
2024-07-02T01:00:00,19.11,72.91,20.31,0.18643289884340003
2024-07-02T01:00:00,19.11,72.93,21.79,0.2000183587295759
2024-07-02T01:00:00,19.11,72.95,9.42,0.08646961630255186
2024-07-02T01:00:00,19.11,72.97,12.45,0.11428309161006057
2024-07-02T01:00:00,19.11,72.99,29.94,0.2748301817514228
2024-07-02T01:00:00,19.13,72.77,13.4,0.12300348815861943
2024-07-02T01:00:00,19.13,72.79,11.05,0.10143198090692125
2024-07-02T01:00:00,19.13,72.81,18.16,0.1666972645492932
2024-07-02T01:00:00,19.13,72.83,22.41,0.20570956489810904
2024-07-02T01:00:00,19.13,72.85,41.69,0.3826877180099137
2024-07-02T01:00:00,19.13,72.87,90.33,0.8291720212961263
2024-07-02T01:00:00,19.13,72.89,7.29,0.06691756930420414
2024-07-02T01:00:00,19.13,72.91,26.41,0.24242702404993574
2024-07-02T01:00:00,19.13,72.93,17.17,0.1576096934092161
2024-07-02T01:00:00,19.13,72.95,2.55,0.023407380209289515
2024-07-02T01:00:00,19.13,72.97,42.61,0.39113273361483386
2024-07-02T01:00:00,19.13,72.99,11.17,0.10253350468147604
2024-07-02T01:00:00,19.15,72.77,13.68,0.1255737102992473
2024-07-02T01:00:00,19.15,72.79,52.26,0.4797136038186157
2024-07-02T01:00:00,19.15,72.81,17.72,0.16265834404259225
2024-07-02T01:00:00,19.15,72.83,39.85,0.36579768680007346
2024-07-02T01:00:00,19.15,72.85,14.53,0.13337617036901045
2024-07-02T01:00:00,19.15,72.87,24.86,0.2281990086286029
2024-07-02T01:00:00,19.15,72.89,15.2,0.13952634477694142
2024-07-02T01:00:00,19.15,72.91,8.22,0.07545437855700386
2024-07-02T01:00:00,19.15,72.93,23.9,0.21938681843216448
2024-07-02T01:00:00,19.15,72.95,27.4,0.25151459519001285
2024-07-02T01:00:00,19.15,72.97,15.68,0.14393243987516063
2024-07-02T01:00:00,19.15,72.99,1.93,0.01771617404075638
2024-07-02T01:00:00,19.17,72.77,7.01,0.06434734716357628
2024-07-02T01:00:00,19.17,72.79,12.42,0.11400771066642189
2024-07-02T01:00:00,19.17,72.81,48.06,0.44116027170919775
2024-07-02T01:00:00,19.17,72.83,17.4,0.15972094731044612
2024-07-02T01:00:00,19.17,72.85,44.98,0.41288782816229114
2024-07-02T01:00:00,19.17,72.87,34.79,0.31935010097301264
2024-07-02T01:00:00,19.17,72.89,11.59,0.10638883789241785
2024-07-02T01:00:00,19.17,72.91,19.21,0.1763355975766477
2024-07-02T01:00:00,19.17,72.93,28.39,0.26060216633009
2024-07-02T01:00:00,19.17,72.95,8.29,0.07609693409216081
2024-07-02T01:00:00,19.17,72.97,25.99,0.23857169083899393
2024-07-02T01:00:00,19.17,72.99,23.47,0.2154396915733431
2024-07-02T01:00:00,19.19,72.77,9.83,0.0902331558656141
2024-07-02T01:00:00,19.19,72.79,27.29,0.25050486506333763
2024-07-02T01:00:00,19.19,72.81,17.22,0.1580686616486139
2024-07-02T01:00:00,19.19,72.83,5.11,0.046906554066458606
2024-07-02T01:00:00,19.19,72.85,11.42,0.1048283458784652
2024-07-02T01:00:00,19.19,72.87,10.81,0.09922893335781165
2024-07-02T01:00:00,19.19,72.89,48.7,0.44703506517349
2024-07-02T01:00:00,19.19,72.91,5.93,0.05443363319258307
2024-07-02T01:00:00,19.19,72.93,9.3,0.08536809252799707
2024-07-02T01:00:00,19.19,72.95,21.14,0.19405177161740408
2024-07-02T01:00:00,19.19,72.97,16.32,0.14980723333945292
2024-07-02T01:00:00,19.19,72.99,13.19,0.12107582155314851
2024-07-02T01:00:00,19.21,72.77,16.71,0.15338718560675602
2024-07-02T01:00:00,19.21,72.79,36.78,0.33761703690104644
2024-07-02T01:00:00,19.21,72.81,9.42,0.08646961630255186
2024-07-02T01:00:00,19.21,72.83,6.96,0.06388837892417845
2024-07-02T01:00:00,19.21,72.85,2.12,0.019460253350468148
2024-07-02T01:00:00,19.21,72.87,11.65,0.10693959977969525
2024-07-02T01:00:00,19.21,72.89,5.03,0.04617220488342207
2024-07-02T01:00:00,19.21,72.91,12.82,0.11767945658160456
2024-07-02T01:00:00,19.21,72.93,2.78,0.02551863411051955
2024-07-02T01:00:00,19.21,72.95,12.21,0.112080044060951
2024-07-02T01:00:00,19.21,72.97,19.6,0.1799155498439508
2024-07-02T01:00:00,19.21,72.99,14.9,0.13677253534055445
2024-07-02T01:00:00,19.23,72.77,30.96,0.2841931338351386
2024-07-02T01:00:00,19.23,72.79,41.29,0.37901597209473104
2024-07-02T01:00:00,19.23,72.81,22.89,0.21011565999632825
2024-07-02T01:00:00,19.23,72.83,17.84,0.16375986781714705
2024-07-02T01:00:00,19.23,72.85,23.96,0.2199375803194419
2024-07-02T01:00:00,19.23,72.87,21.71,0.19928400954653938
2024-07-02T01:00:00,19.23,72.89,29.73,0.27290251514595193
2024-07-02T01:00:00,19.23,72.91,17.08,0.15678355057829996
2024-07-02T01:00:00,19.23,72.93,5.28,0.04846704608041124
2024-07-02T01:00:00,19.23,72.95,33.07,0.3035615935377272
2024-07-02T01:00:00,19.23,72.97,2.89,0.026528364237194787
2024-07-02T01:00:00,19.23,72.99,25.61,0.2350835322195704
2024-07-02T01:00:00,19.25,72.77,26.49,0.24316137323297227
2024-07-02T01:00:00,19.25,72.79,26.14,0.23994859555718745
2024-07-02T01:00:00,19.25,72.81,19.71,0.18092527997062605
2024-07-02T01:00:00,19.25,72.83,10.06,0.09234440976684415
2024-07-02T01:00:00,19.25,72.85,16.19,0.14861391591701856
2024-07-02T01:00:00,19.25,72.87,39.36,0.36129979805397466
2024-07-02T01:00:00,19.25,72.89,23.47,0.2154396915733431
2024-07-02T01:00:00,19.25,72.91,23.17,0.21268588213695613
2024-07-02T01:00:00,19.25,72.93,37.62,0.34532770332293006
2024-07-02T01:00:00,19.25,72.95,39.93,0.36653203598310996
2024-07-02T01:00:00,19.25,72.97,26.83,0.24628235726087755
2024-07-02T01:00:00,19.25,72.99,53.63,0.49228933357811644
2024-07-02T02:00:00,18.87,72.77,26.85,0.2464659445566367
2024-07-02T02:00:00,18.87,72.79,32.08,0.2944740223976501
2024-07-02T02:00:00,18.87,72.81,35.97,0.33018175142280154
2024-07-02T02:00:00,18.87,72.83,42.94,0.39416192399485955
2024-07-02T02:00:00,18.87,72.85,7.9,0.07251698182485772
2024-07-02T02:00:00,18.87,72.87,5.06,0.04644758582706077
2024-07-02T02:00:00,18.87,72.89,5.72,0.05250596658711217
2024-07-02T02:00:00,18.87,72.91,10.96,0.10060583807600515
2024-07-02T02:00:00,18.87,72.93,32.0,0.29373967321461353
2024-07-02T02:00:00,18.87,72.95,12.87,0.11813842482100238
2024-07-02T02:00:00,18.87,72.97,14.11,0.12952083715806867
2024-07-02T02:00:00,18.87,72.99,4.54,0.0416743161373233
2024-07-02T02:00:00,18.89,72.77,6.49,0.05957407747383881
2024-07-02T02:00:00,18.89,72.79,12.41,0.11391591701854233
2024-07-02T02:00:00,18.89,72.81,9.7,0.08903983844317973
2024-07-02T02:00:00,18.89,72.83,30.75,0.2822654672296677
2024-07-02T02:00:00,18.89,72.85,5.17,0.047457315953736
2024-07-02T02:00:00,18.89,72.87,6.26,0.057462823572608776
2024-07-02T02:00:00,18.89,72.89,20.68,0.189829263814944
2024-07-02T02:00:00,18.89,72.91,13.49,0.12382963098953553
2024-07-02T02:00:00,18.89,72.93,12.37,0.11354874242702405
2024-07-02T02:00:00,18.89,72.95,31.17,0.28612080044060956
2024-07-02T02:00:00,18.89,72.97,12.24,0.11235542500458968
2024-07-02T02:00:00,18.89,72.99,15.49,0.14218836056544887
2024-07-02T02:00:00,18.91,72.77,12.92,0.11859739306040022
2024-07-02T02:00:00,18.91,72.79,17.34,0.15917018542316871
2024-07-02T02:00:00,18.91,72.81,32.37,0.2971360381861575
2024-07-02T02:00:00,18.91,72.83,12.99,0.11923994859555719
2024-07-02T02:00:00,18.91,72.85,19.84,0.1821185973930604
2024-07-02T02:00:00,18.91,72.87,12.5,0.11474205984945841
2024-07-02T02:00:00,18.91,72.89,1.88,0.017257205801358547
2024-07-02T02:00:00,18.91,72.91,8.8,0.08077841013401874
2024-07-02T02:00:00,18.91,72.93,10.31,0.09463925096383331
2024-07-02T02:00:00,18.91,72.95,15.87,0.1456765191848724
2024-07-02T02:00:00,18.91,72.97,23.43,0.21507251698182486
2024-07-02T02:00:00,18.91,72.99,12.97,0.11905636129979806
2024-07-02T02:00:00,18.93,72.77,14.0,0.12851110703139343
2024-07-02T02:00:00,18.93,72.79,22.78,0.20910592986965304
2024-07-02T02:00:00,18.93,72.81,17.93,0.16458601064806316
2024-07-02T02:00:00,18.93,72.83,5.26,0.0482834587846521
2024-07-02T02:00:00,18.93,72.85,44.12,0.4049935744446484
2024-07-02T02:00:00,18.93,72.87,12.89,0.11832201211676152
2024-07-02T02:00:00,18.93,72.89,16.22,0.14888929686065724
2024-07-02T02:00:00,18.93,72.91,3.85,0.035340554433633195
2024-07-02T02:00:00,18.93,72.93,33.05,0.30337800624196803
2024-07-02T02:00:00,18.93,72.95,10.65,0.09776023499173858
2024-07-02T02:00:00,18.93,72.97,41.96,0.385166146502662
2024-07-02T02:00:00,18.93,72.99,14.29,0.13117312281990084
2024-07-02T02:00:00,18.95,72.77,28.43,0.26096934092160823
2024-07-02T02:00:00,18.95,72.79,13.84,0.12704240866532035
2024-07-02T02:00:00,18.95,72.81,5.82,0.05342390306590784
2024-07-02T02:00:00,18.95,72.83,23.45,0.215256104277584
2024-07-02T02:00:00,18.95,72.85,22.68,0.20818799339085736
2024-07-02T02:00:00,18.95,72.87,1.42,0.013034697998898476
2024-07-02T02:00:00,18.95,72.89,4.76,0.04369377639067377
2024-07-02T02:00:00,18.95,72.91,33.18,0.3045713236644024
2024-07-02T02:00:00,18.95,72.93,10.89,0.09996328254084819
2024-07-02T02:00:00,18.95,72.95,24.84,0.22801542133284378
2024-07-02T02:00:00,18.95,72.97,55.36,0.5081696346612814
2024-07-02T02:00:00,18.95,72.99,20.72,0.19019643840646228
2024-07-02T02:00:00,18.97,72.77,18.61,0.1708279787038737
2024-07-02T02:00:00,18.97,72.79,10.14,0.09307875894988067
2024-07-02T02:00:00,18.97,72.81,22.16,0.20341472370111988
2024-07-02T02:00:00,18.97,72.83,23.37,0.21452175509454746
2024-07-02T02:00:00,18.97,72.85,17.95,0.1647695979438223
2024-07-02T02:00:00,18.97,72.87,27.66,0.2539012300348816
2024-07-02T02:00:00,18.97,72.89,5.76,0.052873141178630435
2024-07-02T02:00:00,18.97,72.91,17.02,0.15623278869102258
2024-07-02T02:00:00,18.97,72.93,15.25,0.13998531301633926
2024-07-02T02:00:00,18.97,72.95,9.54,0.08757114007710666
2024-07-02T02:00:00,18.97,72.97,19.85,0.18221039104093997
2024-07-02T02:00:00,18.97,72.99,4.78,0.0438773636864329
2024-07-02T02:00:00,18.99,72.77,9.91,0.09096750504865064
2024-07-02T02:00:00,18.99,72.79,14.09,0.12933724986230952
2024-07-02T02:00:00,18.99,72.81,15.38,0.14117863043877366
2024-07-02T02:00:00,18.99,72.83,23.84,0.2188360565448871
2024-07-02T02:00:00,18.99,72.85,25.01,0.22957591334679642
2024-07-02T02:00:00,18.99,72.87,8.38,0.07692307692307693
2024-07-02T02:00:00,18.99,72.89,44.9,0.41215347897925464
2024-07-02T02:00:00,18.99,72.91,20.78,0.19074720029373968
2024-07-02T02:00:00,18.99,72.93,51.82,0.4756746833119148
2024-07-02T02:00:00,18.99,72.95,37.17,0.34119698916834956
2024-07-02T02:00:00,18.99,72.97,9.59,0.0880301083165045
2024-07-02T02:00:00,18.99,72.99,4.76,0.04369377639067377
2024-07-02T02:00:00,19.01,72.77,4.74,0.043510189094914636
2024-07-02T02:00:00,19.01,72.79,1.87,0.01716541215347898
2024-07-02T02:00:00,19.01,72.81,21.19,0.19451073985680192
2024-07-02T02:00:00,19.01,72.83,10.36,0.09509821920323114
2024-07-02T02:00:00,19.01,72.85,26.09,0.2394896273177896
2024-07-02T02:00:00,19.01,72.87,10.29,0.09445566366807416
2024-07-02T02:00:00,19.01,72.89,8.1,0.07435285478244905
2024-07-02T02:00:00,19.01,72.91,23.34,0.21424637415090875
2024-07-02T02:00:00,19.01,72.93,60.51,0.5554433633192583
2024-07-02T02:00:00,19.01,72.95,36.58,0.3357811639434551
2024-07-02T02:00:00,19.01,72.97,22.4,0.20561777125022948
2024-07-02T02:00:00,19.01,72.99,33.08,0.30365338718560675
2024-07-02T02:00:00,19.03,72.77,26.28,0.2412337066275014
2024-07-02T02:00:00,19.03,72.79,1.6,0.01468698366073068
2024-07-02T02:00:00,19.03,72.81,30.26,0.277767578483569
2024-07-02T02:00:00,19.03,72.83,25.31,0.2323297227831834
2024-07-02T02:00:00,19.03,72.85,32.79,0.3009913713970993
2024-07-02T02:00:00,19.03,72.87,9.79,0.08986598127409583
2024-07-02T02:00:00,19.03,72.89,34.67,0.3182485771984579
2024-07-02T02:00:00,19.03,72.91,5.56,0.0510372682210391
2024-07-02T02:00:00,19.03,72.93,17.42,0.15990453460620527
2024-07-02T02:00:00,19.03,72.95,15.16,0.13915917018542318
2024-07-02T02:00:00,19.03,72.97,0.74,0.006792729943087938
2024-07-02T02:00:00,19.03,72.99,9.64,0.08848907655590234
2024-07-02T02:00:00,19.05,72.77,27.42,0.251698182485772
2024-07-02T02:00:00,19.05,72.79,12.28,0.11272259959610795
2024-07-02T02:00:00,19.05,72.81,46.68,0.4284927483018175
2024-07-02T02:00:00,19.05,72.83,20.67,0.18973747016706446
2024-07-02T02:00:00,19.05,72.85,13.82,0.12685882136956123
2024-07-02T02:00:00,19.05,72.87,35.58,0.3266017991554984
2024-07-02T02:00:00,19.05,72.89,11.59,0.10638883789241785
2024-07-02T02:00:00,19.05,72.91,6.03,0.05535156967137874
2024-07-02T02:00:00,19.05,72.93,23.65,0.21709197723517532
2024-07-02T02:00:00,19.05,72.95,4.84,0.0444281255737103
2024-07-02T02:00:00,19.05,72.97,10.17,0.09335413989351937
2024-07-02T02:00:00,19.05,72.99,15.36,0.1409950431430145
2024-07-02T02:00:00,19.07,72.77,15.38,0.14117863043877366
2024-07-02T02:00:00,19.07,72.79,108.94,1.0
2024-07-02T02:00:00,19.07,72.81,24.88,0.22838259592436203
2024-07-02T02:00:00,19.07,72.83,16.03,0.14714521755094548
2024-07-02T02:00:00,19.07,72.85,10.28,0.0943638700201946
2024-07-02T02:00:00,19.07,72.87,21.57,0.19799889847622545
2024-07-02T02:00:00,19.07,72.89,35.8,0.3286212594088489
2024-07-02T02:00:00,19.07,72.91,3.36,0.030842665687534424
2024-07-02T02:00:00,19.07,72.93,19.88,0.18248577198457866
2024-07-02T02:00:00,19.07,72.95,13.45,0.12346245639801726
2024-07-02T02:00:00,19.07,72.97,26.34,0.24178446851477878
2024-07-02T02:00:00,19.07,72.99,15.5,0.14228015421332843
2024-07-02T02:00:00,19.09,72.77,27.14,0.24912796034514412
2024-07-02T02:00:00,19.09,72.79,64.12,0.5885808702037819
2024-07-02T02:00:00,19.09,72.81,32.08,0.2944740223976501
2024-07-02T02:00:00,19.09,72.83,13.98,0.1283275197356343
2024-07-02T02:00:00,19.09,72.85,7.32,0.06719295024784286
2024-07-02T02:00:00,19.09,72.87,14.59,0.13392693225628788
2024-07-02T02:00:00,19.09,72.89,7.09,0.06508169634661282
2024-07-02T02:00:00,19.09,72.91,17.71,0.16256655039471268
2024-07-02T02:00:00,19.09,72.93,17.42,0.15990453460620527
2024-07-02T02:00:00,19.09,72.95,3.99,0.03662566550394713
2024-07-02T02:00:00,19.09,72.97,16.46,0.15109234440976685
2024-07-02T02:00:00,19.09,72.99,41.51,0.3810354323480815
2024-07-02T02:00:00,19.11,72.77,20.29,0.1862493115476409
2024-07-02T02:00:00,19.11,72.79,13.56,0.1244721865246925
2024-07-02T02:00:00,19.11,72.81,30.35,0.27859372131448507
2024-07-02T02:00:00,19.11,72.83,15.61,0.14328988434000367
2024-07-02T02:00:00,19.11,72.85,16.17,0.14843032862125943
2024-07-02T02:00:00,19.11,72.87,35.58,0.3266017991554984
2024-07-02T02:00:00,19.11,72.89,7.53,0.06912061685331375
2024-07-02T02:00:00,19.11,72.91,30.25,0.2776757848356894
2024-07-02T02:00:00,19.11,72.93,3.85,0.035340554433633195
2024-07-02T02:00:00,19.11,72.95,57.15,0.5246006976317239
2024-07-02T02:00:00,19.11,72.97,7.18,0.06590783917752892
2024-07-02T02:00:00,19.11,72.99,16.02,0.14705342390306592
2024-07-02T02:00:00,19.13,72.77,47.81,0.4388654305122086
2024-07-02T02:00:00,19.13,72.79,4.69,0.043051220855516804
2024-07-02T02:00:00,19.13,72.81,11.95,0.10969340921608224
2024-07-02T02:00:00,19.13,72.83,31.41,0.2883238479897191
2024-07-02T02:00:00,19.13,72.85,2.8,0.025702221406278685
2024-07-02T02:00:00,19.13,72.87,23.98,0.22012116761520104
2024-07-02T02:00:00,19.13,72.89,21.02,0.19295024784284928
2024-07-02T02:00:00,19.13,72.91,2.24,0.02056177712502295
2024-07-02T02:00:00,19.13,72.93,1.82,0.016706443914081145
2024-07-02T02:00:00,19.13,72.95,1.54,0.014136221773453278
2024-07-02T02:00:00,19.13,72.97,18.85,0.1730310262529833
2024-07-02T02:00:00,19.13,72.99,8.05,0.07389388654305123
2024-07-02T02:00:00,19.15,72.77,4.35,0.03993023682761153
2024-07-02T02:00:00,19.15,72.79,36.95,0.33917752891499914
2024-07-02T02:00:00,19.15,72.81,47.29,0.4340921608224711
2024-07-02T02:00:00,19.15,72.83,44.08,0.40462639985313015
2024-07-02T02:00:00,19.15,72.85,18.41,0.16899210574628237
2024-07-02T02:00:00,19.15,72.87,2.04,0.018725904167431615
2024-07-02T02:00:00,19.15,72.89,3.53,0.03240315770148706
2024-07-02T02:00:00,19.15,72.91,5.58,0.05122085551679824
2024-07-02T02:00:00,19.15,72.93,8.9,0.0816963466128144
2024-07-02T02:00:00,19.15,72.95,37.98,0.3486322746465944
2024-07-02T02:00:00,19.15,72.97,19.94,0.1830365338718561
2024-07-02T02:00:00,19.15,72.99,15.38,0.14117863043877366
2024-07-02T02:00:00,19.17,72.77,21.46,0.19698916834955021
2024-07-02T02:00:00,19.17,72.79,35.49,0.3257756563245824
2024-07-02T02:00:00,19.17,72.81,32.92,0.3021846888195337
2024-07-02T02:00:00,19.17,72.83,17.88,0.16412704240866532
2024-07-02T02:00:00,19.17,72.85,37.35,0.3428492748301818
2024-07-02T02:00:00,19.17,72.87,11.22,0.10299247292087388
2024-07-02T02:00:00,19.17,72.89,28.55,0.26207086469616303
2024-07-02T02:00:00,19.17,72.91,34.26,0.3144850376353956
2024-07-02T02:00:00,19.17,72.93,29.74,0.27299430879383146
2024-07-02T02:00:00,19.17,72.95,6.38,0.05856434734716358
2024-07-02T02:00:00,19.17,72.97,12.78,0.11731228199008628
2024-07-02T02:00:00,19.17,72.99,2.29,0.021020745364420782
2024-07-02T02:00:00,19.19,72.77,5.56,0.0510372682210391
2024-07-02T02:00:00,19.19,72.79,14.88,0.13658894804479532
2024-07-02T02:00:00,19.19,72.81,19.14,0.17569304204149075
2024-07-02T02:00:00,19.19,72.83,23.01,0.21121718377088308
2024-07-02T02:00:00,19.19,72.85,4.85,0.04451991922158986
2024-07-02T02:00:00,19.19,72.87,14.91,0.136864328988434
2024-07-02T02:00:00,19.19,72.89,32.01,0.2938314668624931
2024-07-02T02:00:00,19.19,72.91,19.24,0.1766109785202864
2024-07-02T02:00:00,19.19,72.93,23.32,0.21406278685514962
2024-07-02T02:00:00,19.19,72.95,16.35,0.15008261428309164
2024-07-02T02:00:00,19.19,72.97,7.98,0.07325133100789426
2024-07-02T02:00:00,19.19,72.99,5.72,0.05250596658711217
2024-07-02T02:00:00,19.21,72.77,16.18,0.14852212226913897
2024-07-02T02:00:00,19.21,72.79,30.12,0.276482467413255
2024-07-02T02:00:00,19.21,72.81,8.2,0.07527079126124471
2024-07-02T02:00:00,19.21,72.83,11.5,0.10556269506150175
2024-07-02T02:00:00,19.21,72.85,17.35,0.1592619790710483
2024-07-02T02:00:00,19.21,72.87,49.33,0.4528180649899027
2024-07-02T02:00:00,19.21,72.89,20.69,0.1899210574628236
2024-07-02T02:00:00,19.21,72.91,19.82,0.1819350100973013
2024-07-02T02:00:00,19.21,72.93,11.67,0.10712318707545437
2024-07-02T02:00:00,19.21,72.95,46.72,0.4288599228933358
2024-07-02T02:00:00,19.21,72.97,16.43,0.15081696346612813
2024-07-02T02:00:00,19.21,72.99,30.13,0.2765742610611346
2024-07-02T02:00:00,19.23,72.77,7.37,0.06765191848724068
2024-07-02T02:00:00,19.23,72.79,17.07,0.15669175693042042
2024-07-02T02:00:00,19.23,72.81,97.18,0.8920506700936296
2024-07-02T02:00:00,19.23,72.83,19.4,0.17807967688635945
2024-07-02T02:00:00,19.23,72.85,12.31,0.11299798053974666
2024-07-02T02:00:00,19.23,72.87,34.56,0.3172388470717827
2024-07-02T02:00:00,19.23,72.89,12.76,0.11712869469432716
2024-07-02T02:00:00,19.23,72.91,13.19,0.12107582155314851
2024-07-02T02:00:00,19.23,72.93,2.67,0.024508903983844317
2024-07-02T02:00:00,19.23,72.95,1.42,0.013034697998898476
2024-07-02T02:00:00,19.23,72.97,20.63,0.18937029557554616
2024-07-02T02:00:00,19.23,72.99,9.95,0.09133467964016889
2024-07-02T02:00:00,19.25,72.77,29.83,0.27382045162474755
2024-07-02T02:00:00,19.25,72.79,24.02,0.22048834220671928
2024-07-02T02:00:00,19.25,72.81,19.22,0.17642739122452725
2024-07-02T02:00:00,19.25,72.83,14.56,0.13365155131264916
2024-07-02T02:00:00,19.25,72.85,8.27,0.07591334679640169
2024-07-02T02:00:00,19.25,72.87,7.47,0.06856985496603635
2024-07-02T02:00:00,19.25,72.89,3.94,0.0361666972645493
2024-07-02T02:00:00,19.25,72.91,15.69,0.1440242335230402
2024-07-02T02:00:00,19.25,72.93,46.42,0.4261061134569488
2024-07-02T02:00:00,19.25,72.95,60.1,0.5516798237561961
2024-07-02T02:00:00,19.25,72.97,7.1,0.06517348999449238
2024-07-02T02:00:00,19.25,72.99,27.79,0.25509454745731597
2024-07-02T03:00:00,18.87,72.77,45.24,0.4152744630071599
2024-07-02T03:00:00,18.87,72.79,10.48,0.09619974297778594
2024-07-02T03:00:00,18.87,72.81,29.1,0.2671195153295392
2024-07-02T03:00:00,18.87,72.83,37.05,0.3400954653937947
2024-07-02T03:00:00,18.87,72.85,3.91,0.035891316320910596
2024-07-02T03:00:00,18.87,72.87,22.55,0.206994675968423
2024-07-02T03:00:00,18.87,72.89,6.09,0.05590233155865614
2024-07-02T03:00:00,18.87,72.91,22.25,0.204240866532036
2024-07-02T03:00:00,18.87,72.93,15.19,0.13943455112906186
2024-07-02T03:00:00,18.87,72.95,2.75,0.025243253166880853
2024-07-02T03:00:00,18.87,72.97,7.98,0.07325133100789426
2024-07-02T03:00:00,18.87,72.99,7.04,0.06462272810721498
2024-07-02T03:00:00,18.89,72.77,39.46,0.36221773453277034
2024-07-02T03:00:00,18.89,72.79,16.77,0.15393794749403342
2024-07-02T03:00:00,18.89,72.81,7.85,0.07205801358545988
2024-07-02T03:00:00,18.89,72.83,26.44,0.24270240499357446
2024-07-02T03:00:00,18.89,72.85,13.09,0.12015788507435285
2024-07-02T03:00:00,18.89,72.87,18.85,0.1730310262529833
2024-07-02T03:00:00,18.89,72.89,13.79,0.1265834404259225
2024-07-02T03:00:00,18.89,72.91,58.58,0.5377271892785019
2024-07-02T03:00:00,18.89,72.93,17.59,0.16146502662015788
2024-07-02T03:00:00,18.89,72.95,25.19,0.23122819900862862
2024-07-02T03:00:00,18.89,72.97,31.05,0.2850192766660547
2024-07-02T03:00:00,18.89,72.99,13.58,0.12465577382045163
2024-07-02T03:00:00,18.91,72.77,45.92,0.4215164310629705
2024-07-02T03:00:00,18.91,72.79,33.5,0.3075087203965486
2024-07-02T03:00:00,18.91,72.81,1.9,0.017440793097117678
2024-07-02T03:00:00,18.91,72.83,8.81,0.0808702037818983
2024-07-02T03:00:00,18.91,72.85,15.73,0.14439140811455847
2024-07-02T03:00:00,18.91,72.87,16.77,0.15393794749403342
2024-07-02T03:00:00,18.91,72.89,9.39,0.08619423535891317
2024-07-02T03:00:00,18.91,72.91,21.12,0.19386818432164496
2024-07-02T03:00:00,18.91,72.93,11.74,0.10776574261061135
2024-07-02T03:00:00,18.91,72.95,14.48,0.13291720212961264
2024-07-02T03:00:00,18.91,72.97,10.96,0.10060583807600515
2024-07-02T03:00:00,18.91,72.99,12.01,0.11024417110335964
2024-07-02T03:00:00,18.93,72.77,7.57,0.06948779144483203
2024-07-02T03:00:00,18.93,72.79,23.06,0.2116761520102809
2024-07-02T03:00:00,18.93,72.81,26.17,0.24022397650082616
2024-07-02T03:00:00,18.93,72.83,4.82,0.04424453827795117
2024-07-02T03:00:00,18.93,72.85,10.05,0.09225261611896457
2024-07-02T03:00:00,18.93,72.87,16.58,0.15219386818432162
2024-07-02T03:00:00,18.93,72.89,45.09,0.41389755828896646
2024-07-02T03:00:00,18.93,72.91,6.21,0.057003855333210944
2024-07-02T03:00:00,18.93,72.93,11.67,0.10712318707545437
2024-07-02T03:00:00,18.93,72.95,9.97,0.09151826693592804
2024-07-02T03:00:00,18.93,72.97,18.0,0.16522856618322013
2024-07-02T03:00:00,18.93,72.99,5.75,0.05278134753075087
2024-07-02T03:00:00,18.95,72.77,10.7,0.0982192032311364
2024-07-02T03:00:00,18.95,72.79,66.91,0.614191297962181
2024-07-02T03:00:00,18.95,72.81,2.21,0.02028639618138425
2024-07-02T03:00:00,18.95,72.83,15.93,0.1462272810721498
2024-07-02T03:00:00,18.95,72.85,16.17,0.14843032862125943
2024-07-02T03:00:00,18.95,72.87,11.12,0.1020745364420782
2024-07-02T03:00:00,18.95,72.89,33.07,0.3035615935377272
2024-07-02T03:00:00,18.95,72.91,17.75,0.16293372498623096
2024-07-02T03:00:00,18.95,72.93,46.13,0.4234440976684414
2024-07-02T03:00:00,18.95,72.95,2.69,0.024692491279603452
2024-07-02T03:00:00,18.95,72.97,19.96,0.1832201211676152
2024-07-02T03:00:00,18.95,72.99,17.5,0.1606388837892418
2024-07-02T03:00:00,18.97,72.77,27.01,0.24793464292270978
2024-07-02T03:00:00,18.97,72.79,35.46,0.32550027538094367
2024-07-02T03:00:00,18.97,72.81,43.95,0.4034330824306958
2024-07-02T03:00:00,18.97,72.83,57.93,0.5317606021663301
2024-07-02T03:00:00,18.97,72.85,5.3,0.04865063337617037
2024-07-02T03:00:00,18.97,72.87,22.29,0.20460804112355424
2024-07-02T03:00:00,18.97,72.89,34.44,0.3161373232972278
2024-07-02T03:00:00,18.97,72.91,14.33,0.13154029741141912
2024-07-02T03:00:00,18.97,72.93,6.59,0.060492013952634476
2024-07-02T03:00:00,18.97,72.95,6.59,0.060492013952634476
2024-07-02T03:00:00,18.97,72.97,8.1,0.07435285478244905
2024-07-02T03:00:00,18.97,72.99,18.7,0.1716541215347898
2024-07-02T03:00:00,18.99,72.77,10.77,0.09886175876629337
2024-07-02T03:00:00,18.99,72.79,18.33,0.16825775656324582
2024-07-02T03:00:00,18.99,72.81,4.13,0.03791077657426106
2024-07-02T03:00:00,18.99,72.83,4.0,0.03671745915182669
2024-07-02T03:00:00,18.99,72.85,25.82,0.23701119882504132
2024-07-02T03:00:00,18.99,72.87,0.66,0.006058380760051405
2024-07-02T03:00:00,18.99,72.89,41.43,0.38030108316504496
2024-07-02T03:00:00,18.99,72.91,20.17,0.18514778777308613
2024-07-02T03:00:00,18.99,72.93,4.39,0.04029741141912979
2024-07-02T03:00:00,18.99,72.95,18.62,0.17091977235175326
2024-07-02T03:00:00,18.99,72.97,10.06,0.09234440976684415
2024-07-02T03:00:00,18.99,72.99,6.1,0.055994125206535704
2024-07-02T03:00:00,19.01,72.77,41.91,0.38470717826326417
2024-07-02T03:00:00,19.01,72.79,26.37,0.2420598494584175
2024-07-02T03:00:00,19.01,72.81,10.42,0.09564898109050854
2024-07-02T03:00:00,19.01,72.83,8.57,0.0786671562327887
2024-07-02T03:00:00,19.01,72.85,52.23,0.47943822287497706
2024-07-02T03:00:00,19.01,72.87,21.47,0.19708096199742978
2024-07-02T03:00:00,19.01,72.89,16.35,0.15008261428309164
2024-07-02T03:00:00,19.01,72.91,7.73,0.07095648981090509
2024-07-02T03:00:00,19.01,72.93,7.45,0.06838626767027722
2024-07-02T03:00:00,19.01,72.95,55.75,0.5117495869285845
2024-07-02T03:00:00,19.01,72.97,23.73,0.21782632641821187
2024-07-02T03:00:00,19.01,72.99,13.91,0.12768496420047734
2024-07-02T03:00:00,19.03,72.77,4.91,0.04507068110886727
2024-07-02T03:00:00,19.03,72.79,11.7,0.10739856801909307
2024-07-02T03:00:00,19.03,72.81,23.12,0.2122269138975583
2024-07-02T03:00:00,19.03,72.83,36.99,0.3395447035065174
2024-07-02T03:00:00,19.03,72.85,18.09,0.16605470901413621
2024-07-02T03:00:00,19.03,72.87,34.82,0.31962548191665135
2024-07-02T03:00:00,19.03,72.89,17.4,0.15972094731044612
2024-07-02T03:00:00,19.03,72.91,31.41,0.2883238479897191
2024-07-02T03:00:00,19.03,72.93,12.33,0.11318156783550579
2024-07-02T03:00:00,19.03,72.95,30.33,0.2784101340187259
2024-07-02T03:00:00,19.03,72.97,9.97,0.09151826693592804
2024-07-02T03:00:00,19.03,72.99,24.21,0.22223242151643108
2024-07-02T03:00:00,19.05,72.77,21.8,0.2001101523774555
2024-07-02T03:00:00,19.05,72.79,1.48,0.013585459886175877
2024-07-02T03:00:00,19.05,72.81,9.24,0.08481733064071967
2024-07-02T03:00:00,19.05,72.83,78.99,0.7250780246006976
2024-07-02T03:00:00,19.05,72.85,24.12,0.22140627868551496
2024-07-02T03:00:00,19.05,72.87,10.52,0.0965669175693042
2024-07-02T03:00:00,19.05,72.89,4.08,0.03745180833486323
2024-07-02T03:00:00,19.05,72.91,16.48,0.15127593170552597
2024-07-02T03:00:00,19.05,72.93,21.87,0.20075270791261246
2024-07-02T03:00:00,19.05,72.95,9.62,0.0883054892601432
2024-07-02T03:00:00,19.05,72.97,18.0,0.16522856618322013
2024-07-02T03:00:00,19.05,72.99,32.79,0.3009913713970993
2024-07-02T03:00:00,19.07,72.77,8.43,0.07738204516247475
2024-07-02T03:00:00,19.07,72.79,11.17,0.10253350468147604
2024-07-02T03:00:00,19.07,72.81,3.49,0.032035983109968795
2024-07-02T03:00:00,19.07,72.83,39.76,0.3649715439691573
2024-07-02T03:00:00,19.07,72.85,12.12,0.11125390123003488
2024-07-02T03:00:00,19.07,72.87,47.71,0.43794749403341293
2024-07-02T03:00:00,19.07,72.89,0.97,0.008903983844317974
2024-07-02T03:00:00,19.07,72.91,19.77,0.18147604185790342
2024-07-02T03:00:00,19.07,72.93,23.26,0.21351202496787225
2024-07-02T03:00:00,19.07,72.95,21.76,0.19974297778593722
2024-07-02T03:00:00,19.07,72.97,27.02,0.24802643657058931
2024-07-02T03:00:00,19.07,72.99,16.98,0.15586561409950433
2024-07-02T03:00:00,19.09,72.77,20.88,0.19166513677253533
2024-07-02T03:00:00,19.09,72.79,3.88,0.035615935377271896
2024-07-02T03:00:00,19.09,72.81,15.92,0.14613548742427024
2024-07-02T03:00:00,19.09,72.83,19.45,0.1785386451257573
2024-07-02T03:00:00,19.09,72.85,8.98,0.08243069579585094
2024-07-02T03:00:00,19.09,72.87,7.69,0.07058931521938683
2024-07-02T03:00:00,19.09,72.89,22.81,0.20938131081329173
2024-07-02T03:00:00,19.09,72.91,26.55,0.2437121351202497
2024-07-02T03:00:00,19.09,72.93,7.7,0.07068110886726639
2024-07-02T03:00:00,19.09,72.95,12.33,0.11318156783550579
2024-07-02T03:00:00,19.09,72.97,19.04,0.17477510556269507
2024-07-02T03:00:00,19.09,72.99,7.98,0.07325133100789426
2024-07-02T03:00:00,19.11,72.77,18.37,0.1686249311547641
2024-07-02T03:00:00,19.11,72.79,21.61,0.1983660730677437
2024-07-02T03:00:00,19.11,72.81,57.87,0.5312098402790527
2024-07-02T03:00:00,19.11,72.83,14.21,0.13043877363686435
2024-07-02T03:00:00,19.11,72.85,2.81,0.025794015054158254
2024-07-02T03:00:00,19.11,72.87,3.71,0.03405544336331926
2024-07-02T03:00:00,19.11,72.89,8.68,0.07967688635946392
2024-07-02T03:00:00,19.11,72.91,11.59,0.10638883789241785
2024-07-02T03:00:00,19.11,72.93,33.0,0.30291903800257025
2024-07-02T03:00:00,19.11,72.95,13.02,0.11951532953919589
2024-07-02T03:00:00,19.11,72.97,21.5,0.1973563429410685
2024-07-02T03:00:00,19.11,72.99,36.95,0.33917752891499914
2024-07-02T03:00:00,19.13,72.77,31.05,0.2850192766660547
2024-07-02T03:00:00,19.13,72.79,13.75,0.12621626583440426
2024-07-02T03:00:00,19.13,72.81,16.01,0.14696163025518635
2024-07-02T03:00:00,19.13,72.83,16.88,0.15494767762070863
2024-07-02T03:00:00,19.13,72.85,44.21,0.40581971727556454
2024-07-02T03:00:00,19.13,72.87,33.02,0.3031026252983294
2024-07-02T03:00:00,19.13,72.89,30.99,0.2844685147787773
2024-07-02T03:00:00,19.13,72.91,21.48,0.19717275564530934
2024-07-02T03:00:00,19.13,72.93,17.9,0.16431062970442445
2024-07-02T03:00:00,19.13,72.95,13.11,0.12034147237011199
2024-07-02T03:00:00,19.13,72.97,4.86,0.04461171286946944
2024-07-02T03:00:00,19.13,72.99,23.74,0.2179181200660914
2024-07-02T03:00:00,19.15,72.77,11.82,0.10850009179364789
2024-07-02T03:00:00,19.15,72.79,32.78,0.30089957774921977
2024-07-02T03:00:00,19.15,72.81,2.26,0.02074536442078208
2024-07-02T03:00:00,19.15,72.83,6.74,0.061868918670827985
2024-07-02T03:00:00,19.15,72.85,33.05,0.30337800624196803
2024-07-02T03:00:00,19.15,72.87,43.29,0.39737470167064437
2024-07-02T03:00:00,19.15,72.89,28.6,0.26252983293556087
2024-07-02T03:00:00,19.15,72.91,7.02,0.06443914081145584
2024-07-02T03:00:00,19.15,72.93,32.01,0.2938314668624931
2024-07-02T03:00:00,19.15,72.95,7.22,0.06627501376904718
2024-07-02T03:00:00,19.15,72.97,31.18,0.2862125940884891
2024-07-02T03:00:00,19.15,72.99,5.29,0.0485588397282908
2024-07-02T03:00:00,19.17,72.77,13.09,0.12015788507435285
2024-07-02T03:00:00,19.17,72.79,0.82,0.007527079126124472
2024-07-02T03:00:00,19.17,72.81,6.86,0.06297044244538279
2024-07-02T03:00:00,19.17,72.83,27.7,0.2542684046263998
2024-07-02T03:00:00,19.17,72.85,58.12,0.5335046814760418
2024-07-02T03:00:00,19.17,72.87,35.87,0.32926381494400586
2024-07-02T03:00:00,19.17,72.89,27.85,0.2556453093445934
2024-07-02T03:00:00,19.17,72.91,3.59,0.03295391958876446
2024-07-02T03:00:00,19.17,72.93,10.83,0.09941252065357077
2024-07-02T03:00:00,19.17,72.95,44.71,0.4104093996695429
2024-07-02T03:00:00,19.17,72.97,15.31,0.14053607490361666
2024-07-02T03:00:00,19.17,72.99,4.62,0.042408665320359834
2024-07-02T03:00:00,19.19,72.77,13.21,0.12125940884890767
2024-07-02T03:00:00,19.19,72.79,1.8,0.016522856618322014
2024-07-02T03:00:00,19.19,72.81,33.14,0.3042041490728842
2024-07-02T03:00:00,19.19,72.83,4.42,0.0405727923627685
2024-07-02T03:00:00,19.19,72.85,16.64,0.15274463007159905
2024-07-02T03:00:00,19.19,72.87,4.99,0.0458050302919038
2024-07-02T03:00:00,19.19,72.89,18.19,0.1669726454929319
2024-07-02T03:00:00,19.19,72.91,28.22,0.25904167431613734
2024-07-02T03:00:00,19.19,72.93,9.73,0.08931521938681844
2024-07-02T03:00:00,19.19,72.95,37.03,0.33991187809803564
2024-07-02T03:00:00,19.19,72.97,24.82,0.22783183403708465
2024-07-02T03:00:00,19.19,72.99,21.55,0.19781531118046633
2024-07-02T03:00:00,19.21,72.77,45.14,0.41435652652836424
2024-07-02T03:00:00,19.21,72.79,21.01,0.19285845419496972
2024-07-02T03:00:00,19.21,72.81,13.12,0.12043326601799155
2024-07-02T03:00:00,19.21,72.83,22.92,0.21039104093996697
2024-07-02T03:00:00,19.21,72.85,5.43,0.049843950798604736
2024-07-02T03:00:00,19.21,72.87,31.51,0.2892417844685148
2024-07-02T03:00:00,19.21,72.89,30.84,0.2830916100605838
2024-07-02T03:00:00,19.21,72.91,12.98,0.11914815494767762
2024-07-02T03:00:00,19.21,72.93,9.16,0.08408298145768313
2024-07-02T03:00:00,19.21,72.95,17.77,0.16311731228199008
2024-07-02T03:00:00,19.21,72.97,4.09,0.03754360198274279
2024-07-02T03:00:00,19.21,72.99,10.66,0.09785202863961814
2024-07-02T03:00:00,19.23,72.77,43.54,0.39966954286763356
2024-07-02T03:00:00,19.23,72.79,7.19,0.06599963282540848
2024-07-02T03:00:00,19.23,72.81,44.75,0.4107765742610611
2024-07-02T03:00:00,19.23,72.83,23.78,0.2182852946576097
2024-07-02T03:00:00,19.23,72.85,25.4,0.23315586561409948
2024-07-02T03:00:00,19.23,72.87,9.88,0.09069212410501194
2024-07-02T03:00:00,19.23,72.89,7.25,0.06655039471268588
2024-07-02T03:00:00,19.23,72.91,12.47,0.11446667890581973
2024-07-02T03:00:00,19.23,72.93,46.72,0.4288599228933358
2024-07-02T03:00:00,19.23,72.95,8.69,0.0797686800073435
2024-07-02T03:00:00,19.23,72.97,1.13,0.01037268221039104
2024-07-02T03:00:00,19.23,72.99,15.88,0.145768312832752
2024-07-02T03:00:00,19.25,72.77,41.63,0.3821369561226363
2024-07-02T03:00:00,19.25,72.79,21.63,0.19854966036350283
2024-07-02T03:00:00,19.25,72.81,56.19,0.5157885074352855
2024-07-02T03:00:00,19.25,72.83,27.49,0.25234073802092893
2024-07-02T03:00:00,19.25,72.85,20.08,0.18432164494217
2024-07-02T03:00:00,19.25,72.87,12.88,0.11823021846888196
2024-07-02T03:00:00,19.25,72.89,23.3,0.2138791995593905
2024-07-02T03:00:00,19.25,72.91,3.4,0.03120984027905269
2024-07-02T03:00:00,19.25,72.93,46.77,0.42931889113273364
2024-07-02T03:00:00,19.25,72.95,27.27,0.2503212777675785
2024-07-02T03:00:00,19.25,72.97,26.72,0.2452726271342023
2024-07-02T03:00:00,19.25,72.99,14.05,0.12897007527079127
2024-07-02T04:00:00,18.87,72.77,44.23,0.40600330457132366
2024-07-02T04:00:00,18.87,72.79,14.79,0.1357628052138792
2024-07-02T04:00:00,18.87,72.81,10.7,0.0982192032311364
2024-07-02T04:00:00,18.87,72.83,16.88,0.15494767762070863
2024-07-02T04:00:00,18.87,72.85,29.34,0.2693225628786488
2024-07-02T04:00:00,18.87,72.87,8.47,0.07774921975399303
2024-07-02T04:00:00,18.87,72.89,7.09,0.06508169634661282
2024-07-02T04:00:00,18.87,72.91,6.71,0.06159353772718928
2024-07-02T04:00:00,18.87,72.93,9.87,0.09060033045713237
2024-07-02T04:00:00,18.87,72.95,28.3,0.2597760234991739
2024-07-02T04:00:00,18.87,72.97,16.05,0.14732880484670463
2024-07-02T04:00:00,18.87,72.99,4.69,0.043051220855516804
2024-07-02T04:00:00,18.89,72.77,75.11,0.6894620892234258
2024-07-02T04:00:00,18.89,72.79,4.99,0.0458050302919038
2024-07-02T04:00:00,18.89,72.81,11.43,0.10492013952634478
2024-07-02T04:00:00,18.89,72.83,7.09,0.06508169634661282
2024-07-02T04:00:00,18.89,72.85,8.88,0.08151275931705527
2024-07-02T04:00:00,18.89,72.87,16.2,0.1487057095648981
2024-07-02T04:00:00,18.89,72.89,12.65,0.11611896456765193
2024-07-02T04:00:00,18.89,72.91,7.46,0.06847806131815679
2024-07-02T04:00:00,18.89,72.93,18.36,0.16853313750688453
2024-07-02T04:00:00,18.89,72.95,20.09,0.18441343859004958
2024-07-02T04:00:00,18.89,72.97,22.42,0.20580135854598863
2024-07-02T04:00:00,18.89,72.99,14.68,0.13475307508720397
2024-07-02T04:00:00,18.91,72.77,24.28,0.22287497705158804
2024-07-02T04:00:00,18.91,72.79,27.03,0.2481182302184689
2024-07-02T04:00:00,18.91,72.81,9.53,0.0874793464292271
2024-07-02T04:00:00,18.91,72.83,58.19,0.5341472370111988
2024-07-02T04:00:00,18.91,72.85,47.1,0.43234808151275933
2024-07-02T04:00:00,18.91,72.87,28.34,0.26014319809069214
2024-07-02T04:00:00,18.91,72.89,11.3,0.10372682210391042
2024-07-02T04:00:00,18.91,72.91,1.93,0.01771617404075638
2024-07-02T04:00:00,18.91,72.93,2.49,0.02285661832201212
2024-07-02T04:00:00,18.91,72.95,11.36,0.1042775839911878
2024-07-02T04:00:00,18.91,72.97,41.98,0.38534973379842113
2024-07-02T04:00:00,18.91,72.99,11.98,0.10996879015972096
2024-07-02T04:00:00,18.93,72.77,7.67,0.07040572792362769
2024-07-02T04:00:00,18.93,72.79,7.86,0.07214980723333946
2024-07-02T04:00:00,18.93,72.81,49.26,0.4521755094547457
2024-07-02T04:00:00,18.93,72.83,13.17,0.12089223425738939
2024-07-02T04:00:00,18.93,72.85,44.79,0.4111437488525794
2024-07-02T04:00:00,18.93,72.87,6.31,0.05792179181200661
2024-07-02T04:00:00,18.93,72.89,7.23,0.06636680741692676
2024-07-02T04:00:00,18.93,72.91,9.86,0.09050853680925279
2024-07-02T04:00:00,18.93,72.93,20.84,0.19129796218101708
2024-07-02T04:00:00,18.93,72.95,24.18,0.22195704057279236
2024-07-02T04:00:00,18.93,72.97,7.48,0.06866164861391592
2024-07-02T04:00:00,18.93,72.99,8.19,0.07517899761336515
2024-07-02T04:00:00,18.95,72.77,4.32,0.039654855883972835
2024-07-02T04:00:00,18.95,72.79,4.03,0.0369928400954654
2024-07-02T04:00:00,18.95,72.81,7.35,0.06746833119148155
2024-07-02T04:00:00,18.95,72.83,43.01,0.3948044795300165
2024-07-02T04:00:00,18.95,72.85,6.88,0.06315402974114191
2024-07-02T04:00:00,18.95,72.87,16.46,0.15109234440976685
2024-07-02T04:00:00,18.95,72.89,11.15,0.10234991738571692
2024-07-02T04:00:00,18.95,72.91,5.99,0.05498439507986048
2024-07-02T04:00:00,18.95,72.93,22.39,0.20552597760234992
2024-07-02T04:00:00,18.95,72.95,8.68,0.07967688635946392
2024-07-02T04:00:00,18.95,72.97,26.68,0.24490545254268406
2024-07-02T04:00:00,18.95,72.99,26.85,0.2464659445566367
2024-07-02T04:00:00,18.97,72.77,11.21,0.10290067927299432
2024-07-02T04:00:00,18.97,72.79,29.71,0.2727189278501928
2024-07-02T04:00:00,18.97,72.81,28.73,0.26372315035799526
2024-07-02T04:00:00,18.97,72.83,12.65,0.11611896456765193
2024-07-02T04:00:00,18.97,72.85,11.04,0.10134018725904168
2024-07-02T04:00:00,18.97,72.87,19.58,0.17973196254819165
2024-07-02T04:00:00,18.97,72.89,51.44,0.4721865246924913
2024-07-02T04:00:00,18.97,72.91,32.59,0.299155498439508
2024-07-02T04:00:00,18.97,72.93,15.18,0.1393427574811823
2024-07-02T04:00:00,18.97,72.95,1.85,0.016981824857719846
2024-07-02T04:00:00,18.97,72.97,13.53,0.12419680558105378
2024-07-02T04:00:00,18.97,72.99,1.76,0.016155682026803744
2024-07-02T04:00:00,18.99,72.77,3.61,0.03313750688452359
2024-07-02T04:00:00,18.99,72.79,8.52,0.07820818799339085
2024-07-02T04:00:00,18.99,72.81,17.83,0.16366807416926749
2024-07-02T04:00:00,18.99,72.83,8.93,0.08197172755645309
2024-07-02T04:00:00,18.99,72.85,37.22,0.3416559574077474
2024-07-02T04:00:00,18.99,72.87,14.98,0.13750688452359097
2024-07-02T04:00:00,18.99,72.89,8.63,0.0792179181200661
2024-07-02T04:00:00,18.99,72.91,24.11,0.2213144850376354
2024-07-02T04:00:00,18.99,72.93,7.49,0.06875344226179549
2024-07-02T04:00:00,18.99,72.95,15.51,0.142371947861208
2024-07-02T04:00:00,18.99,72.97,0.83,0.0076188727740040384
2024-07-02T04:00:00,18.99,72.99,7.03,0.06453093445933542
2024-07-02T04:00:00,19.01,72.77,39.97,0.3668992105746282
2024-07-02T04:00:00,19.01,72.79,23.81,0.2185606756012484
2024-07-02T04:00:00,19.01,72.81,19.72,0.18101707361850558
2024-07-02T04:00:00,19.01,72.83,25.13,0.2306774371213512
2024-07-02T04:00:00,19.01,72.85,35.78,0.3284376721130898
2024-07-02T04:00:00,19.01,72.87,14.74,0.13530383697448137
2024-07-02T04:00:00,19.01,72.89,9.53,0.0874793464292271
2024-07-02T04:00:00,19.01,72.91,25.35,0.2326968973747017
2024-07-02T04:00:00,19.01,72.93,12.11,0.1111621075821553
2024-07-02T04:00:00,19.01,72.95,8.83,0.08105379107765742
2024-07-02T04:00:00,19.01,72.97,10.54,0.09675050486506333
2024-07-02T04:00:00,19.01,72.99,19.04,0.17477510556269507
2024-07-02T04:00:00,19.03,72.77,2.75,0.025243253166880853
2024-07-02T04:00:00,19.03,72.79,24.02,0.22048834220671928
2024-07-02T04:00:00,19.03,72.81,5.92,0.05434183954470351
2024-07-02T04:00:00,19.03,72.83,8.89,0.08160455296493484
2024-07-02T04:00:00,19.03,72.85,4.34,0.03983844317973196
2024-07-02T04:00:00,19.03,72.87,24.6,0.22581237378373417
2024-07-02T04:00:00,19.03,72.89,17.88,0.16412704240866532
2024-07-02T04:00:00,19.03,72.91,5.26,0.0482834587846521
2024-07-02T04:00:00,19.03,72.93,25.79,0.2367358178814026
2024-07-02T04:00:00,19.03,72.95,2.94,0.02698733247659262
2024-07-02T04:00:00,19.03,72.97,10.03,0.09206902882320543
2024-07-02T04:00:00,19.03,72.99,3.56,0.03267853864512576
2024-07-02T04:00:00,19.05,72.77,15.13,0.1388837892417845
2024-07-02T04:00:00,19.05,72.79,10.67,0.0979438222874977
2024-07-02T04:00:00,19.05,72.81,5.35,0.0491096016155682
2024-07-02T04:00:00,19.05,72.83,15.92,0.14613548742427024
2024-07-02T04:00:00,19.05,72.85,6.03,0.05535156967137874
2024-07-02T04:00:00,19.05,72.87,1.32,0.01211676152010281
2024-07-02T04:00:00,19.05,72.89,2.99,0.027446300715990454
2024-07-02T04:00:00,19.05,72.91,10.42,0.09564898109050854
2024-07-02T04:00:00,19.05,72.93,11.44,0.10501193317422435
2024-07-02T04:00:00,19.05,72.95,6.76,0.06205250596658711
2024-07-02T04:00:00,19.05,72.97,35.83,0.3288966403524876
2024-07-02T04:00:00,19.05,72.99,17.28,0.15861942353589134
2024-07-02T04:00:00,19.07,72.77,23.51,0.21580686616486142
2024-07-02T04:00:00,19.07,72.79,7.42,0.06811088672663852
2024-07-02T04:00:00,19.07,72.81,6.4,0.05874793464292272
2024-07-02T04:00:00,19.07,72.83,18.26,0.16761520102808888
2024-07-02T04:00:00,19.07,72.85,12.31,0.11299798053974666
2024-07-02T04:00:00,19.07,72.87,18.59,0.17064439140811455
2024-07-02T04:00:00,19.07,72.89,11.62,0.10666421883605653
2024-07-02T04:00:00,19.07,72.91,24.27,0.22278318340370845
2024-07-02T04:00:00,19.07,72.93,14.33,0.13154029741141912
2024-07-02T04:00:00,19.07,72.95,12.15,0.11152928217367358
2024-07-02T04:00:00,19.07,72.97,19.67,0.1805581053791078
2024-07-02T04:00:00,19.07,72.99,38.59,0.35423168716724807
2024-07-02T04:00:00,19.09,72.77,27.93,0.2563796585276299
2024-07-02T04:00:00,19.09,72.79,5.13,0.04709014136221774
2024-07-02T04:00:00,19.09,72.81,13.9,0.12759317055259778
2024-07-02T04:00:00,19.09,72.83,13.88,0.12740958325683863
2024-07-02T04:00:00,19.09,72.85,19.42,0.17826326418211863
2024-07-02T04:00:00,19.09,72.87,10.83,0.09941252065357077
2024-07-02T04:00:00,19.09,72.89,14.57,0.13374334496052873
2024-07-02T04:00:00,19.09,72.91,15.17,0.13925096383330274
2024-07-02T04:00:00,19.09,72.93,17.12,0.15715072516981826
2024-07-02T04:00:00,19.09,72.95,4.22,0.03873691940517716
2024-07-02T04:00:00,19.09,72.97,4.75,0.0436019827427942
2024-07-02T04:00:00,19.09,72.99,46.57,0.4274830181751423
2024-07-02T04:00:00,19.11,72.77,2.03,0.018634110519552046
2024-07-02T04:00:00,19.11,72.79,17.5,0.1606388837892418
2024-07-02T04:00:00,19.11,72.81,26.24,0.2408665320359831
2024-07-02T04:00:00,19.11,72.83,6.53,0.05994125206535708
2024-07-02T04:00:00,19.11,72.85,34.75,0.3189829263814944
2024-07-02T04:00:00,19.11,72.87,15.35,0.14090324949513494
2024-07-02T04:00:00,19.11,72.89,43.07,0.39535524141729395
2024-07-02T04:00:00,19.11,72.91,6.47,0.05939049017807967
2024-07-02T04:00:00,19.11,72.93,12.19,0.11189645676519185
2024-07-02T04:00:00,19.11,72.95,9.23,0.0847255369928401
2024-07-02T04:00:00,19.11,72.97,8.05,0.07389388654305123
2024-07-02T04:00:00,19.11,72.99,8.34,0.07655590233155865
2024-07-02T04:00:00,19.13,72.77,13.21,0.12125940884890767
2024-07-02T04:00:00,19.13,72.79,12.02,0.11033596475123922
2024-07-02T04:00:00,19.13,72.81,28.41,0.2607857536258491
2024-07-02T04:00:00,19.13,72.83,26.06,0.2392142463741509
2024-07-02T04:00:00,19.13,72.85,3.46,0.03176060216633009
2024-07-02T04:00:00,19.13,72.87,9.31,0.08545988617587663
2024-07-02T04:00:00,19.13,72.89,19.23,0.17651918487240684
2024-07-02T04:00:00,19.13,72.91,17.58,0.16137323297227832
2024-07-02T04:00:00,19.13,72.93,11.68,0.10721498072333395
2024-07-02T04:00:00,19.13,72.95,13.71,0.125849091242886
2024-07-02T04:00:00,19.13,72.97,10.01,0.09188544152744631
2024-07-02T04:00:00,19.13,72.99,24.98,0.2293005324031577
2024-07-02T04:00:00,19.15,72.77,29.73,0.27290251514595193
2024-07-02T04:00:00,19.15,72.79,13.11,0.12034147237011199
2024-07-02T04:00:00,19.15,72.81,15.46,0.14191297962181018
2024-07-02T04:00:00,19.15,72.83,12.4,0.11382412337066275
2024-07-02T04:00:00,19.15,72.85,13.7,0.12575729759500642
2024-07-02T04:00:00,19.15,72.87,30.89,0.28355057829998165
2024-07-02T04:00:00,19.15,72.89,10.54,0.09675050486506333
2024-07-02T04:00:00,19.15,72.91,8.56,0.07857536258490913
2024-07-02T04:00:00,19.15,72.93,13.36,0.12263631356710115
2024-07-02T04:00:00,19.15,72.95,10.8,0.09913713970993208
2024-07-02T04:00:00,19.15,72.97,7.12,0.06535707729025152
2024-07-02T04:00:00,19.15,72.99,21.01,0.19285845419496972
2024-07-02T04:00:00,19.17,72.77,29.15,0.26757848356893704
2024-07-02T04:00:00,19.17,72.79,18.26,0.16761520102808888
2024-07-02T04:00:00,19.17,72.81,9.26,0.08500091793647879
2024-07-02T04:00:00,19.17,72.83,29.47,0.27051588030108314
2024-07-02T04:00:00,19.17,72.85,5.12,0.04699834771433817
2024-07-02T04:00:00,19.17,72.87,12.56,0.11529282173673583
2024-07-02T04:00:00,19.17,72.89,49.81,0.45722416008812194
2024-07-02T04:00:00,19.17,72.91,15.97,0.14659445566366808
2024-07-02T04:00:00,19.17,72.93,10.62,0.09748485404809987
2024-07-02T04:00:00,19.17,72.95,18.86,0.17312281990086287
2024-07-02T04:00:00,19.17,72.97,18.54,0.1701854231687167
2024-07-02T04:00:00,19.17,72.99,29.7,0.2726271342023132
2024-07-02T04:00:00,19.19,72.77,8.48,0.07784101340187259
2024-07-02T04:00:00,19.19,72.79,23.34,0.21424637415090875
2024-07-02T04:00:00,19.19,72.81,15.37,0.14108683679089407
2024-07-02T04:00:00,19.19,72.83,16.37,0.15026620157885076
2024-07-02T04:00:00,19.19,72.85,14.15,0.12988801174958695
2024-07-02T04:00:00,19.19,72.87,13.63,0.12511474205984946
2024-07-02T04:00:00,19.19,72.89,3.37,0.030934459335413993
2024-07-02T04:00:00,19.19,72.91,9.93,0.09115109234440977
2024-07-02T04:00:00,19.19,72.93,13.06,0.11988250413071416
2024-07-02T04:00:00,19.19,72.95,17.61,0.161648613915917
2024-07-02T04:00:00,19.19,72.97,14.22,0.1305305672847439
2024-07-02T04:00:00,19.19,72.99,13.6,0.12483936111621076
2024-07-02T04:00:00,19.21,72.77,25.59,0.23489994492381128
2024-07-02T04:00:00,19.21,72.79,41.61,0.3819533688268772
2024-07-02T04:00:00,19.21,72.81,13.52,0.12410501193317422
2024-07-02T04:00:00,19.21,72.83,7.65,0.07022214062786855
2024-07-02T04:00:00,19.21,72.85,28.48,0.26142830916100607
2024-07-02T04:00:00,19.21,72.87,20.79,0.19083899394161924
2024-07-02T04:00:00,19.21,72.89,11.5,0.10556269506150175
2024-07-02T04:00:00,19.21,72.91,27.16,0.24931154764090327
2024-07-02T04:00:00,19.21,72.93,6.64,0.06095098219203231
2024-07-02T04:00:00,19.21,72.95,11.62,0.10666421883605653
2024-07-02T04:00:00,19.21,72.97,10.4,0.09546539379474941
2024-07-02T04:00:00,19.21,72.99,26.24,0.2408665320359831
2024-07-02T04:00:00,19.23,72.77,20.85,0.19138975582889667
2024-07-02T04:00:00,19.23,72.79,5.93,0.05443363319258307
2024-07-02T04:00:00,19.23,72.81,66.86,0.6137323297227832
2024-07-02T04:00:00,19.23,72.83,22.75,0.20883054892601433
2024-07-02T04:00:00,19.23,72.85,8.67,0.07958509271158436
2024-07-02T04:00:00,19.23,72.87,35.48,0.32568386267670274
2024-07-02T04:00:00,19.23,72.89,14.36,0.13181567835505784
2024-07-02T04:00:00,19.23,72.91,12.6,0.11565999632825408
2024-07-02T04:00:00,19.23,72.93,12.96,0.1189645676519185
2024-07-02T04:00:00,19.23,72.95,13.45,0.12346245639801726
2024-07-02T04:00:00,19.23,72.97,12.91,0.11850559941252066
2024-07-02T04:00:00,19.23,72.99,11.88,0.10905085368092529
2024-07-02T04:00:00,19.25,72.77,11.11,0.10198274279419864
2024-07-02T04:00:00,19.25,72.79,8.84,0.081145584725537
2024-07-02T04:00:00,19.25,72.81,17.88,0.16412704240866532
2024-07-02T04:00:00,19.25,72.83,8.48,0.07784101340187259
2024-07-02T04:00:00,19.25,72.85,19.02,0.17459151826693592
2024-07-02T04:00:00,19.25,72.87,34.33,0.3151275931705526
2024-07-02T04:00:00,19.25,72.89,14.2,0.13034697998898476
2024-07-02T04:00:00,19.25,72.91,16.37,0.15026620157885076
2024-07-02T04:00:00,19.25,72.93,27.6,0.2533504681476042
2024-07-02T04:00:00,19.25,72.95,11.45,0.10510372682210391
2024-07-02T04:00:00,19.25,72.97,8.36,0.07673948962731779
2024-07-02T04:00:00,19.25,72.99,0.81,0.007435285478244906
2024-07-02T05:00:00,18.87,72.77,17.17,0.1576096934092161
2024-07-02T05:00:00,18.87,72.79,9.65,0.0885808702037819
2024-07-02T05:00:00,18.87,72.81,11.83,0.10859188544152745
2024-07-02T05:00:00,18.87,72.83,1.62,0.014870570956489812
2024-07-02T05:00:00,18.87,72.85,11.18,0.1026252983293556
2024-07-02T05:00:00,18.87,72.87,5.16,0.04736552230585644
2024-07-02T05:00:00,18.87,72.89,4.19,0.038461538461538464
2024-07-02T05:00:00,18.87,72.91,5.56,0.0510372682210391
2024-07-02T05:00:00,18.87,72.93,4.89,0.04488709381310813
2024-07-02T05:00:00,18.87,72.95,22.5,0.20653570772902516
2024-07-02T05:00:00,18.87,72.97,25.79,0.2367358178814026
2024-07-02T05:00:00,18.87,72.99,13.52,0.12410501193317422
2024-07-02T05:00:00,18.89,72.77,46.54,0.42720763723150357
2024-07-02T05:00:00,18.89,72.79,11.67,0.10712318707545437
2024-07-02T05:00:00,18.89,72.81,7.07,0.06489810905085369
2024-07-02T05:00:00,18.89,72.83,13.65,0.12529832935560858
2024-07-02T05:00:00,18.89,72.85,6.06,0.05562695061501744
2024-07-02T05:00:00,18.89,72.87,14.02,0.12869469432715255
2024-07-02T05:00:00,18.89,72.89,20.64,0.18946208922342575
2024-07-02T05:00:00,18.89,72.91,5.57,0.05112906186891868
2024-07-02T05:00:00,18.89,72.93,33.13,0.30411235542500464
2024-07-02T05:00:00,18.89,72.95,45.59,0.4184872406829448
2024-07-02T05:00:00,18.89,72.97,39.62,0.3636864328988434
2024-07-02T05:00:00,18.89,72.99,1.97,0.01808334863227465
2024-07-02T05:00:00,18.91,72.77,10.41,0.09555718744262898
2024-07-02T05:00:00,18.91,72.79,18.44,0.16926748668992106
2024-07-02T05:00:00,18.91,72.81,4.06,0.03726822103910409
2024-07-02T05:00:00,18.91,72.83,4.35,0.03993023682761153
2024-07-02T05:00:00,18.91,72.85,2.05,0.018817697815311177
2024-07-02T05:00:00,18.91,72.87,13.94,0.12796034514411603
2024-07-02T05:00:00,18.91,72.89,16.98,0.15586561409950433
2024-07-02T05:00:00,18.91,72.91,26.35,0.24187626216265837
2024-07-02T05:00:00,18.91,72.93,18.19,0.1669726454929319
2024-07-02T05:00:00,18.91,72.95,20.0,0.18358729575913346
2024-07-02T05:00:00,18.91,72.97,2.41,0.022122269138975584
2024-07-02T05:00:00,18.91,72.99,14.41,0.13227464659445567
2024-07-02T05:00:00,18.93,72.77,14.61,0.134110519552047
2024-07-02T05:00:00,18.93,72.79,8.69,0.0797686800073435
2024-07-02T05:00:00,18.93,72.81,10.83,0.09941252065357077
2024-07-02T05:00:00,18.93,72.83,18.35,0.16844134385900497
2024-07-02T05:00:00,18.93,72.85,23.13,0.21231870754543786
2024-07-02T05:00:00,18.93,72.87,45.32,0.4160088121901965
2024-07-02T05:00:00,18.93,72.89,17.77,0.16311731228199008
2024-07-02T05:00:00,18.93,72.91,23.2,0.21296126308059482
2024-07-02T05:00:00,18.93,72.93,22.21,0.20387369194051772
2024-07-02T05:00:00,18.93,72.95,26.42,0.24251881769781533
2024-07-02T05:00:00,18.93,72.97,4.66,0.0427758399118781
2024-07-02T05:00:00,18.93,72.99,12.74,0.11694510739856802
2024-07-02T05:00:00,18.95,72.77,7.05,0.06471452175509455
2024-07-02T05:00:00,18.95,72.79,7.24,0.06645860106480632
2024-07-02T05:00:00,18.95,72.81,20.08,0.18432164494217
2024-07-02T05:00:00,18.95,72.83,19.76,0.18138424821002389
2024-07-02T05:00:00,18.95,72.85,18.48,0.16963466128143934
2024-07-02T05:00:00,18.95,72.87,8.5,0.07802460069763173
2024-07-02T05:00:00,18.95,72.89,14.23,0.13062236093262347
2024-07-02T05:00:00,18.95,72.91,10.44,0.09583256838626766
2024-07-02T05:00:00,18.95,72.93,16.93,0.15540664586010647
2024-07-02T05:00:00,18.95,72.95,25.89,0.23765375436019828
2024-07-02T05:00:00,18.95,72.97,5.3,0.04865063337617037
2024-07-02T05:00:00,18.95,72.99,12.0,0.11015237745548008
2024-07-02T05:00:00,18.97,72.77,27.86,0.25573710299247293
2024-07-02T05:00:00,18.97,72.79,3.27,0.030016522856618322
2024-07-02T05:00:00,18.97,72.81,27.86,0.25573710299247293
2024-07-02T05:00:00,18.97,72.83,1.52,0.013952634477694145
2024-07-02T05:00:00,18.97,72.85,5.23,0.04800807784101341
2024-07-02T05:00:00,18.97,72.87,12.92,0.11859739306040022
2024-07-02T05:00:00,18.97,72.89,10.41,0.09555718744262898
2024-07-02T05:00:00,18.97,72.91,9.25,0.08490912428859923
2024-07-02T05:00:00,18.97,72.93,40.23,0.36928584541949694
2024-07-02T05:00:00,18.97,72.95,4.16,0.03818615751789976
2024-07-02T05:00:00,18.97,72.97,17.35,0.1592619790710483
2024-07-02T05:00:00,18.97,72.99,39.3,0.36074903616669723
2024-07-02T05:00:00,18.99,72.77,28.43,0.26096934092160823
2024-07-02T05:00:00,18.99,72.79,19.56,0.17954837525243253
2024-07-02T05:00:00,18.99,72.81,17.33,0.15907839177528912
2024-07-02T05:00:00,18.99,72.83,10.06,0.09234440976684415
2024-07-02T05:00:00,18.99,72.85,9.23,0.0847255369928401
2024-07-02T05:00:00,18.99,72.87,3.7,0.03396364971543969
2024-07-02T05:00:00,18.99,72.89,26.33,0.2416926748668992
2024-07-02T05:00:00,18.99,72.91,3.91,0.035891316320910596
2024-07-02T05:00:00,18.99,72.93,11.93,0.10950982192032312
2024-07-02T05:00:00,18.99,72.95,9.6,0.08812190196438406
2024-07-02T05:00:00,18.99,72.97,14.05,0.12897007527079127
2024-07-02T05:00:00,18.99,72.99,18.78,0.17238847071782634
2024-07-02T05:00:00,19.01,72.77,10.74,0.09858637782265467
2024-07-02T05:00:00,19.01,72.79,5.66,0.05195520469983477
2024-07-02T05:00:00,19.01,72.81,8.13,0.07462823572608776
2024-07-02T05:00:00,19.01,72.83,6.34,0.05819717275564531
2024-07-02T05:00:00,19.01,72.85,45.77,0.42013952634477697
2024-07-02T05:00:00,19.01,72.87,32.11,0.2947494033412888
2024-07-02T05:00:00,19.01,72.89,3.51,0.03221957040572792
2024-07-02T05:00:00,19.01,72.91,10.07,0.09243620341472371
2024-07-02T05:00:00,19.01,72.93,5.44,0.049935744446484305
2024-07-02T05:00:00,19.01,72.95,7.07,0.06489810905085369
2024-07-02T05:00:00,19.01,72.97,7.78,0.07141545805030293
2024-07-02T05:00:00,19.01,72.99,5.72,0.05250596658711217
2024-07-02T05:00:00,19.03,72.77,29.09,0.2670277216816596
2024-07-02T05:00:00,19.03,72.79,19.12,0.1755094547457316
2024-07-02T05:00:00,19.03,72.81,17.5,0.1606388837892418
2024-07-02T05:00:00,19.03,72.83,36.3,0.33321094180282723
2024-07-02T05:00:00,19.03,72.85,24.67,0.22645492931889116
2024-07-02T05:00:00,19.03,72.87,13.63,0.12511474205984946
2024-07-02T05:00:00,19.03,72.89,16.08,0.1476041857903433
2024-07-02T05:00:00,19.03,72.91,25.72,0.23609326234624564
2024-07-02T05:00:00,19.03,72.93,24.12,0.22140627868551496
2024-07-02T05:00:00,19.03,72.95,1.03,0.009454745731595373
2024-07-02T05:00:00,19.03,72.97,16.87,0.1548558839728291
2024-07-02T05:00:00,19.03,72.99,12.99,0.11923994859555719
2024-07-02T05:00:00,19.05,72.77,25.05,0.22994308793831467
2024-07-02T05:00:00,19.05,72.79,2.42,0.02221406278685515
2024-07-02T05:00:00,19.05,72.81,30.81,0.2828162291169451
2024-07-02T05:00:00,19.05,72.83,23.84,0.2188360565448871
2024-07-02T05:00:00,19.05,72.85,10.28,0.0943638700201946
2024-07-02T05:00:00,19.05,72.87,40.47,0.37148889296860654
2024-07-02T05:00:00,19.05,72.89,4.91,0.04507068110886727
2024-07-02T05:00:00,19.05,72.91,15.05,0.13814944005874794
2024-07-02T05:00:00,19.05,72.93,7.93,0.07279236276849642
2024-07-02T05:00:00,19.05,72.95,6.44,0.05911510923444098
2024-07-02T05:00:00,19.05,72.97,11.45,0.10510372682210391
2024-07-02T05:00:00,19.05,72.99,2.15,0.01973563429410685
2024-07-02T05:00:00,19.07,72.77,26.1,0.2395814209656692
2024-07-02T05:00:00,19.07,72.79,68.58,0.6295208371580686
2024-07-02T05:00:00,19.07,72.81,5.24,0.04809987148889297
2024-07-02T05:00:00,19.07,72.83,35.91,0.3296309895355241
2024-07-02T05:00:00,19.07,72.85,28.06,0.25757297595006423
2024-07-02T05:00:00,19.07,72.87,3.17,0.029098586377822654
2024-07-02T05:00:00,19.07,72.89,4.45,0.0408481733064072
2024-07-02T05:00:00,19.07,72.91,14.84,0.13622177345327705
2024-07-02T05:00:00,19.07,72.93,20.42,0.1874426289700753
2024-07-02T05:00:00,19.07,72.95,26.77,0.24573159537360015
2024-07-02T05:00:00,19.07,72.97,11.77,0.10804112355425004
2024-07-02T05:00:00,19.07,72.99,12.62,0.11584358362401322
2024-07-02T05:00:00,19.09,72.77,4.15,0.0380943638700202
2024-07-02T05:00:00,19.09,72.79,38.28,0.3513860840829815
2024-07-02T05:00:00,19.09,72.81,30.04,0.27574811823021844
2024-07-02T05:00:00,19.09,72.83,20.53,0.1884523590967505
2024-07-02T05:00:00,19.09,72.85,13.66,0.12539012300348817
2024-07-02T05:00:00,19.09,72.87,34.1,0.3130163392693226
2024-07-02T05:00:00,19.09,72.89,4.66,0.0427758399118781
2024-07-02T05:00:00,19.09,72.91,15.71,0.14420782081879935
2024-07-02T05:00:00,19.09,72.93,42.76,0.3925096383330273
2024-07-02T05:00:00,19.09,72.95,4.33,0.0397466495318524
2024-07-02T05:00:00,19.09,72.97,48.05,0.44106847806131816
2024-07-02T05:00:00,19.09,72.99,23.65,0.21709197723517532
2024-07-02T05:00:00,19.11,72.77,25.68,0.23572608775472736
2024-07-02T05:00:00,19.11,72.79,37.35,0.3428492748301818
2024-07-02T05:00:00,19.11,72.81,31.72,0.2911694510739857
2024-07-02T05:00:00,19.11,72.83,3.3,0.030291903800257022
2024-07-02T05:00:00,19.11,72.85,3.1,0.028456030842665687
2024-07-02T05:00:00,19.11,72.87,8.74,0.08022764824674133
2024-07-02T05:00:00,19.11,72.89,17.2,0.1578850743528548
2024-07-02T05:00:00,19.11,72.91,29.25,0.2684964200477327
2024-07-02T05:00:00,19.11,72.93,10.6,0.09730126675234074
2024-07-02T05:00:00,19.11,72.95,6.49,0.05957407747383881
2024-07-02T05:00:00,19.11,72.97,23.0,0.2111253901230035
2024-07-02T05:00:00,19.11,72.99,9.77,0.0896823939783367
2024-07-02T05:00:00,19.13,72.77,21.18,0.19441894620892233
2024-07-02T05:00:00,19.13,72.79,15.53,0.14255553515696714
2024-07-02T05:00:00,19.13,72.81,7.99,0.07334312465577382
2024-07-02T05:00:00,19.13,72.83,8.1,0.07435285478244905
2024-07-02T05:00:00,19.13,72.85,4.81,0.0441527446300716
2024-07-02T05:00:00,19.13,72.87,31.47,0.2888746098769965
2024-07-02T05:00:00,19.13,72.89,9.64,0.08848907655590234
2024-07-02T05:00:00,19.13,72.91,6.85,0.06287864879750321
2024-07-02T05:00:00,19.13,72.93,2.02,0.01854231687167248
2024-07-02T05:00:00,19.13,72.95,1.56,0.014319809069212411
2024-07-02T05:00:00,19.13,72.97,4.54,0.0416743161373233
2024-07-02T05:00:00,19.13,72.99,16.29,0.1495318523958142
2024-07-02T05:00:00,19.15,72.77,16.54,0.15182669359280337
2024-07-02T05:00:00,19.15,72.79,11.92,0.10941802827244355
2024-07-02T05:00:00,19.15,72.81,5.44,0.049935744446484305
2024-07-02T05:00:00,19.15,72.83,2.02,0.01854231687167248
2024-07-02T05:00:00,19.15,72.85,7.41,0.06801909307875895
2024-07-02T05:00:00,19.15,72.87,10.83,0.09941252065357077
2024-07-02T05:00:00,19.15,72.89,22.54,0.2069028823205434
2024-07-02T05:00:00,19.15,72.91,3.12,0.028639618138424822
2024-07-02T05:00:00,19.15,72.93,9.51,0.08729575913346796
2024-07-02T05:00:00,19.15,72.95,4.46,0.04093996695428676
2024-07-02T05:00:00,19.15,72.97,7.72,0.07086469616302551
2024-07-02T05:00:00,19.15,72.99,45.63,0.41885441527446304
2024-07-02T05:00:00,19.17,72.77,6.9,0.06333761703690105
2024-07-02T05:00:00,19.17,72.79,5.56,0.0510372682210391
2024-07-02T05:00:00,19.17,72.81,79.05,0.725628786487975
2024-07-02T05:00:00,19.17,72.83,22.15,0.2033229300532403
2024-07-02T05:00:00,19.17,72.85,20.46,0.18780980356159355
2024-07-02T05:00:00,19.17,72.87,6.26,0.057462823572608776
2024-07-02T05:00:00,19.17,72.89,49.21,0.45171654121534793
2024-07-02T05:00:00,19.17,72.91,3.35,0.030750872039654858
2024-07-02T05:00:00,19.17,72.93,27.36,0.2511474205984946
2024-07-02T05:00:00,19.17,72.95,29.46,0.2704240866532036
2024-07-02T05:00:00,19.17,72.97,33.45,0.30704975215715075
2024-07-02T05:00:00,19.17,72.99,35.58,0.3266017991554984
2024-07-02T05:00:00,19.19,72.77,12.91,0.11850559941252066
2024-07-02T05:00:00,19.19,72.79,19.24,0.1766109785202864
2024-07-02T05:00:00,19.19,72.81,15.56,0.14283091610060586
2024-07-02T05:00:00,19.19,72.83,5.71,0.0524141729392326
2024-07-02T05:00:00,19.19,72.85,10.9,0.10005507618872775
2024-07-02T05:00:00,19.19,72.87,31.95,0.2932807049752157
2024-07-02T05:00:00,19.19,72.89,3.65,0.03350468147604186
2024-07-02T05:00:00,19.19,72.91,23.76,0.21810170736185058
2024-07-02T05:00:00,19.19,72.93,24.1,0.22122269138975584
2024-07-02T05:00:00,19.19,72.95,13.74,0.1261244721865247
2024-07-02T05:00:00,19.19,72.97,24.21,0.22223242151643108
2024-07-02T05:00:00,19.19,72.99,5.0,0.045896823939783365
2024-07-02T05:00:00,19.21,72.77,5.44,0.049935744446484305
2024-07-02T05:00:00,19.21,72.79,10.86,0.09968790159720947
2024-07-02T05:00:00,19.21,72.81,19.17,0.17596842298512944
2024-07-02T05:00:00,19.21,72.83,50.32,0.4619056361299798
2024-07-02T05:00:00,19.21,72.85,15.19,0.13943455112906186
2024-07-02T05:00:00,19.21,72.87,9.84,0.09032494951349367
2024-07-02T05:00:00,19.21,72.89,30.44,0.27941986414540115
2024-07-02T05:00:00,19.21,72.91,3.85,0.035340554433633195
2024-07-02T05:00:00,19.21,72.93,3.06,0.02808885625114742
2024-07-02T05:00:00,19.21,72.95,44.75,0.4107765742610611
2024-07-02T05:00:00,19.21,72.97,6.43,0.05902331558656141
2024-07-02T05:00:00,19.21,72.99,33.47,0.30723333945290987
2024-07-02T05:00:00,19.23,72.77,39.53,0.3628602900679273
2024-07-02T05:00:00,19.23,72.79,30.65,0.28134753075087204
2024-07-02T05:00:00,19.23,72.81,33.56,0.308059482283826
2024-07-02T05:00:00,19.23,72.83,31.83,0.2921791812006609
2024-07-02T05:00:00,19.23,72.85,1.32,0.01211676152010281
2024-07-02T05:00:00,19.23,72.87,18.17,0.16678905819717277
2024-07-02T05:00:00,19.23,72.89,15.02,0.13787405911510922
2024-07-02T05:00:00,19.23,72.91,8.39,0.0770148705709565
2024-07-02T05:00:00,19.23,72.93,10.22,0.09381310813291721
2024-07-02T05:00:00,19.23,72.95,11.9,0.10923444097668442
2024-07-02T05:00:00,19.23,72.97,10.09,0.09261979071048283
2024-07-02T05:00:00,19.23,72.99,30.12,0.276482467413255
2024-07-02T05:00:00,19.25,72.77,12.87,0.11813842482100238
2024-07-02T05:00:00,19.25,72.79,79.43,0.7291169451073987
2024-07-02T05:00:00,19.25,72.81,8.55,0.07848356893702957
2024-07-02T05:00:00,19.25,72.83,10.4,0.09546539379474941
2024-07-02T05:00:00,19.25,72.85,12.36,0.11345694877914449
2024-07-02T05:00:00,19.25,72.87,6.98,0.06407196621993759
2024-07-02T05:00:00,19.25,72.89,11.75,0.10785753625849091
2024-07-02T05:00:00,19.25,72.91,8.19,0.07517899761336515
2024-07-02T05:00:00,19.25,72.93,23.41,0.21488892968606574
2024-07-02T05:00:00,19.25,72.95,8.88,0.08151275931705527
2024-07-02T05:00:00,19.25,72.97,5.61,0.05149623646043694
2024-07-02T05:00:00,19.25,72.99,9.45,0.08674499724619056
2024-07-02T06:00:00,18.87,72.77,14.42,0.13236644024233524
2024-07-02T06:00:00,18.87,72.79,11.76,0.10794932990637048
2024-07-02T06:00:00,18.87,72.81,72.58,0.6662382963098954
2024-07-02T06:00:00,18.87,72.83,19.74,0.18120066091426473
2024-07-02T06:00:00,18.87,72.85,4.23,0.03882871305305673
2024-07-02T06:00:00,18.87,72.87,20.97,0.19249127960345144
2024-07-02T06:00:00,18.87,72.89,15.91,0.14604369377639068
2024-07-02T06:00:00,18.87,72.91,18.46,0.1694510739856802
2024-07-02T06:00:00,18.87,72.93,19.61,0.18000734349183037
2024-07-02T06:00:00,18.87,72.95,30.74,0.28217367358178813
2024-07-02T06:00:00,18.87,72.97,10.62,0.09748485404809987
2024-07-02T06:00:00,18.87,72.99,11.3,0.10372682210391042
2024-07-02T06:00:00,18.89,72.77,8.18,0.07508720396548559
2024-07-02T06:00:00,18.89,72.79,17.22,0.1580686616486139
2024-07-02T06:00:00,18.89,72.81,7.02,0.06443914081145584
2024-07-02T06:00:00,18.89,72.83,5.5,0.050486506333761706
2024-07-02T06:00:00,18.89,72.85,42.73,0.3922342573893886
2024-07-02T06:00:00,18.89,72.87,12.4,0.11382412337066275
2024-07-02T06:00:00,18.89,72.89,18.57,0.17046080411235542
2024-07-02T06:00:00,18.89,72.91,7.7,0.07068110886726639
2024-07-02T06:00:00,18.89,72.93,44.67,0.4100422250780246
2024-07-02T06:00:00,18.89,72.95,10.08,0.09252799706260327
2024-07-02T06:00:00,18.89,72.97,33.24,0.30512208555167986
2024-07-02T06:00:00,18.89,72.99,16.97,0.15577382045162474
2024-07-02T06:00:00,18.91,72.77,16.0,0.14686983660730676
2024-07-02T06:00:00,18.91,72.79,18.78,0.17238847071782634
2024-07-02T06:00:00,18.91,72.81,13.31,0.12217734532770333
2024-07-02T06:00:00,18.91,72.83,12.28,0.11272259959610795
2024-07-02T06:00:00,18.91,72.85,16.38,0.1503579952267303
2024-07-02T06:00:00,18.91,72.87,1.87,0.01716541215347898
2024-07-02T06:00:00,18.91,72.89,7.85,0.07205801358545988
2024-07-02T06:00:00,18.91,72.91,21.91,0.2011198825041307
2024-07-02T06:00:00,18.91,72.93,22.77,0.20901413622177345
2024-07-02T06:00:00,18.91,72.95,52.77,0.4843950798604737
2024-07-02T06:00:00,18.91,72.97,24.3,0.22305856434734717
2024-07-02T06:00:00,18.91,72.99,22.74,0.20873875527813474
2024-07-02T06:00:00,18.93,72.77,19.82,0.1819350100973013
2024-07-02T06:00:00,18.93,72.79,33.81,0.31035432348081515
2024-07-02T06:00:00,18.93,72.81,16.14,0.14815494767762072
2024-07-02T06:00:00,18.93,72.83,14.56,0.13365155131264916
2024-07-02T06:00:00,18.93,72.85,14.49,0.1330089957774922
2024-07-02T06:00:00,18.93,72.87,29.88,0.2742794198641454
2024-07-02T06:00:00,18.93,72.89,13.71,0.125849091242886
2024-07-02T06:00:00,18.93,72.91,17.95,0.1647695979438223
2024-07-02T06:00:00,18.93,72.93,8.12,0.07453644207820818
2024-07-02T06:00:00,18.93,72.95,41.78,0.38351386084082983
2024-07-02T06:00:00,18.93,72.97,9.43,0.08656140995043143
2024-07-02T06:00:00,18.93,72.99,12.16,0.11162107582155316
2024-07-02T06:00:00,18.95,72.77,29.06,0.2667523407380209
2024-07-02T06:00:00,18.95,72.79,36.9,0.33871856067560124
2024-07-02T06:00:00,18.95,72.81,15.67,0.14384064622728107
2024-07-02T06:00:00,18.95,72.83,24.03,0.22058013585459887
2024-07-02T06:00:00,18.95,72.85,6.81,0.06251147420598495
2024-07-02T06:00:00,18.95,72.87,16.3,0.1496236460436938
2024-07-02T06:00:00,18.95,72.89,22.13,0.2031393427574812
2024-07-02T06:00:00,18.95,72.91,34.68,0.31834037084633743
2024-07-02T06:00:00,18.95,72.93,3.97,0.036442078208188
2024-07-02T06:00:00,18.95,72.95,5.25,0.04819166513677254
2024-07-02T06:00:00,18.95,72.97,2.51,0.02304020561777125
2024-07-02T06:00:00,18.95,72.99,4.24,0.038920506700936296
2024-07-02T06:00:00,18.97,72.77,35.84,0.3289884340003672
2024-07-02T06:00:00,18.97,72.79,9.4,0.08628602900679273
2024-07-02T06:00:00,18.97,72.81,15.28,0.14026069395997798
2024-07-02T06:00:00,18.97,72.83,6.19,0.05682026803745181
2024-07-02T06:00:00,18.97,72.85,9.5,0.0872039654855884
2024-07-02T06:00:00,18.97,72.87,42.43,0.3894804479530017
2024-07-02T06:00:00,18.97,72.89,16.96,0.15568202680374518
2024-07-02T06:00:00,18.97,72.91,19.52,0.17918120066091425
2024-07-02T06:00:00,18.97,72.93,11.55,0.10602166330089959
2024-07-02T06:00:00,18.97,72.95,26.53,0.24352854782449057
2024-07-02T06:00:00,18.97,72.97,25.63,0.23526711951532953
2024-07-02T06:00:00,18.97,72.99,10.06,0.09234440976684415
2024-07-02T06:00:00,18.99,72.77,15.5,0.14228015421332843
2024-07-02T06:00:00,18.99,72.79,35.67,0.32742794198641456
2024-07-02T06:00:00,18.99,72.81,15.22,0.13970993207270058
2024-07-02T06:00:00,18.99,72.83,10.75,0.09867817147053425
2024-07-02T06:00:00,18.99,72.85,11.08,0.10170736185055994
2024-07-02T06:00:00,18.99,72.87,9.22,0.08463374334496053
2024-07-02T06:00:00,18.99,72.89,13.64,0.12520653570772902
2024-07-02T06:00:00,18.99,72.91,9.07,0.08325683862676703
2024-07-02T06:00:00,18.99,72.93,13.08,0.12006609142647329
2024-07-02T06:00:00,18.99,72.95,6.9,0.06333761703690105
2024-07-02T06:00:00,18.99,72.97,15.99,0.1467780429594272
2024-07-02T06:00:00,18.99,72.99,17.46,0.16027170919772352
2024-07-02T06:00:00,19.01,72.77,25.27,0.23196254819166515
2024-07-02T06:00:00,19.01,72.79,22.02,0.20212961263080595
2024-07-02T06:00:00,19.01,72.81,29.46,0.2704240866532036
2024-07-02T06:00:00,19.01,72.83,15.54,0.1426473288048467
2024-07-02T06:00:00,19.01,72.85,14.17,0.13007159904534607
2024-07-02T06:00:00,19.01,72.87,8.33,0.07646410868367909
2024-07-02T06:00:00,19.01,72.89,22.91,0.2102992472920874
2024-07-02T06:00:00,19.01,72.91,8.41,0.07719845786671563
2024-07-02T06:00:00,19.01,72.93,2.37,0.021755094547457318
2024-07-02T06:00:00,19.01,72.95,7.39,0.06783550578299981
2024-07-02T06:00:00,19.01,72.97,22.41,0.20570956489810904
2024-07-02T06:00:00,19.01,72.99,19.1,0.17532586744997247
2024-07-02T06:00:00,19.03,72.77,18.75,0.17211308977418763
2024-07-02T06:00:00,19.03,72.79,60.14,0.5520469983477143
2024-07-02T06:00:00,19.03,72.81,19.1,0.17532586744997247
2024-07-02T06:00:00,19.03,72.83,7.27,0.06673398200844502
2024-07-02T06:00:00,19.03,72.85,6.54,0.060033045713236644
2024-07-02T06:00:00,19.03,72.87,19.74,0.18120066091426473
2024-07-02T06:00:00,19.03,72.89,34.52,0.3168716724802644
2024-07-02T06:00:00,19.03,72.91,13.11,0.12034147237011199
2024-07-02T06:00:00,19.03,72.93,16.96,0.15568202680374518
2024-07-02T06:00:00,19.03,72.95,17.3,0.15880301083165047
2024-07-02T06:00:00,19.03,72.97,50.26,0.4613548742427024
2024-07-02T06:00:00,19.03,72.99,23.43,0.21507251698182486
2024-07-02T06:00:00,19.05,72.77,35.26,0.3236644024233523
2024-07-02T06:00:00,19.05,72.79,7.44,0.06829447402239766
2024-07-02T06:00:00,19.05,72.81,9.47,0.08692858454194971
2024-07-02T06:00:00,19.05,72.83,8.63,0.0792179181200661
2024-07-02T06:00:00,19.05,72.85,11.69,0.10730677437121351
2024-07-02T06:00:00,19.05,72.87,14.5,0.13310078942537176
2024-07-02T06:00:00,19.05,72.89,16.77,0.15393794749403342
2024-07-02T06:00:00,19.05,72.91,12.42,0.11400771066642189
2024-07-02T06:00:00,19.05,72.93,7.57,0.06948779144483203
2024-07-02T06:00:00,19.05,72.95,5.09,0.04672296677069947
2024-07-02T06:00:00,19.05,72.97,16.76,0.15384615384615385
2024-07-02T06:00:00,19.05,72.99,20.06,0.18413805764641086
2024-07-02T06:00:00,19.07,72.77,13.59,0.1247475674683312
2024-07-02T06:00:00,19.07,72.79,3.33,0.030567284743895723
2024-07-02T06:00:00,19.07,72.81,28.11,0.25803194418946207
2024-07-02T06:00:00,19.07,72.83,12.01,0.11024417110335964
2024-07-02T06:00:00,19.07,72.85,4.19,0.038461538461538464
2024-07-02T06:00:00,19.07,72.87,13.56,0.1244721865246925
2024-07-02T06:00:00,19.07,72.89,26.62,0.24435469065540666
2024-07-02T06:00:00,19.07,72.91,9.47,0.08692858454194971
2024-07-02T06:00:00,19.07,72.93,0.9,0.008261428309161007
2024-07-02T06:00:00,19.07,72.95,10.12,0.09289517165412153
2024-07-02T06:00:00,19.07,72.97,7.01,0.06434734716357628
2024-07-02T06:00:00,19.07,72.99,13.83,0.1269506150174408
2024-07-02T06:00:00,19.09,72.77,15.88,0.145768312832752
2024-07-02T06:00:00,19.09,72.79,10.27,0.09427207637231504
2024-07-02T06:00:00,19.09,72.81,9.48,0.08702037818982927
2024-07-02T06:00:00,19.09,72.83,34.42,0.3159537360014687
2024-07-02T06:00:00,19.09,72.85,20.14,0.18487240682944742
2024-07-02T06:00:00,19.09,72.87,19.22,0.17642739122452725
2024-07-02T06:00:00,19.09,72.89,24.44,0.22434367541766112
2024-07-02T06:00:00,19.09,72.91,10.87,0.09977969524508903
2024-07-02T06:00:00,19.09,72.93,36.28,0.3330273545070681
2024-07-02T06:00:00,19.09,72.95,15.95,0.14641086836790893
2024-07-02T06:00:00,19.09,72.97,13.53,0.12419680558105378
2024-07-02T06:00:00,19.09,72.99,15.33,0.14071966219937582
2024-07-02T06:00:00,19.11,72.77,12.58,0.11547640903249495
2024-07-02T06:00:00,19.11,72.79,8.94,0.08206352120433266
2024-07-02T06:00:00,19.11,72.81,31.39,0.28814026069396
2024-07-02T06:00:00,19.11,72.83,5.33,0.04892601431980907
2024-07-02T06:00:00,19.11,72.85,5.61,0.05149623646043694
2024-07-02T06:00:00,19.11,72.87,12.6,0.11565999632825408
2024-07-02T06:00:00,19.11,72.89,6.58,0.06040022030475491
2024-07-02T06:00:00,19.11,72.91,2.87,0.026344776941435655
2024-07-02T06:00:00,19.11,72.93,4.99,0.0458050302919038
2024-07-02T06:00:00,19.11,72.95,6.37,0.05847255369928401
2024-07-02T06:00:00,19.11,72.97,16.21,0.14879750321277768
2024-07-02T06:00:00,19.11,72.99,10.62,0.09748485404809987
2024-07-02T06:00:00,19.13,72.77,29.64,0.2720763723150358
2024-07-02T06:00:00,19.13,72.79,5.62,0.05158803010831651
2024-07-02T06:00:00,19.13,72.81,6.34,0.05819717275564531
2024-07-02T06:00:00,19.13,72.83,16.75,0.1537543601982743
2024-07-02T06:00:00,19.13,72.85,7.93,0.07279236276849642
2024-07-02T06:00:00,19.13,72.87,10.5,0.09638333027354508
2024-07-02T06:00:00,19.13,72.89,5.25,0.04819166513677254
2024-07-02T06:00:00,19.13,72.91,4.83,0.04433633192583073
2024-07-02T06:00:00,19.13,72.93,7.05,0.06471452175509455
2024-07-02T06:00:00,19.13,72.95,24.73,0.22700569120616854
2024-07-02T06:00:00,19.13,72.97,3.63,0.03332109418028272
2024-07-02T06:00:00,19.13,72.99,25.87,0.23747016706443916
2024-07-02T06:00:00,19.15,72.77,28.87,0.2650082614283092
2024-07-02T06:00:00,19.15,72.79,10.25,0.0940884890765559
2024-07-02T06:00:00,19.15,72.81,14.88,0.13658894804479532
2024-07-02T06:00:00,19.15,72.83,17.75,0.16293372498623096
2024-07-02T06:00:00,19.15,72.85,22.14,0.20323113640536075
2024-07-02T06:00:00,19.15,72.87,5.86,0.05379107765742611
2024-07-02T06:00:00,19.15,72.89,22.85,0.20974848540481
2024-07-02T06:00:00,19.15,72.91,13.98,0.1283275197356343
2024-07-02T06:00:00,19.15,72.93,5.86,0.05379107765742611
2024-07-02T06:00:00,19.15,72.95,13.59,0.1247475674683312
2024-07-02T06:00:00,19.15,72.97,5.62,0.05158803010831651
2024-07-02T06:00:00,19.15,72.99,11.99,0.11006058380760052
2024-07-02T06:00:00,19.17,72.77,10.97,0.10069763172388471
2024-07-02T06:00:00,19.17,72.79,17.04,0.1564163759867817
2024-07-02T06:00:00,19.17,72.81,17.25,0.15834404259225263
2024-07-02T06:00:00,19.17,72.83,33.2,0.3047549109601616
2024-07-02T06:00:00,19.17,72.85,21.26,0.1951532953919589
2024-07-02T06:00:00,19.17,72.87,18.27,0.16770699467596842
2024-07-02T06:00:00,19.17,72.89,2.76,0.02533504681476042
2024-07-02T06:00:00,19.17,72.91,25.1,0.23040205617771253
2024-07-02T06:00:00,19.17,72.93,9.26,0.08500091793647879
2024-07-02T06:00:00,19.17,72.95,4.96,0.0455296493482651
2024-07-02T06:00:00,19.17,72.97,43.94,0.4033412887828162
2024-07-02T06:00:00,19.17,72.99,6.93,0.06361299798053975
2024-07-02T06:00:00,19.19,72.77,38.98,0.35781163943455113
2024-07-02T06:00:00,19.19,72.79,18.98,0.17422434367541767
2024-07-02T06:00:00,19.19,72.81,21.35,0.195979438222875
2024-07-02T06:00:00,19.19,72.83,14.18,0.13016339269322563
2024-07-02T06:00:00,19.19,72.85,6.54,0.060033045713236644
2024-07-02T06:00:00,19.19,72.87,22.44,0.20598494584174776
2024-07-02T06:00:00,19.19,72.89,15.81,0.14512575729759503
2024-07-02T06:00:00,19.19,72.91,15.33,0.14071966219937582
2024-07-02T06:00:00,19.19,72.93,13.52,0.12410501193317422
2024-07-02T06:00:00,19.19,72.95,10.31,0.09463925096383331
2024-07-02T06:00:00,19.19,72.97,20.49,0.18808518450523223
2024-07-02T06:00:00,19.19,72.99,17.34,0.15917018542316871
2024-07-02T06:00:00,19.21,72.77,27.97,0.25674683311914814
2024-07-02T06:00:00,19.21,72.79,12.87,0.11813842482100238
2024-07-02T06:00:00,19.21,72.81,11.73,0.10767394896273179
2024-07-02T06:00:00,19.21,72.83,9.33,0.08564347347163577
2024-07-02T06:00:00,19.21,72.85,15.05,0.13814944005874794
2024-07-02T06:00:00,19.21,72.87,2.96,0.027170919772351754
2024-07-02T06:00:00,19.21,72.89,62.42,0.5729759500642556
2024-07-02T06:00:00,19.21,72.91,7.8,0.07159904534606205
2024-07-02T06:00:00,19.21,72.93,28.99,0.26610978520286394
2024-07-02T06:00:00,19.21,72.95,8.94,0.08206352120433266
2024-07-02T06:00:00,19.21,72.97,18.67,0.1713787405911511
2024-07-02T06:00:00,19.21,72.99,36.53,0.3353221957040573
2024-07-02T06:00:00,19.23,72.77,22.74,0.20873875527813474
2024-07-02T06:00:00,19.23,72.79,43.78,0.40187259041674317
2024-07-02T06:00:00,19.23,72.81,32.06,0.29429043510189096
2024-07-02T06:00:00,19.23,72.83,6.33,0.058105379107765746
2024-07-02T06:00:00,19.23,72.85,23.25,0.21342023131999266
2024-07-02T06:00:00,19.23,72.87,17.63,0.16183220121167616
2024-07-02T06:00:00,19.23,72.89,7.43,0.06820268037451808
2024-07-02T06:00:00,19.23,72.91,26.78,0.24582338902147974
2024-07-02T06:00:00,19.23,72.93,4.6,0.042225078024600696
2024-07-02T06:00:00,19.23,72.95,24.7,0.22673031026252982
2024-07-02T06:00:00,19.23,72.97,20.8,0.19093078758949883
2024-07-02T06:00:00,19.23,72.99,13.35,0.12254451991922159
2024-07-02T06:00:00,19.25,72.77,9.75,0.08949880668257756
2024-07-02T06:00:00,19.25,72.79,25.04,0.2298512942904351
2024-07-02T06:00:00,19.25,72.81,2.27,0.02083715806866165
2024-07-02T06:00:00,19.25,72.83,7.56,0.06939599779695245
2024-07-02T06:00:00,19.25,72.85,13.97,0.12823572608775474
2024-07-02T06:00:00,19.25,72.87,14.93,0.13704791628419313
2024-07-02T06:00:00,19.25,72.89,7.18,0.06590783917752892
2024-07-02T06:00:00,19.25,72.91,7.18,0.06590783917752892
2024-07-02T06:00:00,19.25,72.93,18.98,0.17422434367541767
2024-07-02T06:00:00,19.25,72.95,5.7,0.05232237929135304
2024-07-02T06:00:00,19.25,72.97,9.4,0.08628602900679273
2024-07-02T06:00:00,19.25,72.99,4.37,0.04011382412337067
2024-07-02T07:00:00,18.87,72.77,14.77,0.13557921791812005
2024-07-02T07:00:00,18.87,72.79,11.78,0.10813291720212961
2024-07-02T07:00:00,18.87,72.81,1.85,0.016981824857719846
2024-07-02T07:00:00,18.87,72.83,3.81,0.034973379842114925
2024-07-02T07:00:00,18.87,72.85,29.77,0.2732696897374702
2024-07-02T07:00:00,18.87,72.87,7.1,0.06517348999449238
2024-07-02T07:00:00,18.87,72.89,15.87,0.1456765191848724
2024-07-02T07:00:00,18.87,72.91,5.03,0.04617220488342207
2024-07-02T07:00:00,18.87,72.93,30.0,0.2753809436387002
2024-07-02T07:00:00,18.87,72.95,2.3,0.021112539012300348
2024-07-02T07:00:00,18.87,72.97,24.66,0.22636313567101157
2024-07-02T07:00:00,18.87,72.99,12.04,0.11051955204699834
2024-07-02T07:00:00,18.89,72.77,22.95,0.21066642188360565
2024-07-02T07:00:00,18.89,72.79,32.7,0.3001652285661833
2024-07-02T07:00:00,18.89,72.81,16.18,0.14852212226913897
2024-07-02T07:00:00,18.89,72.83,39.51,0.3626767027721682
2024-07-02T07:00:00,18.89,72.85,29.73,0.27290251514595193
2024-07-02T07:00:00,18.89,72.87,19.5,0.17899761336515513
2024-07-02T07:00:00,18.89,72.89,25.41,0.23324765926197907
2024-07-02T07:00:00,18.89,72.91,11.97,0.1098769965118414
2024-07-02T07:00:00,18.89,72.93,5.47,0.050211125390123006
2024-07-02T07:00:00,18.89,72.95,48.41,0.4443730493849825
2024-07-02T07:00:00,18.89,72.97,11.94,0.10960161556820268
2024-07-02T07:00:00,18.89,72.99,13.87,0.12731778960895906
2024-07-02T07:00:00,18.91,72.77,4.37,0.04011382412337067
2024-07-02T07:00:00,18.91,72.79,34.06,0.31264916467780435
2024-07-02T07:00:00,18.91,72.81,16.43,0.15081696346612813
2024-07-02T07:00:00,18.91,72.83,19.18,0.176060216633009
2024-07-02T07:00:00,18.91,72.85,20.49,0.18808518450523223
2024-07-02T07:00:00,18.91,72.87,6.94,0.06370479162841931
2024-07-02T07:00:00,18.91,72.89,29.35,0.2694143565265284
2024-07-02T07:00:00,18.91,72.91,15.7,0.14411602717091976
2024-07-02T07:00:00,18.91,72.93,1.73,0.015880301083165044
2024-07-02T07:00:00,18.91,72.95,24.06,0.22085551679823756
2024-07-02T07:00:00,18.91,72.97,10.56,0.09693409216082248
2024-07-02T07:00:00,18.91,72.99,6.78,0.06223609326234625
2024-07-02T07:00:00,18.93,72.77,3.2,0.02937396732146136
2024-07-02T07:00:00,18.93,72.79,10.43,0.0957407747383881
2024-07-02T07:00:00,18.93,72.81,9.24,0.08481733064071967
2024-07-02T07:00:00,18.93,72.83,29.43,0.2701487057095649
2024-07-02T07:00:00,18.93,72.85,8.21,0.0753625849091243
2024-07-02T07:00:00,18.93,72.87,3.4,0.03120984027905269
2024-07-02T07:00:00,18.93,72.89,17.97,0.1649531852395814
2024-07-02T07:00:00,18.93,72.91,27.72,0.254451991922159
2024-07-02T07:00:00,18.93,72.93,9.26,0.08500091793647879
2024-07-02T07:00:00,18.93,72.95,39.23,0.36010648063154027
2024-07-02T07:00:00,18.93,72.97,23.47,0.2154396915733431
2024-07-02T07:00:00,18.93,72.99,27.45,0.2519735634294107
2024-07-02T07:00:00,18.95,72.77,20.72,0.19019643840646228
2024-07-02T07:00:00,18.95,72.79,18.51,0.16991004222507805
2024-07-02T07:00:00,18.95,72.81,8.35,0.07664769597943823
2024-07-02T07:00:00,18.95,72.83,38.26,0.3512024967872223
2024-07-02T07:00:00,18.95,72.85,33.26,0.3053056728474389
2024-07-02T07:00:00,18.95,72.87,36.91,0.3388103543234808
2024-07-02T07:00:00,18.95,72.89,12.27,0.11263080594822839
2024-07-02T07:00:00,18.95,72.91,9.57,0.08784652102074537
2024-07-02T07:00:00,18.95,72.93,20.4,0.18725904167431612
2024-07-02T07:00:00,18.95,72.95,8.21,0.0753625849091243
2024-07-02T07:00:00,18.95,72.97,11.49,0.10547090141362218
2024-07-02T07:00:00,18.95,72.99,1.89,0.017348999449238112
2024-07-02T07:00:00,18.97,72.77,17.9,0.16431062970442445
2024-07-02T07:00:00,18.97,72.79,21.68,0.1990086286029007
2024-07-02T07:00:00,18.97,72.81,33.67,0.3090692124105012
2024-07-02T07:00:00,18.97,72.83,23.43,0.21507251698182486
2024-07-02T07:00:00,18.97,72.85,25.55,0.23453277033229303
2024-07-02T07:00:00,18.97,72.87,40.66,0.3732329722783183
2024-07-02T07:00:00,18.97,72.89,6.44,0.05911510923444098
2024-07-02T07:00:00,18.97,72.91,5.39,0.049476776207086466
2024-07-02T07:00:00,18.97,72.93,13.89,0.1275013769047182
2024-07-02T07:00:00,18.97,72.95,4.65,0.042684046263998535
2024-07-02T07:00:00,18.97,72.97,14.81,0.13594639250963833
2024-07-02T07:00:00,18.97,72.99,4.66,0.0427758399118781
2024-07-02T07:00:00,18.99,72.77,7.14,0.06554066458601064
2024-07-02T07:00:00,18.99,72.79,3.14,0.028823205434183957
2024-07-02T07:00:00,18.99,72.81,16.64,0.15274463007159905
2024-07-02T07:00:00,18.99,72.83,4.2,0.03855333210941803
2024-07-02T07:00:00,18.99,72.85,19.07,0.17505048650633376
2024-07-02T07:00:00,18.99,72.87,20.81,0.19102258123737836
2024-07-02T07:00:00,18.99,72.89,7.08,0.06498990269873325
2024-07-02T07:00:00,18.99,72.91,21.87,0.20075270791261246
2024-07-02T07:00:00,18.99,72.93,19.82,0.1819350100973013
2024-07-02T07:00:00,18.99,72.95,24.72,0.22691389755828897
2024-07-02T07:00:00,18.99,72.97,6.11,0.05608591885441528
2024-07-02T07:00:00,18.99,72.99,5.81,0.05333210941802827
2024-07-02T07:00:00,19.01,72.77,23.08,0.21185973930604002
2024-07-02T07:00:00,19.01,72.79,16.31,0.14971543969157333
2024-07-02T07:00:00,19.01,72.81,16.93,0.15540664586010647
2024-07-02T07:00:00,19.01,72.83,33.48,0.3073251331007894
2024-07-02T07:00:00,19.01,72.85,24.5,0.2248944373049385
2024-07-02T07:00:00,19.01,72.87,21.11,0.19377639067376537
2024-07-02T07:00:00,19.01,72.89,19.05,0.17486689921057463
2024-07-02T07:00:00,19.01,72.91,24.27,0.22278318340370845
2024-07-02T07:00:00,19.01,72.93,10.52,0.0965669175693042
2024-07-02T07:00:00,19.01,72.95,4.51,0.041398935193684594
2024-07-02T07:00:00,19.01,72.97,7.26,0.06664218836056544
2024-07-02T07:00:00,19.01,72.99,6.42,0.05893152193868184
2024-07-02T07:00:00,19.03,72.77,0.79,0.007251698182485772
2024-07-02T07:00:00,19.03,72.79,21.74,0.19955939049017807
2024-07-02T07:00:00,19.03,72.81,10.9,0.10005507618872775
2024-07-02T07:00:00,19.03,72.83,11.94,0.10960161556820268
2024-07-02T07:00:00,19.03,72.85,8.6,0.0789425371764274
2024-07-02T07:00:00,19.03,72.87,12.7,0.11657793280704974
2024-07-02T07:00:00,19.03,72.89,34.21,0.3140260693959978
2024-07-02T07:00:00,19.03,72.91,2.65,0.024325316688085186
2024-07-02T07:00:00,19.03,72.93,36.89,0.3386267670277217
2024-07-02T07:00:00,19.03,72.95,14.09,0.12933724986230952
2024-07-02T07:00:00,19.03,72.97,8.03,0.07371029924729208
2024-07-02T07:00:00,19.03,72.99,8.7,0.07986047365522306
2024-07-02T07:00:00,19.05,72.77,7.04,0.06462272810721498
2024-07-02T07:00:00,19.05,72.79,2.07,0.019001285111070312
2024-07-02T07:00:00,19.05,72.81,5.66,0.05195520469983477
2024-07-02T07:00:00,19.05,72.83,13.39,0.12291169451073987
2024-07-02T07:00:00,19.05,72.85,10.89,0.09996328254084819
2024-07-02T07:00:00,19.05,72.87,17.81,0.16348448687350833
2024-07-02T07:00:00,19.05,72.89,8.27,0.07591334679640169
2024-07-02T07:00:00,19.05,72.91,7.23,0.06636680741692676
2024-07-02T07:00:00,19.05,72.93,45.26,0.41545805030291905
2024-07-02T07:00:00,19.05,72.95,5.77,0.052964934826510005
2024-07-02T07:00:00,19.05,72.97,5.99,0.05498439507986048
2024-07-02T07:00:00,19.05,72.99,22.43,0.2058931521938682
2024-07-02T07:00:00,19.07,72.77,24.24,0.22250780246006976
2024-07-02T07:00:00,19.07,72.79,10.42,0.09564898109050854
2024-07-02T07:00:00,19.07,72.81,24.08,0.22103910409399669
2024-07-02T07:00:00,19.07,72.83,14.61,0.134110519552047
2024-07-02T07:00:00,19.07,72.85,8.74,0.08022764824674133
2024-07-02T07:00:00,19.07,72.87,20.09,0.18441343859004958
2024-07-02T07:00:00,19.07,72.89,12.61,0.11575178997613365
2024-07-02T07:00:00,19.07,72.91,1.91,0.017532586744997247
2024-07-02T07:00:00,19.07,72.93,18.89,0.17339820084450158
2024-07-02T07:00:00,19.07,72.95,10.64,0.097668441343859
2024-07-02T07:00:00,19.07,72.97,30.14,0.2766660547090141
2024-07-02T07:00:00,19.07,72.99,20.56,0.1887277400403892
2024-07-02T07:00:00,19.09,72.77,16.91,0.15522305856434734
2024-07-02T07:00:00,19.09,72.79,10.66,0.09785202863961814
2024-07-02T07:00:00,19.09,72.81,13.67,0.12548191665136774
2024-07-02T07:00:00,19.09,72.83,6.29,0.05773820451624748
2024-07-02T07:00:00,19.09,72.85,15.05,0.13814944005874794
2024-07-02T07:00:00,19.09,72.87,34.84,0.31980906921241053
2024-07-02T07:00:00,19.09,72.89,41.48,0.3807600514044428
2024-07-02T07:00:00,19.09,72.91,27.15,0.24921975399302368
2024-07-02T07:00:00,19.09,72.93,13.24,0.12153478979254637
2024-07-02T07:00:00,19.09,72.95,3.14,0.028823205434183957
2024-07-02T07:00:00,19.09,72.97,10.96,0.10060583807600515
2024-07-02T07:00:00,19.09,72.99,21.48,0.19717275564530934
2024-07-02T07:00:00,19.11,72.77,25.56,0.23462456398017256
2024-07-02T07:00:00,19.11,72.79,12.5,0.11474205984945841
2024-07-02T07:00:00,19.11,72.81,11.39,0.10455296493482652
2024-07-02T07:00:00,19.11,72.83,17.7,0.16247475674683312
2024-07-02T07:00:00,19.11,72.85,13.55,0.12438039287681293
2024-07-02T07:00:00,19.11,72.87,12.02,0.11033596475123922
2024-07-02T07:00:00,19.11,72.89,11.32,0.10391040939966954
2024-07-02T07:00:00,19.11,72.91,29.69,0.2725353405544336
2024-07-02T07:00:00,19.11,72.93,4.98,0.04571323664402424
2024-07-02T07:00:00,19.11,72.95,9.29,0.0852762988801175
2024-07-02T07:00:00,19.11,72.97,9.55,0.08766293372498624
2024-07-02T07:00:00,19.11,72.99,12.86,0.11804663117312282
2024-07-02T07:00:00,19.13,72.77,14.86,0.13640536074903617
2024-07-02T07:00:00,19.13,72.79,13.69,0.12566550394712686
2024-07-02T07:00:00,19.13,72.81,6.06,0.05562695061501744
2024-07-02T07:00:00,19.13,72.83,13.57,0.12456398017257206
2024-07-02T07:00:00,19.13,72.85,20.23,0.1856985496603635
2024-07-02T07:00:00,19.13,72.87,14.73,0.1352120433266018
2024-07-02T07:00:00,19.13,72.89,5.1,0.04681476041857903
2024-07-02T07:00:00,19.13,72.91,13.13,0.12052505966587113
2024-07-02T07:00:00,19.13,72.93,12.29,0.11281439324398751
2024-07-02T07:00:00,19.13,72.95,9.01,0.08270607673948963
2024-07-02T07:00:00,19.13,72.97,13.48,0.12373783734165597
2024-07-02T07:00:00,19.13,72.99,6.93,0.06361299798053975
2024-07-02T07:00:00,19.15,72.77,23.41,0.21488892968606574
2024-07-02T07:00:00,19.15,72.79,45.41,0.4168349550211125
2024-07-02T07:00:00,19.15,72.81,23.31,0.21397099320727006
2024-07-02T07:00:00,19.15,72.83,7.09,0.06508169634661282
2024-07-02T07:00:00,19.15,72.85,20.06,0.18413805764641086
2024-07-02T07:00:00,19.15,72.87,23.02,0.21130897741876262
2024-07-02T07:00:00,19.15,72.89,16.27,0.14934826510005508
2024-07-02T07:00:00,19.15,72.91,17.11,0.15705893152193867
2024-07-02T07:00:00,19.15,72.93,11.31,0.10381861575178998
2024-07-02T07:00:00,19.15,72.95,4.16,0.03818615751789976
2024-07-02T07:00:00,19.15,72.97,10.38,0.09528180649899028
2024-07-02T07:00:00,19.15,72.99,5.3,0.04865063337617037
2024-07-02T07:00:00,19.17,72.77,12.3,0.11290618689186709
2024-07-02T07:00:00,19.17,72.79,9.27,0.08509271158435835
2024-07-02T07:00:00,19.17,72.81,6.04,0.05544336331925831
2024-07-02T07:00:00,19.17,72.83,31.75,0.2914448320176244
2024-07-02T07:00:00,19.17,72.85,13.03,0.11960712318707545
2024-07-02T07:00:00,19.17,72.87,8.55,0.07848356893702957
2024-07-02T07:00:00,19.17,72.89,2.86,0.026252983293556086
2024-07-02T07:00:00,19.17,72.91,21.28,0.195336882687718
2024-07-02T07:00:00,19.17,72.93,14.17,0.13007159904534607
2024-07-02T07:00:00,19.17,72.95,41.11,0.37736368643289886
2024-07-02T07:00:00,19.17,72.97,6.58,0.06040022030475491
2024-07-02T07:00:00,19.17,72.99,25.59,0.23489994492381128
2024-07-02T07:00:00,19.19,72.77,13.15,0.12070864696163026
2024-07-02T07:00:00,19.19,72.79,6.9,0.06333761703690105
2024-07-02T07:00:00,19.19,72.81,10.1,0.0927115843583624
2024-07-02T07:00:00,19.19,72.83,14.58,0.1338351386084083
2024-07-02T07:00:00,19.19,72.85,8.76,0.08041123554250046
2024-07-02T07:00:00,19.19,72.87,4.65,0.042684046263998535
2024-07-02T07:00:00,19.19,72.89,5.88,0.05397466495318524
2024-07-02T07:00:00,19.19,72.91,17.63,0.16183220121167616
2024-07-02T07:00:00,19.19,72.93,5.04,0.046263998531301635
2024-07-02T07:00:00,19.19,72.95,7.08,0.06498990269873325
2024-07-02T07:00:00,19.19,72.97,5.04,0.046263998531301635
2024-07-02T07:00:00,19.19,72.99,13.74,0.1261244721865247
2024-07-02T07:00:00,19.21,72.77,67.77,0.6220855516798237
2024-07-02T07:00:00,19.21,72.79,19.92,0.18285294657609696
2024-07-02T07:00:00,19.21,72.81,7.52,0.06902882320543419
2024-07-02T07:00:00,19.21,72.83,16.13,0.14806315402974113
2024-07-02T07:00:00,19.21,72.85,7.49,0.06875344226179549
2024-07-02T07:00:00,19.21,72.87,14.33,0.13154029741141912
2024-07-02T07:00:00,19.21,72.89,31.87,0.2925463557921792
2024-07-02T07:00:00,19.21,72.91,11.7,0.10739856801909307
2024-07-02T07:00:00,19.21,72.93,15.14,0.13897558288966405
2024-07-02T07:00:00,19.21,72.95,11.64,0.10684780613181569
2024-07-02T07:00:00,19.21,72.97,21.39,0.19634661281439325
2024-07-02T07:00:00,19.21,72.99,17.88,0.16412704240866532
2024-07-02T07:00:00,19.23,72.77,11.12,0.1020745364420782
2024-07-02T07:00:00,19.23,72.79,22.27,0.20442445382779512
2024-07-02T07:00:00,19.23,72.81,15.59,0.14310629704424455
2024-07-02T07:00:00,19.23,72.83,9.53,0.0874793464292271
2024-07-02T07:00:00,19.23,72.85,9.41,0.0863778226546723
2024-07-02T07:00:00,19.23,72.87,14.1,0.1294290435101891
2024-07-02T07:00:00,19.23,72.89,15.59,0.14310629704424455
2024-07-02T07:00:00,19.23,72.91,10.74,0.09858637782265467
2024-07-02T07:00:00,19.23,72.93,15.24,0.1398935193684597
2024-07-02T07:00:00,19.23,72.95,6.28,0.057646410868367914
2024-07-02T07:00:00,19.23,72.97,4.69,0.043051220855516804
2024-07-02T07:00:00,19.23,72.99,3.0,0.02753809436387002
2024-07-02T07:00:00,19.25,72.77,20.94,0.19221589865981276
2024-07-02T07:00:00,19.25,72.79,3.41,0.031301633926932255
2024-07-02T07:00:00,19.25,72.81,17.41,0.15981274095832568
2024-07-02T07:00:00,19.25,72.83,9.1,0.08353221957040573
2024-07-02T07:00:00,19.25,72.85,10.15,0.09317055259776023
2024-07-02T07:00:00,19.25,72.87,10.02,0.09197723517532587
2024-07-02T07:00:00,19.25,72.89,51.16,0.4696163025518634
2024-07-02T07:00:00,19.25,72.91,7.52,0.06902882320543419
2024-07-02T07:00:00,19.25,72.93,5.51,0.05057829998164127
2024-07-02T07:00:00,19.25,72.95,36.27,0.3329355608591886
2024-07-02T07:00:00,19.25,72.97,3.37,0.030934459335413993
2024-07-02T07:00:00,19.25,72.99,4.09,0.03754360198274279
2024-07-02T08:00:00,18.87,72.77,23.04,0.21149256471452174
2024-07-02T08:00:00,18.87,72.79,16.34,0.14999082063521205
2024-07-02T08:00:00,18.87,72.81,8.81,0.0808702037818983
2024-07-02T08:00:00,18.87,72.83,4.94,0.04534606205250597
2024-07-02T08:00:00,18.87,72.85,1.59,0.014595190012851112
2024-07-02T08:00:00,18.87,72.87,30.03,0.2756563245823389
2024-07-02T08:00:00,18.87,72.89,17.41,0.15981274095832568
2024-07-02T08:00:00,18.87,72.91,26.73,0.2453644207820819
2024-07-02T08:00:00,18.87,72.93,21.19,0.19451073985680192
2024-07-02T08:00:00,18.87,72.95,14.03,0.12878648797503212
2024-07-02T08:00:00,18.87,72.97,6.2,0.056912061685331375
2024-07-02T08:00:00,18.87,72.99,4.22,0.03873691940517716
2024-07-02T08:00:00,18.89,72.77,27.66,0.2539012300348816
2024-07-02T08:00:00,18.89,72.79,8.59,0.07885074352854783
2024-07-02T08:00:00,18.89,72.81,5.35,0.0491096016155682
2024-07-02T08:00:00,18.89,72.83,6.77,0.06214429961446668
2024-07-02T08:00:00,18.89,72.85,25.64,0.23535891316320912
2024-07-02T08:00:00,18.89,72.87,5.39,0.049476776207086466
2024-07-02T08:00:00,18.89,72.89,8.0,0.07343491830365338
2024-07-02T08:00:00,18.89,72.91,9.74,0.089407013034698
2024-07-02T08:00:00,18.89,72.93,12.27,0.11263080594822839
2024-07-02T08:00:00,18.89,72.95,4.65,0.042684046263998535
2024-07-02T08:00:00,18.89,72.97,9.01,0.08270607673948963
2024-07-02T08:00:00,18.89,72.99,18.15,0.16660547090141362
2024-07-02T08:00:00,18.91,72.77,45.63,0.41885441527446304
2024-07-02T08:00:00,18.91,72.79,4.77,0.04378557003855333
2024-07-02T08:00:00,18.91,72.81,5.31,0.048742427024049934
2024-07-02T08:00:00,18.91,72.83,5.84,0.053607490361666975
2024-07-02T08:00:00,18.91,72.85,17.43,0.15999632825408483
2024-07-02T08:00:00,18.91,72.87,4.56,0.041857903433082426
2024-07-02T08:00:00,18.91,72.89,9.44,0.086653203598311
2024-07-02T08:00:00,18.91,72.91,8.54,0.07839177528914998
2024-07-02T08:00:00,18.91,72.93,39.38,0.36148338534973384
2024-07-02T08:00:00,18.91,72.95,6.4,0.05874793464292272
2024-07-02T08:00:00,18.91,72.97,6.0,0.05507618872774004
2024-07-02T08:00:00,18.91,72.99,15.21,0.13961813842482101
2024-07-02T08:00:00,18.93,72.77,15.67,0.14384064622728107
2024-07-02T08:00:00,18.93,72.79,6.96,0.06388837892417845
2024-07-02T08:00:00,18.93,72.81,28.32,0.259959610794933
2024-07-02T08:00:00,18.93,72.83,3.37,0.030934459335413993
2024-07-02T08:00:00,18.93,72.85,10.67,0.0979438222874977
2024-07-02T08:00:00,18.93,72.87,8.48,0.07784101340187259
2024-07-02T08:00:00,18.93,72.89,9.53,0.0874793464292271
2024-07-02T08:00:00,18.93,72.91,5.94,0.054525426840462646
2024-07-02T08:00:00,18.93,72.93,9.31,0.08545988617587663
2024-07-02T08:00:00,18.93,72.95,11.57,0.10620525059665871
2024-07-02T08:00:00,18.93,72.97,0.83,0.0076188727740040384
2024-07-02T08:00:00,18.93,72.99,6.68,0.06131815678355058
2024-07-02T08:00:00,18.95,72.77,6.44,0.05911510923444098
2024-07-02T08:00:00,18.95,72.79,37.29,0.34229851294290436
2024-07-02T08:00:00,18.95,72.81,16.04,0.14723701119882504
2024-07-02T08:00:00,18.95,72.83,5.6,0.05140444281255737
2024-07-02T08:00:00,18.95,72.85,7.32,0.06719295024784286
2024-07-02T08:00:00,18.95,72.87,8.73,0.08013585459886176
2024-07-02T08:00:00,18.95,72.89,6.87,0.06306223609326235
2024-07-02T08:00:00,18.95,72.91,14.97,0.1374150908757114
2024-07-02T08:00:00,18.95,72.93,27.98,0.25683862676702773
2024-07-02T08:00:00,18.95,72.95,0.28,0.0025702221406278688
2024-07-02T08:00:00,18.95,72.97,7.56,0.06939599779695245
2024-07-02T08:00:00,18.95,72.99,35.36,0.324582338902148
2024-07-02T08:00:00,18.97,72.77,9.88,0.09069212410501194
2024-07-02T08:00:00,18.97,72.79,14.56,0.13365155131264916
2024-07-02T08:00:00,18.97,72.81,1.33,0.012208555167982376
2024-07-02T08:00:00,18.97,72.83,27.33,0.2508720396548559
2024-07-02T08:00:00,18.97,72.85,4.32,0.039654855883972835
2024-07-02T08:00:00,18.97,72.87,14.58,0.1338351386084083
2024-07-02T08:00:00,18.97,72.89,4.83,0.04433633192583073
2024-07-02T08:00:00,18.97,72.91,0.56,0.0051404442812557375
2024-07-02T08:00:00,18.97,72.93,12.81,0.117587662933725
2024-07-02T08:00:00,18.97,72.95,16.7,0.15329539195887645
2024-07-02T08:00:00,18.97,72.97,9.25,0.08490912428859923
2024-07-02T08:00:00,18.97,72.99,3.35,0.030750872039654858
2024-07-02T08:00:00,18.99,72.77,51.37,0.4715439691573343
2024-07-02T08:00:00,18.99,72.79,19.63,0.1801909307875895
2024-07-02T08:00:00,18.99,72.81,13.15,0.12070864696163026
2024-07-02T08:00:00,18.99,72.83,24.43,0.22425188176978153
2024-07-02T08:00:00,18.99,72.85,7.19,0.06599963282540848
2024-07-02T08:00:00,18.99,72.87,35.64,0.32715256104277585
2024-07-02T08:00:00,18.99,72.89,17.44,0.1600881219019644
2024-07-02T08:00:00,18.99,72.91,20.84,0.19129796218101708
2024-07-02T08:00:00,18.99,72.93,7.69,0.07058931521938683
2024-07-02T08:00:00,18.99,72.95,3.8,0.034881586194235356
2024-07-02T08:00:00,18.99,72.97,11.16,0.10244171103359648
2024-07-02T08:00:00,18.99,72.99,6.51,0.05975766476959794
2024-07-02T08:00:00,19.01,72.77,44.19,0.40563612997980536
2024-07-02T08:00:00,19.01,72.79,3.46,0.03176060216633009
2024-07-02T08:00:00,19.01,72.81,29.74,0.27299430879383146
2024-07-02T08:00:00,19.01,72.83,2.28,0.020928951716541213
2024-07-02T08:00:00,19.01,72.85,5.04,0.046263998531301635
2024-07-02T08:00:00,19.01,72.87,2.11,0.01936845970258858
2024-07-02T08:00:00,19.01,72.89,6.88,0.06315402974114191
2024-07-02T08:00:00,19.01,72.91,8.71,0.07995226730310263
2024-07-02T08:00:00,19.01,72.93,5.93,0.05443363319258307
2024-07-02T08:00:00,19.01,72.95,13.45,0.12346245639801726
2024-07-02T08:00:00,19.01,72.97,8.31,0.07628052138791996
2024-07-02T08:00:00,19.01,72.99,1.15,0.010556269506150174
2024-07-02T08:00:00,19.03,72.77,5.39,0.049476776207086466
2024-07-02T08:00:00,19.03,72.79,9.05,0.0830732513310079
2024-07-02T08:00:00,19.03,72.81,24.39,0.22388470717826328
2024-07-02T08:00:00,19.03,72.83,12.31,0.11299798053974666
2024-07-02T08:00:00,19.03,72.85,7.51,0.06893702955755461
2024-07-02T08:00:00,19.03,72.87,2.75,0.025243253166880853
2024-07-02T08:00:00,19.03,72.89,11.82,0.10850009179364789
2024-07-02T08:00:00,19.03,72.91,25.1,0.23040205617771253
2024-07-02T08:00:00,19.03,72.93,7.9,0.07251698182485772
2024-07-02T08:00:00,19.03,72.95,4.71,0.04323480815127593
2024-07-02T08:00:00,19.03,72.97,14.7,0.1349366623829631
2024-07-02T08:00:00,19.03,72.99,20.74,0.1903800257022214
2024-07-02T08:00:00,19.05,72.77,10.75,0.09867817147053425
2024-07-02T08:00:00,19.05,72.79,19.53,0.17927299430879384
2024-07-02T08:00:00,19.05,72.81,8.27,0.07591334679640169
2024-07-02T08:00:00,19.05,72.83,19.05,0.17486689921057463
2024-07-02T08:00:00,19.05,72.85,27.76,0.25481916651367725
2024-07-02T08:00:00,19.05,72.87,20.01,0.18367908940701305
2024-07-02T08:00:00,19.05,72.89,15.36,0.1409950431430145
2024-07-02T08:00:00,19.05,72.91,31.8,0.29190380025702223
2024-07-02T08:00:00,19.05,72.93,8.22,0.07545437855700386
2024-07-02T08:00:00,19.05,72.95,14.5,0.13310078942537176
2024-07-02T08:00:00,19.05,72.97,8.15,0.0748118230218469
2024-07-02T08:00:00,19.05,72.99,14.06,0.12906186891867083
2024-07-02T08:00:00,19.07,72.77,20.31,0.18643289884340003
2024-07-02T08:00:00,19.07,72.79,23.31,0.21397099320727006
2024-07-02T08:00:00,19.07,72.81,11.99,0.11006058380760052
2024-07-02T08:00:00,19.07,72.83,1.84,0.01689003120984028
2024-07-02T08:00:00,19.07,72.85,9.34,0.08573526711951533
2024-07-02T08:00:00,19.07,72.87,17.22,0.1580686616486139
2024-07-02T08:00:00,19.07,72.89,13.26,0.12171837708830549
2024-07-02T08:00:00,19.07,72.91,14.41,0.13227464659445567
2024-07-02T08:00:00,19.07,72.93,17.32,0.1589865981274096
2024-07-02T08:00:00,19.07,72.95,3.79,0.034789792546355794
2024-07-02T08:00:00,19.07,72.97,17.34,0.15917018542316871
2024-07-02T08:00:00,19.07,72.99,30.69,0.28171470534239035
2024-07-02T08:00:00,19.09,72.77,9.35,0.0858270607673949
2024-07-02T08:00:00,19.09,72.79,23.64,0.21700018358729578
2024-07-02T08:00:00,19.09,72.81,12.54,0.11510923444097668
2024-07-02T08:00:00,19.09,72.83,15.5,0.14228015421332843
2024-07-02T08:00:00,19.09,72.85,20.31,0.18643289884340003
2024-07-02T08:00:00,19.09,72.87,13.51,0.12401321828529466
2024-07-02T08:00:00,19.09,72.89,7.56,0.06939599779695245
2024-07-02T08:00:00,19.09,72.91,13.36,0.12263631356710115
2024-07-02T08:00:00,19.09,72.93,4.77,0.04378557003855333
2024-07-02T08:00:00,19.09,72.95,2.59,0.023774554800807784
2024-07-02T08:00:00,19.09,72.97,25.68,0.23572608775472736
2024-07-02T08:00:00,19.09,72.99,13.69,0.12566550394712686
2024-07-02T08:00:00,19.11,72.77,20.46,0.18780980356159355
2024-07-02T08:00:00,19.11,72.79,14.43,0.1324582338902148
2024-07-02T08:00:00,19.11,72.81,2.35,0.021571507251698183
2024-07-02T08:00:00,19.11,72.83,28.36,0.26032678538645126
2024-07-02T08:00:00,19.11,72.85,7.93,0.07279236276849642
2024-07-02T08:00:00,19.11,72.87,9.03,0.08288966403524875
2024-07-02T08:00:00,19.11,72.89,24.25,0.22259959610794933
2024-07-02T08:00:00,19.11,72.91,4.8,0.04406095098219203
2024-07-02T08:00:00,19.11,72.93,7.92,0.07270056912061686
2024-07-02T08:00:00,19.11,72.95,7.34,0.06737653754360198
2024-07-02T08:00:00,19.11,72.97,4.43,0.04066458601064806
2024-07-02T08:00:00,19.11,72.99,10.52,0.0965669175693042
2024-07-02T08:00:00,19.13,72.77,6.32,0.05801358545988618
2024-07-02T08:00:00,19.13,72.79,30.93,0.2839177528914999
2024-07-02T08:00:00,19.13,72.81,2.8,0.025702221406278685
2024-07-02T08:00:00,19.13,72.83,3.81,0.034973379842114925
2024-07-02T08:00:00,19.13,72.85,8.62,0.07912612447218652
2024-07-02T08:00:00,19.13,72.87,10.76,0.09876996511841381
2024-07-02T08:00:00,19.13,72.89,6.1,0.055994125206535704
2024-07-02T08:00:00,19.13,72.91,17.84,0.16375986781714705
2024-07-02T08:00:00,19.13,72.93,8.81,0.0808702037818983
2024-07-02T08:00:00,19.13,72.95,14.71,0.13502845603084268
2024-07-02T08:00:00,19.13,72.97,24.0,0.22030475491096016
2024-07-02T08:00:00,19.13,72.99,29.07,0.2668441343859005
2024-07-02T08:00:00,19.15,72.77,9.87,0.09060033045713237
2024-07-02T08:00:00,19.15,72.79,13.02,0.11951532953919589
2024-07-02T08:00:00,19.15,72.81,14.55,0.1335597576647696
2024-07-02T08:00:00,19.15,72.83,9.25,0.08490912428859923
2024-07-02T08:00:00,19.15,72.85,4.71,0.04323480815127593
2024-07-02T08:00:00,19.15,72.87,22.12,0.20304754910960163
2024-07-02T08:00:00,19.15,72.89,4.5,0.04130714154580503
2024-07-02T08:00:00,19.15,72.91,22.63,0.20772902515145952
2024-07-02T08:00:00,19.15,72.93,14.18,0.13016339269322563
2024-07-02T08:00:00,19.15,72.95,12.08,0.11088672663851662
2024-07-02T08:00:00,19.15,72.97,5.35,0.0491096016155682
2024-07-02T08:00:00,19.15,72.99,1.39,0.012759317055259775
2024-07-02T08:00:00,19.17,72.77,25.02,0.22966770699467598
2024-07-02T08:00:00,19.17,72.79,6.48,0.05948228382595925
2024-07-02T08:00:00,19.17,72.81,17.05,0.1565081696346613
2024-07-02T08:00:00,19.17,72.83,17.22,0.1580686616486139
2024-07-02T08:00:00,19.17,72.85,11.16,0.10244171103359648
2024-07-02T08:00:00,19.17,72.87,13.2,0.12116761520102809
2024-07-02T08:00:00,19.17,72.89,14.61,0.134110519552047
2024-07-02T08:00:00,19.17,72.91,11.89,0.10914264732880485
2024-07-02T08:00:00,19.17,72.93,5.0,0.045896823939783365
2024-07-02T08:00:00,19.17,72.95,2.42,0.02221406278685515
2024-07-02T08:00:00,19.17,72.97,5.71,0.0524141729392326
2024-07-02T08:00:00,19.17,72.99,7.17,0.06581604552964936
2024-07-02T08:00:00,19.19,72.77,31.5,0.2891499908206352
2024-07-02T08:00:00,19.19,72.79,4.21,0.038645125757297595
2024-07-02T08:00:00,19.19,72.81,32.48,0.29814576831283274
2024-07-02T08:00:00,19.19,72.83,38.51,0.35349733798421146
2024-07-02T08:00:00,19.19,72.85,6.63,0.060859188544152745
2024-07-02T08:00:00,19.19,72.87,35.77,0.32834587846521024
2024-07-02T08:00:00,19.19,72.89,9.49,0.08711217183770883
2024-07-02T08:00:00,19.19,72.91,8.14,0.07472002937396732
2024-07-02T08:00:00,19.19,72.93,25.73,0.2361850559941252
2024-07-02T08:00:00,19.19,72.95,11.79,0.10822471085000918
2024-07-02T08:00:00,19.19,72.97,10.36,0.09509821920323114
2024-07-02T08:00:00,19.19,72.99,5.56,0.0510372682210391
2024-07-02T08:00:00,19.21,72.77,7.7,0.07068110886726639
2024-07-02T08:00:00,19.21,72.79,13.05,0.1197907104828346
2024-07-02T08:00:00,19.21,72.81,29.6,0.27170919772351754
2024-07-02T08:00:00,19.21,72.83,3.99,0.03662566550394713
2024-07-02T08:00:00,19.21,72.85,10.35,0.09500642555535156
2024-07-02T08:00:00,19.21,72.87,3.1,0.028456030842665687
2024-07-02T08:00:00,19.21,72.89,5.8,0.053240315770148705
2024-07-02T08:00:00,19.21,72.91,16.7,0.15329539195887645
2024-07-02T08:00:00,19.21,72.93,4.69,0.043051220855516804
2024-07-02T08:00:00,19.21,72.95,21.08,0.19350100973012666
2024-07-02T08:00:00,19.21,72.97,4.51,0.041398935193684594
2024-07-02T08:00:00,19.21,72.99,6.15,0.05645309344593354
2024-07-02T08:00:00,19.23,72.77,2.02,0.01854231687167248
2024-07-02T08:00:00,19.23,72.79,25.47,0.23379842114925647
2024-07-02T08:00:00,19.23,72.81,22.29,0.20460804112355424
2024-07-02T08:00:00,19.23,72.83,3.35,0.030750872039654858
2024-07-02T08:00:00,19.23,72.85,8.75,0.0803194418946209
2024-07-02T08:00:00,19.23,72.87,7.97,0.07315953736001468
2024-07-02T08:00:00,19.23,72.89,7.25,0.06655039471268588
2024-07-02T08:00:00,19.23,72.91,35.25,0.3235726087754727
2024-07-02T08:00:00,19.23,72.93,6.9,0.06333761703690105
2024-07-02T08:00:00,19.23,72.95,4.82,0.04424453827795117
2024-07-02T08:00:00,19.23,72.97,1.81,0.01661465026620158
2024-07-02T08:00:00,19.23,72.99,4.89,0.04488709381310813
2024-07-02T08:00:00,19.25,72.77,31.44,0.2885992289333578
2024-07-02T08:00:00,19.25,72.79,14.11,0.12952083715806867
2024-07-02T08:00:00,19.25,72.81,13.71,0.125849091242886
2024-07-02T08:00:00,19.25,72.83,6.05,0.05553515696713787
2024-07-02T08:00:00,19.25,72.85,25.08,0.23021846888195335
2024-07-02T08:00:00,19.25,72.87,15.96,0.14650266201578852
2024-07-02T08:00:00,19.25,72.89,7.34,0.06737653754360198
2024-07-02T08:00:00,19.25,72.91,4.36,0.0400220304754911
2024-07-02T08:00:00,19.25,72.93,9.51,0.08729575913346796
2024-07-02T08:00:00,19.25,72.95,4.52,0.04149072884156416
2024-07-02T08:00:00,19.25,72.97,8.38,0.07692307692307693
2024-07-02T08:00:00,19.25,72.99,10.57,0.09702588580870204
2024-07-02T09:00:00,18.87,72.77,6.02,0.05525977602349917
2024-07-02T09:00:00,18.87,72.79,0.83,0.0076188727740040384
2024-07-02T09:00:00,18.87,72.81,13.84,0.12704240866532035
2024-07-02T09:00:00,18.87,72.83,5.64,0.05177161740407563
2024-07-02T09:00:00,18.87,72.85,10.53,0.09665871121718377
2024-07-02T09:00:00,18.87,72.87,8.36,0.07673948962731779
2024-07-02T09:00:00,18.87,72.89,27.99,0.25693042041490727
2024-07-02T09:00:00,18.87,72.91,9.06,0.08316504497888746
2024-07-02T09:00:00,18.87,72.93,16.85,0.15467229667706997
2024-07-02T09:00:00,18.87,72.95,6.33,0.058105379107765746
2024-07-02T09:00:00,18.87,72.97,3.96,0.03635028456030843
2024-07-02T09:00:00,18.87,72.99,11.82,0.10850009179364789
2024-07-02T09:00:00,18.89,72.77,5.81,0.05333210941802827
2024-07-02T09:00:00,18.89,72.79,17.57,0.16128143932439876
2024-07-02T09:00:00,18.89,72.81,3.36,0.030842665687534424
2024-07-02T09:00:00,18.89,72.83,12.6,0.11565999632825408
2024-07-02T09:00:00,18.89,72.85,9.49,0.08711217183770883
2024-07-02T09:00:00,18.89,72.87,25.02,0.22966770699467598
2024-07-02T09:00:00,18.89,72.89,12.59,0.11556820268037452
2024-07-02T09:00:00,18.89,72.91,8.1,0.07435285478244905
2024-07-02T09:00:00,18.89,72.93,15.62,0.14338167798788323
2024-07-02T09:00:00,18.89,72.95,0.68,0.006241968055810538
2024-07-02T09:00:00,18.89,72.97,12.77,0.11722048834220672
2024-07-02T09:00:00,18.89,72.99,13.38,0.1228199008628603
2024-07-02T09:00:00,18.91,72.77,18.62,0.17091977235175326
2024-07-02T09:00:00,18.91,72.79,17.13,0.1572425188176978
2024-07-02T09:00:00,18.91,72.81,14.75,0.13539563062236093
2024-07-02T09:00:00,18.91,72.83,7.48,0.06866164861391592
2024-07-02T09:00:00,18.91,72.85,10.77,0.09886175876629337
2024-07-02T09:00:00,18.91,72.87,5.63,0.05167982375619607
2024-07-02T09:00:00,18.91,72.89,4.55,0.041766109785202864
2024-07-02T09:00:00,18.91,72.91,7.04,0.06462272810721498
2024-07-02T09:00:00,18.91,72.93,7.62,0.06994675968422985
2024-07-02T09:00:00,18.91,72.95,11.46,0.10519552046998348
2024-07-02T09:00:00,18.91,72.97,20.39,0.18716724802643658
2024-07-02T09:00:00,18.91,72.99,15.84,0.1454011382412337
2024-07-02T09:00:00,18.93,72.77,13.47,0.1236460436937764
2024-07-02T09:00:00,18.93,72.79,22.94,0.2105746282357261
2024-07-02T09:00:00,18.93,72.81,10.3,0.09454745731595375
2024-07-02T09:00:00,18.93,72.83,14.5,0.13310078942537176
2024-07-02T09:00:00,18.93,72.85,7.31,0.06710115659996328
2024-07-02T09:00:00,18.93,72.87,9.34,0.08573526711951533
2024-07-02T09:00:00,18.93,72.89,7.5,0.06884523590967505
2024-07-02T09:00:00,18.93,72.91,2.01,0.01845052322379291
2024-07-02T09:00:00,18.93,72.93,2.02,0.01854231687167248
2024-07-02T09:00:00,18.93,72.95,2.61,0.023958142096566916
2024-07-02T09:00:00,18.93,72.97,10.69,0.09812740958325683
2024-07-02T09:00:00,18.93,72.99,20.39,0.18716724802643658
2024-07-02T09:00:00,18.95,72.77,23.63,0.2169083899394162
2024-07-02T09:00:00,18.95,72.79,15.49,0.14218836056544887
2024-07-02T09:00:00,18.95,72.81,6.69,0.06140995043143015
2024-07-02T09:00:00,18.95,72.83,4.76,0.04369377639067377
2024-07-02T09:00:00,18.95,72.85,10.52,0.0965669175693042
2024-07-02T09:00:00,18.95,72.87,6.05,0.05553515696713787
2024-07-02T09:00:00,18.95,72.89,2.52,0.023131999265650818
2024-07-02T09:00:00,18.95,72.91,3.78,0.034697998898476225
2024-07-02T09:00:00,18.95,72.93,6.66,0.061134569487791446
2024-07-02T09:00:00,18.95,72.95,20.55,0.18863594639250966
2024-07-02T09:00:00,18.95,72.97,1.66,0.015237745548008077
2024-07-02T09:00:00,18.95,72.99,2.88,0.026436570589315218
2024-07-02T09:00:00,18.97,72.77,8.71,0.07995226730310263
2024-07-02T09:00:00,18.97,72.79,5.54,0.05085368092527997
2024-07-02T09:00:00,18.97,72.81,13.79,0.1265834404259225
2024-07-02T09:00:00,18.97,72.83,8.14,0.07472002937396732
2024-07-02T09:00:00,18.97,72.85,2.59,0.023774554800807784
2024-07-02T09:00:00,18.97,72.87,6.16,0.05654488709381311
2024-07-02T09:00:00,18.97,72.89,10.36,0.09509821920323114
2024-07-02T09:00:00,18.97,72.91,14.36,0.13181567835505784
2024-07-02T09:00:00,18.97,72.93,2.99,0.027446300715990454
2024-07-02T09:00:00,18.97,72.95,10.26,0.09418028272443547
2024-07-02T09:00:00,18.97,72.97,6.58,0.06040022030475491
2024-07-02T09:00:00,18.97,72.99,18.26,0.16761520102808888
2024-07-02T09:00:00,18.99,72.77,7.17,0.06581604552964936
2024-07-02T09:00:00,18.99,72.79,2.89,0.026528364237194787
2024-07-02T09:00:00,18.99,72.81,5.7,0.05232237929135304
2024-07-02T09:00:00,18.99,72.83,1.49,0.013677253534055444
2024-07-02T09:00:00,18.99,72.85,1.87,0.01716541215347898
2024-07-02T09:00:00,18.99,72.87,12.83,0.11777125022948412
2024-07-02T09:00:00,18.99,72.89,11.54,0.10592986965302001
2024-07-02T09:00:00,18.99,72.91,12.78,0.11731228199008628
2024-07-02T09:00:00,18.99,72.93,5.35,0.0491096016155682
2024-07-02T09:00:00,18.99,72.95,3.73,0.03423903065907839
2024-07-02T09:00:00,18.99,72.97,32.45,0.2978703873691941
2024-07-02T09:00:00,18.99,72.99,9.09,0.08344042592252617
2024-07-02T09:00:00,19.01,72.77,4.17,0.038277951165779325
2024-07-02T09:00:00,19.01,72.79,27.11,0.2488525794015054
2024-07-02T09:00:00,19.01,72.81,23.76,0.21810170736185058
2024-07-02T09:00:00,19.01,72.83,15.09,0.1385166146502662
2024-07-02T09:00:00,19.01,72.85,8.23,0.07554617220488342
2024-07-02T09:00:00,19.01,72.87,4.57,0.041949697080962
2024-07-02T09:00:00,19.01,72.89,6.29,0.05773820451624748
2024-07-02T09:00:00,19.01,72.91,19.11,0.17541766109785203
2024-07-02T09:00:00,19.01,72.93,4.77,0.04378557003855333
2024-07-02T09:00:00,19.01,72.95,2.83,0.025977602349917386
2024-07-02T09:00:00,19.01,72.97,12.88,0.11823021846888196
2024-07-02T09:00:00,19.01,72.99,7.94,0.072884156416376
2024-07-02T09:00:00,19.03,72.77,6.04,0.05544336331925831
2024-07-02T09:00:00,19.03,72.79,6.3,0.05782999816412704
2024-07-02T09:00:00,19.03,72.81,1.16,0.010648063154029741
2024-07-02T09:00:00,19.03,72.83,6.3,0.05782999816412704
2024-07-02T09:00:00,19.03,72.85,19.17,0.17596842298512944
2024-07-02T09:00:00,19.03,72.87,4.08,0.03745180833486323
2024-07-02T09:00:00,19.03,72.89,38.68,0.35505782999816415
2024-07-02T09:00:00,19.03,72.91,8.63,0.0792179181200661
2024-07-02T09:00:00,19.03,72.93,2.23,0.02046998347714338
2024-07-02T09:00:00,19.03,72.95,10.02,0.09197723517532587
2024-07-02T09:00:00,19.03,72.97,3.7,0.03396364971543969
2024-07-02T09:00:00,19.03,72.99,12.9,0.1184138057646411
2024-07-02T09:00:00,19.05,72.77,24.01,0.22039654855883975
2024-07-02T09:00:00,19.05,72.79,18.39,0.16880851845052322
2024-07-02T09:00:00,19.05,72.81,17.56,0.16118964567651917
2024-07-02T09:00:00,19.05,72.83,6.77,0.06214429961446668
2024-07-02T09:00:00,19.05,72.85,4.28,0.039287681292454565
2024-07-02T09:00:00,19.05,72.87,13.24,0.12153478979254637
2024-07-02T09:00:00,19.05,72.89,4.36,0.0400220304754911
2024-07-02T09:00:00,19.05,72.91,6.34,0.05819717275564531
2024-07-02T09:00:00,19.05,72.93,4.34,0.03983844317973196
2024-07-02T09:00:00,19.05,72.95,4.72,0.0433266017991555
2024-07-02T09:00:00,19.05,72.97,12.71,0.11666972645492933
2024-07-02T09:00:00,19.05,72.99,4.34,0.03983844317973196
2024-07-02T09:00:00,19.07,72.77,16.32,0.14980723333945292
2024-07-02T09:00:00,19.07,72.79,23.16,0.21259408848907657
2024-07-02T09:00:00,19.07,72.81,6.31,0.05792179181200661
2024-07-02T09:00:00,19.07,72.83,3.68,0.03378006241968056
2024-07-02T09:00:00,19.07,72.85,18.44,0.16926748668992106
2024-07-02T09:00:00,19.07,72.87,11.36,0.1042775839911878
2024-07-02T09:00:00,19.07,72.89,4.63,0.042500458968239396
2024-07-02T09:00:00,19.07,72.91,6.62,0.06076739489627318
2024-07-02T09:00:00,19.07,72.93,11.34,0.10409399669542868
2024-07-02T09:00:00,19.07,72.95,1.91,0.017532586744997247
2024-07-02T09:00:00,19.07,72.97,24.34,0.22342573893886544
2024-07-02T09:00:00,19.07,72.99,15.21,0.13961813842482101
2024-07-02T09:00:00,19.09,72.77,10.53,0.09665871121718377
2024-07-02T09:00:00,19.09,72.79,28.86,0.2649164677804296
2024-07-02T09:00:00,19.09,72.81,24.98,0.2293005324031577
2024-07-02T09:00:00,19.09,72.83,8.19,0.07517899761336515
2024-07-02T09:00:00,19.09,72.85,7.5,0.06884523590967505
2024-07-02T09:00:00,19.09,72.87,7.56,0.06939599779695245
2024-07-02T09:00:00,19.09,72.89,13.25,0.12162658344042593
2024-07-02T09:00:00,19.09,72.91,12.26,0.11253901230034882
2024-07-02T09:00:00,19.09,72.93,1.33,0.012208555167982376
2024-07-02T09:00:00,19.09,72.95,11.24,0.10317606021663302
2024-07-02T09:00:00,19.09,72.97,11.01,0.10106480631540297
2024-07-02T09:00:00,19.09,72.99,6.82,0.06260326785386451
2024-07-02T09:00:00,19.11,72.77,11.02,0.10115659996328254
2024-07-02T09:00:00,19.11,72.79,1.95,0.017899761336515514
2024-07-02T09:00:00,19.11,72.81,3.22,0.02955755461722049
2024-07-02T09:00:00,19.11,72.83,4.69,0.043051220855516804
2024-07-02T09:00:00,19.11,72.85,14.01,0.128602900679273
2024-07-02T09:00:00,19.11,72.87,21.47,0.19708096199742978
2024-07-02T09:00:00,19.11,72.89,12.75,0.1170369010464476
2024-07-02T09:00:00,19.11,72.91,9.55,0.08766293372498624
2024-07-02T09:00:00,19.11,72.93,14.25,0.1308059482283826
2024-07-02T09:00:00,19.11,72.95,0.45,0.0041307141545805035
2024-07-02T09:00:00,19.11,72.97,18.43,0.1691756930420415
2024-07-02T09:00:00,19.11,72.99,7.35,0.06746833119148155
2024-07-02T09:00:00,19.13,72.77,21.38,0.19625481916651366
2024-07-02T09:00:00,19.13,72.79,16.14,0.14815494767762072
2024-07-02T09:00:00,19.13,72.81,5.11,0.046906554066458606
2024-07-02T09:00:00,19.13,72.83,11.48,0.10537910776574262
2024-07-02T09:00:00,19.13,72.85,5.23,0.04800807784101341
2024-07-02T09:00:00,19.13,72.87,12.7,0.11657793280704974
2024-07-02T09:00:00,19.13,72.89,28.31,0.2598678171470534
2024-07-02T09:00:00,19.13,72.91,12.2,0.11198825041307141
2024-07-02T09:00:00,19.13,72.93,4.27,0.03919588764457499
2024-07-02T09:00:00,19.13,72.95,15.71,0.14420782081879935
2024-07-02T09:00:00,19.13,72.97,3.92,0.03598310996879016
2024-07-02T09:00:00,19.13,72.99,18.69,0.17156232788691025
2024-07-02T09:00:00,19.15,72.77,4.19,0.038461538461538464
2024-07-02T09:00:00,19.15,72.79,21.2,0.19460253350468149
2024-07-02T09:00:00,19.15,72.81,6.46,0.05929869653020011
2024-07-02T09:00:00,19.15,72.83,14.41,0.13227464659445567
2024-07-02T09:00:00,19.15,72.85,17.55,0.16109785202863963
2024-07-02T09:00:00,19.15,72.87,10.82,0.09932072700569121
2024-07-02T09:00:00,19.15,72.89,6.41,0.05883972829080228
2024-07-02T09:00:00,19.15,72.91,10.66,0.09785202863961814
2024-07-02T09:00:00,19.15,72.93,7.72,0.07086469616302551
2024-07-02T09:00:00,19.15,72.95,8.65,0.07940150541582523
2024-07-02T09:00:00,19.15,72.97,1.89,0.017348999449238112
2024-07-02T09:00:00,19.15,72.99,13.31,0.12217734532770333
2024-07-02T09:00:00,19.17,72.77,12.18,0.11180466311731228
2024-07-02T09:00:00,19.17,72.79,1.72,0.015788507435285478
2024-07-02T09:00:00,19.17,72.81,7.46,0.06847806131815679
2024-07-02T09:00:00,19.17,72.83,0.98,0.00899577749219754
2024-07-02T09:00:00,19.17,72.85,9.76,0.08959060033045713
2024-07-02T09:00:00,19.17,72.87,13.41,0.123095281806499
2024-07-02T09:00:00,19.17,72.89,5.15,0.047273728657976875
2024-07-02T09:00:00,19.17,72.91,4.73,0.04341839544703507
2024-07-02T09:00:00,19.17,72.93,6.21,0.057003855333210944
2024-07-02T09:00:00,19.17,72.95,4.53,0.04158252248944373
2024-07-02T09:00:00,19.17,72.97,3.78,0.034697998898476225
2024-07-02T09:00:00,19.17,72.99,1.16,0.010648063154029741
2024-07-02T09:00:00,19.19,72.77,5.49,0.05039471268588214
2024-07-02T09:00:00,19.19,72.79,2.39,0.02193868184321645
2024-07-02T09:00:00,19.19,72.81,21.88,0.20084450156049202
2024-07-02T09:00:00,19.19,72.83,23.89,0.21929502478428495
2024-07-02T09:00:00,19.19,72.85,13.17,0.12089223425738939
2024-07-02T09:00:00,19.19,72.87,19.55,0.17945658160455297
2024-07-02T09:00:00,19.19,72.89,4.33,0.0397466495318524
2024-07-02T09:00:00,19.19,72.91,12.76,0.11712869469432716
2024-07-02T09:00:00,19.19,72.93,12.28,0.11272259959610795
2024-07-02T09:00:00,19.19,72.95,10.39,0.09537360014686984
2024-07-02T09:00:00,19.19,72.97,5.86,0.05379107765742611
2024-07-02T09:00:00,19.19,72.99,8.07,0.07407747383881036
2024-07-02T09:00:00,19.21,72.77,12.58,0.11547640903249495
2024-07-02T09:00:00,19.21,72.79,11.97,0.1098769965118414
2024-07-02T09:00:00,19.21,72.81,4.25,0.039012300348815865
2024-07-02T09:00:00,19.21,72.83,22.91,0.2102992472920874
2024-07-02T09:00:00,19.21,72.85,9.8,0.0899577749219754
2024-07-02T09:00:00,19.21,72.87,15.55,0.14273912245272627
2024-07-02T09:00:00,19.21,72.89,5.6,0.05140444281255737
2024-07-02T09:00:00,19.21,72.91,12.18,0.11180466311731228
2024-07-02T09:00:00,19.21,72.93,9.46,0.08683679089407013
2024-07-02T09:00:00,19.21,72.95,3.99,0.03662566550394713
2024-07-02T09:00:00,19.21,72.97,8.28,0.07600514044428125
2024-07-02T09:00:00,19.21,72.99,6.36,0.05838076005140445
2024-07-02T09:00:00,19.23,72.77,8.86,0.08132917202129612
2024-07-02T09:00:00,19.23,72.79,19.52,0.17918120066091425
2024-07-02T09:00:00,19.23,72.81,9.01,0.08270607673948963
2024-07-02T09:00:00,19.23,72.83,17.65,0.16201578850743528
2024-07-02T09:00:00,19.23,72.85,13.93,0.12786855149623647
2024-07-02T09:00:00,19.23,72.87,9.88,0.09069212410501194
2024-07-02T09:00:00,19.23,72.89,17.8,0.1633926932256288
2024-07-02T09:00:00,19.23,72.91,16.5,0.15145951900128513
2024-07-02T09:00:00,19.23,72.93,9.3,0.08536809252799707
2024-07-02T09:00:00,19.23,72.95,9.66,0.08867266385166146
2024-07-02T09:00:00,19.23,72.97,16.66,0.15292821736735818
2024-07-02T09:00:00,19.23,72.99,12.72,0.1167615201028089
2024-07-02T09:00:00,19.25,72.77,24.9,0.22856618322012115
2024-07-02T09:00:00,19.25,72.79,9.14,0.083899394161924
2024-07-02T09:00:00,19.25,72.81,3.6,0.03304571323664403
2024-07-02T09:00:00,19.25,72.83,5.39,0.049476776207086466
2024-07-02T09:00:00,19.25,72.85,1.46,0.013401872590416744
2024-07-02T09:00:00,19.25,72.87,4.84,0.0444281255737103
2024-07-02T09:00:00,19.25,72.89,13.79,0.1265834404259225
2024-07-02T09:00:00,19.25,72.91,7.95,0.07297595006425556
2024-07-02T09:00:00,19.25,72.93,4.03,0.0369928400954654
2024-07-02T09:00:00,19.25,72.95,5.39,0.049476776207086466
2024-07-02T09:00:00,19.25,72.97,10.23,0.09390490178079677
2024-07-02T09:00:00,19.25,72.99,5.45,0.050027538094363874
2024-07-02T10:00:00,18.87,72.77,7.53,0.06912061685331375
2024-07-02T10:00:00,18.87,72.79,2.13,0.019552046998347714
2024-07-02T10:00:00,18.87,72.81,18.58,0.170552597760235
2024-07-02T10:00:00,18.87,72.83,19.82,0.1819350100973013
2024-07-02T10:00:00,18.87,72.85,3.97,0.036442078208188
2024-07-02T10:00:00,18.87,72.87,5.95,0.05461722048834221
2024-07-02T10:00:00,18.87,72.89,1.04,0.00954653937947494
2024-07-02T10:00:00,18.87,72.91,15.54,0.1426473288048467
2024-07-02T10:00:00,18.87,72.93,2.35,0.021571507251698183
2024-07-02T10:00:00,18.87,72.95,7.01,0.06434734716357628
2024-07-02T10:00:00,18.87,72.97,2.92,0.026803745180833487
2024-07-02T10:00:00,18.87,72.99,6.91,0.06342941068478061
2024-07-02T10:00:00,18.89,72.77,16.3,0.1496236460436938
2024-07-02T10:00:00,18.89,72.79,13.01,0.11942353589131632
2024-07-02T10:00:00,18.89,72.81,13.29,0.12199375803194419
2024-07-02T10:00:00,18.89,72.83,2.35,0.021571507251698183
2024-07-02T10:00:00,18.89,72.85,7.62,0.06994675968422985
2024-07-02T10:00:00,18.89,72.87,26.92,0.24710850009179366
2024-07-02T10:00:00,18.89,72.89,9.09,0.08344042592252617
2024-07-02T10:00:00,18.89,72.91,7.61,0.06985496603635029
2024-07-02T10:00:00,18.89,72.93,5.97,0.05480080778410134
2024-07-02T10:00:00,18.89,72.95,8.01,0.07352671195153296
2024-07-02T10:00:00,18.89,72.97,7.0,0.06425555351569671
2024-07-02T10:00:00,18.89,72.99,21.39,0.19634661281439325
2024-07-02T10:00:00,18.91,72.77,15.61,0.14328988434000367
2024-07-02T10:00:00,18.91,72.79,7.82,0.07178263264182119
2024-07-02T10:00:00,18.91,72.81,14.17,0.13007159904534607
2024-07-02T10:00:00,18.91,72.83,4.37,0.04011382412337067
2024-07-02T10:00:00,18.91,72.85,7.8,0.07159904534606205
2024-07-02T10:00:00,18.91,72.87,5.25,0.04819166513677254
2024-07-02T10:00:00,18.91,72.89,12.22,0.11217183770883056
2024-07-02T10:00:00,18.91,72.91,6.89,0.06324582338902147
2024-07-02T10:00:00,18.91,72.93,8.06,0.0739856801909308
2024-07-02T10:00:00,18.91,72.95,6.26,0.057462823572608776
2024-07-02T10:00:00,18.91,72.97,9.12,0.08371580686616485
2024-07-02T10:00:00,18.91,72.99,11.31,0.10381861575178998
2024-07-02T10:00:00,18.93,72.77,21.74,0.19955939049017807
2024-07-02T10:00:00,18.93,72.79,7.01,0.06434734716357628
2024-07-02T10:00:00,18.93,72.81,3.66,0.03359647512392143
2024-07-02T10:00:00,18.93,72.83,10.96,0.10060583807600515
2024-07-02T10:00:00,18.93,72.85,2.7,0.02478428492748302
2024-07-02T10:00:00,18.93,72.87,6.15,0.05645309344593354
2024-07-02T10:00:00,18.93,72.89,1.95,0.017899761336515514
2024-07-02T10:00:00,18.93,72.91,39.4,0.3616669726454929
2024-07-02T10:00:00,18.93,72.93,16.24,0.14907288415641637
2024-07-02T10:00:00,18.93,72.95,14.96,0.13732329722783185
2024-07-02T10:00:00,18.93,72.97,17.74,0.16284193133835137
2024-07-02T10:00:00,18.93,72.99,13.44,0.1233706627501377
2024-07-02T10:00:00,18.95,72.77,10.75,0.09867817147053425
2024-07-02T10:00:00,18.95,72.79,10.62,0.09748485404809987
2024-07-02T10:00:00,18.95,72.81,19.76,0.18138424821002389
2024-07-02T10:00:00,18.95,72.83,20.07,0.18422985129429045
2024-07-02T10:00:00,18.95,72.85,3.75,0.034422617954837524
2024-07-02T10:00:00,18.95,72.87,7.05,0.06471452175509455
2024-07-02T10:00:00,18.95,72.89,8.17,0.07499541031760602
2024-07-02T10:00:00,18.95,72.91,14.69,0.13484486873508353
2024-07-02T10:00:00,18.95,72.93,3.93,0.03607490361666973
2024-07-02T10:00:00,18.95,72.95,3.51,0.03221957040572792
2024-07-02T10:00:00,18.95,72.97,2.21,0.02028639618138425
2024-07-02T10:00:00,18.95,72.99,4.77,0.04378557003855333
2024-07-02T10:00:00,18.97,72.77,7.01,0.06434734716357628
2024-07-02T10:00:00,18.97,72.79,24.41,0.2240682944740224
2024-07-02T10:00:00,18.97,72.81,15.31,0.14053607490361666
2024-07-02T10:00:00,18.97,72.83,16.12,0.1479713603818616
2024-07-02T10:00:00,18.97,72.85,3.36,0.030842665687534424
2024-07-02T10:00:00,18.97,72.87,6.73,0.061777125022948416
2024-07-02T10:00:00,18.97,72.89,12.67,0.11630255186341105
2024-07-02T10:00:00,18.97,72.91,8.44,0.07747383881035431
2024-07-02T10:00:00,18.97,72.93,10.76,0.09876996511841381
2024-07-02T10:00:00,18.97,72.95,2.29,0.021020745364420782
2024-07-02T10:00:00,18.97,72.97,7.77,0.07132366440242335
2024-07-02T10:00:00,18.97,72.99,12.03,0.11042775839911878
2024-07-02T10:00:00,18.99,72.77,3.9,0.03579952267303103
2024-07-02T10:00:00,18.99,72.79,1.65,0.015145951900128511
2024-07-02T10:00:00,18.99,72.81,3.53,0.03240315770148706
2024-07-02T10:00:00,18.99,72.83,19.05,0.17486689921057463
2024-07-02T10:00:00,18.99,72.85,2.89,0.026528364237194787
2024-07-02T10:00:00,18.99,72.87,8.05,0.07389388654305123
2024-07-02T10:00:00,18.99,72.89,1.39,0.012759317055259775
2024-07-02T10:00:00,18.99,72.91,3.64,0.03341288782816229
2024-07-02T10:00:00,18.99,72.93,8.66,0.0794932990637048
2024-07-02T10:00:00,18.99,72.95,7.31,0.06710115659996328
2024-07-02T10:00:00,18.99,72.97,14.75,0.13539563062236093
2024-07-02T10:00:00,18.99,72.99,9.52,0.08738755278134754
2024-07-02T10:00:00,19.01,72.77,3.9,0.03579952267303103
2024-07-02T10:00:00,19.01,72.79,7.41,0.06801909307875895
2024-07-02T10:00:00,19.01,72.81,6.1,0.055994125206535704
2024-07-02T10:00:00,19.01,72.83,0.84,0.007710666421883606
2024-07-02T10:00:00,19.01,72.85,22.82,0.2094731044611713
2024-07-02T10:00:00,19.01,72.87,8.19,0.07517899761336515
2024-07-02T10:00:00,19.01,72.89,9.1,0.08353221957040573
2024-07-02T10:00:00,19.01,72.91,12.14,0.11143748852579402
2024-07-02T10:00:00,19.01,72.93,12.02,0.11033596475123922
2024-07-02T10:00:00,19.01,72.95,12.69,0.11648613915917018
2024-07-02T10:00:00,19.01,72.97,5.36,0.04920139526344777
2024-07-02T10:00:00,19.01,72.99,4.79,0.04396915733431247
2024-07-02T10:00:00,19.03,72.77,19.18,0.176060216633009
2024-07-02T10:00:00,19.03,72.79,25.24,0.23168716724802643
2024-07-02T10:00:00,19.03,72.81,1.53,0.01404442812557371
2024-07-02T10:00:00,19.03,72.83,17.09,0.15687534422617955
2024-07-02T10:00:00,19.03,72.85,6.81,0.06251147420598495
2024-07-02T10:00:00,19.03,72.87,7.54,0.06921241050119332
2024-07-02T10:00:00,19.03,72.89,0.41,0.003763539563062236
2024-07-02T10:00:00,19.03,72.91,7.71,0.07077290251514595
2024-07-02T10:00:00,19.03,72.93,4.7,0.04314301450339637
2024-07-02T10:00:00,19.03,72.95,0.64,0.005874793464292271
2024-07-02T10:00:00,19.03,72.97,16.15,0.14824674132550025
2024-07-02T10:00:00,19.03,72.99,8.26,0.07582155314852213
2024-07-02T10:00:00,19.05,72.77,11.82,0.10850009179364789
2024-07-02T10:00:00,19.05,72.79,19.7,0.18083348632274646
2024-07-02T10:00:00,19.05,72.81,14.01,0.128602900679273
2024-07-02T10:00:00,19.05,72.83,2.49,0.02285661832201212
2024-07-02T10:00:00,19.05,72.85,15.42,0.1415458050302919
2024-07-02T10:00:00,19.05,72.87,1.79,0.016431062970442445
2024-07-02T10:00:00,19.05,72.89,11.99,0.11006058380760052
2024-07-02T10:00:00,19.05,72.91,24.74,0.2270974848540481
2024-07-02T10:00:00,19.05,72.93,11.6,0.10648063154029741
2024-07-02T10:00:00,19.05,72.95,5.63,0.05167982375619607
2024-07-02T10:00:00,19.05,72.97,22.93,0.21048283458784653
2024-07-02T10:00:00,19.05,72.99,8.23,0.07554617220488342
2024-07-02T10:00:00,19.07,72.77,4.01,0.03680925279970626
2024-07-02T10:00:00,19.07,72.79,5.22,0.04791628419313383
2024-07-02T10:00:00,19.07,72.81,4.92,0.04516247475674683
2024-07-02T10:00:00,19.07,72.83,30.67,0.28153111804663117
2024-07-02T10:00:00,19.07,72.85,12.49,0.11465026620157885
2024-07-02T10:00:00,19.07,72.87,12.5,0.11474205984945841
2024-07-02T10:00:00,19.07,72.89,10.83,0.09941252065357077
2024-07-02T10:00:00,19.07,72.91,9.3,0.08536809252799707
2024-07-02T10:00:00,19.07,72.93,5.08,0.046631173122819905
2024-07-02T10:00:00,19.07,72.95,2.56,0.023499173857169084
2024-07-02T10:00:00,19.07,72.97,9.43,0.08656140995043143
2024-07-02T10:00:00,19.07,72.99,22.15,0.2033229300532403
2024-07-02T10:00:00,19.09,72.77,11.5,0.10556269506150175
2024-07-02T10:00:00,19.09,72.79,21.08,0.19350100973012666
2024-07-02T10:00:00,19.09,72.81,1.47,0.01349366623829631
2024-07-02T10:00:00,19.09,72.83,10.55,0.09684229851294292
2024-07-02T10:00:00,19.09,72.85,5.25,0.04819166513677254
2024-07-02T10:00:00,19.09,72.87,3.31,0.03038369744813659
2024-07-02T10:00:00,19.09,72.89,20.86,0.1914815494767762
2024-07-02T10:00:00,19.09,72.91,5.45,0.050027538094363874
2024-07-02T10:00:00,19.09,72.93,11.44,0.10501193317422435
2024-07-02T10:00:00,19.09,72.95,6.78,0.06223609326234625
2024-07-02T10:00:00,19.09,72.97,2.15,0.01973563429410685
2024-07-02T10:00:00,19.09,72.99,11.99,0.11006058380760052
2024-07-02T10:00:00,19.11,72.77,6.94,0.06370479162841931
2024-07-02T10:00:00,19.11,72.79,16.52,0.15164310629704425
2024-07-02T10:00:00,19.11,72.81,4.13,0.03791077657426106
2024-07-02T10:00:00,19.11,72.83,5.47,0.050211125390123006
2024-07-02T10:00:00,19.11,72.85,12.14,0.11143748852579402
2024-07-02T10:00:00,19.11,72.87,4.1,0.037635395630622355
2024-07-02T10:00:00,19.11,72.89,12.95,0.11887277400403892
2024-07-02T10:00:00,19.11,72.91,1.02,0.009362952083715808
2024-07-02T10:00:00,19.11,72.93,2.64,0.02423352304020562
2024-07-02T10:00:00,19.11,72.95,7.81,0.07169083899394162
2024-07-02T10:00:00,19.11,72.97,11.38,0.10446117128694696
2024-07-02T10:00:00,19.11,72.99,7.84,0.07196621993758032
2024-07-02T10:00:00,19.13,72.77,13.24,0.12153478979254637
2024-07-02T10:00:00,19.13,72.79,6.4,0.05874793464292272
2024-07-02T10:00:00,19.13,72.81,1.04,0.00954653937947494
2024-07-02T10:00:00,19.13,72.83,6.67,0.061226363135671015
2024-07-02T10:00:00,19.13,72.85,6.62,0.06076739489627318
2024-07-02T10:00:00,19.13,72.87,17.85,0.16385166146502664
2024-07-02T10:00:00,19.13,72.89,12.77,0.11722048834220672
2024-07-02T10:00:00,19.13,72.91,2.92,0.026803745180833487
2024-07-02T10:00:00,19.13,72.93,0.62,0.005691206168533138
2024-07-02T10:00:00,19.13,72.95,6.75,0.06196071231870755
2024-07-02T10:00:00,19.13,72.97,4.63,0.042500458968239396
2024-07-02T10:00:00,19.13,72.99,21.05,0.193225628786488
2024-07-02T10:00:00,19.15,72.77,20.98,0.192583073251331
2024-07-02T10:00:00,19.15,72.79,2.63,0.02414172939232605
2024-07-02T10:00:00,19.15,72.81,13.82,0.12685882136956123
2024-07-02T10:00:00,19.15,72.83,11.98,0.10996879015972096
2024-07-02T10:00:00,19.15,72.85,11.36,0.1042775839911878
2024-07-02T10:00:00,19.15,72.87,38.9,0.3570772902515146
2024-07-02T10:00:00,19.15,72.89,7.33,0.06728474389572242
2024-07-02T10:00:00,19.15,72.91,13.3,0.12208555167982377
2024-07-02T10:00:00,19.15,72.93,14.34,0.1316320910592987
2024-07-02T10:00:00,19.15,72.95,9.62,0.0883054892601432
2024-07-02T10:00:00,19.15,72.97,21.18,0.19441894620892233
2024-07-02T10:00:00,19.15,72.99,8.36,0.07673948962731779
2024-07-02T10:00:00,19.17,72.77,16.93,0.15540664586010647
2024-07-02T10:00:00,19.17,72.79,5.05,0.0463557921791812
2024-07-02T10:00:00,19.17,72.81,3.02,0.027721681659629155
2024-07-02T10:00:00,19.17,72.83,12.4,0.11382412337066275
2024-07-02T10:00:00,19.17,72.85,7.98,0.07325133100789426
2024-07-02T10:00:00,19.17,72.87,8.13,0.07462823572608776
2024-07-02T10:00:00,19.17,72.89,6.08,0.05581053791077658
2024-07-02T10:00:00,19.17,72.91,13.88,0.12740958325683863
2024-07-02T10:00:00,19.17,72.93,8.66,0.0794932990637048
2024-07-02T10:00:00,19.17,72.95,29.12,0.26730310262529833
2024-07-02T10:00:00,19.17,72.97,8.16,0.07490361666972646
2024-07-02T10:00:00,19.17,72.99,9.65,0.0885808702037819
2024-07-02T10:00:00,19.19,72.77,18.13,0.1664218836056545
2024-07-02T10:00:00,19.19,72.79,13.08,0.12006609142647329
2024-07-02T10:00:00,19.19,72.81,3.15,0.02891499908206352
2024-07-02T10:00:00,19.19,72.83,7.29,0.06691756930420414
2024-07-02T10:00:00,19.19,72.85,4.37,0.04011382412337067
2024-07-02T10:00:00,19.19,72.87,11.3,0.10372682210391042
2024-07-02T10:00:00,19.19,72.89,9.64,0.08848907655590234
2024-07-02T10:00:00,19.19,72.91,14.45,0.13264182118597392
2024-07-02T10:00:00,19.19,72.93,15.52,0.14246374150908758
2024-07-02T10:00:00,19.19,72.95,3.94,0.0361666972645493
2024-07-02T10:00:00,19.19,72.97,14.8,0.13585459886175877
2024-07-02T10:00:00,19.19,72.99,16.14,0.14815494767762072
2024-07-02T10:00:00,19.21,72.77,4.04,0.03708463374334496
2024-07-02T10:00:00,19.21,72.79,12.04,0.11051955204699834
2024-07-02T10:00:00,19.21,72.81,21.98,0.2017624380392877
2024-07-02T10:00:00,19.21,72.83,7.19,0.06599963282540848
2024-07-02T10:00:00,19.21,72.85,8.37,0.07683128327519735
2024-07-02T10:00:00,19.21,72.87,10.75,0.09867817147053425
2024-07-02T10:00:00,19.21,72.89,8.88,0.08151275931705527
2024-07-02T10:00:00,19.21,72.91,9.13,0.08380760051404444
2024-07-02T10:00:00,19.21,72.93,12.1,0.11107031393427574
2024-07-02T10:00:00,19.21,72.95,12.22,0.11217183770883056
2024-07-02T10:00:00,19.21,72.97,7.23,0.06636680741692676
2024-07-02T10:00:00,19.21,72.99,22.28,0.2045162474756747
2024-07-02T10:00:00,19.23,72.77,4.89,0.04488709381310813
2024-07-02T10:00:00,19.23,72.79,16.46,0.15109234440976685
2024-07-02T10:00:00,19.23,72.81,0.77,0.007068110886726639
2024-07-02T10:00:00,19.23,72.83,9.05,0.0830732513310079
2024-07-02T10:00:00,19.23,72.85,0.55,0.005048650633376171
2024-07-02T10:00:00,19.23,72.87,9.05,0.0830732513310079
2024-07-02T10:00:00,19.23,72.89,11.37,0.10436937763906737
2024-07-02T10:00:00,19.23,72.91,6.09,0.05590233155865614
2024-07-02T10:00:00,19.23,72.93,7.9,0.07251698182485772
2024-07-02T10:00:00,19.23,72.95,12.86,0.11804663117312282
2024-07-02T10:00:00,19.23,72.97,0.06,0.0005507618872774004
2024-07-02T10:00:00,19.23,72.99,4.93,0.045254268404626395
2024-07-02T10:00:00,19.25,72.77,23.87,0.2191114374885258
2024-07-02T10:00:00,19.25,72.79,3.17,0.029098586377822654
2024-07-02T10:00:00,19.25,72.81,5.09,0.04672296677069947
2024-07-02T10:00:00,19.25,72.83,1.08,0.009913713970993209
2024-07-02T10:00:00,19.25,72.85,5.68,0.0521387919955939
2024-07-02T10:00:00,19.25,72.87,7.64,0.07013034697998899
2024-07-02T10:00:00,19.25,72.89,37.13,0.3408298145768313
2024-07-02T10:00:00,19.25,72.91,10.63,0.09757664769597944
2024-07-02T10:00:00,19.25,72.93,5.42,0.049752157150725174
2024-07-02T10:00:00,19.25,72.95,1.69,0.015513126491646777
2024-07-02T10:00:00,19.25,72.97,4.31,0.03956306223609326
2024-07-02T10:00:00,19.25,72.99,3.53,0.03240315770148706
2024-07-02T11:00:00,18.87,72.77,0.79,0.007251698182485772
2024-07-02T11:00:00,18.87,72.79,2.61,0.023958142096566916
2024-07-02T11:00:00,18.87,72.81,5.45,0.050027538094363874
2024-07-02T11:00:00,18.87,72.83,5.96,0.05470901413622178
2024-07-02T11:00:00,18.87,72.85,11.96,0.10978520286396182
2024-07-02T11:00:00,18.87,72.87,18.14,0.16651367725353405
2024-07-02T11:00:00,18.87,72.89,5.44,0.049935744446484305
2024-07-02T11:00:00,18.87,72.91,12.29,0.11281439324398751
2024-07-02T11:00:00,18.87,72.93,4.61,0.042316871672480265
2024-07-02T11:00:00,18.87,72.95,2.85,0.02616118964567652
2024-07-02T11:00:00,18.87,72.97,10.23,0.09390490178079677
2024-07-02T11:00:00,18.87,72.99,4.33,0.0397466495318524
2024-07-02T11:00:00,18.89,72.77,4.0,0.03671745915182669
2024-07-02T11:00:00,18.89,72.79,3.29,0.030200110152377457
2024-07-02T11:00:00,18.89,72.81,1.45,0.013310078942537176
2024-07-02T11:00:00,18.89,72.83,7.49,0.06875344226179549
2024-07-02T11:00:00,18.89,72.85,4.3,0.0394712685882137
2024-07-02T11:00:00,18.89,72.87,13.17,0.12089223425738939
2024-07-02T11:00:00,18.89,72.89,20.89,0.19175693042041492
2024-07-02T11:00:00,18.89,72.91,2.81,0.025794015054158254
2024-07-02T11:00:00,18.89,72.93,1.76,0.016155682026803744
2024-07-02T11:00:00,18.89,72.95,17.09,0.15687534422617955
2024-07-02T11:00:00,18.89,72.97,6.98,0.06407196621993759
2024-07-02T11:00:00,18.89,72.99,6.69,0.06140995043143015
2024-07-02T11:00:00,18.91,72.77,10.14,0.09307875894988067
2024-07-02T11:00:00,18.91,72.79,16.49,0.15136772535340554
2024-07-02T11:00:00,18.91,72.81,15.92,0.14613548742427024
2024-07-02T11:00:00,18.91,72.83,11.45,0.10510372682210391
2024-07-02T11:00:00,18.91,72.85,2.46,0.022581237378373416
2024-07-02T11:00:00,18.91,72.87,1.04,0.00954653937947494
2024-07-02T11:00:00,18.91,72.89,2.37,0.021755094547457318
2024-07-02T11:00:00,18.91,72.91,1.4,0.012851110703139343
2024-07-02T11:00:00,18.91,72.93,11.11,0.10198274279419864
2024-07-02T11:00:00,18.91,72.95,3.64,0.03341288782816229
2024-07-02T11:00:00,18.91,72.97,9.74,0.089407013034698
2024-07-02T11:00:00,18.91,72.99,6.13,0.05626950615017441
2024-07-02T11:00:00,18.93,72.77,4.48,0.0411235542500459
2024-07-02T11:00:00,18.93,72.79,3.33,0.030567284743895723
2024-07-02T11:00:00,18.93,72.81,3.96,0.03635028456030843
2024-07-02T11:00:00,18.93,72.83,2.0,0.018358729575913346
2024-07-02T11:00:00,18.93,72.85,22.29,0.20460804112355424
2024-07-02T11:00:00,18.93,72.87,6.26,0.057462823572608776
2024-07-02T11:00:00,18.93,72.89,6.7,0.061501744079309716
2024-07-02T11:00:00,18.93,72.91,6.43,0.05902331558656141
2024-07-02T11:00:00,18.93,72.93,10.91,0.10014686983660731
2024-07-02T11:00:00,18.93,72.95,3.1,0.028456030842665687
2024-07-02T11:00:00,18.93,72.97,13.92,0.1277767578483569
2024-07-02T11:00:00,18.93,72.99,4.69,0.043051220855516804
2024-07-02T11:00:00,18.95,72.77,5.83,0.053515696713787406
2024-07-02T11:00:00,18.95,72.79,18.92,0.17367358178814027
2024-07-02T11:00:00,18.95,72.81,3.58,0.03286212594088489
2024-07-02T11:00:00,18.95,72.83,9.68,0.0888562511474206
2024-07-02T11:00:00,18.95,72.85,6.83,0.06269506150174409
2024-07-02T11:00:00,18.95,72.87,3.88,0.035615935377271896
2024-07-02T11:00:00,18.95,72.89,10.08,0.09252799706260327
2024-07-02T11:00:00,18.95,72.91,2.14,0.019643840646227283
2024-07-02T11:00:00,18.95,72.93,3.61,0.03313750688452359
2024-07-02T11:00:00,18.95,72.95,6.73,0.061777125022948416
2024-07-02T11:00:00,18.95,72.97,17.83,0.16366807416926749
2024-07-02T11:00:00,18.95,72.99,16.49,0.15136772535340554
2024-07-02T11:00:00,18.97,72.77,10.71,0.09831099687901598
2024-07-02T11:00:00,18.97,72.79,5.94,0.054525426840462646
2024-07-02T11:00:00,18.97,72.81,0.84,0.007710666421883606
2024-07-02T11:00:00,18.97,72.83,13.59,0.1247475674683312
2024-07-02T11:00:00,18.97,72.85,14.6,0.13401872590416744
2024-07-02T11:00:00,18.97,72.87,9.21,0.08454194969708097
2024-07-02T11:00:00,18.97,72.89,5.41,0.049660363502845604
2024-07-02T11:00:00,18.97,72.91,11.62,0.10666421883605653
2024-07-02T11:00:00,18.97,72.93,6.13,0.05626950615017441
2024-07-02T11:00:00,18.97,72.95,5.47,0.050211125390123006
2024-07-02T11:00:00,18.97,72.97,1.33,0.012208555167982376
2024-07-02T11:00:00,18.97,72.99,10.45,0.09592436203414723
2024-07-02T11:00:00,18.99,72.77,8.63,0.0792179181200661
2024-07-02T11:00:00,18.99,72.79,20.46,0.18780980356159355
2024-07-02T11:00:00,18.99,72.81,4.45,0.0408481733064072
2024-07-02T11:00:00,18.99,72.83,3.28,0.030108316504497887
2024-07-02T11:00:00,18.99,72.85,14.5,0.13310078942537176
2024-07-02T11:00:00,18.99,72.87,16.3,0.1496236460436938
2024-07-02T11:00:00,18.99,72.89,6.69,0.06140995043143015
2024-07-02T11:00:00,18.99,72.91,11.98,0.10996879015972096
2024-07-02T11:00:00,18.99,72.93,4.91,0.04507068110886727
2024-07-02T11:00:00,18.99,72.95,5.04,0.046263998531301635
2024-07-02T11:00:00,18.99,72.97,8.4,0.07710666421883607
2024-07-02T11:00:00,18.99,72.99,4.83,0.04433633192583073
2024-07-02T11:00:00,19.01,72.77,9.49,0.08711217183770883
2024-07-02T11:00:00,19.01,72.79,8.19,0.07517899761336515
2024-07-02T11:00:00,19.01,72.81,2.69,0.024692491279603452
2024-07-02T11:00:00,19.01,72.83,8.63,0.0792179181200661
2024-07-02T11:00:00,19.01,72.85,2.62,0.024049935744446485
2024-07-02T11:00:00,19.01,72.87,11.82,0.10850009179364789
2024-07-02T11:00:00,19.01,72.89,14.0,0.12851110703139343
2024-07-02T11:00:00,19.01,72.91,5.72,0.05250596658711217
2024-07-02T11:00:00,19.01,72.93,18.53,0.17009362952083718
2024-07-02T11:00:00,19.01,72.95,14.86,0.13640536074903617
2024-07-02T11:00:00,19.01,72.97,7.55,0.06930420414907289
2024-07-02T11:00:00,19.01,72.99,4.91,0.04507068110886727
2024-07-02T11:00:00,19.03,72.77,15.51,0.142371947861208
2024-07-02T11:00:00,19.03,72.79,22.25,0.204240866532036
2024-07-02T11:00:00,19.03,72.81,9.52,0.08738755278134754
2024-07-02T11:00:00,19.03,72.83,4.79,0.04396915733431247
2024-07-02T11:00:00,19.03,72.85,11.29,0.10363502845603084
2024-07-02T11:00:00,19.03,72.87,6.79,0.06232788691022582
2024-07-02T11:00:00,19.03,72.89,2.92,0.026803745180833487
2024-07-02T11:00:00,19.03,72.91,4.7,0.04314301450339637
2024-07-02T11:00:00,19.03,72.93,13.41,0.123095281806499
2024-07-02T11:00:00,19.03,72.95,5.75,0.05278134753075087
2024-07-02T11:00:00,19.03,72.97,3.98,0.03653387185606756
2024-07-02T11:00:00,19.03,72.99,14.89,0.13668074169267488
2024-07-02T11:00:00,19.05,72.77,16.09,0.14769597943822288
2024-07-02T11:00:00,19.05,72.79,5.66,0.05195520469983477
2024-07-02T11:00:00,19.05,72.81,24.78,0.22746465944556638
2024-07-02T11:00:00,19.05,72.83,6.8,0.06241968055810538
2024-07-02T11:00:00,19.05,72.85,9.05,0.0830732513310079
2024-07-02T11:00:00,19.05,72.87,7.28,0.06682577565632458
2024-07-02T11:00:00,19.05,72.89,3.34,0.03065907839177529
2024-07-02T11:00:00,19.05,72.91,5.82,0.05342390306590784
2024-07-02T11:00:00,19.05,72.93,6.3,0.05782999816412704
2024-07-02T11:00:00,19.05,72.95,1.02,0.009362952083715808
2024-07-02T11:00:00,19.05,72.97,7.73,0.07095648981090509
2024-07-02T11:00:00,19.05,72.99,11.45,0.10510372682210391
2024-07-02T11:00:00,19.07,72.77,2.98,0.02735450706811089
2024-07-02T11:00:00,19.07,72.79,12.52,0.11492564714521755
2024-07-02T11:00:00,19.07,72.81,15.98,0.14668624931154764
2024-07-02T11:00:00,19.07,72.83,6.47,0.05939049017807967
2024-07-02T11:00:00,19.07,72.85,23.21,0.2130530567284744
2024-07-02T11:00:00,19.07,72.87,8.36,0.07673948962731779
2024-07-02T11:00:00,19.07,72.89,1.02,0.009362952083715808
2024-07-02T11:00:00,19.07,72.91,2.06,0.018909491463190747
2024-07-02T11:00:00,19.07,72.93,8.12,0.07453644207820818
2024-07-02T11:00:00,19.07,72.95,9.99,0.09170185423168717
2024-07-02T11:00:00,19.07,72.97,6.51,0.05975766476959794
2024-07-02T11:00:00,19.07,72.99,7.4,0.06792729943087938
2024-07-02T11:00:00,19.09,72.77,8.44,0.07747383881035431
2024-07-02T11:00:00,19.09,72.79,4.51,0.041398935193684594
2024-07-02T11:00:00,19.09,72.81,7.94,0.072884156416376
2024-07-02T11:00:00,19.09,72.83,1.68,0.015421332843767212
2024-07-02T11:00:00,19.09,72.85,5.4,0.04956856985496604
2024-07-02T11:00:00,19.09,72.87,10.29,0.09445566366807416
2024-07-02T11:00:00,19.09,72.89,3.16,0.02900679272994309
2024-07-02T11:00:00,19.09,72.91,5.42,0.049752157150725174
2024-07-02T11:00:00,19.09,72.93,7.27,0.06673398200844502
2024-07-02T11:00:00,19.09,72.95,20.1,0.18450523223792914
2024-07-02T11:00:00,19.09,72.97,12.64,0.11602717091977235
2024-07-02T11:00:00,19.09,72.99,1.37,0.012575729759500644
2024-07-02T11:00:00,19.11,72.77,29.12,0.26730310262529833
2024-07-02T11:00:00,19.11,72.79,19.42,0.17826326418211863
2024-07-02T11:00:00,19.11,72.81,8.77,0.08050302919038002
2024-07-02T11:00:00,19.11,72.83,12.99,0.11923994859555719
2024-07-02T11:00:00,19.11,72.85,3.74,0.03433082430695796
2024-07-02T11:00:00,19.11,72.87,6.73,0.061777125022948416
2024-07-02T11:00:00,19.11,72.89,3.38,0.031026252983293555
2024-07-02T11:00:00,19.11,72.91,10.29,0.09445566366807416
2024-07-02T11:00:00,19.11,72.93,28.63,0.26280521387919953
2024-07-02T11:00:00,19.11,72.95,4.66,0.0427758399118781
2024-07-02T11:00:00,19.11,72.97,5.62,0.05158803010831651
2024-07-02T11:00:00,19.11,72.99,6.18,0.056728474389572243
2024-07-02T11:00:00,19.13,72.77,6.07,0.05571874426289701
2024-07-02T11:00:00,19.13,72.79,11.49,0.10547090141362218
2024-07-02T11:00:00,19.13,72.81,15.85,0.14549293188911328
2024-07-02T11:00:00,19.13,72.83,4.58,0.042041490728841564
2024-07-02T11:00:00,19.13,72.85,7.01,0.06434734716357628
2024-07-02T11:00:00,19.13,72.87,11.29,0.10363502845603084
2024-07-02T11:00:00,19.13,72.89,3.12,0.028639618138424822
2024-07-02T11:00:00,19.13,72.91,2.21,0.02028639618138425
2024-07-02T11:00:00,19.13,72.93,4.02,0.03690104644758582
2024-07-02T11:00:00,19.13,72.95,10.8,0.09913713970993208
2024-07-02T11:00:00,19.13,72.97,2.77,0.025426840462639985
2024-07-02T11:00:00,19.13,72.99,4.06,0.03726822103910409
2024-07-02T11:00:00,19.15,72.77,7.93,0.07279236276849642
2024-07-02T11:00:00,19.15,72.79,8.68,0.07967688635946392
2024-07-02T11:00:00,19.15,72.81,6.69,0.06140995043143015
2024-07-02T11:00:00,19.15,72.83,7.37,0.06765191848724068
2024-07-02T11:00:00,19.15,72.85,1.79,0.016431062970442445
2024-07-02T11:00:00,19.15,72.87,4.14,0.038002570222140625
2024-07-02T11:00:00,19.15,72.89,12.05,0.11061134569487792
2024-07-02T11:00:00,19.15,72.91,3.7,0.03396364971543969
2024-07-02T11:00:00,19.15,72.93,7.47,0.06856985496603635
2024-07-02T11:00:00,19.15,72.95,6.81,0.06251147420598495
2024-07-02T11:00:00,19.15,72.97,10.41,0.09555718744262898
2024-07-02T11:00:00,19.15,72.99,11.32,0.10391040939966954
2024-07-02T11:00:00,19.17,72.77,17.4,0.15972094731044612
2024-07-02T11:00:00,19.17,72.79,20.4,0.18725904167431612
2024-07-02T11:00:00,19.17,72.81,3.33,0.030567284743895723
2024-07-02T11:00:00,19.17,72.83,0.87,0.007986047365522306
2024-07-02T11:00:00,19.17,72.85,5.18,0.04754910960161557
2024-07-02T11:00:00,19.17,72.87,2.88,0.026436570589315218
2024-07-02T11:00:00,19.17,72.89,3.39,0.031118046631173124
2024-07-02T11:00:00,19.17,72.91,9.59,0.0880301083165045
2024-07-02T11:00:00,19.17,72.93,13.64,0.12520653570772902
2024-07-02T11:00:00,19.17,72.95,7.48,0.06866164861391592
2024-07-02T11:00:00,19.17,72.97,3.63,0.03332109418028272
2024-07-02T11:00:00,19.17,72.99,7.52,0.06902882320543419
2024-07-02T11:00:00,19.19,72.77,13.51,0.12401321828529466
2024-07-02T11:00:00,19.19,72.79,1.96,0.01799155498439508
2024-07-02T11:00:00,19.19,72.81,5.79,0.05314852212226914
2024-07-02T11:00:00,19.19,72.83,6.02,0.05525977602349917
2024-07-02T11:00:00,19.19,72.85,6.2,0.056912061685331375
2024-07-02T11:00:00,19.19,72.87,3.26,0.029924729208738753
2024-07-02T11:00:00,19.19,72.89,8.37,0.07683128327519735
2024-07-02T11:00:00,19.19,72.91,8.77,0.08050302919038002
2024-07-02T11:00:00,19.19,72.93,2.84,0.02606939599779695
2024-07-02T11:00:00,19.19,72.95,15.65,0.14365705893152195
2024-07-02T11:00:00,19.19,72.97,2.16,0.019827427941986418
2024-07-02T11:00:00,19.19,72.99,3.47,0.03185239581420966
2024-07-02T11:00:00,19.21,72.77,2.49,0.02285661832201212
2024-07-02T11:00:00,19.21,72.79,2.06,0.018909491463190747
2024-07-02T11:00:00,19.21,72.81,8.12,0.07453644207820818
2024-07-02T11:00:00,19.21,72.83,4.07,0.03736001468698366
2024-07-02T11:00:00,19.21,72.85,13.01,0.11942353589131632
2024-07-02T11:00:00,19.21,72.87,3.29,0.030200110152377457
2024-07-02T11:00:00,19.21,72.89,3.82,0.035065173489994494
2024-07-02T11:00:00,19.21,72.91,11.06,0.10152377455480081
2024-07-02T11:00:00,19.21,72.93,2.46,0.022581237378373416
2024-07-02T11:00:00,19.21,72.95,4.32,0.039654855883972835
2024-07-02T11:00:00,19.21,72.97,15.23,0.13980172572058014
2024-07-02T11:00:00,19.21,72.99,0.33,0.0030291903800257025
2024-07-02T11:00:00,19.23,72.77,2.03,0.018634110519552046
2024-07-02T11:00:00,19.23,72.79,20.92,0.19203231136405363
2024-07-02T11:00:00,19.23,72.81,10.03,0.09206902882320543
2024-07-02T11:00:00,19.23,72.83,8.97,0.08233890214797136
2024-07-02T11:00:00,19.23,72.85,1.81,0.01661465026620158
2024-07-02T11:00:00,19.23,72.87,7.29,0.06691756930420414
2024-07-02T11:00:00,19.23,72.89,3.01,0.027629888011749586
2024-07-02T11:00:00,19.23,72.91,12.39,0.11373232972278319
2024-07-02T11:00:00,19.23,72.93,12.56,0.11529282173673583
2024-07-02T11:00:00,19.23,72.95,3.9,0.03579952267303103
2024-07-02T11:00:00,19.23,72.97,8.9,0.0816963466128144
2024-07-02T11:00:00,19.23,72.99,7.92,0.07270056912061686
2024-07-02T11:00:00,19.25,72.77,7.06,0.06480631540297412
2024-07-02T11:00:00,19.25,72.79,3.54,0.03249495134936663
2024-07-02T11:00:00,19.25,72.81,5.08,0.046631173122819905
2024-07-02T11:00:00,19.25,72.83,13.23,0.12144299614466679
2024-07-02T11:00:00,19.25,72.85,17.35,0.1592619790710483
2024-07-02T11:00:00,19.25,72.87,5.06,0.04644758582706077
2024-07-02T11:00:00,19.25,72.89,17.72,0.16265834404259225
2024-07-02T11:00:00,19.25,72.91,8.89,0.08160455296493484
2024-07-02T11:00:00,19.25,72.93,5.92,0.05434183954470351
2024-07-02T11:00:00,19.25,72.95,5.3,0.04865063337617037
2024-07-02T11:00:00,19.25,72.97,3.05,0.027997062603267852
2024-07-02T11:00:00,19.25,72.99,9.22,0.08463374334496053
2024-07-02T12:00:00,18.87,72.77,19.47,0.1787222324215164
2024-07-02T12:00:00,18.87,72.79,5.68,0.0521387919955939
2024-07-02T12:00:00,18.87,72.81,2.56,0.023499173857169084
2024-07-02T12:00:00,18.87,72.83,10.14,0.09307875894988067
2024-07-02T12:00:00,18.87,72.85,4.15,0.0380943638700202
2024-07-02T12:00:00,18.87,72.87,2.77,0.025426840462639985
2024-07-02T12:00:00,18.87,72.89,1.37,0.012575729759500644
2024-07-02T12:00:00,18.87,72.91,8.05,0.07389388654305123
2024-07-02T12:00:00,18.87,72.93,11.86,0.10886726638516614
2024-07-02T12:00:00,18.87,72.95,1.72,0.015788507435285478
2024-07-02T12:00:00,18.87,72.97,4.01,0.03680925279970626
2024-07-02T12:00:00,18.87,72.99,4.24,0.038920506700936296
2024-07-02T12:00:00,18.89,72.77,3.4,0.03120984027905269
2024-07-02T12:00:00,18.89,72.79,16.56,0.1520102808885625
2024-07-02T12:00:00,18.89,72.81,1.45,0.013310078942537176
2024-07-02T12:00:00,18.89,72.83,8.22,0.07545437855700386
2024-07-02T12:00:00,18.89,72.85,9.16,0.08408298145768313
2024-07-02T12:00:00,18.89,72.87,2.93,0.026895538828713057
2024-07-02T12:00:00,18.89,72.89,2.27,0.02083715806866165
2024-07-02T12:00:00,18.89,72.91,3.24,0.029741141912979625
2024-07-02T12:00:00,18.89,72.93,0.82,0.007527079126124472
2024-07-02T12:00:00,18.89,72.95,3.35,0.030750872039654858
2024-07-02T12:00:00,18.89,72.97,3.69,0.03387185606756012
2024-07-02T12:00:00,18.89,72.99,17.26,0.1584358362401322
2024-07-02T12:00:00,18.91,72.77,1.21,0.011107031393427575
2024-07-02T12:00:00,18.91,72.79,5.64,0.05177161740407563
2024-07-02T12:00:00,18.91,72.81,10.63,0.09757664769597944
2024-07-02T12:00:00,18.91,72.83,18.15,0.16660547090141362
2024-07-02T12:00:00,18.91,72.85,1.23,0.011290618689186708
2024-07-02T12:00:00,18.91,72.87,18.93,0.17376537543601983
2024-07-02T12:00:00,18.91,72.89,4.3,0.0394712685882137
2024-07-02T12:00:00,18.91,72.91,4.24,0.038920506700936296
2024-07-02T12:00:00,18.91,72.93,1.79,0.016431062970442445
2024-07-02T12:00:00,18.91,72.95,5.5,0.050486506333761706
2024-07-02T12:00:00,18.91,72.97,17.24,0.15825224894437304
2024-07-02T12:00:00,18.91,72.99,5.25,0.04819166513677254
2024-07-02T12:00:00,18.93,72.77,3.08,0.028272443546906556
2024-07-02T12:00:00,18.93,72.79,3.56,0.03267853864512576
2024-07-02T12:00:00,18.93,72.81,3.6,0.03304571323664403
2024-07-02T12:00:00,18.93,72.83,16.46,0.15109234440976685
2024-07-02T12:00:00,18.93,72.85,18.48,0.16963466128143934
2024-07-02T12:00:00,18.93,72.87,1.33,0.012208555167982376
2024-07-02T12:00:00,18.93,72.89,2.0,0.018358729575913346
2024-07-02T12:00:00,18.93,72.91,2.2,0.020194602533504684
2024-07-02T12:00:00,18.93,72.93,3.3,0.030291903800257022
2024-07-02T12:00:00,18.93,72.95,18.84,0.17293923260510372
2024-07-02T12:00:00,18.93,72.97,17.01,0.15614099504314302
2024-07-02T12:00:00,18.93,72.99,5.02,0.0460804112355425
2024-07-02T12:00:00,18.95,72.77,4.48,0.0411235542500459
2024-07-02T12:00:00,18.95,72.79,0.7,0.006425555351569671
2024-07-02T12:00:00,18.95,72.81,7.13,0.06544887093813108
2024-07-02T12:00:00,18.95,72.83,6.35,0.05828896640352487
2024-07-02T12:00:00,18.95,72.85,1.87,0.01716541215347898
2024-07-02T12:00:00,18.95,72.87,7.64,0.07013034697998899
2024-07-02T12:00:00,18.95,72.89,10.7,0.0982192032311364
2024-07-02T12:00:00,18.95,72.91,1.73,0.015880301083165044
2024-07-02T12:00:00,18.95,72.93,3.46,0.03176060216633009
2024-07-02T12:00:00,18.95,72.95,9.75,0.08949880668257756
2024-07-02T12:00:00,18.95,72.97,2.76,0.02533504681476042
2024-07-02T12:00:00,18.95,72.99,3.17,0.029098586377822654
2024-07-02T12:00:00,18.97,72.77,4.32,0.039654855883972835
2024-07-02T12:00:00,18.97,72.79,8.8,0.08077841013401874
2024-07-02T12:00:00,18.97,72.81,13.01,0.11942353589131632
2024-07-02T12:00:00,18.97,72.83,17.4,0.15972094731044612
2024-07-02T12:00:00,18.97,72.85,11.71,0.10749036166697265
2024-07-02T12:00:00,18.97,72.87,5.57,0.05112906186891868
2024-07-02T12:00:00,18.97,72.89,8.74,0.08022764824674133
2024-07-02T12:00:00,18.97,72.91,1.61,0.014778777308610245
2024-07-02T12:00:00,18.97,72.93,20.85,0.19138975582889667
2024-07-02T12:00:00,18.97,72.95,2.57,0.02359096750504865
2024-07-02T12:00:00,18.97,72.97,7.68,0.07049752157150725
2024-07-02T12:00:00,18.97,72.99,5.63,0.05167982375619607
2024-07-02T12:00:00,18.99,72.77,1.73,0.015880301083165044
2024-07-02T12:00:00,18.99,72.79,3.12,0.028639618138424822
2024-07-02T12:00:00,18.99,72.81,13.61,0.12493115476409032
2024-07-02T12:00:00,18.99,72.83,5.27,0.048375252432531664
2024-07-02T12:00:00,18.99,72.85,2.44,0.02239765008261428
2024-07-02T12:00:00,18.99,72.87,4.42,0.0405727923627685
2024-07-02T12:00:00,18.99,72.89,2.33,0.02138791995593905
2024-07-02T12:00:00,18.99,72.91,3.37,0.030934459335413993
2024-07-02T12:00:00,18.99,72.93,1.09,0.010005507618872774
2024-07-02T12:00:00,18.99,72.95,5.14,0.0471819350100973
2024-07-02T12:00:00,18.99,72.97,5.67,0.05204699834771434
2024-07-02T12:00:00,18.99,72.99,3.19,0.02928217367358179
2024-07-02T12:00:00,19.01,72.77,14.44,0.13255002753809436
2024-07-02T12:00:00,19.01,72.79,4.17,0.038277951165779325
2024-07-02T12:00:00,19.01,72.81,5.42,0.049752157150725174
2024-07-02T12:00:00,19.01,72.83,3.55,0.03258674499724619
2024-07-02T12:00:00,19.01,72.85,4.15,0.0380943638700202
2024-07-02T12:00:00,19.01,72.87,9.22,0.08463374334496053
2024-07-02T12:00:00,19.01,72.89,1.7,0.015604920139526345
2024-07-02T12:00:00,19.01,72.91,7.26,0.06664218836056544
2024-07-02T12:00:00,19.01,72.93,2.84,0.02606939599779695
2024-07-02T12:00:00,19.01,72.95,1.67,0.015329539195887644
2024-07-02T12:00:00,19.01,72.97,3.78,0.034697998898476225
2024-07-02T12:00:00,19.01,72.99,7.51,0.06893702955755461
2024-07-02T12:00:00,19.03,72.77,4.71,0.04323480815127593
2024-07-02T12:00:00,19.03,72.79,2.75,0.025243253166880853
2024-07-02T12:00:00,19.03,72.81,19.77,0.18147604185790342
2024-07-02T12:00:00,19.03,72.83,7.21,0.06618322012116762
2024-07-02T12:00:00,19.03,72.85,5.86,0.05379107765742611
2024-07-02T12:00:00,19.03,72.87,8.22,0.07545437855700386
2024-07-02T12:00:00,19.03,72.89,8.67,0.07958509271158436
2024-07-02T12:00:00,19.03,72.91,3.55,0.03258674499724619
2024-07-02T12:00:00,19.03,72.93,9.52,0.08738755278134754
2024-07-02T12:00:00,19.03,72.95,1.33,0.012208555167982376
2024-07-02T12:00:00,19.03,72.97,7.8,0.07159904534606205
2024-07-02T12:00:00,19.03,72.99,3.49,0.032035983109968795
2024-07-02T12:00:00,19.05,72.77,14.75,0.13539563062236093
2024-07-02T12:00:00,19.05,72.79,4.1,0.037635395630622355
2024-07-02T12:00:00,19.05,72.81,12.15,0.11152928217367358
2024-07-02T12:00:00,19.05,72.83,7.38,0.06774371213512025
2024-07-02T12:00:00,19.05,72.85,10.08,0.09252799706260327
2024-07-02T12:00:00,19.05,72.87,5.82,0.05342390306590784
2024-07-02T12:00:00,19.05,72.89,0.96,0.008812190196438406
2024-07-02T12:00:00,19.05,72.91,11.66,0.10703139342757481
2024-07-02T12:00:00,19.05,72.93,11.97,0.1098769965118414
2024-07-02T12:00:00,19.05,72.95,3.9,0.03579952267303103
2024-07-02T12:00:00,19.05,72.97,2.83,0.025977602349917386
2024-07-02T12:00:00,19.05,72.99,9.33,0.08564347347163577
2024-07-02T12:00:00,19.07,72.77,7.97,0.07315953736001468
2024-07-02T12:00:00,19.07,72.79,5.44,0.049935744446484305
2024-07-02T12:00:00,19.07,72.81,8.57,0.0786671562327887
2024-07-02T12:00:00,19.07,72.83,4.43,0.04066458601064806
2024-07-02T12:00:00,19.07,72.85,12.91,0.11850559941252066
2024-07-02T12:00:00,19.07,72.87,4.49,0.04121534789792547
2024-07-02T12:00:00,19.07,72.89,10.19,0.0935377271892785
2024-07-02T12:00:00,19.07,72.91,5.57,0.05112906186891868
2024-07-02T12:00:00,19.07,72.93,6.84,0.06278685514962365
2024-07-02T12:00:00,19.07,72.95,16.53,0.1517348999449238
2024-07-02T12:00:00,19.07,72.97,3.43,0.031485221222691394
2024-07-02T12:00:00,19.07,72.99,8.9,0.0816963466128144
2024-07-02T12:00:00,19.09,72.77,17.49,0.1605470901413622
2024-07-02T12:00:00,19.09,72.79,10.79,0.0990453460620525
2024-07-02T12:00:00,19.09,72.81,14.17,0.13007159904534607
2024-07-02T12:00:00,19.09,72.83,6.61,0.060675601248393614
2024-07-02T12:00:00,19.09,72.85,9.54,0.08757114007710666
2024-07-02T12:00:00,19.09,72.87,11.2,0.10280888562511474
2024-07-02T12:00:00,19.09,72.89,5.59,0.0513126491646778
2024-07-02T12:00:00,19.09,72.91,2.66,0.02441711033596475
2024-07-02T12:00:00,19.09,72.93,2.22,0.02037818982926382
2024-07-02T12:00:00,19.09,72.95,15.3,0.1404442812557371
2024-07-02T12:00:00,19.09,72.97,13.43,0.12327886910225812
2024-07-02T12:00:00,19.09,72.99,2.85,0.02616118964567652
2024-07-02T12:00:00,19.11,72.77,15.08,0.13842482100238665
2024-07-02T12:00:00,19.11,72.79,8.89,0.08160455296493484
2024-07-02T12:00:00,19.11,72.81,6.35,0.05828896640352487
2024-07-02T12:00:00,19.11,72.83,3.25,0.02983293556085919
2024-07-02T12:00:00,19.11,72.85,5.37,0.049293188911327335
2024-07-02T12:00:00,19.11,72.87,2.59,0.023774554800807784
2024-07-02T12:00:00,19.11,72.89,4.47,0.04103176060216633
2024-07-02T12:00:00,19.11,72.91,2.42,0.02221406278685515
2024-07-02T12:00:00,19.11,72.93,1.52,0.013952634477694145
2024-07-02T12:00:00,19.11,72.95,12.3,0.11290618689186709
2024-07-02T12:00:00,19.11,72.97,4.53,0.04158252248944373
2024-07-02T12:00:00,19.11,72.99,6.68,0.06131815678355058
2024-07-02T12:00:00,19.13,72.77,4.17,0.038277951165779325
2024-07-02T12:00:00,19.13,72.79,5.35,0.0491096016155682
2024-07-02T12:00:00,19.13,72.81,2.66,0.02441711033596475
2024-07-02T12:00:00,19.13,72.83,17.53,0.1609142647328805
2024-07-02T12:00:00,19.13,72.85,10.98,0.10078942537176427
2024-07-02T12:00:00,19.13,72.87,3.56,0.03267853864512576
2024-07-02T12:00:00,19.13,72.89,2.39,0.02193868184321645
2024-07-02T12:00:00,19.13,72.91,1.43,0.013126491646778043
2024-07-02T12:00:00,19.13,72.93,5.89,0.05406645860106481
2024-07-02T12:00:00,19.13,72.95,9.05,0.0830732513310079
2024-07-02T12:00:00,19.13,72.97,8.27,0.07591334679640169
2024-07-02T12:00:00,19.13,72.99,3.58,0.03286212594088489
2024-07-02T12:00:00,19.15,72.77,5.49,0.05039471268588214
2024-07-02T12:00:00,19.15,72.79,2.66,0.02441711033596475
2024-07-02T12:00:00,19.15,72.81,3.0,0.02753809436387002
2024-07-02T12:00:00,19.15,72.83,13.98,0.1283275197356343
2024-07-02T12:00:00,19.15,72.85,1.02,0.009362952083715808
2024-07-02T12:00:00,19.15,72.87,0.86,0.007894253717642739
2024-07-02T12:00:00,19.15,72.89,3.12,0.028639618138424822
2024-07-02T12:00:00,19.15,72.91,15.84,0.1454011382412337
2024-07-02T12:00:00,19.15,72.93,5.43,0.049843950798604736
2024-07-02T12:00:00,19.15,72.95,22.96,0.21075821553148524
2024-07-02T12:00:00,19.15,72.97,3.95,0.03625849091242886
2024-07-02T12:00:00,19.15,72.99,8.35,0.07664769597943823
2024-07-02T12:00:00,19.17,72.77,13.9,0.12759317055259778
2024-07-02T12:00:00,19.17,72.79,24.49,0.22480264365705893
2024-07-02T12:00:00,19.17,72.81,3.71,0.03405544336331926
2024-07-02T12:00:00,19.17,72.83,6.02,0.05525977602349917
2024-07-02T12:00:00,19.17,72.85,5.02,0.0460804112355425
2024-07-02T12:00:00,19.17,72.87,9.89,0.0907839177528915
2024-07-02T12:00:00,19.17,72.89,15.01,0.13778226546722966
2024-07-02T12:00:00,19.17,72.91,14.67,0.1346612814393244
2024-07-02T12:00:00,19.17,72.93,3.16,0.02900679272994309
2024-07-02T12:00:00,19.17,72.95,2.57,0.02359096750504865
2024-07-02T12:00:00,19.17,72.97,8.31,0.07628052138791996
2024-07-02T12:00:00,19.17,72.99,1.89,0.017348999449238112
2024-07-02T12:00:00,19.19,72.77,11.58,0.10629704424453829
2024-07-02T12:00:00,19.19,72.79,6.37,0.05847255369928401
2024-07-02T12:00:00,19.19,72.81,14.82,0.1360381861575179
2024-07-02T12:00:00,19.19,72.83,12.87,0.11813842482100238
2024-07-02T12:00:00,19.19,72.85,6.45,0.05920690288232055
2024-07-02T12:00:00,19.19,72.87,1.94,0.017807967688635948
2024-07-02T12:00:00,19.19,72.89,2.06,0.018909491463190747
2024-07-02T12:00:00,19.19,72.91,5.7,0.05232237929135304
2024-07-02T12:00:00,19.19,72.93,7.59,0.06967137874059115
2024-07-02T12:00:00,19.19,72.95,4.08,0.03745180833486323
2024-07-02T12:00:00,19.19,72.97,2.32,0.021296126308059483
2024-07-02T12:00:00,19.19,72.99,4.06,0.03726822103910409
2024-07-02T12:00:00,19.21,72.77,15.86,0.14558472553699284
2024-07-02T12:00:00,19.21,72.79,5.06,0.04644758582706077
2024-07-02T12:00:00,19.21,72.81,3.75,0.034422617954837524
2024-07-02T12:00:00,19.21,72.83,2.15,0.01973563429410685
2024-07-02T12:00:00,19.21,72.85,5.55,0.05094547457315954
2024-07-02T12:00:00,19.21,72.87,12.33,0.11318156783550579
2024-07-02T12:00:00,19.21,72.89,12.46,0.11437488525794016
2024-07-02T12:00:00,19.21,72.91,2.77,0.025426840462639985
2024-07-02T12:00:00,19.21,72.93,5.95,0.05461722048834221
2024-07-02T12:00:00,19.21,72.95,2.9,0.026620157885074353
2024-07-02T12:00:00,19.21,72.97,3.85,0.035340554433633195
2024-07-02T12:00:00,19.21,72.99,4.78,0.0438773636864329
2024-07-02T12:00:00,19.23,72.77,4.37,0.04011382412337067
2024-07-02T12:00:00,19.23,72.79,18.62,0.17091977235175326
2024-07-02T12:00:00,19.23,72.81,3.73,0.03423903065907839
2024-07-02T12:00:00,19.23,72.83,3.39,0.031118046631173124
2024-07-02T12:00:00,19.23,72.85,2.95,0.027079126124472188
2024-07-02T12:00:00,19.23,72.87,1.37,0.012575729759500644
2024-07-02T12:00:00,19.23,72.89,16.67,0.15302001101523777
2024-07-02T12:00:00,19.23,72.91,5.39,0.049476776207086466
2024-07-02T12:00:00,19.23,72.93,7.66,0.07031393427574813
2024-07-02T12:00:00,19.23,72.95,6.83,0.06269506150174409
2024-07-02T12:00:00,19.23,72.97,3.37,0.030934459335413993
2024-07-02T12:00:00,19.23,72.99,5.02,0.0460804112355425
2024-07-02T12:00:00,19.25,72.77,10.94,0.10042225078024601
2024-07-02T12:00:00,19.25,72.79,1.72,0.015788507435285478
2024-07-02T12:00:00,19.25,72.81,4.52,0.04149072884156416
2024-07-02T12:00:00,19.25,72.83,5.03,0.04617220488342207
2024-07-02T12:00:00,19.25,72.85,3.7,0.03396364971543969
2024-07-02T12:00:00,19.25,72.87,3.55,0.03258674499724619
2024-07-02T12:00:00,19.25,72.89,6.31,0.05792179181200661
2024-07-02T12:00:00,19.25,72.91,13.64,0.12520653570772902
2024-07-02T12:00:00,19.25,72.93,7.4,0.06792729943087938
2024-07-02T12:00:00,19.25,72.95,2.59,0.023774554800807784
2024-07-02T12:00:00,19.25,72.97,25.67,0.23563429410684783
2024-07-02T12:00:00,19.25,72.99,12.83,0.11777125022948412
2024-07-02T13:00:00,18.87,72.77,3.63,0.03332109418028272
2024-07-02T13:00:00,18.87,72.79,13.28,0.12190196438406461
2024-07-02T13:00:00,18.87,72.81,5.84,0.053607490361666975
2024-07-02T13:00:00,18.87,72.83,1.73,0.015880301083165044
2024-07-02T13:00:00,18.87,72.85,11.17,0.10253350468147604
2024-07-02T13:00:00,18.87,72.87,2.31,0.021204332660179917
2024-07-02T13:00:00,18.87,72.89,6.55,0.06012483936111621
2024-07-02T13:00:00,18.87,72.91,4.97,0.045621442996144665
2024-07-02T13:00:00,18.87,72.93,6.68,0.06131815678355058
2024-07-02T13:00:00,18.87,72.95,13.61,0.12493115476409032
2024-07-02T13:00:00,18.87,72.97,4.15,0.0380943638700202
2024-07-02T13:00:00,18.87,72.99,1.45,0.013310078942537176
2024-07-02T13:00:00,18.89,72.77,3.0,0.02753809436387002
2024-07-02T13:00:00,18.89,72.79,1.68,0.015421332843767212
2024-07-02T13:00:00,18.89,72.81,1.17,0.010739856801909307
2024-07-02T13:00:00,18.89,72.83,10.51,0.09647512392142464
2024-07-02T13:00:00,18.89,72.85,5.17,0.047457315953736
2024-07-02T13:00:00,18.89,72.87,4.16,0.03818615751789976
2024-07-02T13:00:00,18.89,72.89,3.14,0.028823205434183957
2024-07-02T13:00:00,18.89,72.91,8.07,0.07407747383881036
2024-07-02T13:00:00,18.89,72.93,12.06,0.11070313934275748
2024-07-02T13:00:00,18.89,72.95,2.08,0.01909307875894988
2024-07-02T13:00:00,18.89,72.97,5.91,0.054250045896823945
2024-07-02T13:00:00,18.89,72.99,8.51,0.07811639434551129
2024-07-02T13:00:00,18.91,72.77,6.43,0.05902331558656141
2024-07-02T13:00:00,18.91,72.79,8.86,0.08132917202129612
2024-07-02T13:00:00,18.91,72.81,1.73,0.015880301083165044
2024-07-02T13:00:00,18.91,72.83,13.75,0.12621626583440426
2024-07-02T13:00:00,18.91,72.85,8.66,0.0794932990637048
2024-07-02T13:00:00,18.91,72.87,6.99,0.06416375986781715
2024-07-02T13:00:00,18.91,72.89,8.86,0.08132917202129612
2024-07-02T13:00:00,18.91,72.91,3.5,0.03212777675784836
2024-07-02T13:00:00,18.91,72.93,1.79,0.016431062970442445
2024-07-02T13:00:00,18.91,72.95,1.41,0.012942904351018908
2024-07-02T13:00:00,18.91,72.97,1.18,0.010831650449788875
2024-07-02T13:00:00,18.91,72.99,5.77,0.052964934826510005
2024-07-02T13:00:00,18.93,72.77,3.83,0.035156967137874064
2024-07-02T13:00:00,18.93,72.79,13.97,0.12823572608775474
2024-07-02T13:00:00,18.93,72.81,11.69,0.10730677437121351
2024-07-02T13:00:00,18.93,72.83,8.85,0.08123737837341656
2024-07-02T13:00:00,18.93,72.85,7.33,0.06728474389572242
2024-07-02T13:00:00,18.93,72.87,2.59,0.023774554800807784
2024-07-02T13:00:00,18.93,72.89,2.95,0.027079126124472188
2024-07-02T13:00:00,18.93,72.91,2.47,0.022673031026252986
2024-07-02T13:00:00,18.93,72.93,1.73,0.015880301083165044
2024-07-02T13:00:00,18.93,72.95,3.93,0.03607490361666973
2024-07-02T13:00:00,18.93,72.97,8.56,0.07857536258490913
2024-07-02T13:00:00,18.93,72.99,3.62,0.03322930053240316
2024-07-02T13:00:00,18.95,72.77,2.84,0.02606939599779695
2024-07-02T13:00:00,18.95,72.79,4.52,0.04149072884156416
2024-07-02T13:00:00,18.95,72.81,5.71,0.0524141729392326
2024-07-02T13:00:00,18.95,72.83,3.26,0.029924729208738753
2024-07-02T13:00:00,18.95,72.85,4.39,0.04029741141912979
2024-07-02T13:00:00,18.95,72.87,22.98,0.21094180282724437
2024-07-02T13:00:00,18.95,72.89,1.23,0.011290618689186708
2024-07-02T13:00:00,18.95,72.91,0.51,0.004681476041857904
2024-07-02T13:00:00,18.95,72.93,4.7,0.04314301450339637
2024-07-02T13:00:00,18.95,72.95,5.75,0.05278134753075087
2024-07-02T13:00:00,18.95,72.97,3.75,0.034422617954837524
2024-07-02T13:00:00,18.95,72.99,1.79,0.016431062970442445
2024-07-02T13:00:00,18.97,72.77,14.25,0.1308059482283826
2024-07-02T13:00:00,18.97,72.79,5.33,0.04892601431980907
2024-07-02T13:00:00,18.97,72.81,5.6,0.05140444281255737
2024-07-02T13:00:00,18.97,72.83,8.75,0.0803194418946209
2024-07-02T13:00:00,18.97,72.85,4.09,0.03754360198274279
2024-07-02T13:00:00,18.97,72.87,3.7,0.03396364971543969
2024-07-02T13:00:00,18.97,72.89,12.11,0.1111621075821553
2024-07-02T13:00:00,18.97,72.91,0.86,0.007894253717642739
2024-07-02T13:00:00,18.97,72.93,5.63,0.05167982375619607
2024-07-02T13:00:00,18.97,72.95,5.18,0.04754910960161557
2024-07-02T13:00:00,18.97,72.97,3.0,0.02753809436387002
2024-07-02T13:00:00,18.97,72.99,3.69,0.03387185606756012
2024-07-02T13:00:00,18.99,72.77,13.42,0.12318707545437856
2024-07-02T13:00:00,18.99,72.79,2.57,0.02359096750504865
2024-07-02T13:00:00,18.99,72.81,8.58,0.07875894988066826
2024-07-02T13:00:00,18.99,72.83,4.91,0.04507068110886727
2024-07-02T13:00:00,18.99,72.85,7.53,0.06912061685331375
2024-07-02T13:00:00,18.99,72.87,6.31,0.05792179181200661
2024-07-02T13:00:00,18.99,72.89,0.48,0.004406095098219203
2024-07-02T13:00:00,18.99,72.91,2.16,0.019827427941986418
2024-07-02T13:00:00,18.99,72.93,2.42,0.02221406278685515
2024-07-02T13:00:00,18.99,72.95,1.83,0.016798237561960715
2024-07-02T13:00:00,18.99,72.97,2.6,0.023866348448687354
2024-07-02T13:00:00,18.99,72.99,4.63,0.042500458968239396
2024-07-02T13:00:00,19.01,72.77,10.22,0.09381310813291721
2024-07-02T13:00:00,19.01,72.79,1.6,0.01468698366073068
2024-07-02T13:00:00,19.01,72.81,5.1,0.04681476041857903
2024-07-02T13:00:00,19.01,72.83,6.06,0.05562695061501744
2024-07-02T13:00:00,19.01,72.85,10.32,0.09473104461171288
2024-07-02T13:00:00,19.01,72.87,13.34,0.12245272627134203
2024-07-02T13:00:00,19.01,72.89,3.88,0.035615935377271896
2024-07-02T13:00:00,19.01,72.91,1.93,0.01771617404075638
2024-07-02T13:00:00,19.01,72.93,5.68,0.0521387919955939
2024-07-02T13:00:00,19.01,72.95,1.95,0.017899761336515514
2024-07-02T13:00:00,19.01,72.97,5.16,0.04736552230585644
2024-07-02T13:00:00,19.01,72.99,2.21,0.02028639618138425
2024-07-02T13:00:00,19.03,72.77,7.78,0.07141545805030293
2024-07-02T13:00:00,19.03,72.79,2.92,0.026803745180833487
2024-07-02T13:00:00,19.03,72.81,13.54,0.12428859922893336
2024-07-02T13:00:00,19.03,72.83,4.92,0.04516247475674683
2024-07-02T13:00:00,19.03,72.85,1.03,0.009454745731595373
2024-07-02T13:00:00,19.03,72.87,9.06,0.08316504497888746
2024-07-02T13:00:00,19.03,72.89,3.93,0.03607490361666973
2024-07-02T13:00:00,19.03,72.91,6.83,0.06269506150174409
2024-07-02T13:00:00,19.03,72.93,8.62,0.07912612447218652
2024-07-02T13:00:00,19.03,72.95,4.5,0.04130714154580503
2024-07-02T13:00:00,19.03,72.97,1.22,0.01119882504130714
2024-07-02T13:00:00,19.03,72.99,4.67,0.042867633559757666
2024-07-02T13:00:00,19.05,72.77,13.13,0.12052505966587113
2024-07-02T13:00:00,19.05,72.79,4.8,0.04406095098219203
2024-07-02T13:00:00,19.05,72.81,6.83,0.06269506150174409
2024-07-02T13:00:00,19.05,72.83,2.44,0.02239765008261428
2024-07-02T13:00:00,19.05,72.85,1.15,0.010556269506150174
2024-07-02T13:00:00,19.05,72.87,4.08,0.03745180833486323
2024-07-02T13:00:00,19.05,72.89,4.66,0.0427758399118781
2024-07-02T13:00:00,19.05,72.91,9.52,0.08738755278134754
2024-07-02T13:00:00,19.05,72.93,4.7,0.04314301450339637
2024-07-02T13:00:00,19.05,72.95,8.69,0.0797686800073435
2024-07-02T13:00:00,19.05,72.97,2.96,0.027170919772351754
2024-07-02T13:00:00,19.05,72.99,1.17,0.010739856801909307
2024-07-02T13:00:00,19.07,72.77,7.57,0.06948779144483203
2024-07-02T13:00:00,19.07,72.79,13.63,0.12511474205984946
2024-07-02T13:00:00,19.07,72.81,3.13,0.028731411786304388
2024-07-02T13:00:00,19.07,72.83,7.66,0.07031393427574813
2024-07-02T13:00:00,19.07,72.85,7.67,0.07040572792362769
2024-07-02T13:00:00,19.07,72.87,3.95,0.03625849091242886
2024-07-02T13:00:00,19.07,72.89,7.55,0.06930420414907289
2024-07-02T13:00:00,19.07,72.91,5.78,0.053056728474389574
2024-07-02T13:00:00,19.07,72.93,7.26,0.06664218836056544
2024-07-02T13:00:00,19.07,72.95,6.31,0.05792179181200661
2024-07-02T13:00:00,19.07,72.97,3.95,0.03625849091242886
2024-07-02T13:00:00,19.07,72.99,4.26,0.03910409399669543
2024-07-02T13:00:00,19.09,72.77,11.22,0.10299247292087388
2024-07-02T13:00:00,19.09,72.79,5.81,0.05333210941802827
2024-07-02T13:00:00,19.09,72.81,2.78,0.02551863411051955
2024-07-02T13:00:00,19.09,72.83,4.2,0.03855333210941803
2024-07-02T13:00:00,19.09,72.85,6.45,0.05920690288232055
2024-07-02T13:00:00,19.09,72.87,9.33,0.08564347347163577
2024-07-02T13:00:00,19.09,72.89,1.09,0.010005507618872774
2024-07-02T13:00:00,19.09,72.91,3.67,0.03368826877180099
2024-07-02T13:00:00,19.09,72.93,8.32,0.07637231503579953
2024-07-02T13:00:00,19.09,72.95,2.12,0.019460253350468148
2024-07-02T13:00:00,19.09,72.97,2.09,0.019184872406829447
2024-07-02T13:00:00,19.09,72.99,4.22,0.03873691940517716
2024-07-02T13:00:00,19.11,72.77,1.18,0.010831650449788875
2024-07-02T13:00:00,19.11,72.79,16.12,0.1479713603818616
2024-07-02T13:00:00,19.11,72.81,6.75,0.06196071231870755
2024-07-02T13:00:00,19.11,72.83,7.64,0.07013034697998899
2024-07-02T13:00:00,19.11,72.85,10.46,0.09601615568202682
2024-07-02T13:00:00,19.11,72.87,19.96,0.1832201211676152
2024-07-02T13:00:00,19.11,72.89,4.27,0.03919588764457499
2024-07-02T13:00:00,19.11,72.91,1.05,0.009638333027354508
2024-07-02T13:00:00,19.11,72.93,5.5,0.050486506333761706
2024-07-02T13:00:00,19.11,72.95,2.24,0.02056177712502295
2024-07-02T13:00:00,19.11,72.97,1.52,0.013952634477694145
2024-07-02T13:00:00,19.11,72.99,2.8,0.025702221406278685
2024-07-02T13:00:00,19.13,72.77,4.95,0.045437855700385534
2024-07-02T13:00:00,19.13,72.79,11.52,0.10574628235726087
2024-07-02T13:00:00,19.13,72.81,15.92,0.14613548742427024
2024-07-02T13:00:00,19.13,72.83,1.98,0.018175142280154214
2024-07-02T13:00:00,19.13,72.85,3.4,0.03120984027905269
2024-07-02T13:00:00,19.13,72.87,7.04,0.06462272810721498
2024-07-02T13:00:00,19.13,72.89,7.57,0.06948779144483203
2024-07-02T13:00:00,19.13,72.91,2.0,0.018358729575913346
2024-07-02T13:00:00,19.13,72.93,8.33,0.07646410868367909
2024-07-02T13:00:00,19.13,72.95,2.37,0.021755094547457318
2024-07-02T13:00:00,19.13,72.97,1.83,0.016798237561960715
2024-07-02T13:00:00,19.13,72.99,6.11,0.05608591885441528
2024-07-02T13:00:00,19.15,72.77,12.12,0.11125390123003488
2024-07-02T13:00:00,19.15,72.79,6.52,0.059849458417477505
2024-07-02T13:00:00,19.15,72.81,5.57,0.05112906186891868
2024-07-02T13:00:00,19.15,72.83,4.59,0.04213328437672113
2024-07-02T13:00:00,19.15,72.85,5.05,0.0463557921791812
2024-07-02T13:00:00,19.15,72.87,3.91,0.035891316320910596
2024-07-02T13:00:00,19.15,72.89,6.82,0.06260326785386451
2024-07-02T13:00:00,19.15,72.91,4.73,0.04341839544703507
2024-07-02T13:00:00,19.15,72.93,18.01,0.16532035983109972
2024-07-02T13:00:00,19.15,72.95,5.56,0.0510372682210391
2024-07-02T13:00:00,19.15,72.97,3.56,0.03267853864512576
2024-07-02T13:00:00,19.15,72.99,1.71,0.015696713787405912
2024-07-02T13:00:00,19.17,72.77,2.47,0.022673031026252986
2024-07-02T13:00:00,19.17,72.79,6.92,0.06352120433266017
2024-07-02T13:00:00,19.17,72.81,3.24,0.029741141912979625
2024-07-02T13:00:00,19.17,72.83,5.62,0.05158803010831651
2024-07-02T13:00:00,19.17,72.85,11.21,0.10290067927299432
2024-07-02T13:00:00,19.17,72.87,1.57,0.014411602717091979
2024-07-02T13:00:00,19.17,72.89,4.03,0.0369928400954654
2024-07-02T13:00:00,19.17,72.91,1.1,0.010097301266752342
2024-07-02T13:00:00,19.17,72.93,5.17,0.047457315953736
2024-07-02T13:00:00,19.17,72.95,1.18,0.010831650449788875
2024-07-02T13:00:00,19.17,72.97,1.39,0.012759317055259775
2024-07-02T13:00:00,19.17,72.99,12.2,0.11198825041307141
2024-07-02T13:00:00,19.19,72.77,3.16,0.02900679272994309
2024-07-02T13:00:00,19.19,72.79,2.24,0.02056177712502295
2024-07-02T13:00:00,19.19,72.81,11.78,0.10813291720212961
2024-07-02T13:00:00,19.19,72.83,2.1,0.019276666054709016
2024-07-02T13:00:00,19.19,72.85,6.1,0.055994125206535704
2024-07-02T13:00:00,19.19,72.87,6.08,0.05581053791077658
2024-07-02T13:00:00,19.19,72.89,8.28,0.07600514044428125
2024-07-02T13:00:00,19.19,72.91,1.64,0.015054158252248944
2024-07-02T13:00:00,19.19,72.93,2.15,0.01973563429410685
2024-07-02T13:00:00,19.19,72.95,2.56,0.023499173857169084
2024-07-02T13:00:00,19.19,72.97,2.16,0.019827427941986418
2024-07-02T13:00:00,19.19,72.99,7.23,0.06636680741692676
2024-07-02T13:00:00,19.21,72.77,7.0,0.06425555351569671
2024-07-02T13:00:00,19.21,72.79,7.55,0.06930420414907289
2024-07-02T13:00:00,19.21,72.81,1.17,0.010739856801909307
2024-07-02T13:00:00,19.21,72.83,5.68,0.0521387919955939
2024-07-02T13:00:00,19.21,72.85,12.38,0.11364053607490363
2024-07-02T13:00:00,19.21,72.87,17.57,0.16128143932439876
2024-07-02T13:00:00,19.21,72.89,3.11,0.028547824490545253
2024-07-02T13:00:00,19.21,72.91,8.23,0.07554617220488342
2024-07-02T13:00:00,19.21,72.93,2.2,0.020194602533504684
2024-07-02T13:00:00,19.21,72.95,1.04,0.00954653937947494
2024-07-02T13:00:00,19.21,72.97,1.09,0.010005507618872774
2024-07-02T13:00:00,19.21,72.99,9.85,0.09041674316137323
2024-07-02T13:00:00,19.23,72.77,3.88,0.035615935377271896
2024-07-02T13:00:00,19.23,72.79,3.18,0.029190380025702223
2024-07-02T13:00:00,19.23,72.81,8.52,0.07820818799339085
2024-07-02T13:00:00,19.23,72.83,1.55,0.014228015421332844
2024-07-02T13:00:00,19.23,72.85,6.72,0.06168533137506885
2024-07-02T13:00:00,19.23,72.87,3.9,0.03579952267303103
2024-07-02T13:00:00,19.23,72.89,16.12,0.1479713603818616
2024-07-02T13:00:00,19.23,72.91,3.16,0.02900679272994309
2024-07-02T13:00:00,19.23,72.93,3.89,0.035707729025151465
2024-07-02T13:00:00,19.23,72.95,1.09,0.010005507618872774
2024-07-02T13:00:00,19.23,72.97,16.51,0.1515513126491647
2024-07-02T13:00:00,19.23,72.99,3.12,0.028639618138424822
2024-07-02T13:00:00,19.25,72.77,16.17,0.14843032862125943
2024-07-02T13:00:00,19.25,72.79,0.94,0.008628602900679273
2024-07-02T13:00:00,19.25,72.81,6.17,0.056636680741692674
2024-07-02T13:00:00,19.25,72.83,17.78,0.16320910592986967
2024-07-02T13:00:00,19.25,72.85,2.82,0.025885808702037817
2024-07-02T13:00:00,19.25,72.87,5.42,0.049752157150725174
2024-07-02T13:00:00,19.25,72.89,11.01,0.10106480631540297
2024-07-02T13:00:00,19.25,72.91,3.38,0.031026252983293555
2024-07-02T13:00:00,19.25,72.93,1.08,0.009913713970993209
2024-07-02T13:00:00,19.25,72.95,2.87,0.026344776941435655
2024-07-02T13:00:00,19.25,72.97,5.23,0.04800807784101341
2024-07-02T13:00:00,19.25,72.99,5.11,0.046906554066458606
2024-07-02T14:00:00,18.87,72.77,7.07,0.06489810905085369
2024-07-02T14:00:00,18.87,72.79,2.03,0.018634110519552046
2024-07-02T14:00:00,18.87,72.81,14.05,0.12897007527079127
2024-07-02T14:00:00,18.87,72.83,1.97,0.01808334863227465
2024-07-02T14:00:00,18.87,72.85,4.09,0.03754360198274279
2024-07-02T14:00:00,18.87,72.87,4.79,0.04396915733431247
2024-07-02T14:00:00,18.87,72.89,4.36,0.0400220304754911
2024-07-02T14:00:00,18.87,72.91,1.33,0.012208555167982376
2024-07-02T14:00:00,18.87,72.93,8.71,0.07995226730310263
2024-07-02T14:00:00,18.87,72.95,2.23,0.02046998347714338
2024-07-02T14:00:00,18.87,72.97,4.64,0.042592252616118965
2024-07-02T14:00:00,18.87,72.99,3.9,0.03579952267303103
2024-07-02T14:00:00,18.89,72.77,5.0,0.045896823939783365
2024-07-02T14:00:00,18.89,72.79,0.94,0.008628602900679273
2024-07-02T14:00:00,18.89,72.81,2.43,0.02230585643473472
2024-07-02T14:00:00,18.89,72.83,5.33,0.04892601431980907
2024-07-02T14:00:00,18.89,72.85,0.92,0.00844501560492014
2024-07-02T14:00:00,18.89,72.87,3.15,0.02891499908206352
2024-07-02T14:00:00,18.89,72.89,3.99,0.03662566550394713
2024-07-02T14:00:00,18.89,72.91,5.68,0.0521387919955939
2024-07-02T14:00:00,18.89,72.93,3.77,0.03460620525059666
2024-07-02T14:00:00,18.89,72.95,2.99,0.027446300715990454
2024-07-02T14:00:00,18.89,72.97,4.1,0.037635395630622355
2024-07-02T14:00:00,18.89,72.99,2.76,0.02533504681476042
2024-07-02T14:00:00,18.91,72.77,2.03,0.018634110519552046
2024-07-02T14:00:00,18.91,72.79,2.78,0.02551863411051955
2024-07-02T14:00:00,18.91,72.81,5.43,0.049843950798604736
2024-07-02T14:00:00,18.91,72.83,3.42,0.031393427574811825
2024-07-02T14:00:00,18.91,72.85,17.95,0.1647695979438223
2024-07-02T14:00:00,18.91,72.87,1.34,0.012300348815861943
2024-07-02T14:00:00,18.91,72.89,4.8,0.04406095098219203
2024-07-02T14:00:00,18.91,72.91,5.26,0.0482834587846521
2024-07-02T14:00:00,18.91,72.93,3.7,0.03396364971543969
2024-07-02T14:00:00,18.91,72.95,2.7,0.02478428492748302
2024-07-02T14:00:00,18.91,72.97,3.36,0.030842665687534424
2024-07-02T14:00:00,18.91,72.99,3.32,0.030475491096016154
2024-07-02T14:00:00,18.93,72.77,12.1,0.11107031393427574
2024-07-02T14:00:00,18.93,72.79,0.68,0.006241968055810538
2024-07-02T14:00:00,18.93,72.81,1.86,0.017073618505599415
2024-07-02T14:00:00,18.93,72.83,4.77,0.04378557003855333
2024-07-02T14:00:00,18.93,72.85,7.91,0.0726087754727373
2024-07-02T14:00:00,18.93,72.87,1.82,0.016706443914081145
2024-07-02T14:00:00,18.93,72.89,1.39,0.012759317055259775
2024-07-02T14:00:00,18.93,72.91,3.22,0.02955755461722049
2024-07-02T14:00:00,18.93,72.93,1.63,0.014962364604369376
2024-07-02T14:00:00,18.93,72.95,3.12,0.028639618138424822
2024-07-02T14:00:00,18.93,72.97,1.61,0.014778777308610245
2024-07-02T14:00:00,18.93,72.99,5.36,0.04920139526344777
2024-07-02T14:00:00,18.95,72.77,2.09,0.019184872406829447
2024-07-02T14:00:00,18.95,72.79,0.84,0.007710666421883606
2024-07-02T14:00:00,18.95,72.81,6.5,0.05966587112171838
2024-07-02T14:00:00,18.95,72.83,3.95,0.03625849091242886
2024-07-02T14:00:00,18.95,72.85,2.74,0.025151459519001287
2024-07-02T14:00:00,18.95,72.87,2.73,0.025059665871121718
2024-07-02T14:00:00,18.95,72.89,3.99,0.03662566550394713
2024-07-02T14:00:00,18.95,72.91,1.37,0.012575729759500644
2024-07-02T14:00:00,18.95,72.93,0.97,0.008903983844317974
2024-07-02T14:00:00,18.95,72.95,1.67,0.015329539195887644
2024-07-02T14:00:00,18.95,72.97,2.66,0.02441711033596475
2024-07-02T14:00:00,18.95,72.99,1.5,0.01376904718193501
2024-07-02T14:00:00,18.97,72.77,12.05,0.11061134569487792
2024-07-02T14:00:00,18.97,72.79,2.02,0.01854231687167248
2024-07-02T14:00:00,18.97,72.81,4.18,0.038369744813658895
2024-07-02T14:00:00,18.97,72.83,5.52,0.05067009362952084
2024-07-02T14:00:00,18.97,72.85,8.6,0.0789425371764274
2024-07-02T14:00:00,18.97,72.87,11.57,0.10620525059665871
2024-07-02T14:00:00,18.97,72.89,14.25,0.1308059482283826
2024-07-02T14:00:00,18.97,72.91,7.78,0.07141545805030293
2024-07-02T14:00:00,18.97,72.93,6.85,0.06287864879750321
2024-07-02T14:00:00,18.97,72.95,1.4,0.012851110703139343
2024-07-02T14:00:00,18.97,72.97,4.97,0.045621442996144665
2024-07-02T14:00:00,18.97,72.99,2.74,0.025151459519001287
2024-07-02T14:00:00,18.99,72.77,3.55,0.03258674499724619
2024-07-02T14:00:00,18.99,72.79,2.99,0.027446300715990454
2024-07-02T14:00:00,18.99,72.81,1.61,0.014778777308610245
2024-07-02T14:00:00,18.99,72.83,2.46,0.022581237378373416
2024-07-02T14:00:00,18.99,72.85,1.77,0.016247475674683313
2024-07-02T14:00:00,18.99,72.87,0.61,0.00559941252065357
2024-07-02T14:00:00,18.99,72.89,9.07,0.08325683862676703
2024-07-02T14:00:00,18.99,72.91,3.64,0.03341288782816229
2024-07-02T14:00:00,18.99,72.93,3.69,0.03387185606756012
2024-07-02T14:00:00,18.99,72.95,3.27,0.030016522856618322
2024-07-02T14:00:00,18.99,72.97,6.99,0.06416375986781715
2024-07-02T14:00:00,18.99,72.99,3.76,0.03451441160271709
2024-07-02T14:00:00,19.01,72.77,10.91,0.10014686983660731
2024-07-02T14:00:00,19.01,72.79,6.54,0.060033045713236644
2024-07-02T14:00:00,19.01,72.81,2.18,0.02001101523774555
2024-07-02T14:00:00,19.01,72.83,8.97,0.08233890214797136
2024-07-02T14:00:00,19.01,72.85,4.88,0.04479530016522856
2024-07-02T14:00:00,19.01,72.87,3.48,0.031944189462089226
2024-07-02T14:00:00,19.01,72.89,6.93,0.06361299798053975
2024-07-02T14:00:00,19.01,72.91,3.68,0.03378006241968056
2024-07-02T14:00:00,19.01,72.93,5.86,0.05379107765742611
2024-07-02T14:00:00,19.01,72.95,1.18,0.010831650449788875
2024-07-02T14:00:00,19.01,72.97,3.54,0.03249495134936663
2024-07-02T14:00:00,19.01,72.99,1.91,0.017532586744997247
2024-07-02T14:00:00,19.03,72.77,16.39,0.15044978887460989
2024-07-02T14:00:00,19.03,72.79,10.08,0.09252799706260327
2024-07-02T14:00:00,19.03,72.81,4.75,0.0436019827427942
2024-07-02T14:00:00,19.03,72.83,8.93,0.08197172755645309
2024-07-02T14:00:00,19.03,72.85,2.22,0.02037818982926382
2024-07-02T14:00:00,19.03,72.87,2.59,0.023774554800807784
2024-07-02T14:00:00,19.03,72.89,0.47,0.004314301450339637
2024-07-02T14:00:00,19.03,72.91,5.76,0.052873141178630435
2024-07-02T14:00:00,19.03,72.93,0.39,0.003579952267303103
2024-07-02T14:00:00,19.03,72.95,2.19,0.020102808885625115
2024-07-02T14:00:00,19.03,72.97,1.12,0.010280888562511475
2024-07-02T14:00:00,19.03,72.99,6.77,0.06214429961446668
2024-07-02T14:00:00,19.05,72.77,15.35,0.14090324949513494
2024-07-02T14:00:00,19.05,72.79,7.46,0.06847806131815679
2024-07-02T14:00:00,19.05,72.81,6.38,0.05856434734716358
2024-07-02T14:00:00,19.05,72.83,4.65,0.042684046263998535
2024-07-02T14:00:00,19.05,72.85,4.24,0.038920506700936296
2024-07-02T14:00:00,19.05,72.87,1.85,0.016981824857719846
2024-07-02T14:00:00,19.05,72.89,0.84,0.007710666421883606
2024-07-02T14:00:00,19.05,72.91,3.91,0.035891316320910596
2024-07-02T14:00:00,19.05,72.93,4.52,0.04149072884156416
2024-07-02T14:00:00,19.05,72.95,4.42,0.0405727923627685
2024-07-02T14:00:00,19.05,72.97,4.82,0.04424453827795117
2024-07-02T14:00:00,19.05,72.99,5.66,0.05195520469983477
2024-07-02T14:00:00,19.07,72.77,4.54,0.0416743161373233
2024-07-02T14:00:00,19.07,72.79,1.88,0.017257205801358547
2024-07-02T14:00:00,19.07,72.81,5.6,0.05140444281255737
2024-07-02T14:00:00,19.07,72.83,6.37,0.05847255369928401
2024-07-02T14:00:00,19.07,72.85,3.04,0.02790526895538829
2024-07-02T14:00:00,19.07,72.87,6.07,0.05571874426289701
2024-07-02T14:00:00,19.07,72.89,4.02,0.03690104644758582
2024-07-02T14:00:00,19.07,72.91,1.41,0.012942904351018908
2024-07-02T14:00:00,19.07,72.93,15.36,0.1409950431430145
2024-07-02T14:00:00,19.07,72.95,2.63,0.02414172939232605
2024-07-02T14:00:00,19.07,72.97,1.43,0.013126491646778043
2024-07-02T14:00:00,19.07,72.99,1.89,0.017348999449238112
2024-07-02T14:00:00,19.09,72.77,0.33,0.0030291903800257025
2024-07-02T14:00:00,19.09,72.79,3.39,0.031118046631173124
2024-07-02T14:00:00,19.09,72.81,10.12,0.09289517165412153
2024-07-02T14:00:00,19.09,72.83,4.6,0.042225078024600696
2024-07-02T14:00:00,19.09,72.85,1.99,0.01826693592803378
2024-07-02T14:00:00,19.09,72.87,3.63,0.03332109418028272
2024-07-02T14:00:00,19.09,72.89,3.58,0.03286212594088489
2024-07-02T14:00:00,19.09,72.91,2.79,0.02561042775839912
2024-07-02T14:00:00,19.09,72.93,6.8,0.06241968055810538
2024-07-02T14:00:00,19.09,72.95,4.48,0.0411235542500459
2024-07-02T14:00:00,19.09,72.97,1.49,0.013677253534055444
2024-07-02T14:00:00,19.09,72.99,6.36,0.05838076005140445
2024-07-02T14:00:00,19.11,72.77,10.09,0.09261979071048283
2024-07-02T14:00:00,19.11,72.79,5.54,0.05085368092527997
2024-07-02T14:00:00,19.11,72.81,3.41,0.031301633926932255
2024-07-02T14:00:00,19.11,72.83,2.57,0.02359096750504865
2024-07-02T14:00:00,19.11,72.85,11.06,0.10152377455480081
2024-07-02T14:00:00,19.11,72.87,4.69,0.043051220855516804
2024-07-02T14:00:00,19.11,72.89,3.95,0.03625849091242886
2024-07-02T14:00:00,19.11,72.91,1.28,0.011749586928584542
2024-07-02T14:00:00,19.11,72.93,1.69,0.015513126491646777
2024-07-02T14:00:00,19.11,72.95,0.92,0.00844501560492014
2024-07-02T14:00:00,19.11,72.97,2.84,0.02606939599779695
2024-07-02T14:00:00,19.11,72.99,2.14,0.019643840646227283
2024-07-02T14:00:00,19.13,72.77,4.82,0.04424453827795117
2024-07-02T14:00:00,19.13,72.79,8.94,0.08206352120433266
2024-07-02T14:00:00,19.13,72.81,6.59,0.060492013952634476
2024-07-02T14:00:00,19.13,72.83,7.31,0.06710115659996328
2024-07-02T14:00:00,19.13,72.85,8.08,0.07416926748668992
2024-07-02T14:00:00,19.13,72.87,1.93,0.01771617404075638
2024-07-02T14:00:00,19.13,72.89,2.67,0.024508903983844317
2024-07-02T14:00:00,19.13,72.91,2.33,0.02138791995593905
2024-07-02T14:00:00,19.13,72.93,5.93,0.05443363319258307
2024-07-02T14:00:00,19.13,72.95,1.19,0.010923444097668442
2024-07-02T14:00:00,19.13,72.97,8.77,0.08050302919038002
2024-07-02T14:00:00,19.13,72.99,2.37,0.021755094547457318
2024-07-02T14:00:00,19.15,72.77,1.59,0.014595190012851112
2024-07-02T14:00:00,19.15,72.79,3.05,0.027997062603267852
2024-07-02T14:00:00,19.15,72.81,3.12,0.028639618138424822
2024-07-02T14:00:00,19.15,72.83,3.39,0.031118046631173124
2024-07-02T14:00:00,19.15,72.85,3.42,0.031393427574811825
2024-07-02T14:00:00,19.15,72.87,7.84,0.07196621993758032
2024-07-02T14:00:00,19.15,72.89,4.64,0.042592252616118965
2024-07-02T14:00:00,19.15,72.91,1.31,0.012024967872223243
2024-07-02T14:00:00,19.15,72.93,2.67,0.024508903983844317
2024-07-02T14:00:00,19.15,72.95,2.19,0.020102808885625115
2024-07-02T14:00:00,19.15,72.97,3.56,0.03267853864512576
2024-07-02T14:00:00,19.15,72.99,3.14,0.028823205434183957
2024-07-02T14:00:00,19.17,72.77,13.43,0.12327886910225812
2024-07-02T14:00:00,19.17,72.79,7.72,0.07086469616302551
2024-07-02T14:00:00,19.17,72.81,6.15,0.05645309344593354
2024-07-02T14:00:00,19.17,72.83,0.46,0.00422250780246007
2024-07-02T14:00:00,19.17,72.85,6.91,0.06342941068478061
2024-07-02T14:00:00,19.17,72.87,0.65,0.005966587112171838
2024-07-02T14:00:00,19.17,72.89,2.5,0.022948411969891683
2024-07-02T14:00:00,19.17,72.91,2.71,0.024876078575362587
2024-07-02T14:00:00,19.17,72.93,7.18,0.06590783917752892
2024-07-02T14:00:00,19.17,72.95,1.47,0.01349366623829631
2024-07-02T14:00:00,19.17,72.97,2.94,0.02698733247659262
2024-07-02T14:00:00,19.17,72.99,0.97,0.008903983844317974
2024-07-02T14:00:00,19.19,72.77,6.19,0.05682026803745181
2024-07-02T14:00:00,19.19,72.79,2.87,0.026344776941435655
2024-07-02T14:00:00,19.19,72.81,4.57,0.041949697080962
2024-07-02T14:00:00,19.19,72.83,0.17,0.0015604920139526345
2024-07-02T14:00:00,19.19,72.85,1.46,0.013401872590416744
2024-07-02T14:00:00,19.19,72.87,4.33,0.0397466495318524
2024-07-02T14:00:00,19.19,72.89,5.8,0.053240315770148705
2024-07-02T14:00:00,19.19,72.91,9.33,0.08564347347163577
2024-07-02T14:00:00,19.19,72.93,8.28,0.07600514044428125
2024-07-02T14:00:00,19.19,72.95,2.1,0.019276666054709016
2024-07-02T14:00:00,19.19,72.97,3.79,0.034789792546355794
2024-07-02T14:00:00,19.19,72.99,5.73,0.05259776023499174
2024-07-02T14:00:00,19.21,72.77,5.39,0.049476776207086466
2024-07-02T14:00:00,19.21,72.79,3.18,0.029190380025702223
2024-07-02T14:00:00,19.21,72.81,4.66,0.0427758399118781
2024-07-02T14:00:00,19.21,72.83,9.75,0.08949880668257756
2024-07-02T14:00:00,19.21,72.85,3.72,0.03414723701119883
2024-07-02T14:00:00,19.21,72.87,5.46,0.050119331742243436
2024-07-02T14:00:00,19.21,72.89,4.42,0.0405727923627685
2024-07-02T14:00:00,19.21,72.91,2.08,0.01909307875894988
2024-07-02T14:00:00,19.21,72.93,7.15,0.06563245823389022
2024-07-02T14:00:00,19.21,72.95,3.43,0.031485221222691394
2024-07-02T14:00:00,19.21,72.97,2.57,0.02359096750504865
2024-07-02T14:00:00,19.21,72.99,4.02,0.03690104644758582
2024-07-02T14:00:00,19.23,72.77,9.44,0.086653203598311
2024-07-02T14:00:00,19.23,72.79,4.77,0.04378557003855333
2024-07-02T14:00:00,19.23,72.81,4.57,0.041949697080962
2024-07-02T14:00:00,19.23,72.83,5.61,0.05149623646043694
2024-07-02T14:00:00,19.23,72.85,6.4,0.05874793464292272
2024-07-02T14:00:00,19.23,72.87,3.07,0.028180649899026987
2024-07-02T14:00:00,19.23,72.89,3.31,0.03038369744813659
2024-07-02T14:00:00,19.23,72.91,2.77,0.025426840462639985
2024-07-02T14:00:00,19.23,72.93,4.98,0.04571323664402424
2024-07-02T14:00:00,19.23,72.95,3.42,0.031393427574811825
2024-07-02T14:00:00,19.23,72.97,3.5,0.03212777675784836
2024-07-02T14:00:00,19.23,72.99,3.53,0.03240315770148706
2024-07-02T14:00:00,19.25,72.77,1.43,0.013126491646778043
2024-07-02T14:00:00,19.25,72.79,6.56,0.060216633008995775
2024-07-02T14:00:00,19.25,72.81,3.24,0.029741141912979625
2024-07-02T14:00:00,19.25,72.83,3.93,0.03607490361666973
2024-07-02T14:00:00,19.25,72.85,2.66,0.02441711033596475
2024-07-02T14:00:00,19.25,72.87,1.59,0.014595190012851112
2024-07-02T14:00:00,19.25,72.89,4.16,0.03818615751789976
2024-07-02T14:00:00,19.25,72.91,4.87,0.044703506517349
2024-07-02T14:00:00,19.25,72.93,15.19,0.13943455112906186
2024-07-02T14:00:00,19.25,72.95,2.24,0.02056177712502295
2024-07-02T14:00:00,19.25,72.97,5.96,0.05470901413622178
2024-07-02T14:00:00,19.25,72.99,2.64,0.02423352304020562
2024-07-02T15:00:00,18.87,72.77,6.38,0.05856434734716358
2024-07-02T15:00:00,18.87,72.79,5.03,0.04617220488342207
2024-07-02T15:00:00,18.87,72.81,2.11,0.01936845970258858
2024-07-02T15:00:00,18.87,72.83,1.23,0.011290618689186708
2024-07-02T15:00:00,18.87,72.85,0.88,0.008077841013401872
2024-07-02T15:00:00,18.87,72.87,5.92,0.05434183954470351
2024-07-02T15:00:00,18.87,72.89,1.43,0.013126491646778043
2024-07-02T15:00:00,18.87,72.91,5.59,0.0513126491646778
2024-07-02T15:00:00,18.87,72.93,2.91,0.02671195153295392
2024-07-02T15:00:00,18.87,72.95,2.29,0.021020745364420782
2024-07-02T15:00:00,18.87,72.97,4.52,0.04149072884156416
2024-07-02T15:00:00,18.87,72.99,2.11,0.01936845970258858
2024-07-02T15:00:00,18.89,72.77,5.36,0.04920139526344777
2024-07-02T15:00:00,18.89,72.79,2.18,0.02001101523774555
2024-07-02T15:00:00,18.89,72.81,7.91,0.0726087754727373
2024-07-02T15:00:00,18.89,72.83,1.81,0.01661465026620158
2024-07-02T15:00:00,18.89,72.85,4.82,0.04424453827795117
2024-07-02T15:00:00,18.89,72.87,6.45,0.05920690288232055
2024-07-02T15:00:00,18.89,72.89,0.07,0.0006425555351569672
2024-07-02T15:00:00,18.89,72.91,4.21,0.038645125757297595
2024-07-02T15:00:00,18.89,72.93,1.64,0.015054158252248944
2024-07-02T15:00:00,18.89,72.95,4.57,0.041949697080962
2024-07-02T15:00:00,18.89,72.97,3.28,0.030108316504497887
2024-07-02T15:00:00,18.89,72.99,3.84,0.035248760785753626
2024-07-02T15:00:00,18.91,72.77,3.37,0.030934459335413993
2024-07-02T15:00:00,18.91,72.79,7.51,0.06893702955755461
2024-07-02T15:00:00,18.91,72.81,0.97,0.008903983844317974
2024-07-02T15:00:00,18.91,72.83,6.58,0.06040022030475491
2024-07-02T15:00:00,18.91,72.85,2.03,0.018634110519552046
2024-07-02T15:00:00,18.91,72.87,0.49,0.00449788874609877
2024-07-02T15:00:00,18.91,72.89,3.11,0.028547824490545253
2024-07-02T15:00:00,18.91,72.91,1.72,0.015788507435285478
2024-07-02T15:00:00,18.91,72.93,3.93,0.03607490361666973
2024-07-02T15:00:00,18.91,72.95,4.12,0.03781898292638149
2024-07-02T15:00:00,18.91,72.97,2.48,0.02276482467413255
2024-07-02T15:00:00,18.91,72.99,3.86,0.03543234808151276
2024-07-02T15:00:00,18.93,72.77,4.34,0.03983844317973196
2024-07-02T15:00:00,18.93,72.79,3.5,0.03212777675784836
2024-07-02T15:00:00,18.93,72.81,2.88,0.026436570589315218
2024-07-02T15:00:00,18.93,72.83,2.19,0.020102808885625115
2024-07-02T15:00:00,18.93,72.85,9.59,0.0880301083165045
2024-07-02T15:00:00,18.93,72.87,3.04,0.02790526895538829
2024-07-02T15:00:00,18.93,72.89,3.81,0.034973379842114925
2024-07-02T15:00:00,18.93,72.91,4.6,0.042225078024600696
2024-07-02T15:00:00,18.93,72.93,2.35,0.021571507251698183
2024-07-02T15:00:00,18.93,72.95,3.78,0.034697998898476225
2024-07-02T15:00:00,18.93,72.97,8.01,0.07352671195153296
2024-07-02T15:00:00,18.93,72.99,1.54,0.014136221773453278
2024-07-02T15:00:00,18.95,72.77,10.14,0.09307875894988067
2024-07-02T15:00:00,18.95,72.79,5.61,0.05149623646043694
2024-07-02T15:00:00,18.95,72.81,2.12,0.019460253350468148
2024-07-02T15:00:00,18.95,72.83,1.72,0.015788507435285478
2024-07-02T15:00:00,18.95,72.85,9.0,0.08261428309161006
2024-07-02T15:00:00,18.95,72.87,5.97,0.05480080778410134
2024-07-02T15:00:00,18.95,72.89,2.73,0.025059665871121718
2024-07-02T15:00:00,18.95,72.91,2.06,0.018909491463190747
2024-07-02T15:00:00,18.95,72.93,1.85,0.016981824857719846
2024-07-02T15:00:00,18.95,72.95,2.49,0.02285661832201212
2024-07-02T15:00:00,18.95,72.97,2.62,0.024049935744446485
2024-07-02T15:00:00,18.95,72.99,3.12,0.028639618138424822
2024-07-02T15:00:00,18.97,72.77,1.65,0.015145951900128511
2024-07-02T15:00:00,18.97,72.79,2.12,0.019460253350468148
2024-07-02T15:00:00,18.97,72.81,2.8,0.025702221406278685
2024-07-02T15:00:00,18.97,72.83,11.54,0.10592986965302001
2024-07-02T15:00:00,18.97,72.85,3.85,0.035340554433633195
2024-07-02T15:00:00,18.97,72.87,1.01,0.00927115843583624
2024-07-02T15:00:00,18.97,72.89,1.46,0.013401872590416744
2024-07-02T15:00:00,18.97,72.91,8.34,0.07655590233155865
2024-07-02T15:00:00,18.97,72.93,6.36,0.05838076005140445
2024-07-02T15:00:00,18.97,72.95,2.16,0.019827427941986418
2024-07-02T15:00:00,18.97,72.97,3.97,0.036442078208188
2024-07-02T15:00:00,18.97,72.99,3.61,0.03313750688452359
2024-07-02T15:00:00,18.99,72.77,3.57,0.03277033229300532
2024-07-02T15:00:00,18.99,72.79,1.84,0.01689003120984028
2024-07-02T15:00:00,18.99,72.81,0.71,0.006517348999449238
2024-07-02T15:00:00,18.99,72.83,5.84,0.053607490361666975
2024-07-02T15:00:00,18.99,72.85,4.2,0.03855333210941803
2024-07-02T15:00:00,18.99,72.87,1.67,0.015329539195887644
2024-07-02T15:00:00,18.99,72.89,6.43,0.05902331558656141
2024-07-02T15:00:00,18.99,72.91,8.13,0.07462823572608776
2024-07-02T15:00:00,18.99,72.93,3.45,0.031668808518450525
2024-07-02T15:00:00,18.99,72.95,2.79,0.02561042775839912
2024-07-02T15:00:00,18.99,72.97,0.77,0.007068110886726639
2024-07-02T15:00:00,18.99,72.99,2.43,0.02230585643473472
2024-07-02T15:00:00,19.01,72.77,1.52,0.013952634477694145
2024-07-02T15:00:00,19.01,72.79,3.16,0.02900679272994309
2024-07-02T15:00:00,19.01,72.81,6.62,0.06076739489627318
2024-07-02T15:00:00,19.01,72.83,5.03,0.04617220488342207
2024-07-02T15:00:00,19.01,72.85,6.87,0.06306223609326235
2024-07-02T15:00:00,19.01,72.87,2.55,0.023407380209289515
2024-07-02T15:00:00,19.01,72.89,1.04,0.00954653937947494
2024-07-02T15:00:00,19.01,72.91,2.37,0.021755094547457318
2024-07-02T15:00:00,19.01,72.93,3.46,0.03176060216633009
2024-07-02T15:00:00,19.01,72.95,6.37,0.05847255369928401
2024-07-02T15:00:00,19.01,72.97,4.92,0.04516247475674683
2024-07-02T15:00:00,19.01,72.99,0.65,0.005966587112171838
2024-07-02T15:00:00,19.03,72.77,4.14,0.038002570222140625
2024-07-02T15:00:00,19.03,72.79,6.78,0.06223609326234625
2024-07-02T15:00:00,19.03,72.81,7.8,0.07159904534606205
2024-07-02T15:00:00,19.03,72.83,6.73,0.061777125022948416
2024-07-02T15:00:00,19.03,72.85,1.87,0.01716541215347898
2024-07-02T15:00:00,19.03,72.87,1.9,0.017440793097117678
2024-07-02T15:00:00,19.03,72.89,9.16,0.08408298145768313
2024-07-02T15:00:00,19.03,72.91,2.12,0.019460253350468148
2024-07-02T15:00:00,19.03,72.93,7.9,0.07251698182485772
2024-07-02T15:00:00,19.03,72.95,1.39,0.012759317055259775
2024-07-02T15:00:00,19.03,72.97,2.57,0.02359096750504865
2024-07-02T15:00:00,19.03,72.99,0.41,0.003763539563062236
2024-07-02T15:00:00,19.05,72.77,3.09,0.028364237194786122
2024-07-02T15:00:00,19.05,72.79,1.81,0.01661465026620158
2024-07-02T15:00:00,19.05,72.81,5.2,0.04773269689737471
2024-07-02T15:00:00,19.05,72.83,5.02,0.0460804112355425
2024-07-02T15:00:00,19.05,72.85,4.31,0.03956306223609326
2024-07-02T15:00:00,19.05,72.87,1.69,0.015513126491646777
2024-07-02T15:00:00,19.05,72.89,6.57,0.06030842665687535
2024-07-02T15:00:00,19.05,72.91,3.07,0.028180649899026987
2024-07-02T15:00:00,19.05,72.93,4.77,0.04378557003855333
2024-07-02T15:00:00,19.05,72.95,5.93,0.05443363319258307
2024-07-02T15:00:00,19.05,72.97,3.15,0.02891499908206352
2024-07-02T15:00:00,19.05,72.99,0.87,0.007986047365522306
2024-07-02T15:00:00,19.07,72.77,4.32,0.039654855883972835
2024-07-02T15:00:00,19.07,72.79,3.02,0.027721681659629155
2024-07-02T15:00:00,19.07,72.81,1.68,0.015421332843767212
2024-07-02T15:00:00,19.07,72.83,8.22,0.07545437855700386
2024-07-02T15:00:00,19.07,72.85,2.55,0.023407380209289515
2024-07-02T15:00:00,19.07,72.87,4.59,0.04213328437672113
2024-07-02T15:00:00,19.07,72.89,5.23,0.04800807784101341
2024-07-02T15:00:00,19.07,72.91,3.6,0.03304571323664403
2024-07-02T15:00:00,19.07,72.93,2.15,0.01973563429410685
2024-07-02T15:00:00,19.07,72.95,0.81,0.007435285478244906
2024-07-02T15:00:00,19.07,72.97,3.79,0.034789792546355794
2024-07-02T15:00:00,19.07,72.99,2.24,0.02056177712502295
2024-07-02T15:00:00,19.09,72.77,10.6,0.09730126675234074
2024-07-02T15:00:00,19.09,72.79,2.07,0.019001285111070312
2024-07-02T15:00:00,19.09,72.81,0.51,0.004681476041857904
2024-07-02T15:00:00,19.09,72.83,1.27,0.011657793280704976
2024-07-02T15:00:00,19.09,72.85,6.55,0.06012483936111621
2024-07-02T15:00:00,19.09,72.87,5.46,0.050119331742243436
2024-07-02T15:00:00,19.09,72.89,7.6,0.06976317238847071
2024-07-02T15:00:00,19.09,72.91,2.63,0.02414172939232605
2024-07-02T15:00:00,19.09,72.93,4.7,0.04314301450339637
2024-07-02T15:00:00,19.09,72.95,3.35,0.030750872039654858
2024-07-02T15:00:00,19.09,72.97,1.79,0.016431062970442445
2024-07-02T15:00:00,19.09,72.99,2.85,0.02616118964567652
2024-07-02T15:00:00,19.11,72.77,2.73,0.025059665871121718
2024-07-02T15:00:00,19.11,72.79,8.35,0.07664769597943823
2024-07-02T15:00:00,19.11,72.81,2.12,0.019460253350468148
2024-07-02T15:00:00,19.11,72.83,8.63,0.0792179181200661
2024-07-02T15:00:00,19.11,72.85,1.91,0.017532586744997247
2024-07-02T15:00:00,19.11,72.87,2.38,0.021846888195336884
2024-07-02T15:00:00,19.11,72.89,3.22,0.02955755461722049
2024-07-02T15:00:00,19.11,72.91,1.72,0.015788507435285478
2024-07-02T15:00:00,19.11,72.93,3.08,0.028272443546906556
2024-07-02T15:00:00,19.11,72.95,3.32,0.030475491096016154
2024-07-02T15:00:00,19.11,72.97,6.57,0.06030842665687535
2024-07-02T15:00:00,19.11,72.99,0.41,0.003763539563062236
2024-07-02T15:00:00,19.13,72.77,2.16,0.019827427941986418
2024-07-02T15:00:00,19.13,72.79,9.92,0.0910592986965302
2024-07-02T15:00:00,19.13,72.81,2.53,0.023223792913530383
2024-07-02T15:00:00,19.13,72.83,2.46,0.022581237378373416
2024-07-02T15:00:00,19.13,72.85,1.82,0.016706443914081145
2024-07-02T15:00:00,19.13,72.87,4.93,0.045254268404626395
2024-07-02T15:00:00,19.13,72.89,0.8,0.00734349183036534
2024-07-02T15:00:00,19.13,72.91,3.86,0.03543234808151276
2024-07-02T15:00:00,19.13,72.93,9.17,0.08417477510556269
2024-07-02T15:00:00,19.13,72.95,0.59,0.005415825224894437
2024-07-02T15:00:00,19.13,72.97,4.51,0.041398935193684594
2024-07-02T15:00:00,19.13,72.99,1.03,0.009454745731595373
2024-07-02T15:00:00,19.15,72.77,4.84,0.0444281255737103
2024-07-02T15:00:00,19.15,72.79,4.41,0.04048099871488893
2024-07-02T15:00:00,19.15,72.81,5.62,0.05158803010831651
2024-07-02T15:00:00,19.15,72.83,2.22,0.02037818982926382
2024-07-02T15:00:00,19.15,72.85,2.25,0.020653570772902516
2024-07-02T15:00:00,19.15,72.87,5.3,0.04865063337617037
2024-07-02T15:00:00,19.15,72.89,2.05,0.018817697815311177
2024-07-02T15:00:00,19.15,72.91,5.48,0.050302919038002575
2024-07-02T15:00:00,19.15,72.93,0.31,0.002845603084266569
2024-07-02T15:00:00,19.15,72.95,3.5,0.03212777675784836
2024-07-02T15:00:00,19.15,72.97,4.97,0.045621442996144665
2024-07-02T15:00:00,19.15,72.99,2.46,0.022581237378373416
2024-07-02T15:00:00,19.17,72.77,8.55,0.07848356893702957
2024-07-02T15:00:00,19.17,72.79,2.42,0.02221406278685515
2024-07-02T15:00:00,19.17,72.81,3.99,0.03662566550394713
2024-07-02T15:00:00,19.17,72.83,6.42,0.05893152193868184
2024-07-02T15:00:00,19.17,72.85,1.3,0.011933174224343677
2024-07-02T15:00:00,19.17,72.87,6.46,0.05929869653020011
2024-07-02T15:00:00,19.17,72.89,3.91,0.035891316320910596
2024-07-02T15:00:00,19.17,72.91,1.65,0.015145951900128511
2024-07-02T15:00:00,19.17,72.93,2.9,0.026620157885074353
2024-07-02T15:00:00,19.17,72.95,1.48,0.013585459886175877
2024-07-02T15:00:00,19.17,72.97,4.27,0.03919588764457499
2024-07-02T15:00:00,19.17,72.99,2.31,0.021204332660179917
2024-07-02T15:00:00,19.19,72.77,2.7,0.02478428492748302
2024-07-02T15:00:00,19.19,72.79,5.36,0.04920139526344777
2024-07-02T15:00:00,19.19,72.81,2.92,0.026803745180833487
2024-07-02T15:00:00,19.19,72.83,3.36,0.030842665687534424
2024-07-02T15:00:00,19.19,72.85,3.11,0.028547824490545253
2024-07-02T15:00:00,19.19,72.87,0.44,0.004038920506700936
2024-07-02T15:00:00,19.19,72.89,0.94,0.008628602900679273
2024-07-02T15:00:00,19.19,72.91,1.81,0.01661465026620158
2024-07-02T15:00:00,19.19,72.93,1.88,0.017257205801358547
2024-07-02T15:00:00,19.19,72.95,0.37,0.003396364971543969
2024-07-02T15:00:00,19.19,72.97,2.9,0.026620157885074353
2024-07-02T15:00:00,19.19,72.99,2.56,0.023499173857169084
2024-07-02T15:00:00,19.21,72.77,3.98,0.03653387185606756
2024-07-02T15:00:00,19.21,72.79,2.75,0.025243253166880853
2024-07-02T15:00:00,19.21,72.81,8.69,0.0797686800073435
2024-07-02T15:00:00,19.21,72.83,4.65,0.042684046263998535
2024-07-02T15:00:00,19.21,72.85,8.92,0.08187993390857352
2024-07-02T15:00:00,19.21,72.87,1.26,0.011565999632825409
2024-07-02T15:00:00,19.21,72.89,2.36,0.02166330089957775
2024-07-02T15:00:00,19.21,72.91,1.95,0.017899761336515514
2024-07-02T15:00:00,19.21,72.93,0.72,0.006609142647328804
2024-07-02T15:00:00,19.21,72.95,2.54,0.023315586561409953
2024-07-02T15:00:00,19.21,72.97,0.33,0.0030291903800257025
2024-07-02T15:00:00,19.21,72.99,4.18,0.038369744813658895
2024-07-02T15:00:00,19.23,72.77,7.85,0.07205801358545988
2024-07-02T15:00:00,19.23,72.79,2.93,0.026895538828713057
2024-07-02T15:00:00,19.23,72.81,3.72,0.03414723701119883
2024-07-02T15:00:00,19.23,72.83,7.22,0.06627501376904718
2024-07-02T15:00:00,19.23,72.85,1.51,0.013860840829814577
2024-07-02T15:00:00,19.23,72.87,0.76,0.0069763172388470724
2024-07-02T15:00:00,19.23,72.89,0.35,0.0032127776757848356
2024-07-02T15:00:00,19.23,72.91,1.54,0.014136221773453278
2024-07-02T15:00:00,19.23,72.93,1.73,0.015880301083165044
2024-07-02T15:00:00,19.23,72.95,4.53,0.04158252248944373
2024-07-02T15:00:00,19.23,72.97,0.91,0.008353221957040573
2024-07-02T15:00:00,19.23,72.99,0.65,0.005966587112171838
2024-07-02T15:00:00,19.25,72.77,6.33,0.058105379107765746
2024-07-02T15:00:00,19.25,72.79,2.17,0.01991922158986598
2024-07-02T15:00:00,19.25,72.81,3.74,0.03433082430695796
2024-07-02T15:00:00,19.25,72.83,5.38,0.049384982559206904
2024-07-02T15:00:00,19.25,72.85,14.25,0.1308059482283826
2024-07-02T15:00:00,19.25,72.87,4.06,0.03726822103910409
2024-07-02T15:00:00,19.25,72.89,1.74,0.015972094731044613
2024-07-02T15:00:00,19.25,72.91,5.2,0.04773269689737471
2024-07-02T15:00:00,19.25,72.93,1.32,0.01211676152010281
2024-07-02T15:00:00,19.25,72.95,6.29,0.05773820451624748
2024-07-02T15:00:00,19.25,72.97,1.53,0.01404442812557371
2024-07-02T15:00:00,19.25,72.99,1.06,0.009730126675234074
2024-07-02T16:00:00,18.87,72.77,2.85,0.02616118964567652
2024-07-02T16:00:00,18.87,72.79,3.48,0.031944189462089226
2024-07-02T16:00:00,18.87,72.81,1.05,0.009638333027354508
2024-07-02T16:00:00,18.87,72.83,1.57,0.014411602717091979
2024-07-02T16:00:00,18.87,72.85,3.45,0.031668808518450525
2024-07-02T16:00:00,18.87,72.87,2.77,0.025426840462639985
2024-07-02T16:00:00,18.87,72.89,3.17,0.029098586377822654
2024-07-02T16:00:00,18.87,72.91,5.19,0.04764090324949514
2024-07-02T16:00:00,18.87,72.93,2.8,0.025702221406278685
2024-07-02T16:00:00,18.87,72.95,5.92,0.05434183954470351
2024-07-02T16:00:00,18.87,72.97,4.03,0.0369928400954654
2024-07-02T16:00:00,18.87,72.99,1.36,0.012483936111621076
2024-07-02T16:00:00,18.89,72.77,6.42,0.05893152193868184
2024-07-02T16:00:00,18.89,72.79,3.23,0.029649348265100055
2024-07-02T16:00:00,18.89,72.81,5.42,0.049752157150725174
2024-07-02T16:00:00,18.89,72.83,3.45,0.031668808518450525
2024-07-02T16:00:00,18.89,72.85,7.66,0.07031393427574813
2024-07-02T16:00:00,18.89,72.87,0.93,0.008536809252799708
2024-07-02T16:00:00,18.89,72.89,1.99,0.01826693592803378
2024-07-02T16:00:00,18.89,72.91,3.56,0.03267853864512576
2024-07-02T16:00:00,18.89,72.93,2.51,0.02304020561777125
2024-07-02T16:00:00,18.89,72.95,1.02,0.009362952083715808
2024-07-02T16:00:00,18.89,72.97,6.35,0.05828896640352487
2024-07-02T16:00:00,18.89,72.99,2.03,0.018634110519552046
2024-07-02T16:00:00,18.91,72.77,5.4,0.04956856985496604
2024-07-02T16:00:00,18.91,72.79,3.91,0.035891316320910596
2024-07-02T16:00:00,18.91,72.81,4.49,0.04121534789792547
2024-07-02T16:00:00,18.91,72.83,0.92,0.00844501560492014
2024-07-02T16:00:00,18.91,72.85,2.4,0.022030475491096015
2024-07-02T16:00:00,18.91,72.87,4.23,0.03882871305305673
2024-07-02T16:00:00,18.91,72.89,4.57,0.041949697080962
2024-07-02T16:00:00,18.91,72.91,4.21,0.038645125757297595
2024-07-02T16:00:00,18.91,72.93,1.25,0.011474205984945841
2024-07-02T16:00:00,18.91,72.95,0.47,0.004314301450339637
2024-07-02T16:00:00,18.91,72.97,0.71,0.006517348999449238
2024-07-02T16:00:00,18.91,72.99,2.18,0.02001101523774555
2024-07-02T16:00:00,18.93,72.77,3.01,0.027629888011749586
2024-07-02T16:00:00,18.93,72.79,2.7,0.02478428492748302
2024-07-02T16:00:00,18.93,72.81,0.98,0.00899577749219754
2024-07-02T16:00:00,18.93,72.83,1.64,0.015054158252248944
2024-07-02T16:00:00,18.93,72.85,7.12,0.06535707729025152
2024-07-02T16:00:00,18.93,72.87,3.14,0.028823205434183957
2024-07-02T16:00:00,18.93,72.89,2.26,0.02074536442078208
2024-07-02T16:00:00,18.93,72.91,6.55,0.06012483936111621
2024-07-02T16:00:00,18.93,72.93,7.41,0.06801909307875895
2024-07-02T16:00:00,18.93,72.95,1.57,0.014411602717091979
2024-07-02T16:00:00,18.93,72.97,2.87,0.026344776941435655
2024-07-02T16:00:00,18.93,72.99,0.56,0.0051404442812557375
2024-07-02T16:00:00,18.95,72.77,0.54,0.004956856985496604
2024-07-02T16:00:00,18.95,72.79,2.26,0.02074536442078208
2024-07-02T16:00:00,18.95,72.81,0.92,0.00844501560492014
2024-07-02T16:00:00,18.95,72.83,1.65,0.015145951900128511
2024-07-02T16:00:00,18.95,72.85,3.01,0.027629888011749586
2024-07-02T16:00:00,18.95,72.87,5.94,0.054525426840462646
2024-07-02T16:00:00,18.95,72.89,3.15,0.02891499908206352
2024-07-02T16:00:00,18.95,72.91,1.64,0.015054158252248944
2024-07-02T16:00:00,18.95,72.93,7.69,0.07058931521938683
2024-07-02T16:00:00,18.95,72.95,2.37,0.021755094547457318
2024-07-02T16:00:00,18.95,72.97,4.28,0.039287681292454565
2024-07-02T16:00:00,18.95,72.99,4.46,0.04093996695428676
2024-07-02T16:00:00,18.97,72.77,2.64,0.02423352304020562
2024-07-02T16:00:00,18.97,72.79,0.19,0.0017440793097117681
2024-07-02T16:00:00,18.97,72.81,1.53,0.01404442812557371
2024-07-02T16:00:00,18.97,72.83,1.55,0.014228015421332844
2024-07-02T16:00:00,18.97,72.85,2.41,0.022122269138975584
2024-07-02T16:00:00,18.97,72.87,1.98,0.018175142280154214
2024-07-02T16:00:00,18.97,72.89,2.02,0.01854231687167248
2024-07-02T16:00:00,18.97,72.91,2.36,0.02166330089957775
2024-07-02T16:00:00,18.97,72.93,2.65,0.024325316688085186
2024-07-02T16:00:00,18.97,72.95,0.46,0.00422250780246007
2024-07-02T16:00:00,18.97,72.97,2.53,0.023223792913530383
2024-07-02T16:00:00,18.97,72.99,3.51,0.03221957040572792
2024-07-02T16:00:00,18.99,72.77,9.51,0.08729575913346796
2024-07-02T16:00:00,18.99,72.79,3.02,0.027721681659629155
2024-07-02T16:00:00,18.99,72.81,4.88,0.04479530016522856
2024-07-02T16:00:00,18.99,72.83,3.86,0.03543234808151276
2024-07-02T16:00:00,18.99,72.85,1.31,0.012024967872223243
2024-07-02T16:00:00,18.99,72.87,2.84,0.02606939599779695
2024-07-02T16:00:00,18.99,72.89,6.31,0.05792179181200661
2024-07-02T16:00:00,18.99,72.91,5.97,0.05480080778410134
2024-07-02T16:00:00,18.99,72.93,5.85,0.05369928400954654
2024-07-02T16:00:00,18.99,72.95,11.56,0.10611345694877915
2024-07-02T16:00:00,18.99,72.97,3.53,0.03240315770148706
2024-07-02T16:00:00,18.99,72.99,1.56,0.014319809069212411
2024-07-02T16:00:00,19.01,72.77,4.54,0.0416743161373233
2024-07-02T16:00:00,19.01,72.79,1.25,0.011474205984945841
2024-07-02T16:00:00,19.01,72.81,3.77,0.03460620525059666
2024-07-02T16:00:00,19.01,72.83,1.12,0.010280888562511475
2024-07-02T16:00:00,19.01,72.85,1.44,0.013218285294657609
2024-07-02T16:00:00,19.01,72.87,0.44,0.004038920506700936
2024-07-02T16:00:00,19.01,72.89,3.23,0.029649348265100055
2024-07-02T16:00:00,19.01,72.91,5.76,0.052873141178630435
2024-07-02T16:00:00,19.01,72.93,2.56,0.023499173857169084
2024-07-02T16:00:00,19.01,72.95,2.28,0.020928951716541213
2024-07-02T16:00:00,19.01,72.97,1.36,0.012483936111621076
2024-07-02T16:00:00,19.01,72.99,4.32,0.039654855883972835
2024-07-02T16:00:00,19.03,72.77,6.19,0.05682026803745181
2024-07-02T16:00:00,19.03,72.79,0.73,0.006700936295208372
2024-07-02T16:00:00,19.03,72.81,3.14,0.028823205434183957
2024-07-02T16:00:00,19.03,72.83,4.95,0.045437855700385534
2024-07-02T16:00:00,19.03,72.85,1.77,0.016247475674683313
2024-07-02T16:00:00,19.03,72.87,0.56,0.0051404442812557375
2024-07-02T16:00:00,19.03,72.89,0.99,0.009087571140077107
2024-07-02T16:00:00,19.03,72.91,6.39,0.05865614099504314
2024-07-02T16:00:00,19.03,72.93,4.93,0.045254268404626395
2024-07-02T16:00:00,19.03,72.95,5.27,0.048375252432531664
2024-07-02T16:00:00,19.03,72.97,0.71,0.006517348999449238
2024-07-02T16:00:00,19.03,72.99,4.18,0.038369744813658895
2024-07-02T16:00:00,19.05,72.77,8.01,0.07352671195153296
2024-07-02T16:00:00,19.05,72.79,1.57,0.014411602717091979
2024-07-02T16:00:00,19.05,72.81,2.3,0.021112539012300348
2024-07-02T16:00:00,19.05,72.83,3.15,0.02891499908206352
2024-07-02T16:00:00,19.05,72.85,3.45,0.031668808518450525
2024-07-02T16:00:00,19.05,72.87,1.81,0.01661465026620158
2024-07-02T16:00:00,19.05,72.89,4.94,0.04534606205250597
2024-07-02T16:00:00,19.05,72.91,3.61,0.03313750688452359
2024-07-02T16:00:00,19.05,72.93,1.11,0.01018909491463191
2024-07-02T16:00:00,19.05,72.95,4.45,0.0408481733064072
2024-07-02T16:00:00,19.05,72.97,2.04,0.018725904167431615
2024-07-02T16:00:00,19.05,72.99,3.48,0.031944189462089226
2024-07-02T16:00:00,19.07,72.77,1.46,0.013401872590416744
2024-07-02T16:00:00,19.07,72.79,1.49,0.013677253534055444
2024-07-02T16:00:00,19.07,72.81,0.55,0.005048650633376171
2024-07-02T16:00:00,19.07,72.83,5.78,0.053056728474389574
2024-07-02T16:00:00,19.07,72.85,4.61,0.042316871672480265
2024-07-02T16:00:00,19.07,72.87,3.01,0.027629888011749586
2024-07-02T16:00:00,19.07,72.89,0.73,0.006700936295208372
2024-07-02T16:00:00,19.07,72.91,5.87,0.053882871305305675
2024-07-02T16:00:00,19.07,72.93,3.61,0.03313750688452359
2024-07-02T16:00:00,19.07,72.95,1.67,0.015329539195887644
2024-07-02T16:00:00,19.07,72.97,2.93,0.026895538828713057
2024-07-02T16:00:00,19.07,72.99,1.97,0.01808334863227465
2024-07-02T16:00:00,19.09,72.77,4.42,0.0405727923627685
2024-07-02T16:00:00,19.09,72.79,1.21,0.011107031393427575
2024-07-02T16:00:00,19.09,72.81,0.33,0.0030291903800257025
2024-07-02T16:00:00,19.09,72.83,3.77,0.03460620525059666
2024-07-02T16:00:00,19.09,72.85,4.1,0.037635395630622355
2024-07-02T16:00:00,19.09,72.87,0.51,0.004681476041857904
2024-07-02T16:00:00,19.09,72.89,0.17,0.0015604920139526345
2024-07-02T16:00:00,19.09,72.91,2.91,0.02671195153295392
2024-07-02T16:00:00,19.09,72.93,3.46,0.03176060216633009
2024-07-02T16:00:00,19.09,72.95,1.97,0.01808334863227465
2024-07-02T16:00:00,19.09,72.97,1.05,0.009638333027354508
2024-07-02T16:00:00,19.09,72.99,7.42,0.06811088672663852
2024-07-02T16:00:00,19.11,72.77,3.97,0.036442078208188
2024-07-02T16:00:00,19.11,72.79,6.08,0.05581053791077658
2024-07-02T16:00:00,19.11,72.81,1.0,0.009179364787956673
2024-07-02T16:00:00,19.11,72.83,6.32,0.05801358545988618
2024-07-02T16:00:00,19.11,72.85,3.44,0.031577014870570956
2024-07-02T16:00:00,19.11,72.87,7.75,0.07114007710666422
2024-07-02T16:00:00,19.11,72.89,3.8,0.034881586194235356
2024-07-02T16:00:00,19.11,72.91,2.58,0.02368276115292822
2024-07-02T16:00:00,19.11,72.93,2.21,0.02028639618138425
2024-07-02T16:00:00,19.11,72.95,1.34,0.012300348815861943
2024-07-02T16:00:00,19.11,72.97,2.15,0.01973563429410685
2024-07-02T16:00:00,19.11,72.99,3.52,0.03231136405360749
2024-07-02T16:00:00,19.13,72.77,5.09,0.04672296677069947
2024-07-02T16:00:00,19.13,72.79,1.41,0.012942904351018908
2024-07-02T16:00:00,19.13,72.81,0.72,0.006609142647328804
2024-07-02T16:00:00,19.13,72.83,3.32,0.030475491096016154
2024-07-02T16:00:00,19.13,72.85,0.49,0.00449788874609877
2024-07-02T16:00:00,19.13,72.87,2.41,0.022122269138975584
2024-07-02T16:00:00,19.13,72.89,0.74,0.006792729943087938
2024-07-02T16:00:00,19.13,72.91,4.12,0.03781898292638149
2024-07-02T16:00:00,19.13,72.93,1.69,0.015513126491646777
2024-07-02T16:00:00,19.13,72.95,1.83,0.016798237561960715
2024-07-02T16:00:00,19.13,72.97,0.56,0.0051404442812557375
2024-07-02T16:00:00,19.13,72.99,4.56,0.041857903433082426
2024-07-02T16:00:00,19.15,72.77,3.35,0.030750872039654858
2024-07-02T16:00:00,19.15,72.79,3.33,0.030567284743895723
2024-07-02T16:00:00,19.15,72.81,0.86,0.007894253717642739
2024-07-02T16:00:00,19.15,72.83,0.45,0.0041307141545805035
2024-07-02T16:00:00,19.15,72.85,1.29,0.01184138057646411
2024-07-02T16:00:00,19.15,72.87,1.76,0.016155682026803744
2024-07-02T16:00:00,19.15,72.89,1.2,0.011015237745548008
2024-07-02T16:00:00,19.15,72.91,7.45,0.06838626767027722
2024-07-02T16:00:00,19.15,72.93,4.87,0.044703506517349
2024-07-02T16:00:00,19.15,72.95,2.27,0.02083715806866165
2024-07-02T16:00:00,19.15,72.97,1.22,0.01119882504130714
2024-07-02T16:00:00,19.15,72.99,0.84,0.007710666421883606
2024-07-02T16:00:00,19.17,72.77,2.73,0.025059665871121718
2024-07-02T16:00:00,19.17,72.79,3.41,0.031301633926932255
2024-07-02T16:00:00,19.17,72.81,1.82,0.016706443914081145
2024-07-02T16:00:00,19.17,72.83,3.56,0.03267853864512576
2024-07-02T16:00:00,19.17,72.85,1.62,0.014870570956489812
2024-07-02T16:00:00,19.17,72.87,0.93,0.008536809252799708
2024-07-02T16:00:00,19.17,72.89,3.31,0.03038369744813659
2024-07-02T16:00:00,19.17,72.91,0.39,0.003579952267303103
2024-07-02T16:00:00,19.17,72.93,0.62,0.005691206168533138
2024-07-02T16:00:00,19.17,72.95,1.0,0.009179364787956673
2024-07-02T16:00:00,19.17,72.97,1.34,0.012300348815861943
2024-07-02T16:00:00,19.17,72.99,3.53,0.03240315770148706
2024-07-02T16:00:00,19.19,72.77,0.72,0.006609142647328804
2024-07-02T16:00:00,19.19,72.79,2.22,0.02037818982926382
2024-07-02T16:00:00,19.19,72.81,3.34,0.03065907839177529
2024-07-02T16:00:00,19.19,72.83,3.05,0.027997062603267852
2024-07-02T16:00:00,19.19,72.85,4.04,0.03708463374334496
2024-07-02T16:00:00,19.19,72.87,2.04,0.018725904167431615
2024-07-02T16:00:00,19.19,72.89,1.41,0.012942904351018908
2024-07-02T16:00:00,19.19,72.91,5.49,0.05039471268588214
2024-07-02T16:00:00,19.19,72.93,1.31,0.012024967872223243
2024-07-02T16:00:00,19.19,72.95,1.14,0.010464475858270606
2024-07-02T16:00:00,19.19,72.97,1.05,0.009638333027354508
2024-07-02T16:00:00,19.19,72.99,1.0,0.009179364787956673
2024-07-02T16:00:00,19.21,72.77,7.64,0.07013034697998899
2024-07-02T16:00:00,19.21,72.79,8.22,0.07545437855700386
2024-07-02T16:00:00,19.21,72.81,4.64,0.042592252616118965
2024-07-02T16:00:00,19.21,72.83,3.67,0.03368826877180099
2024-07-02T16:00:00,19.21,72.85,1.27,0.011657793280704976
2024-07-02T16:00:00,19.21,72.87,1.67,0.015329539195887644
2024-07-02T16:00:00,19.21,72.89,0.53,0.004865063337617037
2024-07-02T16:00:00,19.21,72.91,1.92,0.017624380392876813
2024-07-02T16:00:00,19.21,72.93,0.69,0.006333761703690105
2024-07-02T16:00:00,19.21,72.95,2.54,0.023315586561409953
2024-07-02T16:00:00,19.21,72.97,1.2,0.011015237745548008
2024-07-02T16:00:00,19.21,72.99,2.61,0.023958142096566916
2024-07-02T16:00:00,19.23,72.77,1.31,0.012024967872223243
2024-07-02T16:00:00,19.23,72.79,0.5,0.004589682393978336
2024-07-02T16:00:00,19.23,72.81,1.06,0.009730126675234074
2024-07-02T16:00:00,19.23,72.83,3.27,0.030016522856618322
2024-07-02T16:00:00,19.23,72.85,3.34,0.03065907839177529
2024-07-02T16:00:00,19.23,72.87,3.02,0.027721681659629155
2024-07-02T16:00:00,19.23,72.89,2.66,0.02441711033596475
2024-07-02T16:00:00,19.23,72.91,2.35,0.021571507251698183
2024-07-02T16:00:00,19.23,72.93,3.55,0.03258674499724619
2024-07-02T16:00:00,19.23,72.95,0.16,0.0014686983660730677
2024-07-02T16:00:00,19.23,72.97,5.85,0.05369928400954654
2024-07-02T16:00:00,19.23,72.99,1.76,0.016155682026803744
2024-07-02T16:00:00,19.25,72.77,4.38,0.04020561777125023
2024-07-02T16:00:00,19.25,72.79,2.56,0.023499173857169084
2024-07-02T16:00:00,19.25,72.81,1.4,0.012851110703139343
2024-07-02T16:00:00,19.25,72.83,1.94,0.017807967688635948
2024-07-02T16:00:00,19.25,72.85,0.95,0.008720396548558839
2024-07-02T16:00:00,19.25,72.87,1.08,0.009913713970993209
2024-07-02T16:00:00,19.25,72.89,3.29,0.030200110152377457
2024-07-02T16:00:00,19.25,72.91,2.65,0.024325316688085186
2024-07-02T16:00:00,19.25,72.93,0.37,0.003396364971543969
2024-07-02T16:00:00,19.25,72.95,1.03,0.009454745731595373
2024-07-02T16:00:00,19.25,72.97,1.78,0.01633926932256288
2024-07-02T16:00:00,19.25,72.99,2.07,0.019001285111070312
2024-07-02T17:00:00,18.87,72.77,7.22,0.06627501376904718
2024-07-02T17:00:00,18.87,72.79,2.33,0.02138791995593905
2024-07-02T17:00:00,18.87,72.81,0.27,0.002478428492748302
2024-07-02T17:00:00,18.87,72.83,1.95,0.017899761336515514
2024-07-02T17:00:00,18.87,72.85,0.59,0.005415825224894437
2024-07-02T17:00:00,18.87,72.87,1.57,0.014411602717091979
2024-07-02T17:00:00,18.87,72.89,6.51,0.05975766476959794
2024-07-02T17:00:00,18.87,72.91,1.17,0.010739856801909307
2024-07-02T17:00:00,18.87,72.93,3.21,0.02946576096934092
2024-07-02T17:00:00,18.87,72.95,1.7,0.015604920139526345
2024-07-02T17:00:00,18.87,72.97,4.38,0.04020561777125023
2024-07-02T17:00:00,18.87,72.99,2.44,0.02239765008261428
2024-07-02T17:00:00,18.89,72.77,4.29,0.03937947494033413
2024-07-02T17:00:00,18.89,72.79,2.65,0.024325316688085186
2024-07-02T17:00:00,18.89,72.81,1.31,0.012024967872223243
2024-07-02T17:00:00,18.89,72.83,4.68,0.04295942720763723
2024-07-02T17:00:00,18.89,72.85,2.25,0.020653570772902516
2024-07-02T17:00:00,18.89,72.87,1.28,0.011749586928584542
2024-07-02T17:00:00,18.89,72.89,0.98,0.00899577749219754
2024-07-02T17:00:00,18.89,72.91,2.15,0.01973563429410685
2024-07-02T17:00:00,18.89,72.93,3.71,0.03405544336331926
2024-07-02T17:00:00,18.89,72.95,2.34,0.021479713603818614
2024-07-02T17:00:00,18.89,72.97,1.23,0.011290618689186708
2024-07-02T17:00:00,18.89,72.99,2.2,0.020194602533504684
2024-07-02T17:00:00,18.91,72.77,3.67,0.03368826877180099
2024-07-02T17:00:00,18.91,72.79,0.44,0.004038920506700936
2024-07-02T17:00:00,18.91,72.81,0.63,0.005782999816412704
2024-07-02T17:00:00,18.91,72.83,3.14,0.028823205434183957
2024-07-02T17:00:00,18.91,72.85,0.58,0.005324031577014871
2024-07-02T17:00:00,18.91,72.87,1.57,0.014411602717091979
2024-07-02T17:00:00,18.91,72.89,1.94,0.017807967688635948
2024-07-02T17:00:00,18.91,72.91,0.74,0.006792729943087938
2024-07-02T17:00:00,18.91,72.93,1.52,0.013952634477694145
2024-07-02T17:00:00,18.91,72.95,1.85,0.016981824857719846
2024-07-02T17:00:00,18.91,72.97,3.69,0.03387185606756012
2024-07-02T17:00:00,18.91,72.99,3.38,0.031026252983293555
2024-07-02T17:00:00,18.93,72.77,2.58,0.02368276115292822
2024-07-02T17:00:00,18.93,72.79,1.24,0.011382412337066276
2024-07-02T17:00:00,18.93,72.81,4.15,0.0380943638700202
2024-07-02T17:00:00,18.93,72.83,4.13,0.03791077657426106
2024-07-02T17:00:00,18.93,72.85,1.01,0.00927115843583624
2024-07-02T17:00:00,18.93,72.87,2.1,0.019276666054709016
2024-07-02T17:00:00,18.93,72.89,1.25,0.011474205984945841
2024-07-02T17:00:00,18.93,72.91,2.2,0.020194602533504684
2024-07-02T17:00:00,18.93,72.93,0.87,0.007986047365522306
2024-07-02T17:00:00,18.93,72.95,2.92,0.026803745180833487
2024-07-02T17:00:00,18.93,72.97,2.1,0.019276666054709016
2024-07-02T17:00:00,18.93,72.99,0.83,0.0076188727740040384
2024-07-02T17:00:00,18.95,72.77,3.42,0.031393427574811825
2024-07-02T17:00:00,18.95,72.79,1.23,0.011290618689186708
2024-07-02T17:00:00,18.95,72.81,0.34,0.003120984027905269
2024-07-02T17:00:00,18.95,72.83,0.79,0.007251698182485772
2024-07-02T17:00:00,18.95,72.85,3.49,0.032035983109968795
2024-07-02T17:00:00,18.95,72.87,5.2,0.04773269689737471
2024-07-02T17:00:00,18.95,72.89,5.16,0.04736552230585644
2024-07-02T17:00:00,18.95,72.91,1.11,0.01018909491463191
2024-07-02T17:00:00,18.95,72.93,1.47,0.01349366623829631
2024-07-02T17:00:00,18.95,72.95,1.2,0.011015237745548008
2024-07-02T17:00:00,18.95,72.97,1.63,0.014962364604369376
2024-07-02T17:00:00,18.95,72.99,0.48,0.004406095098219203
2024-07-02T17:00:00,18.97,72.77,1.37,0.012575729759500644
2024-07-02T17:00:00,18.97,72.79,2.35,0.021571507251698183
2024-07-02T17:00:00,18.97,72.81,3.69,0.03387185606756012
2024-07-02T17:00:00,18.97,72.83,2.36,0.02166330089957775
2024-07-02T17:00:00,18.97,72.85,1.55,0.014228015421332844
2024-07-02T17:00:00,18.97,72.87,0.77,0.007068110886726639
2024-07-02T17:00:00,18.97,72.89,3.48,0.031944189462089226
2024-07-02T17:00:00,18.97,72.91,0.45,0.0041307141545805035
2024-07-02T17:00:00,18.97,72.93,0.54,0.004956856985496604
2024-07-02T17:00:00,18.97,72.95,2.55,0.023407380209289515
2024-07-02T17:00:00,18.97,72.97,2.75,0.025243253166880853
2024-07-02T17:00:00,18.97,72.99,0.11,0.001009730126675234
2024-07-02T17:00:00,18.99,72.77,1.75,0.01606388837892418
2024-07-02T17:00:00,18.99,72.79,0.28,0.0025702221406278688
2024-07-02T17:00:00,18.99,72.81,1.72,0.015788507435285478
2024-07-02T17:00:00,18.99,72.83,1.41,0.012942904351018908
2024-07-02T17:00:00,18.99,72.85,4.59,0.04213328437672113
2024-07-02T17:00:00,18.99,72.87,2.48,0.02276482467413255
2024-07-02T17:00:00,18.99,72.89,2.48,0.02276482467413255
2024-07-02T17:00:00,18.99,72.91,3.83,0.035156967137874064
2024-07-02T17:00:00,18.99,72.93,3.85,0.035340554433633195
2024-07-02T17:00:00,18.99,72.95,1.86,0.017073618505599415
2024-07-02T17:00:00,18.99,72.97,0.98,0.00899577749219754
2024-07-02T17:00:00,18.99,72.99,2.94,0.02698733247659262
2024-07-02T17:00:00,19.01,72.77,3.66,0.03359647512392143
2024-07-02T17:00:00,19.01,72.79,3.06,0.02808885625114742
2024-07-02T17:00:00,19.01,72.81,2.17,0.01991922158986598
2024-07-02T17:00:00,19.01,72.83,1.66,0.015237745548008077
2024-07-02T17:00:00,19.01,72.85,4.21,0.038645125757297595
2024-07-02T17:00:00,19.01,72.87,1.34,0.012300348815861943
2024-07-02T17:00:00,19.01,72.89,1.02,0.009362952083715808
2024-07-02T17:00:00,19.01,72.91,1.44,0.013218285294657609
2024-07-02T17:00:00,19.01,72.93,0.85,0.0078024600697631724
2024-07-02T17:00:00,19.01,72.95,2.94,0.02698733247659262
2024-07-02T17:00:00,19.01,72.97,1.83,0.016798237561960715
2024-07-02T17:00:00,19.01,72.99,0.25,0.002294841196989168
2024-07-02T17:00:00,19.03,72.77,2.87,0.026344776941435655
2024-07-02T17:00:00,19.03,72.79,1.72,0.015788507435285478
2024-07-02T17:00:00,19.03,72.81,1.99,0.01826693592803378
2024-07-02T17:00:00,19.03,72.83,2.31,0.021204332660179917
2024-07-02T17:00:00,19.03,72.85,1.24,0.011382412337066276
2024-07-02T17:00:00,19.03,72.87,1.03,0.009454745731595373
2024-07-02T17:00:00,19.03,72.89,2.69,0.024692491279603452
2024-07-02T17:00:00,19.03,72.91,0.62,0.005691206168533138
2024-07-02T17:00:00,19.03,72.93,0.77,0.007068110886726639
2024-07-02T17:00:00,19.03,72.95,0.9,0.008261428309161007
2024-07-02T17:00:00,19.03,72.97,3.2,0.02937396732146136
2024-07-02T17:00:00,19.03,72.99,3.78,0.034697998898476225
2024-07-02T17:00:00,19.05,72.77,1.11,0.01018909491463191
2024-07-02T17:00:00,19.05,72.79,0.93,0.008536809252799708
2024-07-02T17:00:00,19.05,72.81,2.16,0.019827427941986418
2024-07-02T17:00:00,19.05,72.83,1.62,0.014870570956489812
2024-07-02T17:00:00,19.05,72.85,3.31,0.03038369744813659
2024-07-02T17:00:00,19.05,72.87,2.6,0.023866348448687354
2024-07-02T17:00:00,19.05,72.89,5.36,0.04920139526344777
2024-07-02T17:00:00,19.05,72.91,0.83,0.0076188727740040384
2024-07-02T17:00:00,19.05,72.93,3.0,0.02753809436387002
2024-07-02T17:00:00,19.05,72.95,1.24,0.011382412337066276
2024-07-02T17:00:00,19.05,72.97,0.71,0.006517348999449238
2024-07-02T17:00:00,19.05,72.99,1.19,0.010923444097668442
2024-07-02T17:00:00,19.07,72.77,1.66,0.015237745548008077
2024-07-02T17:00:00,19.07,72.79,4.42,0.0405727923627685
2024-07-02T17:00:00,19.07,72.81,0.48,0.004406095098219203
2024-07-02T17:00:00,19.07,72.83,1.04,0.00954653937947494
2024-07-02T17:00:00,19.07,72.85,1.97,0.01808334863227465
2024-07-02T17:00:00,19.07,72.87,0.74,0.006792729943087938
2024-07-02T17:00:00,19.07,72.89,5.02,0.0460804112355425
2024-07-02T17:00:00,19.07,72.91,5.42,0.049752157150725174
2024-07-02T17:00:00,19.07,72.93,1.7,0.015604920139526345
2024-07-02T17:00:00,19.07,72.95,2.54,0.023315586561409953
2024-07-02T17:00:00,19.07,72.97,4.17,0.038277951165779325
2024-07-02T17:00:00,19.07,72.99,1.46,0.013401872590416744
2024-07-02T17:00:00,19.09,72.77,3.04,0.02790526895538829
2024-07-02T17:00:00,19.09,72.79,0.74,0.006792729943087938
2024-07-02T17:00:00,19.09,72.81,0.31,0.002845603084266569
2024-07-02T17:00:00,19.09,72.83,3.63,0.03332109418028272
2024-07-02T17:00:00,19.09,72.85,1.75,0.01606388837892418
2024-07-02T17:00:00,19.09,72.87,5.55,0.05094547457315954
2024-07-02T17:00:00,19.09,72.89,1.1,0.010097301266752342
2024-07-02T17:00:00,19.09,72.91,0.58,0.005324031577014871
2024-07-02T17:00:00,19.09,72.93,3.03,0.02781347530750872
2024-07-02T17:00:00,19.09,72.95,4.86,0.04461171286946944
2024-07-02T17:00:00,19.09,72.97,0.61,0.00559941252065357
2024-07-02T17:00:00,19.09,72.99,0.77,0.007068110886726639
2024-07-02T17:00:00,19.11,72.77,5.14,0.0471819350100973
2024-07-02T17:00:00,19.11,72.79,7.47,0.06856985496603635
2024-07-02T17:00:00,19.11,72.81,2.87,0.026344776941435655
2024-07-02T17:00:00,19.11,72.83,1.1,0.010097301266752342
2024-07-02T17:00:00,19.11,72.85,4.31,0.03956306223609326
2024-07-02T17:00:00,19.11,72.87,1.46,0.013401872590416744
2024-07-02T17:00:00,19.11,72.89,1.05,0.009638333027354508
2024-07-02T17:00:00,19.11,72.91,1.16,0.010648063154029741
2024-07-02T17:00:00,19.11,72.93,2.76,0.02533504681476042
2024-07-02T17:00:00,19.11,72.95,1.74,0.015972094731044613
2024-07-02T17:00:00,19.11,72.97,2.32,0.021296126308059483
2024-07-02T17:00:00,19.11,72.99,2.94,0.02698733247659262
2024-07-02T17:00:00,19.13,72.77,1.75,0.01606388837892418
2024-07-02T17:00:00,19.13,72.79,3.99,0.03662566550394713
2024-07-02T17:00:00,19.13,72.81,1.98,0.018175142280154214
2024-07-02T17:00:00,19.13,72.83,1.29,0.01184138057646411
2024-07-02T17:00:00,19.13,72.85,0.5,0.004589682393978336
2024-07-02T17:00:00,19.13,72.87,1.47,0.01349366623829631
2024-07-02T17:00:00,19.13,72.89,4.68,0.04295942720763723
2024-07-02T17:00:00,19.13,72.91,3.04,0.02790526895538829
2024-07-02T17:00:00,19.13,72.93,2.39,0.02193868184321645
2024-07-02T17:00:00,19.13,72.95,0.67,0.0061501744079309716
2024-07-02T17:00:00,19.13,72.97,1.08,0.009913713970993209
2024-07-02T17:00:00,19.13,72.99,2.57,0.02359096750504865
2024-07-02T17:00:00,19.15,72.77,3.9,0.03579952267303103
2024-07-02T17:00:00,19.15,72.79,3.59,0.03295391958876446
2024-07-02T17:00:00,19.15,72.81,2.38,0.021846888195336884
2024-07-02T17:00:00,19.15,72.83,1.0,0.009179364787956673
2024-07-02T17:00:00,19.15,72.85,3.47,0.03185239581420966
2024-07-02T17:00:00,19.15,72.87,1.19,0.010923444097668442
2024-07-02T17:00:00,19.15,72.89,3.35,0.030750872039654858
2024-07-02T17:00:00,19.15,72.91,1.41,0.012942904351018908
2024-07-02T17:00:00,19.15,72.93,5.04,0.046263998531301635
2024-07-02T17:00:00,19.15,72.95,1.25,0.011474205984945841
2024-07-02T17:00:00,19.15,72.97,1.21,0.011107031393427575
2024-07-02T17:00:00,19.15,72.99,1.54,0.014136221773453278
2024-07-02T17:00:00,19.17,72.77,1.11,0.01018909491463191
2024-07-02T17:00:00,19.17,72.79,0.91,0.008353221957040573
2024-07-02T17:00:00,19.17,72.81,1.01,0.00927115843583624
2024-07-02T17:00:00,19.17,72.83,4.58,0.042041490728841564
2024-07-02T17:00:00,19.17,72.85,0.89,0.00816963466128144
2024-07-02T17:00:00,19.17,72.87,1.34,0.012300348815861943
2024-07-02T17:00:00,19.17,72.89,6.95,0.06379658527629889
2024-07-02T17:00:00,19.17,72.91,3.35,0.030750872039654858
2024-07-02T17:00:00,19.17,72.93,3.25,0.02983293556085919
2024-07-02T17:00:00,19.17,72.95,5.92,0.05434183954470351
2024-07-02T17:00:00,19.17,72.97,1.53,0.01404442812557371
2024-07-02T17:00:00,19.17,72.99,0.28,0.0025702221406278688
2024-07-02T17:00:00,19.19,72.77,3.73,0.03423903065907839
2024-07-02T17:00:00,19.19,72.79,1.72,0.015788507435285478
2024-07-02T17:00:00,19.19,72.81,7.73,0.07095648981090509
2024-07-02T17:00:00,19.19,72.83,0.28,0.0025702221406278688
2024-07-02T17:00:00,19.19,72.85,0.84,0.007710666421883606
2024-07-02T17:00:00,19.19,72.87,1.15,0.010556269506150174
2024-07-02T17:00:00,19.19,72.89,1.67,0.015329539195887644
2024-07-02T17:00:00,19.19,72.91,0.53,0.004865063337617037
2024-07-02T17:00:00,19.19,72.93,2.23,0.02046998347714338
2024-07-02T17:00:00,19.19,72.95,1.01,0.00927115843583624
2024-07-02T17:00:00,19.19,72.97,3.32,0.030475491096016154
2024-07-02T17:00:00,19.19,72.99,4.08,0.03745180833486323
2024-07-02T17:00:00,19.21,72.77,1.62,0.014870570956489812
2024-07-02T17:00:00,19.21,72.79,2.96,0.027170919772351754
2024-07-02T17:00:00,19.21,72.81,1.97,0.01808334863227465
2024-07-02T17:00:00,19.21,72.83,1.81,0.01661465026620158
2024-07-02T17:00:00,19.21,72.85,0.53,0.004865063337617037
2024-07-02T17:00:00,19.21,72.87,1.65,0.015145951900128511
2024-07-02T17:00:00,19.21,72.89,3.33,0.030567284743895723
2024-07-02T17:00:00,19.21,72.91,2.31,0.021204332660179917
2024-07-02T17:00:00,19.21,72.93,0.79,0.007251698182485772
2024-07-02T17:00:00,19.21,72.95,0.48,0.004406095098219203
2024-07-02T17:00:00,19.21,72.97,1.46,0.013401872590416744
2024-07-02T17:00:00,19.21,72.99,0.88,0.008077841013401872
2024-07-02T17:00:00,19.23,72.77,1.24,0.011382412337066276
2024-07-02T17:00:00,19.23,72.79,1.11,0.01018909491463191
2024-07-02T17:00:00,19.23,72.81,1.99,0.01826693592803378
2024-07-02T17:00:00,19.23,72.83,2.93,0.026895538828713057
2024-07-02T17:00:00,19.23,72.85,0.97,0.008903983844317974
2024-07-02T17:00:00,19.23,72.87,0.92,0.00844501560492014
2024-07-02T17:00:00,19.23,72.89,0.6,0.005507618872774004
2024-07-02T17:00:00,19.23,72.91,1.99,0.01826693592803378
2024-07-02T17:00:00,19.23,72.93,3.15,0.02891499908206352
2024-07-02T17:00:00,19.23,72.95,1.54,0.014136221773453278
2024-07-02T17:00:00,19.23,72.97,2.54,0.023315586561409953
2024-07-02T17:00:00,19.23,72.99,3.58,0.03286212594088489
2024-07-02T17:00:00,19.25,72.77,2.51,0.02304020561777125
2024-07-02T17:00:00,19.25,72.79,0.96,0.008812190196438406
2024-07-02T17:00:00,19.25,72.81,0.84,0.007710666421883606
2024-07-02T17:00:00,19.25,72.83,0.95,0.008720396548558839
2024-07-02T17:00:00,19.25,72.85,5.95,0.05461722048834221
2024-07-02T17:00:00,19.25,72.87,6.91,0.06342941068478061
2024-07-02T17:00:00,19.25,72.89,1.33,0.012208555167982376
2024-07-02T17:00:00,19.25,72.91,3.7,0.03396364971543969
2024-07-02T17:00:00,19.25,72.93,4.08,0.03745180833486323
2024-07-02T17:00:00,19.25,72.95,0.49,0.00449788874609877
2024-07-02T17:00:00,19.25,72.97,5.07,0.046539379474940336
2024-07-02T17:00:00,19.25,72.99,1.34,0.012300348815861943
2024-07-02T18:00:00,18.87,72.77,1.26,0.011565999632825409
2024-07-02T18:00:00,18.87,72.79,0.54,0.004956856985496604
2024-07-02T18:00:00,18.87,72.81,4.8,0.04406095098219203
2024-07-02T18:00:00,18.87,72.83,1.54,0.014136221773453278
2024-07-02T18:00:00,18.87,72.85,4.24,0.038920506700936296
2024-07-02T18:00:00,18.87,72.87,3.17,0.029098586377822654
2024-07-02T18:00:00,18.87,72.89,1.03,0.009454745731595373
2024-07-02T18:00:00,18.87,72.91,1.43,0.013126491646778043
2024-07-02T18:00:00,18.87,72.93,0.76,0.0069763172388470724
2024-07-02T18:00:00,18.87,72.95,0.82,0.007527079126124472
2024-07-02T18:00:00,18.87,72.97,1.74,0.015972094731044613
2024-07-02T18:00:00,18.87,72.99,2.12,0.019460253350468148
2024-07-02T18:00:00,18.89,72.77,0.26,0.002386634844868735
2024-07-02T18:00:00,18.89,72.79,0.26,0.002386634844868735
2024-07-02T18:00:00,18.89,72.81,0.99,0.009087571140077107
2024-07-02T18:00:00,18.89,72.83,1.8,0.016522856618322014
2024-07-02T18:00:00,18.89,72.85,3.42,0.031393427574811825
2024-07-02T18:00:00,18.89,72.87,1.45,0.013310078942537176
2024-07-02T18:00:00,18.89,72.89,1.11,0.01018909491463191
2024-07-02T18:00:00,18.89,72.91,2.01,0.01845052322379291
2024-07-02T18:00:00,18.89,72.93,0.61,0.00559941252065357
2024-07-02T18:00:00,18.89,72.95,1.36,0.012483936111621076
2024-07-02T18:00:00,18.89,72.97,1.13,0.01037268221039104
2024-07-02T18:00:00,18.89,72.99,1.4,0.012851110703139343
2024-07-02T18:00:00,18.91,72.77,3.52,0.03231136405360749
2024-07-02T18:00:00,18.91,72.79,0.31,0.002845603084266569
2024-07-02T18:00:00,18.91,72.81,1.41,0.012942904351018908
2024-07-02T18:00:00,18.91,72.83,2.48,0.02276482467413255
2024-07-02T18:00:00,18.91,72.85,2.05,0.018817697815311177
2024-07-02T18:00:00,18.91,72.87,0.31,0.002845603084266569
2024-07-02T18:00:00,18.91,72.89,0.23,0.002111253901230035
2024-07-02T18:00:00,18.91,72.91,2.14,0.019643840646227283
2024-07-02T18:00:00,18.91,72.93,0.27,0.002478428492748302
2024-07-02T18:00:00,18.91,72.95,1.38,0.01266752340738021
2024-07-02T18:00:00,18.91,72.97,2.66,0.02441711033596475
2024-07-02T18:00:00,18.91,72.99,0.34,0.003120984027905269
2024-07-02T18:00:00,18.93,72.77,4.79,0.04396915733431247
2024-07-02T18:00:00,18.93,72.79,2.44,0.02239765008261428
2024-07-02T18:00:00,18.93,72.81,7.81,0.07169083899394162
2024-07-02T18:00:00,18.93,72.83,0.99,0.009087571140077107
2024-07-02T18:00:00,18.93,72.85,3.53,0.03240315770148706
2024-07-02T18:00:00,18.93,72.87,1.03,0.009454745731595373
2024-07-02T18:00:00,18.93,72.89,1.39,0.012759317055259775
2024-07-02T18:00:00,18.93,72.91,0.76,0.0069763172388470724
2024-07-02T18:00:00,18.93,72.93,1.29,0.01184138057646411
2024-07-02T18:00:00,18.93,72.95,2.46,0.022581237378373416
2024-07-02T18:00:00,18.93,72.97,3.87,0.035524141729392326
2024-07-02T18:00:00,18.93,72.99,0.59,0.005415825224894437
2024-07-02T18:00:00,18.95,72.77,1.83,0.016798237561960715
2024-07-02T18:00:00,18.95,72.79,0.98,0.00899577749219754
2024-07-02T18:00:00,18.95,72.81,1.79,0.016431062970442445
2024-07-02T18:00:00,18.95,72.83,3.08,0.028272443546906556
2024-07-02T18:00:00,18.95,72.85,0.97,0.008903983844317974
2024-07-02T18:00:00,18.95,72.87,1.94,0.017807967688635948
2024-07-02T18:00:00,18.95,72.89,0.61,0.00559941252065357
2024-07-02T18:00:00,18.95,72.91,2.97,0.027262713420231323
2024-07-02T18:00:00,18.95,72.93,2.27,0.02083715806866165
2024-07-02T18:00:00,18.95,72.95,0.67,0.0061501744079309716
2024-07-02T18:00:00,18.95,72.97,0.65,0.005966587112171838
2024-07-02T18:00:00,18.95,72.99,3.2,0.02937396732146136
2024-07-02T18:00:00,18.97,72.77,5.83,0.053515696713787406
2024-07-02T18:00:00,18.97,72.79,0.84,0.007710666421883606
2024-07-02T18:00:00,18.97,72.81,2.89,0.026528364237194787
2024-07-02T18:00:00,18.97,72.83,1.11,0.01018909491463191
2024-07-02T18:00:00,18.97,72.85,3.67,0.03368826877180099
2024-07-02T18:00:00,18.97,72.87,1.1,0.010097301266752342
2024-07-02T18:00:00,18.97,72.89,2.23,0.02046998347714338
2024-07-02T18:00:00,18.97,72.91,1.49,0.013677253534055444
2024-07-02T18:00:00,18.97,72.93,0.15,0.001376904718193501
2024-07-02T18:00:00,18.97,72.95,0.62,0.005691206168533138
2024-07-02T18:00:00,18.97,72.97,2.05,0.018817697815311177
2024-07-02T18:00:00,18.97,72.99,1.85,0.016981824857719846
2024-07-02T18:00:00,18.99,72.77,1.97,0.01808334863227465
2024-07-02T18:00:00,18.99,72.79,4.85,0.04451991922158986
2024-07-02T18:00:00,18.99,72.81,2.75,0.025243253166880853
2024-07-02T18:00:00,18.99,72.83,2.45,0.02248944373049385
2024-07-02T18:00:00,18.99,72.85,0.16,0.0014686983660730677
2024-07-02T18:00:00,18.99,72.87,2.64,0.02423352304020562
2024-07-02T18:00:00,18.99,72.89,0.32,0.0029373967321461355
2024-07-02T18:00:00,18.99,72.91,1.32,0.01211676152010281
2024-07-02T18:00:00,18.99,72.93,0.31,0.002845603084266569
2024-07-02T18:00:00,18.99,72.95,1.82,0.016706443914081145
2024-07-02T18:00:00,18.99,72.97,2.74,0.025151459519001287
2024-07-02T18:00:00,18.99,72.99,1.16,0.010648063154029741
2024-07-02T18:00:00,19.01,72.77,1.53,0.01404442812557371
2024-07-02T18:00:00,19.01,72.79,0.68,0.006241968055810538
2024-07-02T18:00:00,19.01,72.81,3.23,0.029649348265100055
2024-07-02T18:00:00,19.01,72.83,0.38,0.0034881586194235362
2024-07-02T18:00:00,19.01,72.85,1.59,0.014595190012851112
2024-07-02T18:00:00,19.01,72.87,1.28,0.011749586928584542
2024-07-02T18:00:00,19.01,72.89,1.79,0.016431062970442445
2024-07-02T18:00:00,19.01,72.91,2.35,0.021571507251698183
2024-07-02T18:00:00,19.01,72.93,1.15,0.010556269506150174
2024-07-02T18:00:00,19.01,72.95,2.44,0.02239765008261428
2024-07-02T18:00:00,19.01,72.97,1.22,0.01119882504130714
2024-07-02T18:00:00,19.01,72.99,1.6,0.01468698366073068
2024-07-02T18:00:00,19.03,72.77,0.6,0.005507618872774004
2024-07-02T18:00:00,19.03,72.79,1.1,0.010097301266752342
2024-07-02T18:00:00,19.03,72.81,0.31,0.002845603084266569
2024-07-02T18:00:00,19.03,72.83,1.53,0.01404442812557371
2024-07-02T18:00:00,19.03,72.85,2.42,0.02221406278685515
2024-07-02T18:00:00,19.03,72.87,1.17,0.010739856801909307
2024-07-02T18:00:00,19.03,72.89,1.26,0.011565999632825409
2024-07-02T18:00:00,19.03,72.91,1.78,0.01633926932256288
2024-07-02T18:00:00,19.03,72.93,1.88,0.017257205801358547
2024-07-02T18:00:00,19.03,72.95,0.25,0.002294841196989168
2024-07-02T18:00:00,19.03,72.97,0.76,0.0069763172388470724
2024-07-02T18:00:00,19.03,72.99,0.29,0.0026620157885074353
2024-07-02T18:00:00,19.05,72.77,1.16,0.010648063154029741
2024-07-02T18:00:00,19.05,72.79,4.27,0.03919588764457499
2024-07-02T18:00:00,19.05,72.81,2.58,0.02368276115292822
2024-07-02T18:00:00,19.05,72.83,1.44,0.013218285294657609
2024-07-02T18:00:00,19.05,72.85,4.67,0.042867633559757666
2024-07-02T18:00:00,19.05,72.87,1.73,0.015880301083165044
2024-07-02T18:00:00,19.05,72.89,6.08,0.05581053791077658
2024-07-02T18:00:00,19.05,72.91,1.47,0.01349366623829631
2024-07-02T18:00:00,19.05,72.93,0.79,0.007251698182485772
2024-07-02T18:00:00,19.05,72.95,0.45,0.0041307141545805035
2024-07-02T18:00:00,19.05,72.97,2.01,0.01845052322379291
2024-07-02T18:00:00,19.05,72.99,0.89,0.00816963466128144
2024-07-02T18:00:00,19.07,72.77,1.76,0.016155682026803744
2024-07-02T18:00:00,19.07,72.79,2.19,0.020102808885625115
2024-07-02T18:00:00,19.07,72.81,0.72,0.006609142647328804
2024-07-02T18:00:00,19.07,72.83,1.8,0.016522856618322014
2024-07-02T18:00:00,19.07,72.85,1.22,0.01119882504130714
2024-07-02T18:00:00,19.07,72.87,0.35,0.0032127776757848356
2024-07-02T18:00:00,19.07,72.89,2.0,0.018358729575913346
2024-07-02T18:00:00,19.07,72.91,2.14,0.019643840646227283
2024-07-02T18:00:00,19.07,72.93,3.16,0.02900679272994309
2024-07-02T18:00:00,19.07,72.95,0.46,0.00422250780246007
2024-07-02T18:00:00,19.07,72.97,4.67,0.042867633559757666
2024-07-02T18:00:00,19.07,72.99,0.65,0.005966587112171838
2024-07-02T18:00:00,19.09,72.77,0.21,0.0019276666054709015
2024-07-02T18:00:00,19.09,72.79,1.58,0.014503396364971544
2024-07-02T18:00:00,19.09,72.81,1.98,0.018175142280154214
2024-07-02T18:00:00,19.09,72.83,1.29,0.01184138057646411
2024-07-02T18:00:00,19.09,72.85,0.5,0.004589682393978336
2024-07-02T18:00:00,19.09,72.87,0.94,0.008628602900679273
2024-07-02T18:00:00,19.09,72.89,1.72,0.015788507435285478
2024-07-02T18:00:00,19.09,72.91,5.41,0.049660363502845604
2024-07-02T18:00:00,19.09,72.93,0.48,0.004406095098219203
2024-07-02T18:00:00,19.09,72.95,0.77,0.007068110886726639
2024-07-02T18:00:00,19.09,72.97,0.36,0.003304571323664402
2024-07-02T18:00:00,19.09,72.99,0.9,0.008261428309161007
2024-07-02T18:00:00,19.11,72.77,1.49,0.013677253534055444
2024-07-02T18:00:00,19.11,72.79,3.09,0.028364237194786122
2024-07-02T18:00:00,19.11,72.81,1.93,0.01771617404075638
2024-07-02T18:00:00,19.11,72.83,3.91,0.035891316320910596
2024-07-02T18:00:00,19.11,72.85,1.38,0.01266752340738021
2024-07-02T18:00:00,19.11,72.87,0.03,0.0002753809436387002
2024-07-02T18:00:00,19.11,72.89,1.8,0.016522856618322014
2024-07-02T18:00:00,19.11,72.91,0.24,0.0022030475491096016
2024-07-02T18:00:00,19.11,72.93,2.55,0.023407380209289515
2024-07-02T18:00:00,19.11,72.95,1.24,0.011382412337066276
2024-07-02T18:00:00,19.11,72.97,0.73,0.006700936295208372
2024-07-02T18:00:00,19.11,72.99,0.41,0.003763539563062236
2024-07-02T18:00:00,19.13,72.77,1.04,0.00954653937947494
2024-07-02T18:00:00,19.13,72.79,1.44,0.013218285294657609
2024-07-02T18:00:00,19.13,72.81,5.05,0.0463557921791812
2024-07-02T18:00:00,19.13,72.83,1.27,0.011657793280704976
2024-07-02T18:00:00,19.13,72.85,1.67,0.015329539195887644
2024-07-02T18:00:00,19.13,72.87,1.27,0.011657793280704976
2024-07-02T18:00:00,19.13,72.89,1.6,0.01468698366073068
2024-07-02T18:00:00,19.13,72.91,1.5,0.01376904718193501
2024-07-02T18:00:00,19.13,72.93,1.28,0.011749586928584542
2024-07-02T18:00:00,19.13,72.95,0.72,0.006609142647328804
2024-07-02T18:00:00,19.13,72.97,2.06,0.018909491463190747
2024-07-02T18:00:00,19.13,72.99,0.46,0.00422250780246007
2024-07-02T18:00:00,19.15,72.77,2.28,0.020928951716541213
2024-07-02T18:00:00,19.15,72.79,2.56,0.023499173857169084
2024-07-02T18:00:00,19.15,72.81,0.21,0.0019276666054709015
2024-07-02T18:00:00,19.15,72.83,0.49,0.00449788874609877
2024-07-02T18:00:00,19.15,72.85,0.23,0.002111253901230035
2024-07-02T18:00:00,19.15,72.87,3.26,0.029924729208738753
2024-07-02T18:00:00,19.15,72.89,0.86,0.007894253717642739
2024-07-02T18:00:00,19.15,72.91,3.01,0.027629888011749586
2024-07-02T18:00:00,19.15,72.93,0.98,0.00899577749219754
2024-07-02T18:00:00,19.15,72.95,0.51,0.004681476041857904
2024-07-02T18:00:00,19.15,72.97,0.68,0.006241968055810538
2024-07-02T18:00:00,19.15,72.99,1.38,0.01266752340738021
2024-07-02T18:00:00,19.17,72.77,2.62,0.024049935744446485
2024-07-02T18:00:00,19.17,72.79,1.56,0.014319809069212411
2024-07-02T18:00:00,19.17,72.81,2.86,0.026252983293556086
2024-07-02T18:00:00,19.17,72.83,1.25,0.011474205984945841
2024-07-02T18:00:00,19.17,72.85,1.33,0.012208555167982376
2024-07-02T18:00:00,19.17,72.87,0.7,0.006425555351569671
2024-07-02T18:00:00,19.17,72.89,0.62,0.005691206168533138
2024-07-02T18:00:00,19.17,72.91,2.29,0.021020745364420782
2024-07-02T18:00:00,19.17,72.93,0.49,0.00449788874609877
2024-07-02T18:00:00,19.17,72.95,0.96,0.008812190196438406
2024-07-02T18:00:00,19.17,72.97,2.25,0.020653570772902516
2024-07-02T18:00:00,19.17,72.99,0.25,0.002294841196989168
2024-07-02T18:00:00,19.19,72.77,3.82,0.035065173489994494
2024-07-02T18:00:00,19.19,72.79,0.63,0.005782999816412704
2024-07-02T18:00:00,19.19,72.81,3.6,0.03304571323664403
2024-07-02T18:00:00,19.19,72.83,0.54,0.004956856985496604
2024-07-02T18:00:00,19.19,72.85,2.45,0.02248944373049385
2024-07-02T18:00:00,19.19,72.87,0.85,0.0078024600697631724
2024-07-02T18:00:00,19.19,72.89,4.68,0.04295942720763723
2024-07-02T18:00:00,19.19,72.91,1.08,0.009913713970993209
2024-07-02T18:00:00,19.19,72.93,0.43,0.0039471268588213695
2024-07-02T18:00:00,19.19,72.95,1.83,0.016798237561960715
2024-07-02T18:00:00,19.19,72.97,0.85,0.0078024600697631724
2024-07-02T18:00:00,19.19,72.99,1.9,0.017440793097117678
2024-07-02T18:00:00,19.21,72.77,3.79,0.034789792546355794
2024-07-02T18:00:00,19.21,72.79,2.71,0.024876078575362587
2024-07-02T18:00:00,19.21,72.81,0.28,0.0025702221406278688
2024-07-02T18:00:00,19.21,72.83,0.53,0.004865063337617037
2024-07-02T18:00:00,19.21,72.85,1.71,0.015696713787405912
2024-07-02T18:00:00,19.21,72.87,1.8,0.016522856618322014
2024-07-02T18:00:00,19.21,72.89,0.4,0.00367174591518267
2024-07-02T18:00:00,19.21,72.91,0.53,0.004865063337617037
2024-07-02T18:00:00,19.21,72.93,3.25,0.02983293556085919
2024-07-02T18:00:00,19.21,72.95,0.71,0.006517348999449238
2024-07-02T18:00:00,19.21,72.97,2.06,0.018909491463190747
2024-07-02T18:00:00,19.21,72.99,2.66,0.02441711033596475
2024-07-02T18:00:00,19.23,72.77,0.86,0.007894253717642739
2024-07-02T18:00:00,19.23,72.79,1.41,0.012942904351018908
2024-07-02T18:00:00,19.23,72.81,2.46,0.022581237378373416
2024-07-02T18:00:00,19.23,72.83,0.27,0.002478428492748302
2024-07-02T18:00:00,19.23,72.85,1.11,0.01018909491463191
2024-07-02T18:00:00,19.23,72.87,3.19,0.02928217367358179
2024-07-02T18:00:00,19.23,72.89,1.73,0.015880301083165044
2024-07-02T18:00:00,19.23,72.91,1.7,0.015604920139526345
2024-07-02T18:00:00,19.23,72.93,2.5,0.022948411969891683
2024-07-02T18:00:00,19.23,72.95,0.78,0.007159904534606206
2024-07-02T18:00:00,19.23,72.97,0.49,0.00449788874609877
2024-07-02T18:00:00,19.23,72.99,1.51,0.013860840829814577
2024-07-02T18:00:00,19.25,72.77,1.03,0.009454745731595373
2024-07-02T18:00:00,19.25,72.79,0.95,0.008720396548558839
2024-07-02T18:00:00,19.25,72.81,0.56,0.0051404442812557375
2024-07-02T18:00:00,19.25,72.83,2.07,0.019001285111070312
2024-07-02T18:00:00,19.25,72.85,1.18,0.010831650449788875
2024-07-02T18:00:00,19.25,72.87,0.53,0.004865063337617037
2024-07-02T18:00:00,19.25,72.89,2.71,0.024876078575362587
2024-07-02T18:00:00,19.25,72.91,0.98,0.00899577749219754
2024-07-02T18:00:00,19.25,72.93,1.88,0.017257205801358547
2024-07-02T18:00:00,19.25,72.95,3.73,0.03423903065907839
2024-07-02T18:00:00,19.25,72.97,2.49,0.02285661832201212
2024-07-02T18:00:00,19.25,72.99,3.35,0.030750872039654858
2024-07-02T19:00:00,18.87,72.77,2.33,0.02138791995593905
2024-07-02T19:00:00,18.87,72.79,0.9,0.008261428309161007
2024-07-02T19:00:00,18.87,72.81,0.54,0.004956856985496604
2024-07-02T19:00:00,18.87,72.83,0.82,0.007527079126124472
2024-07-02T19:00:00,18.87,72.85,0.84,0.007710666421883606
2024-07-02T19:00:00,18.87,72.87,2.45,0.02248944373049385
2024-07-02T19:00:00,18.87,72.89,0.67,0.0061501744079309716
2024-07-02T19:00:00,18.87,72.91,0.3,0.002753809436387002
2024-07-02T19:00:00,18.87,72.93,1.14,0.010464475858270606
2024-07-02T19:00:00,18.87,72.95,0.98,0.00899577749219754
2024-07-02T19:00:00,18.87,72.97,0.47,0.004314301450339637
2024-07-02T19:00:00,18.87,72.99,0.66,0.006058380760051405
2024-07-02T19:00:00,18.89,72.77,3.29,0.030200110152377457
2024-07-02T19:00:00,18.89,72.79,1.64,0.015054158252248944
2024-07-02T19:00:00,18.89,72.81,0.85,0.0078024600697631724
2024-07-02T19:00:00,18.89,72.83,0.54,0.004956856985496604
2024-07-02T19:00:00,18.89,72.85,3.99,0.03662566550394713
2024-07-02T19:00:00,18.89,72.87,3.26,0.029924729208738753
2024-07-02T19:00:00,18.89,72.89,1.89,0.017348999449238112
2024-07-02T19:00:00,18.89,72.91,0.82,0.007527079126124472
2024-07-02T19:00:00,18.89,72.93,0.47,0.004314301450339637
2024-07-02T19:00:00,18.89,72.95,0.47,0.004314301450339637
2024-07-02T19:00:00,18.89,72.97,0.77,0.007068110886726639
2024-07-02T19:00:00,18.89,72.99,0.61,0.00559941252065357
2024-07-02T19:00:00,18.91,72.77,1.16,0.010648063154029741
2024-07-02T19:00:00,18.91,72.79,1.08,0.009913713970993209
2024-07-02T19:00:00,18.91,72.81,0.47,0.004314301450339637
2024-07-02T19:00:00,18.91,72.83,0.47,0.004314301450339637
2024-07-02T19:00:00,18.91,72.85,0.81,0.007435285478244906
2024-07-02T19:00:00,18.91,72.87,0.95,0.008720396548558839
2024-07-02T19:00:00,18.91,72.89,2.64,0.02423352304020562
2024-07-02T19:00:00,18.91,72.91,1.21,0.011107031393427575
2024-07-02T19:00:00,18.91,72.93,1.16,0.010648063154029741
2024-07-02T19:00:00,18.91,72.95,1.2,0.011015237745548008
2024-07-02T19:00:00,18.91,72.97,2.07,0.019001285111070312
2024-07-02T19:00:00,18.91,72.99,7.61,0.06985496603635029
2024-07-02T19:00:00,18.93,72.77,0.74,0.006792729943087938
2024-07-02T19:00:00,18.93,72.79,4.12,0.03781898292638149
2024-07-02T19:00:00,18.93,72.81,0.29,0.0026620157885074353
2024-07-02T19:00:00,18.93,72.83,0.84,0.007710666421883606
2024-07-02T19:00:00,18.93,72.85,0.4,0.00367174591518267
2024-07-02T19:00:00,18.93,72.87,1.66,0.015237745548008077
2024-07-02T19:00:00,18.93,72.89,1.97,0.01808334863227465
2024-07-02T19:00:00,18.93,72.91,0.3,0.002753809436387002
2024-07-02T19:00:00,18.93,72.93,2.05,0.018817697815311177
2024-07-02T19:00:00,18.93,72.95,1.23,0.011290618689186708
2024-07-02T19:00:00,18.93,72.97,1.68,0.015421332843767212
2024-07-02T19:00:00,18.93,72.99,2.16,0.019827427941986418
2024-07-02T19:00:00,18.95,72.77,1.95,0.017899761336515514
2024-07-02T19:00:00,18.95,72.79,0.28,0.0025702221406278688
2024-07-02T19:00:00,18.95,72.81,0.8,0.00734349183036534
2024-07-02T19:00:00,18.95,72.83,0.31,0.002845603084266569
2024-07-02T19:00:00,18.95,72.85,0.13,0.0011933174224343676
2024-07-02T19:00:00,18.95,72.87,0.37,0.003396364971543969
2024-07-02T19:00:00,18.95,72.89,0.77,0.007068110886726639
2024-07-02T19:00:00,18.95,72.91,3.36,0.030842665687534424
2024-07-02T19:00:00,18.95,72.93,0.94,0.008628602900679273
2024-07-02T19:00:00,18.95,72.95,1.23,0.011290618689186708
2024-07-02T19:00:00,18.95,72.97,0.6,0.005507618872774004
2024-07-02T19:00:00,18.95,72.99,0.77,0.007068110886726639
2024-07-02T19:00:00,18.97,72.77,1.24,0.011382412337066276
2024-07-02T19:00:00,18.97,72.79,0.92,0.00844501560492014
2024-07-02T19:00:00,18.97,72.81,1.67,0.015329539195887644
2024-07-02T19:00:00,18.97,72.83,0.63,0.005782999816412704
2024-07-02T19:00:00,18.97,72.85,0.28,0.0025702221406278688
2024-07-02T19:00:00,18.97,72.87,0.21,0.0019276666054709015
2024-07-02T19:00:00,18.97,72.89,1.86,0.017073618505599415
2024-07-02T19:00:00,18.97,72.91,0.06,0.0005507618872774004
2024-07-02T19:00:00,18.97,72.93,0.8,0.00734349183036534
2024-07-02T19:00:00,18.97,72.95,0.35,0.0032127776757848356
2024-07-02T19:00:00,18.97,72.97,1.44,0.013218285294657609
2024-07-02T19:00:00,18.97,72.99,0.91,0.008353221957040573
2024-07-02T19:00:00,18.99,72.77,1.2,0.011015237745548008
2024-07-02T19:00:00,18.99,72.79,1.24,0.011382412337066276
2024-07-02T19:00:00,18.99,72.81,1.17,0.010739856801909307
2024-07-02T19:00:00,18.99,72.83,0.28,0.0025702221406278688
2024-07-02T19:00:00,18.99,72.85,0.71,0.006517348999449238
2024-07-02T19:00:00,18.99,72.87,0.48,0.004406095098219203
2024-07-02T19:00:00,18.99,72.89,0.55,0.005048650633376171
2024-07-02T19:00:00,18.99,72.91,1.05,0.009638333027354508
2024-07-02T19:00:00,18.99,72.93,1.8,0.016522856618322014
2024-07-02T19:00:00,18.99,72.95,1.72,0.015788507435285478
2024-07-02T19:00:00,18.99,72.97,1.13,0.01037268221039104
2024-07-02T19:00:00,18.99,72.99,0.65,0.005966587112171838
2024-07-02T19:00:00,19.01,72.77,1.2,0.011015237745548008
2024-07-02T19:00:00,19.01,72.79,1.9,0.017440793097117678
2024-07-02T19:00:00,19.01,72.81,0.6,0.005507618872774004
2024-07-02T19:00:00,19.01,72.83,1.06,0.009730126675234074
2024-07-02T19:00:00,19.01,72.85,0.67,0.0061501744079309716
2024-07-02T19:00:00,19.01,72.87,0.55,0.005048650633376171
2024-07-02T19:00:00,19.01,72.89,0.94,0.008628602900679273
2024-07-02T19:00:00,19.01,72.91,0.7,0.006425555351569671
2024-07-02T19:00:00,19.01,72.93,1.18,0.010831650449788875
2024-07-02T19:00:00,19.01,72.95,0.68,0.006241968055810538
2024-07-02T19:00:00,19.01,72.97,0.81,0.007435285478244906
2024-07-02T19:00:00,19.01,72.99,0.24,0.0022030475491096016
2024-07-02T19:00:00,19.03,72.77,2.02,0.01854231687167248
2024-07-02T19:00:00,19.03,72.79,1.98,0.018175142280154214
2024-07-02T19:00:00,19.03,72.81,0.52,0.00477326968973747
2024-07-02T19:00:00,19.03,72.83,0.54,0.004956856985496604
2024-07-02T19:00:00,19.03,72.85,1.16,0.010648063154029741
2024-07-02T19:00:00,19.03,72.87,0.67,0.0061501744079309716
2024-07-02T19:00:00,19.03,72.89,1.2,0.011015237745548008
2024-07-02T19:00:00,19.03,72.91,2.44,0.02239765008261428
2024-07-02T19:00:00,19.03,72.93,0.47,0.004314301450339637
2024-07-02T19:00:00,19.03,72.95,1.71,0.015696713787405912
2024-07-02T19:00:00,19.03,72.97,0.39,0.003579952267303103
2024-07-02T19:00:00,19.03,72.99,0.5,0.004589682393978336
2024-07-02T19:00:00,19.05,72.77,1.32,0.01211676152010281
2024-07-02T19:00:00,19.05,72.79,1.71,0.015696713787405912
2024-07-02T19:00:00,19.05,72.81,2.69,0.024692491279603452
2024-07-02T19:00:00,19.05,72.83,3.24,0.029741141912979625
2024-07-02T19:00:00,19.05,72.85,0.81,0.007435285478244906
2024-07-02T19:00:00,19.05,72.87,1.0,0.009179364787956673
2024-07-02T19:00:00,19.05,72.89,1.25,0.011474205984945841
2024-07-02T19:00:00,19.05,72.91,0.92,0.00844501560492014
2024-07-02T19:00:00,19.05,72.93,0.74,0.006792729943087938
2024-07-02T19:00:00,19.05,72.95,0.59,0.005415825224894437
2024-07-02T19:00:00,19.05,72.97,1.41,0.012942904351018908
2024-07-02T19:00:00,19.05,72.99,2.24,0.02056177712502295
2024-07-02T19:00:00,19.07,72.77,0.27,0.002478428492748302
2024-07-02T19:00:00,19.07,72.79,0.94,0.008628602900679273
2024-07-02T19:00:00,19.07,72.81,0.26,0.002386634844868735
2024-07-02T19:00:00,19.07,72.83,1.56,0.014319809069212411
2024-07-02T19:00:00,19.07,72.85,0.56,0.0051404442812557375
2024-07-02T19:00:00,19.07,72.87,2.27,0.02083715806866165
2024-07-02T19:00:00,19.07,72.89,0.87,0.007986047365522306
2024-07-02T19:00:00,19.07,72.91,1.43,0.013126491646778043
2024-07-02T19:00:00,19.07,72.93,0.46,0.00422250780246007
2024-07-02T19:00:00,19.07,72.95,1.02,0.009362952083715808
2024-07-02T19:00:00,19.07,72.97,1.0,0.009179364787956673
2024-07-02T19:00:00,19.07,72.99,1.2,0.011015237745548008
2024-07-02T19:00:00,19.09,72.77,0.69,0.006333761703690105
2024-07-02T19:00:00,19.09,72.79,2.39,0.02193868184321645
2024-07-02T19:00:00,19.09,72.81,1.39,0.012759317055259775
2024-07-02T19:00:00,19.09,72.83,2.55,0.023407380209289515
2024-07-02T19:00:00,19.09,72.85,0.28,0.0025702221406278688
2024-07-02T19:00:00,19.09,72.87,1.12,0.010280888562511475
2024-07-02T19:00:00,19.09,72.89,0.85,0.0078024600697631724
2024-07-02T19:00:00,19.09,72.91,2.99,0.027446300715990454
2024-07-02T19:00:00,19.09,72.93,1.48,0.013585459886175877
2024-07-02T19:00:00,19.09,72.95,0.9,0.008261428309161007
2024-07-02T19:00:00,19.09,72.97,1.37,0.012575729759500644
2024-07-02T19:00:00,19.09,72.99,0.63,0.005782999816412704
2024-07-02T19:00:00,19.11,72.77,1.58,0.014503396364971544
2024-07-02T19:00:00,19.11,72.79,4.8,0.04406095098219203
2024-07-02T19:00:00,19.11,72.81,0.68,0.006241968055810538
2024-07-02T19:00:00,19.11,72.83,1.16,0.010648063154029741
2024-07-02T19:00:00,19.11,72.85,0.54,0.004956856985496604
2024-07-02T19:00:00,19.11,72.87,0.45,0.0041307141545805035
2024-07-02T19:00:00,19.11,72.89,1.83,0.016798237561960715
2024-07-02T19:00:00,19.11,72.91,0.35,0.0032127776757848356
2024-07-02T19:00:00,19.11,72.93,1.28,0.011749586928584542
2024-07-02T19:00:00,19.11,72.95,1.65,0.015145951900128511
2024-07-02T19:00:00,19.11,72.97,0.66,0.006058380760051405
2024-07-02T19:00:00,19.11,72.99,2.12,0.019460253350468148
2024-07-02T19:00:00,19.13,72.77,2.56,0.023499173857169084
2024-07-02T19:00:00,19.13,72.79,0.81,0.007435285478244906
2024-07-02T19:00:00,19.13,72.81,0.33,0.0030291903800257025
2024-07-02T19:00:00,19.13,72.83,1.51,0.013860840829814577
2024-07-02T19:00:00,19.13,72.85,0.98,0.00899577749219754
2024-07-02T19:00:00,19.13,72.87,1.15,0.010556269506150174
2024-07-02T19:00:00,19.13,72.89,1.39,0.012759317055259775
2024-07-02T19:00:00,19.13,72.91,0.25,0.002294841196989168
2024-07-02T19:00:00,19.13,72.93,0.65,0.005966587112171838
2024-07-02T19:00:00,19.13,72.95,2.69,0.024692491279603452
2024-07-02T19:00:00,19.13,72.97,1.07,0.009821920323113641
2024-07-02T19:00:00,19.13,72.99,1.34,0.012300348815861943
2024-07-02T19:00:00,19.15,72.77,1.27,0.011657793280704976
2024-07-02T19:00:00,19.15,72.79,1.63,0.014962364604369376
2024-07-02T19:00:00,19.15,72.81,2.37,0.021755094547457318
2024-07-02T19:00:00,19.15,72.83,0.15,0.001376904718193501
2024-07-02T19:00:00,19.15,72.85,1.75,0.01606388837892418
2024-07-02T19:00:00,19.15,72.87,0.96,0.008812190196438406
2024-07-02T19:00:00,19.15,72.89,1.87,0.01716541215347898
2024-07-02T19:00:00,19.15,72.91,0.72,0.006609142647328804
2024-07-02T19:00:00,19.15,72.93,0.68,0.006241968055810538
2024-07-02T19:00:00,19.15,72.95,0.32,0.0029373967321461355
2024-07-02T19:00:00,19.15,72.97,0.89,0.00816963466128144
2024-07-02T19:00:00,19.15,72.99,0.29,0.0026620157885074353
2024-07-02T19:00:00,19.17,72.77,1.06,0.009730126675234074
2024-07-02T19:00:00,19.17,72.79,1.28,0.011749586928584542
2024-07-02T19:00:00,19.17,72.81,0.61,0.00559941252065357
2024-07-02T19:00:00,19.17,72.83,0.24,0.0022030475491096016
2024-07-02T19:00:00,19.17,72.85,0.18,0.001652285661832201
2024-07-02T19:00:00,19.17,72.87,0.43,0.0039471268588213695
2024-07-02T19:00:00,19.17,72.89,0.16,0.0014686983660730677
2024-07-02T19:00:00,19.17,72.91,1.08,0.009913713970993209
2024-07-02T19:00:00,19.17,72.93,4.12,0.03781898292638149
2024-07-02T19:00:00,19.17,72.95,0.32,0.0029373967321461355
2024-07-02T19:00:00,19.17,72.97,4.61,0.042316871672480265
2024-07-02T19:00:00,19.17,72.99,0.98,0.00899577749219754
2024-07-02T19:00:00,19.19,72.77,1.46,0.013401872590416744
2024-07-02T19:00:00,19.19,72.79,0.27,0.002478428492748302
2024-07-02T19:00:00,19.19,72.81,1.26,0.011565999632825409
2024-07-02T19:00:00,19.19,72.83,0.69,0.006333761703690105
2024-07-02T19:00:00,19.19,72.85,2.86,0.026252983293556086
2024-07-02T19:00:00,19.19,72.87,0.17,0.0015604920139526345
2024-07-02T19:00:00,19.19,72.89,0.66,0.006058380760051405
2024-07-02T19:00:00,19.19,72.91,0.48,0.004406095098219203
2024-07-02T19:00:00,19.19,72.93,1.23,0.011290618689186708
2024-07-02T19:00:00,19.19,72.95,0.07,0.0006425555351569672
2024-07-02T19:00:00,19.19,72.97,2.48,0.02276482467413255
2024-07-02T19:00:00,19.19,72.99,1.14,0.010464475858270606
2024-07-02T19:00:00,19.21,72.77,1.39,0.012759317055259775
2024-07-02T19:00:00,19.21,72.79,0.4,0.00367174591518267
2024-07-02T19:00:00,19.21,72.81,1.92,0.017624380392876813
2024-07-02T19:00:00,19.21,72.83,1.73,0.015880301083165044
2024-07-02T19:00:00,19.21,72.85,2.39,0.02193868184321645
2024-07-02T19:00:00,19.21,72.87,0.8,0.00734349183036534
2024-07-02T19:00:00,19.21,72.89,0.22,0.002019460253350468
2024-07-02T19:00:00,19.21,72.91,0.56,0.0051404442812557375
2024-07-02T19:00:00,19.21,72.93,1.85,0.016981824857719846
2024-07-02T19:00:00,19.21,72.95,0.62,0.005691206168533138
2024-07-02T19:00:00,19.21,72.97,3.24,0.029741141912979625
2024-07-02T19:00:00,19.21,72.99,1.61,0.014778777308610245
2024-07-02T19:00:00,19.23,72.77,3.74,0.03433082430695796
2024-07-02T19:00:00,19.23,72.79,0.79,0.007251698182485772
2024-07-02T19:00:00,19.23,72.81,1.51,0.013860840829814577
2024-07-02T19:00:00,19.23,72.83,0.46,0.00422250780246007
2024-07-02T19:00:00,19.23,72.85,1.92,0.017624380392876813
2024-07-02T19:00:00,19.23,72.87,1.47,0.01349366623829631
2024-07-02T19:00:00,19.23,72.89,1.69,0.015513126491646777
2024-07-02T19:00:00,19.23,72.91,0.73,0.006700936295208372
2024-07-02T19:00:00,19.23,72.93,1.06,0.009730126675234074
2024-07-02T19:00:00,19.23,72.95,1.0,0.009179364787956673
2024-07-02T19:00:00,19.23,72.97,0.69,0.006333761703690105
2024-07-02T19:00:00,19.23,72.99,1.06,0.009730126675234074
2024-07-02T19:00:00,19.25,72.77,1.54,0.014136221773453278
2024-07-02T19:00:00,19.25,72.79,1.7,0.015604920139526345
2024-07-02T19:00:00,19.25,72.81,0.81,0.007435285478244906
2024-07-02T19:00:00,19.25,72.83,1.89,0.017348999449238112
2024-07-02T19:00:00,19.25,72.85,1.76,0.016155682026803744
2024-07-02T19:00:00,19.25,72.87,1.54,0.014136221773453278
2024-07-02T19:00:00,19.25,72.89,1.86,0.017073618505599415
2024-07-02T19:00:00,19.25,72.91,0.86,0.007894253717642739
2024-07-02T19:00:00,19.25,72.93,0.36,0.003304571323664402
2024-07-02T19:00:00,19.25,72.95,1.59,0.014595190012851112
2024-07-02T19:00:00,19.25,72.97,0.59,0.005415825224894437
2024-07-02T19:00:00,19.25,72.99,0.21,0.0019276666054709015
2024-07-02T20:00:00,18.87,72.77,0.56,0.0051404442812557375
2024-07-02T20:00:00,18.87,72.79,0.96,0.008812190196438406
2024-07-02T20:00:00,18.87,72.81,2.06,0.018909491463190747
2024-07-02T20:00:00,18.87,72.83,1.05,0.009638333027354508
2024-07-02T20:00:00,18.87,72.85,1.43,0.013126491646778043
2024-07-02T20:00:00,18.87,72.87,1.25,0.011474205984945841
2024-07-02T20:00:00,18.87,72.89,0.94,0.008628602900679273
2024-07-02T20:00:00,18.87,72.91,0.59,0.005415825224894437
2024-07-02T20:00:00,18.87,72.93,0.3,0.002753809436387002
2024-07-02T20:00:00,18.87,72.95,2.63,0.02414172939232605
2024-07-02T20:00:00,18.87,72.97,0.45,0.0041307141545805035
2024-07-02T20:00:00,18.87,72.99,0.55,0.005048650633376171
2024-07-02T20:00:00,18.89,72.77,0.8,0.00734349183036534
2024-07-02T20:00:00,18.89,72.79,0.54,0.004956856985496604
2024-07-02T20:00:00,18.89,72.81,1.19,0.010923444097668442
2024-07-02T20:00:00,18.89,72.83,0.52,0.00477326968973747
2024-07-02T20:00:00,18.89,72.85,0.61,0.00559941252065357
2024-07-02T20:00:00,18.89,72.87,0.46,0.00422250780246007
2024-07-02T20:00:00,18.89,72.89,0.58,0.005324031577014871
2024-07-02T20:00:00,18.89,72.91,0.26,0.002386634844868735
2024-07-02T20:00:00,18.89,72.93,0.2,0.001835872957591335
2024-07-02T20:00:00,18.89,72.95,2.02,0.01854231687167248
2024-07-02T20:00:00,18.89,72.97,1.27,0.011657793280704976
2024-07-02T20:00:00,18.89,72.99,1.75,0.01606388837892418
2024-07-02T20:00:00,18.91,72.77,2.39,0.02193868184321645
2024-07-02T20:00:00,18.91,72.79,0.4,0.00367174591518267
2024-07-02T20:00:00,18.91,72.81,2.06,0.018909491463190747
2024-07-02T20:00:00,18.91,72.83,1.65,0.015145951900128511
2024-07-02T20:00:00,18.91,72.85,0.6,0.005507618872774004
2024-07-02T20:00:00,18.91,72.87,0.99,0.009087571140077107
2024-07-02T20:00:00,18.91,72.89,1.34,0.012300348815861943
2024-07-02T20:00:00,18.91,72.91,1.12,0.010280888562511475
2024-07-02T20:00:00,18.91,72.93,0.66,0.006058380760051405
2024-07-02T20:00:00,18.91,72.95,0.8,0.00734349183036534
2024-07-02T20:00:00,18.91,72.97,0.97,0.008903983844317974
2024-07-02T20:00:00,18.91,72.99,0.51,0.004681476041857904
2024-07-02T20:00:00,18.93,72.77,1.33,0.012208555167982376
2024-07-02T20:00:00,18.93,72.79,0.48,0.004406095098219203
2024-07-02T20:00:00,18.93,72.81,2.1,0.019276666054709016
2024-07-02T20:00:00,18.93,72.83,1.6,0.01468698366073068
2024-07-02T20:00:00,18.93,72.85,1.42,0.013034697998898476
2024-07-02T20:00:00,18.93,72.87,1.02,0.009362952083715808
2024-07-02T20:00:00,18.93,72.89,0.89,0.00816963466128144
2024-07-02T20:00:00,18.93,72.91,1.5,0.01376904718193501
2024-07-02T20:00:00,18.93,72.93,0.28,0.0025702221406278688
2024-07-02T20:00:00,18.93,72.95,0.36,0.003304571323664402
2024-07-02T20:00:00,18.93,72.97,1.07,0.009821920323113641
2024-07-02T20:00:00,18.93,72.99,0.67,0.0061501744079309716
2024-07-02T20:00:00,18.95,72.77,0.56,0.0051404442812557375
2024-07-02T20:00:00,18.95,72.79,1.83,0.016798237561960715
2024-07-02T20:00:00,18.95,72.81,0.92,0.00844501560492014
2024-07-02T20:00:00,18.95,72.83,1.04,0.00954653937947494
2024-07-02T20:00:00,18.95,72.85,1.71,0.015696713787405912
2024-07-02T20:00:00,18.95,72.87,0.69,0.006333761703690105
2024-07-02T20:00:00,18.95,72.89,2.6,0.023866348448687354
2024-07-02T20:00:00,18.95,72.91,0.31,0.002845603084266569
2024-07-02T20:00:00,18.95,72.93,1.54,0.014136221773453278
2024-07-02T20:00:00,18.95,72.95,0.47,0.004314301450339637
2024-07-02T20:00:00,18.95,72.97,1.33,0.012208555167982376
2024-07-02T20:00:00,18.95,72.99,0.39,0.003579952267303103
2024-07-02T20:00:00,18.97,72.77,0.24,0.0022030475491096016
2024-07-02T20:00:00,18.97,72.79,1.64,0.015054158252248944
2024-07-02T20:00:00,18.97,72.81,0.64,0.005874793464292271
2024-07-02T20:00:00,18.97,72.83,0.23,0.002111253901230035
2024-07-02T20:00:00,18.97,72.85,1.56,0.014319809069212411
2024-07-02T20:00:00,18.97,72.87,0.91,0.008353221957040573
2024-07-02T20:00:00,18.97,72.89,0.57,0.005232237929135303
2024-07-02T20:00:00,18.97,72.91,0.98,0.00899577749219754
2024-07-02T20:00:00,18.97,72.93,0.65,0.005966587112171838
2024-07-02T20:00:00,18.97,72.95,0.58,0.005324031577014871
2024-07-02T20:00:00,18.97,72.97,1.23,0.011290618689186708
2024-07-02T20:00:00,18.97,72.99,0.82,0.007527079126124472
2024-07-02T20:00:00,18.99,72.77,0.48,0.004406095098219203
2024-07-02T20:00:00,18.99,72.79,0.86,0.007894253717642739
2024-07-02T20:00:00,18.99,72.81,1.45,0.013310078942537176
2024-07-02T20:00:00,18.99,72.83,0.33,0.0030291903800257025
2024-07-02T20:00:00,18.99,72.85,1.79,0.016431062970442445
2024-07-02T20:00:00,18.99,72.87,0.89,0.00816963466128144
2024-07-02T20:00:00,18.99,72.89,0.82,0.007527079126124472
2024-07-02T20:00:00,18.99,72.91,0.84,0.007710666421883606
2024-07-02T20:00:00,18.99,72.93,2.12,0.019460253350468148
2024-07-02T20:00:00,18.99,72.95,0.71,0.006517348999449238
2024-07-02T20:00:00,18.99,72.97,0.54,0.004956856985496604
2024-07-02T20:00:00,18.99,72.99,0.63,0.005782999816412704
2024-07-02T20:00:00,19.01,72.77,1.7,0.015604920139526345
2024-07-02T20:00:00,19.01,72.79,1.35,0.01239214246374151
2024-07-02T20:00:00,19.01,72.81,0.84,0.007710666421883606
2024-07-02T20:00:00,19.01,72.83,3.17,0.029098586377822654
2024-07-02T20:00:00,19.01,72.85,1.17,0.010739856801909307
2024-07-02T20:00:00,19.01,72.87,0.37,0.003396364971543969
2024-07-02T20:00:00,19.01,72.89,0.11,0.001009730126675234
2024-07-02T20:00:00,19.01,72.91,1.17,0.010739856801909307
2024-07-02T20:00:00,19.01,72.93,0.59,0.005415825224894437
2024-07-02T20:00:00,19.01,72.95,0.19,0.0017440793097117681
2024-07-02T20:00:00,19.01,72.97,0.65,0.005966587112171838
2024-07-02T20:00:00,19.01,72.99,1.15,0.010556269506150174
2024-07-02T20:00:00,19.03,72.77,0.78,0.007159904534606206
2024-07-02T20:00:00,19.03,72.79,0.84,0.007710666421883606
2024-07-02T20:00:00,19.03,72.81,0.1,0.0009179364787956674
2024-07-02T20:00:00,19.03,72.83,1.29,0.01184138057646411
2024-07-02T20:00:00,19.03,72.85,0.17,0.0015604920139526345
2024-07-02T20:00:00,19.03,72.87,0.49,0.00449788874609877
2024-07-02T20:00:00,19.03,72.89,0.93,0.008536809252799708
2024-07-02T20:00:00,19.03,72.91,0.39,0.003579952267303103
2024-07-02T20:00:00,19.03,72.93,0.45,0.0041307141545805035
2024-07-02T20:00:00,19.03,72.95,0.85,0.0078024600697631724
2024-07-02T20:00:00,19.03,72.97,0.88,0.008077841013401872
2024-07-02T20:00:00,19.03,72.99,0.71,0.006517348999449238
2024-07-02T20:00:00,19.05,72.77,0.1,0.0009179364787956674
2024-07-02T20:00:00,19.05,72.79,0.14,0.0012851110703139344
2024-07-02T20:00:00,19.05,72.81,1.59,0.014595190012851112
2024-07-02T20:00:00,19.05,72.83,0.61,0.00559941252065357
2024-07-02T20:00:00,19.05,72.85,3.43,0.031485221222691394
2024-07-02T20:00:00,19.05,72.87,0.92,0.00844501560492014
2024-07-02T20:00:00,19.05,72.89,2.57,0.02359096750504865
2024-07-02T20:00:00,19.05,72.91,0.64,0.005874793464292271
2024-07-02T20:00:00,19.05,72.93,0.49,0.00449788874609877
2024-07-02T20:00:00,19.05,72.95,1.14,0.010464475858270606
2024-07-02T20:00:00,19.05,72.97,1.53,0.01404442812557371
2024-07-02T20:00:00,19.05,72.99,0.6,0.005507618872774004
2024-07-02T20:00:00,19.07,72.77,1.39,0.012759317055259775
2024-07-02T20:00:00,19.07,72.79,0.18,0.001652285661832201
2024-07-02T20:00:00,19.07,72.81,0.4,0.00367174591518267
2024-07-02T20:00:00,19.07,72.83,1.1,0.010097301266752342
2024-07-02T20:00:00,19.07,72.85,0.59,0.005415825224894437
2024-07-02T20:00:00,19.07,72.87,0.95,0.008720396548558839
2024-07-02T20:00:00,19.07,72.89,1.04,0.00954653937947494
2024-07-02T20:00:00,19.07,72.91,1.14,0.010464475858270606
2024-07-02T20:00:00,19.07,72.93,1.37,0.012575729759500644
2024-07-02T20:00:00,19.07,72.95,1.36,0.012483936111621076
2024-07-02T20:00:00,19.07,72.97,0.28,0.0025702221406278688
2024-07-02T20:00:00,19.07,72.99,0.61,0.00559941252065357
2024-07-02T20:00:00,19.09,72.77,0.77,0.007068110886726639
2024-07-02T20:00:00,19.09,72.79,0.82,0.007527079126124472
2024-07-02T20:00:00,19.09,72.81,0.67,0.0061501744079309716
2024-07-02T20:00:00,19.09,72.83,0.82,0.007527079126124472
2024-07-02T20:00:00,19.09,72.85,0.48,0.004406095098219203
2024-07-02T20:00:00,19.09,72.87,1.39,0.012759317055259775
2024-07-02T20:00:00,19.09,72.89,1.04,0.00954653937947494
2024-07-02T20:00:00,19.09,72.91,0.44,0.004038920506700936
2024-07-02T20:00:00,19.09,72.93,0.74,0.006792729943087938
2024-07-02T20:00:00,19.09,72.95,2.27,0.02083715806866165
2024-07-02T20:00:00,19.09,72.97,0.29,0.0026620157885074353
2024-07-02T20:00:00,19.09,72.99,0.34,0.003120984027905269
2024-07-02T20:00:00,19.11,72.77,1.65,0.015145951900128511
2024-07-02T20:00:00,19.11,72.79,2.36,0.02166330089957775
2024-07-02T20:00:00,19.11,72.81,1.06,0.009730126675234074
2024-07-02T20:00:00,19.11,72.83,0.87,0.007986047365522306
2024-07-02T20:00:00,19.11,72.85,0.27,0.002478428492748302
2024-07-02T20:00:00,19.11,72.87,0.54,0.004956856985496604
2024-07-02T20:00:00,19.11,72.89,0.51,0.004681476041857904
2024-07-02T20:00:00,19.11,72.91,0.52,0.00477326968973747
2024-07-02T20:00:00,19.11,72.93,0.39,0.003579952267303103
2024-07-02T20:00:00,19.11,72.95,0.23,0.002111253901230035
2024-07-02T20:00:00,19.11,72.97,1.13,0.01037268221039104
2024-07-02T20:00:00,19.11,72.99,0.91,0.008353221957040573
2024-07-02T20:00:00,19.13,72.77,0.29,0.0026620157885074353
2024-07-02T20:00:00,19.13,72.79,0.89,0.00816963466128144
2024-07-02T20:00:00,19.13,72.81,0.65,0.005966587112171838
2024-07-02T20:00:00,19.13,72.83,2.41,0.022122269138975584
2024-07-02T20:00:00,19.13,72.85,1.83,0.016798237561960715
2024-07-02T20:00:00,19.13,72.87,2.28,0.020928951716541213
2024-07-02T20:00:00,19.13,72.89,0.52,0.00477326968973747
2024-07-02T20:00:00,19.13,72.91,0.14,0.0012851110703139344
2024-07-02T20:00:00,19.13,72.93,0.28,0.0025702221406278688
2024-07-02T20:00:00,19.13,72.95,0.5,0.004589682393978336
2024-07-02T20:00:00,19.13,72.97,0.58,0.005324031577014871
2024-07-02T20:00:00,19.13,72.99,2.07,0.019001285111070312
2024-07-02T20:00:00,19.15,72.77,1.59,0.014595190012851112
2024-07-02T20:00:00,19.15,72.79,1.14,0.010464475858270606
2024-07-02T20:00:00,19.15,72.81,1.95,0.017899761336515514
2024-07-02T20:00:00,19.15,72.83,1.21,0.011107031393427575
2024-07-02T20:00:00,19.15,72.85,1.36,0.012483936111621076
2024-07-02T20:00:00,19.15,72.87,0.61,0.00559941252065357
2024-07-02T20:00:00,19.15,72.89,0.2,0.001835872957591335
2024-07-02T20:00:00,19.15,72.91,0.16,0.0014686983660730677
2024-07-02T20:00:00,19.15,72.93,0.16,0.0014686983660730677
2024-07-02T20:00:00,19.15,72.95,1.14,0.010464475858270606
2024-07-02T20:00:00,19.15,72.97,0.36,0.003304571323664402
2024-07-02T20:00:00,19.15,72.99,0.54,0.004956856985496604
2024-07-02T20:00:00,19.17,72.77,0.27,0.002478428492748302
2024-07-02T20:00:00,19.17,72.79,1.84,0.01689003120984028
2024-07-02T20:00:00,19.17,72.81,0.83,0.0076188727740040384
2024-07-02T20:00:00,19.17,72.83,0.96,0.008812190196438406
2024-07-02T20:00:00,19.17,72.85,1.01,0.00927115843583624
2024-07-02T20:00:00,19.17,72.87,1.07,0.009821920323113641
2024-07-02T20:00:00,19.17,72.89,1.67,0.015329539195887644
2024-07-02T20:00:00,19.17,72.91,1.21,0.011107031393427575
2024-07-02T20:00:00,19.17,72.93,0.31,0.002845603084266569
2024-07-02T20:00:00,19.17,72.95,0.35,0.0032127776757848356
2024-07-02T20:00:00,19.17,72.97,3.53,0.03240315770148706
2024-07-02T20:00:00,19.17,72.99,1.35,0.01239214246374151
2024-07-02T20:00:00,19.19,72.77,3.52,0.03231136405360749
2024-07-02T20:00:00,19.19,72.79,0.72,0.006609142647328804
2024-07-02T20:00:00,19.19,72.81,2.29,0.021020745364420782
2024-07-02T20:00:00,19.19,72.83,1.16,0.010648063154029741
2024-07-02T20:00:00,19.19,72.85,0.98,0.00899577749219754
2024-07-02T20:00:00,19.19,72.87,0.79,0.007251698182485772
2024-07-02T20:00:00,19.19,72.89,1.34,0.012300348815861943
2024-07-02T20:00:00,19.19,72.91,1.09,0.010005507618872774
2024-07-02T20:00:00,19.19,72.93,0.63,0.005782999816412704
2024-07-02T20:00:00,19.19,72.95,0.44,0.004038920506700936
2024-07-02T20:00:00,19.19,72.97,0.63,0.005782999816412704
2024-07-02T20:00:00,19.19,72.99,0.69,0.006333761703690105
2024-07-02T20:00:00,19.21,72.77,0.65,0.005966587112171838
2024-07-02T20:00:00,19.21,72.79,0.41,0.003763539563062236
2024-07-02T20:00:00,19.21,72.81,0.88,0.008077841013401872
2024-07-02T20:00:00,19.21,72.83,1.09,0.010005507618872774
2024-07-02T20:00:00,19.21,72.85,0.97,0.008903983844317974
2024-07-02T20:00:00,19.21,72.87,0.29,0.0026620157885074353
2024-07-02T20:00:00,19.21,72.89,2.22,0.02037818982926382
2024-07-02T20:00:00,19.21,72.91,2.53,0.023223792913530383
2024-07-02T20:00:00,19.21,72.93,1.14,0.010464475858270606
2024-07-02T20:00:00,19.21,72.95,1.29,0.01184138057646411
2024-07-02T20:00:00,19.21,72.97,0.84,0.007710666421883606
2024-07-02T20:00:00,19.21,72.99,0.9,0.008261428309161007
2024-07-02T20:00:00,19.23,72.77,0.18,0.001652285661832201
2024-07-02T20:00:00,19.23,72.79,0.8,0.00734349183036534
2024-07-02T20:00:00,19.23,72.81,0.79,0.007251698182485772
2024-07-02T20:00:00,19.23,72.83,2.72,0.024967872223242153
2024-07-02T20:00:00,19.23,72.85,0.63,0.005782999816412704
2024-07-02T20:00:00,19.23,72.87,2.25,0.020653570772902516
2024-07-02T20:00:00,19.23,72.89,0.77,0.007068110886726639
2024-07-02T20:00:00,19.23,72.91,0.53,0.004865063337617037
2024-07-02T20:00:00,19.23,72.93,0.16,0.0014686983660730677
2024-07-02T20:00:00,19.23,72.95,0.91,0.008353221957040573
2024-07-02T20:00:00,19.23,72.97,0.37,0.003396364971543969
2024-07-02T20:00:00,19.23,72.99,0.17,0.0015604920139526345
2024-07-02T20:00:00,19.25,72.77,1.39,0.012759317055259775
2024-07-02T20:00:00,19.25,72.79,1.13,0.01037268221039104
2024-07-02T20:00:00,19.25,72.81,1.17,0.010739856801909307
2024-07-02T20:00:00,19.25,72.83,0.82,0.007527079126124472
2024-07-02T20:00:00,19.25,72.85,0.46,0.00422250780246007
2024-07-02T20:00:00,19.25,72.87,0.32,0.0029373967321461355
2024-07-02T20:00:00,19.25,72.89,2.02,0.01854231687167248
2024-07-02T20:00:00,19.25,72.91,1.23,0.011290618689186708
2024-07-02T20:00:00,19.25,72.93,1.43,0.013126491646778043
2024-07-02T20:00:00,19.25,72.95,0.64,0.005874793464292271
2024-07-02T20:00:00,19.25,72.97,0.36,0.003304571323664402
2024-07-02T20:00:00,19.25,72.99,0.33,0.0030291903800257025
2024-07-02T21:00:00,18.87,72.77,0.69,0.006333761703690105
2024-07-02T21:00:00,18.87,72.79,0.34,0.003120984027905269
2024-07-02T21:00:00,18.87,72.81,0.11,0.001009730126675234
2024-07-02T21:00:00,18.87,72.83,0.89,0.00816963466128144
2024-07-02T21:00:00,18.87,72.85,1.13,0.01037268221039104
2024-07-02T21:00:00,18.87,72.87,0.36,0.003304571323664402
2024-07-02T21:00:00,18.87,72.89,0.13,0.0011933174224343676
2024-07-02T21:00:00,18.87,72.91,0.61,0.00559941252065357
2024-07-02T21:00:00,18.87,72.93,0.47,0.004314301450339637
2024-07-02T21:00:00,18.87,72.95,0.39,0.003579952267303103
2024-07-02T21:00:00,18.87,72.97,0.7,0.006425555351569671
2024-07-02T21:00:00,18.87,72.99,0.55,0.005048650633376171
2024-07-02T21:00:00,18.89,72.77,0.87,0.007986047365522306
2024-07-02T21:00:00,18.89,72.79,0.66,0.006058380760051405
2024-07-02T21:00:00,18.89,72.81,0.33,0.0030291903800257025
2024-07-02T21:00:00,18.89,72.83,0.3,0.002753809436387002
2024-07-02T21:00:00,18.89,72.85,0.58,0.005324031577014871
2024-07-02T21:00:00,18.89,72.87,1.05,0.009638333027354508
2024-07-02T21:00:00,18.89,72.89,0.59,0.005415825224894437
2024-07-02T21:00:00,18.89,72.91,0.32,0.0029373967321461355
2024-07-02T21:00:00,18.89,72.93,0.6,0.005507618872774004
2024-07-02T21:00:00,18.89,72.95,0.61,0.00559941252065357
2024-07-02T21:00:00,18.89,72.97,0.28,0.0025702221406278688
2024-07-02T21:00:00,18.89,72.99,1.7,0.015604920139526345
2024-07-02T21:00:00,18.91,72.77,1.16,0.010648063154029741
2024-07-02T21:00:00,18.91,72.79,0.56,0.0051404442812557375
2024-07-02T21:00:00,18.91,72.81,1.96,0.01799155498439508
2024-07-02T21:00:00,18.91,72.83,0.76,0.0069763172388470724
2024-07-02T21:00:00,18.91,72.85,0.7,0.006425555351569671
2024-07-02T21:00:00,18.91,72.87,1.4,0.012851110703139343
2024-07-02T21:00:00,18.91,72.89,0.99,0.009087571140077107
2024-07-02T21:00:00,18.91,72.91,0.76,0.0069763172388470724
2024-07-02T21:00:00,18.91,72.93,0.39,0.003579952267303103
2024-07-02T21:00:00,18.91,72.95,0.52,0.00477326968973747
2024-07-02T21:00:00,18.91,72.97,0.45,0.0041307141545805035
2024-07-02T21:00:00,18.91,72.99,0.3,0.002753809436387002
2024-07-02T21:00:00,18.93,72.77,2.66,0.02441711033596475
2024-07-02T21:00:00,18.93,72.79,1.14,0.010464475858270606
2024-07-02T21:00:00,18.93,72.81,0.52,0.00477326968973747
2024-07-02T21:00:00,18.93,72.83,0.78,0.007159904534606206
2024-07-02T21:00:00,18.93,72.85,0.52,0.00477326968973747
2024-07-02T21:00:00,18.93,72.87,0.29,0.0026620157885074353
2024-07-02T21:00:00,18.93,72.89,0.1,0.0009179364787956674
2024-07-02T21:00:00,18.93,72.91,0.75,0.006884523590967505
2024-07-02T21:00:00,18.93,72.93,0.54,0.004956856985496604
2024-07-02T21:00:00,18.93,72.95,1.13,0.01037268221039104
2024-07-02T21:00:00,18.93,72.97,0.33,0.0030291903800257025
2024-07-02T21:00:00,18.93,72.99,1.09,0.010005507618872774
2024-07-02T21:00:00,18.95,72.77,1.51,0.013860840829814577
2024-07-02T21:00:00,18.95,72.79,1.23,0.011290618689186708
2024-07-02T21:00:00,18.95,72.81,1.07,0.009821920323113641
2024-07-02T21:00:00,18.95,72.83,0.56,0.0051404442812557375
2024-07-02T21:00:00,18.95,72.85,1.24,0.011382412337066276
2024-07-02T21:00:00,18.95,72.87,1.08,0.009913713970993209
2024-07-02T21:00:00,18.95,72.89,0.61,0.00559941252065357
2024-07-02T21:00:00,18.95,72.91,0.13,0.0011933174224343676
2024-07-02T21:00:00,18.95,72.93,0.44,0.004038920506700936
2024-07-02T21:00:00,18.95,72.95,1.03,0.009454745731595373
2024-07-02T21:00:00,18.95,72.97,0.65,0.005966587112171838
2024-07-02T21:00:00,18.95,72.99,0.36,0.003304571323664402
2024-07-02T21:00:00,18.97,72.77,0.68,0.006241968055810538
2024-07-02T21:00:00,18.97,72.79,0.69,0.006333761703690105
2024-07-02T21:00:00,18.97,72.81,0.31,0.002845603084266569
2024-07-02T21:00:00,18.97,72.83,0.41,0.003763539563062236
2024-07-02T21:00:00,18.97,72.85,2.25,0.020653570772902516
2024-07-02T21:00:00,18.97,72.87,0.03,0.0002753809436387002
2024-07-02T21:00:00,18.97,72.89,0.57,0.005232237929135303
2024-07-02T21:00:00,18.97,72.91,1.07,0.009821920323113641
2024-07-02T21:00:00,18.97,72.93,0.55,0.005048650633376171
2024-07-02T21:00:00,18.97,72.95,0.33,0.0030291903800257025
2024-07-02T21:00:00,18.97,72.97,0.4,0.00367174591518267
2024-07-02T21:00:00,18.97,72.99,1.65,0.015145951900128511
2024-07-02T21:00:00,18.99,72.77,1.05,0.009638333027354508
2024-07-02T21:00:00,18.99,72.79,0.97,0.008903983844317974
2024-07-02T21:00:00,18.99,72.81,0.58,0.005324031577014871
2024-07-02T21:00:00,18.99,72.83,0.72,0.006609142647328804
2024-07-02T21:00:00,18.99,72.85,0.25,0.002294841196989168
2024-07-02T21:00:00,18.99,72.87,1.92,0.017624380392876813
2024-07-02T21:00:00,18.99,72.89,0.93,0.008536809252799708
2024-07-02T21:00:00,18.99,72.91,0.56,0.0051404442812557375
2024-07-02T21:00:00,18.99,72.93,0.61,0.00559941252065357
2024-07-02T21:00:00,18.99,72.95,0.76,0.0069763172388470724
2024-07-02T21:00:00,18.99,72.97,0.22,0.002019460253350468
2024-07-02T21:00:00,18.99,72.99,0.41,0.003763539563062236
2024-07-02T21:00:00,19.01,72.77,0.29,0.0026620157885074353
2024-07-02T21:00:00,19.01,72.79,1.05,0.009638333027354508
2024-07-02T21:00:00,19.01,72.81,0.2,0.001835872957591335
2024-07-02T21:00:00,19.01,72.83,0.28,0.0025702221406278688
2024-07-02T21:00:00,19.01,72.85,1.06,0.009730126675234074
2024-07-02T21:00:00,19.01,72.87,0.69,0.006333761703690105
2024-07-02T21:00:00,19.01,72.89,1.67,0.015329539195887644
2024-07-02T21:00:00,19.01,72.91,0.44,0.004038920506700936
2024-07-02T21:00:00,19.01,72.93,0.48,0.004406095098219203
2024-07-02T21:00:00,19.01,72.95,1.36,0.012483936111621076
2024-07-02T21:00:00,19.01,72.97,1.12,0.010280888562511475
2024-07-02T21:00:00,19.01,72.99,0.94,0.008628602900679273
2024-07-02T21:00:00,19.03,72.77,0.36,0.003304571323664402
2024-07-02T21:00:00,19.03,72.79,0.38,0.0034881586194235362
2024-07-02T21:00:00,19.03,72.81,0.59,0.005415825224894437
2024-07-02T21:00:00,19.03,72.83,0.57,0.005232237929135303
2024-07-02T21:00:00,19.03,72.85,0.33,0.0030291903800257025
2024-07-02T21:00:00,19.03,72.87,0.44,0.004038920506700936
2024-07-02T21:00:00,19.03,72.89,0.55,0.005048650633376171
2024-07-02T21:00:00,19.03,72.91,1.13,0.01037268221039104
2024-07-02T21:00:00,19.03,72.93,1.32,0.01211676152010281
2024-07-02T21:00:00,19.03,72.95,0.85,0.0078024600697631724
2024-07-02T21:00:00,19.03,72.97,0.14,0.0012851110703139344
2024-07-02T21:00:00,19.03,72.99,1.15,0.010556269506150174
2024-07-02T21:00:00,19.05,72.77,1.07,0.009821920323113641
2024-07-02T21:00:00,19.05,72.79,1.2,0.011015237745548008
2024-07-02T21:00:00,19.05,72.81,0.36,0.003304571323664402
2024-07-02T21:00:00,19.05,72.83,1.59,0.014595190012851112
2024-07-02T21:00:00,19.05,72.85,0.51,0.004681476041857904
2024-07-02T21:00:00,19.05,72.87,0.32,0.0029373967321461355
2024-07-02T21:00:00,19.05,72.89,0.96,0.008812190196438406
2024-07-02T21:00:00,19.05,72.91,0.53,0.004865063337617037
2024-07-02T21:00:00,19.05,72.93,0.85,0.0078024600697631724
2024-07-02T21:00:00,19.05,72.95,0.4,0.00367174591518267
2024-07-02T21:00:00,19.05,72.97,0.21,0.0019276666054709015
2024-07-02T21:00:00,19.05,72.99,0.38,0.0034881586194235362
2024-07-02T21:00:00,19.07,72.77,0.21,0.0019276666054709015
2024-07-02T21:00:00,19.07,72.79,1.04,0.00954653937947494
2024-07-02T21:00:00,19.07,72.81,0.05,0.0004589682393978337
2024-07-02T21:00:00,19.07,72.83,1.3,0.011933174224343677
2024-07-02T21:00:00,19.07,72.85,0.21,0.0019276666054709015
2024-07-02T21:00:00,19.07,72.87,1.13,0.01037268221039104
2024-07-02T21:00:00,19.07,72.89,0.83,0.0076188727740040384
2024-07-02T21:00:00,19.07,72.91,0.08,0.0007343491830365339
2024-07-02T21:00:00,19.07,72.93,0.63,0.005782999816412704
2024-07-02T21:00:00,19.07,72.95,0.16,0.0014686983660730677
2024-07-02T21:00:00,19.07,72.97,0.61,0.00559941252065357
2024-07-02T21:00:00,19.07,72.99,0.31,0.002845603084266569
2024-07-02T21:00:00,19.09,72.77,0.09,0.0008261428309161006
2024-07-02T21:00:00,19.09,72.79,0.92,0.00844501560492014
2024-07-02T21:00:00,19.09,72.81,0.58,0.005324031577014871
2024-07-02T21:00:00,19.09,72.83,0.61,0.00559941252065357
2024-07-02T21:00:00,19.09,72.85,0.1,0.0009179364787956674
2024-07-02T21:00:00,19.09,72.87,0.09,0.0008261428309161006
2024-07-02T21:00:00,19.09,72.89,0.45,0.0041307141545805035
2024-07-02T21:00:00,19.09,72.91,1.06,0.009730126675234074
2024-07-02T21:00:00,19.09,72.93,0.88,0.008077841013401872
2024-07-02T21:00:00,19.09,72.95,0.74,0.006792729943087938
2024-07-02T21:00:00,19.09,72.97,1.23,0.011290618689186708
2024-07-02T21:00:00,19.09,72.99,0.32,0.0029373967321461355
2024-07-02T21:00:00,19.11,72.77,0.96,0.008812190196438406
2024-07-02T21:00:00,19.11,72.79,0.14,0.0012851110703139344
2024-07-02T21:00:00,19.11,72.81,2.47,0.022673031026252986
2024-07-02T21:00:00,19.11,72.83,0.32,0.0029373967321461355
2024-07-02T21:00:00,19.11,72.85,0.81,0.007435285478244906
2024-07-02T21:00:00,19.11,72.87,1.69,0.015513126491646777
2024-07-02T21:00:00,19.11,72.89,0.42,0.003855333210941803
2024-07-02T21:00:00,19.11,72.91,0.75,0.006884523590967505
2024-07-02T21:00:00,19.11,72.93,0.62,0.005691206168533138
2024-07-02T21:00:00,19.11,72.95,0.38,0.0034881586194235362
2024-07-02T21:00:00,19.11,72.97,0.31,0.002845603084266569
2024-07-02T21:00:00,19.11,72.99,0.18,0.001652285661832201
2024-07-02T21:00:00,19.13,72.77,0.58,0.005324031577014871
2024-07-02T21:00:00,19.13,72.79,0.35,0.0032127776757848356
2024-07-02T21:00:00,19.13,72.81,0.32,0.0029373967321461355
2024-07-02T21:00:00,19.13,72.83,0.92,0.00844501560492014
2024-07-02T21:00:00,19.13,72.85,0.64,0.005874793464292271
2024-07-02T21:00:00,19.13,72.87,1.16,0.010648063154029741
2024-07-02T21:00:00,19.13,72.89,0.4,0.00367174591518267
2024-07-02T21:00:00,19.13,72.91,0.2,0.001835872957591335
2024-07-02T21:00:00,19.13,72.93,0.83,0.0076188727740040384
2024-07-02T21:00:00,19.13,72.95,0.85,0.0078024600697631724
2024-07-02T21:00:00,19.13,72.97,0.64,0.005874793464292271
2024-07-02T21:00:00,19.13,72.99,0.26,0.002386634844868735
2024-07-02T21:00:00,19.15,72.77,0.68,0.006241968055810538
2024-07-02T21:00:00,19.15,72.79,0.23,0.002111253901230035
2024-07-02T21:00:00,19.15,72.81,0.34,0.003120984027905269
2024-07-02T21:00:00,19.15,72.83,1.34,0.012300348815861943
2024-07-02T21:00:00,19.15,72.85,0.39,0.003579952267303103
2024-07-02T21:00:00,19.15,72.87,1.07,0.009821920323113641
2024-07-02T21:00:00,19.15,72.89,0.72,0.006609142647328804
2024-07-02T21:00:00,19.15,72.91,1.59,0.014595190012851112
2024-07-02T21:00:00,19.15,72.93,0.67,0.0061501744079309716
2024-07-02T21:00:00,19.15,72.95,0.63,0.005782999816412704
2024-07-02T21:00:00,19.15,72.97,0.12,0.0011015237745548008
2024-07-02T21:00:00,19.15,72.99,0.28,0.0025702221406278688
2024-07-02T21:00:00,19.17,72.77,0.53,0.004865063337617037
2024-07-02T21:00:00,19.17,72.79,2.34,0.021479713603818614
2024-07-02T21:00:00,19.17,72.81,0.37,0.003396364971543969
2024-07-02T21:00:00,19.17,72.83,0.23,0.002111253901230035
2024-07-02T21:00:00,19.17,72.85,0.16,0.0014686983660730677
2024-07-02T21:00:00,19.17,72.87,0.12,0.0011015237745548008
2024-07-02T21:00:00,19.17,72.89,2.1,0.019276666054709016
2024-07-02T21:00:00,19.17,72.91,0.62,0.005691206168533138
2024-07-02T21:00:00,19.17,72.93,0.23,0.002111253901230035
2024-07-02T21:00:00,19.17,72.95,1.27,0.011657793280704976
2024-07-02T21:00:00,19.17,72.97,1.64,0.015054158252248944
2024-07-02T21:00:00,19.17,72.99,0.23,0.002111253901230035
2024-07-02T21:00:00,19.19,72.77,0.45,0.0041307141545805035
2024-07-02T21:00:00,19.19,72.79,1.38,0.01266752340738021
2024-07-02T21:00:00,19.19,72.81,1.0,0.009179364787956673
2024-07-02T21:00:00,19.19,72.83,0.52,0.00477326968973747
2024-07-02T21:00:00,19.19,72.85,1.29,0.01184138057646411
2024-07-02T21:00:00,19.19,72.87,0.12,0.0011015237745548008
2024-07-02T21:00:00,19.19,72.89,0.2,0.001835872957591335
2024-07-02T21:00:00,19.19,72.91,0.29,0.0026620157885074353
2024-07-02T21:00:00,19.19,72.93,0.26,0.002386634844868735
2024-07-02T21:00:00,19.19,72.95,0.05,0.0004589682393978337
2024-07-02T21:00:00,19.19,72.97,0.38,0.0034881586194235362
2024-07-02T21:00:00,19.19,72.99,0.75,0.006884523590967505
2024-07-02T21:00:00,19.21,72.77,1.18,0.010831650449788875
2024-07-02T21:00:00,19.21,72.79,1.08,0.009913713970993209
2024-07-02T21:00:00,19.21,72.81,1.28,0.011749586928584542
2024-07-02T21:00:00,19.21,72.83,0.81,0.007435285478244906
2024-07-02T21:00:00,19.21,72.85,0.37,0.003396364971543969
2024-07-02T21:00:00,19.21,72.87,0.09,0.0008261428309161006
2024-07-02T21:00:00,19.21,72.89,0.09,0.0008261428309161006
2024-07-02T21:00:00,19.21,72.91,0.59,0.005415825224894437
2024-07-02T21:00:00,19.21,72.93,0.24,0.0022030475491096016
2024-07-02T21:00:00,19.21,72.95,0.55,0.005048650633376171
2024-07-02T21:00:00,19.21,72.97,0.17,0.0015604920139526345
2024-07-02T21:00:00,19.21,72.99,1.2,0.011015237745548008
2024-07-02T21:00:00,19.23,72.77,0.49,0.00449788874609877
2024-07-02T21:00:00,19.23,72.79,0.51,0.004681476041857904
2024-07-02T21:00:00,19.23,72.81,0.53,0.004865063337617037
2024-07-02T21:00:00,19.23,72.83,1.3,0.011933174224343677
2024-07-02T21:00:00,19.23,72.85,0.22,0.002019460253350468
2024-07-02T21:00:00,19.23,72.87,0.5,0.004589682393978336
2024-07-02T21:00:00,19.23,72.89,0.57,0.005232237929135303
2024-07-02T21:00:00,19.23,72.91,0.27,0.002478428492748302
2024-07-02T21:00:00,19.23,72.93,0.8,0.00734349183036534
2024-07-02T21:00:00,19.23,72.95,1.06,0.009730126675234074
2024-07-02T21:00:00,19.23,72.97,0.08,0.0007343491830365339
2024-07-02T21:00:00,19.23,72.99,0.82,0.007527079126124472
2024-07-02T21:00:00,19.25,72.77,0.08,0.0007343491830365339
2024-07-02T21:00:00,19.25,72.79,0.31,0.002845603084266569
2024-07-02T21:00:00,19.25,72.81,0.38,0.0034881586194235362
2024-07-02T21:00:00,19.25,72.83,0.38,0.0034881586194235362
2024-07-02T21:00:00,19.25,72.85,1.32,0.01211676152010281
2024-07-02T21:00:00,19.25,72.87,0.38,0.0034881586194235362
2024-07-02T21:00:00,19.25,72.89,0.37,0.003396364971543969
2024-07-02T21:00:00,19.25,72.91,0.16,0.0014686983660730677
2024-07-02T21:00:00,19.25,72.93,0.65,0.005966587112171838
2024-07-02T21:00:00,19.25,72.95,0.43,0.0039471268588213695
2024-07-02T21:00:00,19.25,72.97,0.72,0.006609142647328804
2024-07-02T21:00:00,19.25,72.99,0.14,0.0012851110703139344
2024-07-02T22:00:00,18.87,72.77,1.39,0.012759317055259775
2024-07-02T22:00:00,18.87,72.79,0.77,0.007068110886726639
2024-07-02T22:00:00,18.87,72.81,0.44,0.004038920506700936
2024-07-02T22:00:00,18.87,72.83,0.83,0.0076188727740040384
2024-07-02T22:00:00,18.87,72.85,1.26,0.011565999632825409
2024-07-02T22:00:00,18.87,72.87,0.5,0.004589682393978336
2024-07-02T22:00:00,18.87,72.89,0.34,0.003120984027905269
2024-07-02T22:00:00,18.87,72.91,0.26,0.002386634844868735
2024-07-02T22:00:00,18.87,72.93,0.29,0.0026620157885074353
2024-07-02T22:00:00,18.87,72.95,0.42,0.003855333210941803
2024-07-02T22:00:00,18.87,72.97,0.3,0.002753809436387002
2024-07-02T22:00:00,18.87,72.99,0.58,0.005324031577014871
2024-07-02T22:00:00,18.89,72.77,1.18,0.010831650449788875
2024-07-02T22:00:00,18.89,72.79,0.15,0.001376904718193501
2024-07-02T22:00:00,18.89,72.81,0.15,0.001376904718193501
2024-07-02T22:00:00,18.89,72.83,0.29,0.0026620157885074353
2024-07-02T22:00:00,18.89,72.85,0.07,0.0006425555351569672
2024-07-02T22:00:00,18.89,72.87,1.15,0.010556269506150174
2024-07-02T22:00:00,18.89,72.89,0.83,0.0076188727740040384
2024-07-02T22:00:00,18.89,72.91,0.33,0.0030291903800257025
2024-07-02T22:00:00,18.89,72.93,0.34,0.003120984027905269
2024-07-02T22:00:00,18.89,72.95,0.47,0.004314301450339637
2024-07-02T22:00:00,18.89,72.97,0.18,0.001652285661832201
2024-07-02T22:00:00,18.89,72.99,0.27,0.002478428492748302
2024-07-02T22:00:00,18.91,72.77,0.25,0.002294841196989168
2024-07-02T22:00:00,18.91,72.79,0.46,0.00422250780246007
2024-07-02T22:00:00,18.91,72.81,0.46,0.00422250780246007
2024-07-02T22:00:00,18.91,72.83,0.38,0.0034881586194235362
2024-07-02T22:00:00,18.91,72.85,0.81,0.007435285478244906
2024-07-02T22:00:00,18.91,72.87,0.36,0.003304571323664402
2024-07-02T22:00:00,18.91,72.89,0.37,0.003396364971543969
2024-07-02T22:00:00,18.91,72.91,0.09,0.0008261428309161006
2024-07-02T22:00:00,18.91,72.93,0.59,0.005415825224894437
2024-07-02T22:00:00,18.91,72.95,0.41,0.003763539563062236
2024-07-02T22:00:00,18.91,72.97,0.62,0.005691206168533138
2024-07-02T22:00:00,18.91,72.99,0.17,0.0015604920139526345
2024-07-02T22:00:00,18.93,72.77,0.17,0.0015604920139526345
2024-07-02T22:00:00,18.93,72.79,0.36,0.003304571323664402
2024-07-02T22:00:00,18.93,72.81,0.06,0.0005507618872774004
2024-07-02T22:00:00,18.93,72.83,1.26,0.011565999632825409
2024-07-02T22:00:00,18.93,72.85,0.33,0.0030291903800257025
2024-07-02T22:00:00,18.93,72.87,0.02,0.00018358729575913347
2024-07-02T22:00:00,18.93,72.89,0.25,0.002294841196989168
2024-07-02T22:00:00,18.93,72.91,0.33,0.0030291903800257025
2024-07-02T22:00:00,18.93,72.93,0.96,0.008812190196438406
2024-07-02T22:00:00,18.93,72.95,0.38,0.0034881586194235362
2024-07-02T22:00:00,18.93,72.97,0.09,0.0008261428309161006
2024-07-02T22:00:00,18.93,72.99,0.46,0.00422250780246007
2024-07-02T22:00:00,18.95,72.77,0.47,0.004314301450339637
2024-07-02T22:00:00,18.95,72.79,0.37,0.003396364971543969
2024-07-02T22:00:00,18.95,72.81,0.32,0.0029373967321461355
2024-07-02T22:00:00,18.95,72.83,0.79,0.007251698182485772
2024-07-02T22:00:00,18.95,72.85,0.41,0.003763539563062236
2024-07-02T22:00:00,18.95,72.87,0.38,0.0034881586194235362
2024-07-02T22:00:00,18.95,72.89,0.86,0.007894253717642739
2024-07-02T22:00:00,18.95,72.91,0.67,0.0061501744079309716
2024-07-02T22:00:00,18.95,72.93,0.49,0.00449788874609877
2024-07-02T22:00:00,18.95,72.95,0.2,0.001835872957591335
2024-07-02T22:00:00,18.95,72.97,0.28,0.0025702221406278688
2024-07-02T22:00:00,18.95,72.99,0.33,0.0030291903800257025
2024-07-02T22:00:00,18.97,72.77,0.13,0.0011933174224343676
2024-07-02T22:00:00,18.97,72.79,0.29,0.0026620157885074353
2024-07-02T22:00:00,18.97,72.81,0.44,0.004038920506700936
2024-07-02T22:00:00,18.97,72.83,0.63,0.005782999816412704
2024-07-02T22:00:00,18.97,72.85,0.6,0.005507618872774004
2024-07-02T22:00:00,18.97,72.87,0.08,0.0007343491830365339
2024-07-02T22:00:00,18.97,72.89,0.29,0.0026620157885074353
2024-07-02T22:00:00,18.97,72.91,0.19,0.0017440793097117681
2024-07-02T22:00:00,18.97,72.93,0.06,0.0005507618872774004
2024-07-02T22:00:00,18.97,72.95,0.33,0.0030291903800257025
2024-07-02T22:00:00,18.97,72.97,0.24,0.0022030475491096016
2024-07-02T22:00:00,18.97,72.99,0.36,0.003304571323664402
2024-07-02T22:00:00,18.99,72.77,0.67,0.0061501744079309716
2024-07-02T22:00:00,18.99,72.79,0.57,0.005232237929135303
2024-07-02T22:00:00,18.99,72.81,1.41,0.012942904351018908
2024-07-02T22:00:00,18.99,72.83,0.47,0.004314301450339637
2024-07-02T22:00:00,18.99,72.85,1.02,0.009362952083715808
2024-07-02T22:00:00,18.99,72.87,0.15,0.001376904718193501
2024-07-02T22:00:00,18.99,72.89,0.5,0.004589682393978336
2024-07-02T22:00:00,18.99,72.91,0.21,0.0019276666054709015
2024-07-02T22:00:00,18.99,72.93,0.3,0.002753809436387002
2024-07-02T22:00:00,18.99,72.95,0.65,0.005966587112171838
2024-07-02T22:00:00,18.99,72.97,0.29,0.0026620157885074353
2024-07-02T22:00:00,18.99,72.99,0.72,0.006609142647328804
2024-07-02T22:00:00,19.01,72.77,0.26,0.002386634844868735
2024-07-02T22:00:00,19.01,72.79,0.16,0.0014686983660730677
2024-07-02T22:00:00,19.01,72.81,0.5,0.004589682393978336
2024-07-02T22:00:00,19.01,72.83,0.51,0.004681476041857904
2024-07-02T22:00:00,19.01,72.85,0.31,0.002845603084266569
2024-07-02T22:00:00,19.01,72.87,0.62,0.005691206168533138
2024-07-02T22:00:00,19.01,72.89,0.05,0.0004589682393978337
2024-07-02T22:00:00,19.01,72.91,0.16,0.0014686983660730677
2024-07-02T22:00:00,19.01,72.93,0.51,0.004681476041857904
2024-07-02T22:00:00,19.01,72.95,0.31,0.002845603084266569
2024-07-02T22:00:00,19.01,72.97,0.21,0.0019276666054709015
2024-07-02T22:00:00,19.01,72.99,0.39,0.003579952267303103
2024-07-02T22:00:00,19.03,72.77,0.87,0.007986047365522306
2024-07-02T22:00:00,19.03,72.79,0.57,0.005232237929135303
2024-07-02T22:00:00,19.03,72.81,0.73,0.006700936295208372
2024-07-02T22:00:00,19.03,72.83,0.56,0.0051404442812557375
2024-07-02T22:00:00,19.03,72.85,0.92,0.00844501560492014
2024-07-02T22:00:00,19.03,72.87,0.26,0.002386634844868735
2024-07-02T22:00:00,19.03,72.89,0.78,0.007159904534606206
2024-07-02T22:00:00,19.03,72.91,0.08,0.0007343491830365339
2024-07-02T22:00:00,19.03,72.93,0.13,0.0011933174224343676
2024-07-02T22:00:00,19.03,72.95,0.56,0.0051404442812557375
2024-07-02T22:00:00,19.03,72.97,0.11,0.001009730126675234
2024-07-02T22:00:00,19.03,72.99,0.27,0.002478428492748302
2024-07-02T22:00:00,19.05,72.77,1.02,0.009362952083715808
2024-07-02T22:00:00,19.05,72.79,0.17,0.0015604920139526345
2024-07-02T22:00:00,19.05,72.81,0.78,0.007159904534606206
2024-07-02T22:00:00,19.05,72.83,0.31,0.002845603084266569
2024-07-02T22:00:00,19.05,72.85,0.14,0.0012851110703139344
2024-07-02T22:00:00,19.05,72.87,0.39,0.003579952267303103
2024-07-02T22:00:00,19.05,72.89,0.83,0.0076188727740040384
2024-07-02T22:00:00,19.05,72.91,0.12,0.0011015237745548008
2024-07-02T22:00:00,19.05,72.93,0.11,0.001009730126675234
2024-07-02T22:00:00,19.05,72.95,0.55,0.005048650633376171
2024-07-02T22:00:00,19.05,72.97,0.23,0.002111253901230035
2024-07-02T22:00:00,19.05,72.99,1.18,0.010831650449788875
2024-07-02T22:00:00,19.07,72.77,0.55,0.005048650633376171
2024-07-02T22:00:00,19.07,72.79,0.84,0.007710666421883606
2024-07-02T22:00:00,19.07,72.81,0.51,0.004681476041857904
2024-07-02T22:00:00,19.07,72.83,0.13,0.0011933174224343676
2024-07-02T22:00:00,19.07,72.85,0.19,0.0017440793097117681
2024-07-02T22:00:00,19.07,72.87,0.2,0.001835872957591335
2024-07-02T22:00:00,19.07,72.89,0.54,0.004956856985496604
2024-07-02T22:00:00,19.07,72.91,0.37,0.003396364971543969
2024-07-02T22:00:00,19.07,72.93,0.06,0.0005507618872774004
2024-07-02T22:00:00,19.07,72.95,0.58,0.005324031577014871
2024-07-02T22:00:00,19.07,72.97,1.35,0.01239214246374151
2024-07-02T22:00:00,19.07,72.99,0.13,0.0011933174224343676
2024-07-02T22:00:00,19.09,72.77,0.2,0.001835872957591335
2024-07-02T22:00:00,19.09,72.79,0.25,0.002294841196989168
2024-07-02T22:00:00,19.09,72.81,0.38,0.0034881586194235362
2024-07-02T22:00:00,19.09,72.83,0.17,0.0015604920139526345
2024-07-02T22:00:00,19.09,72.85,0.9,0.008261428309161007
2024-07-02T22:00:00,19.09,72.87,1.11,0.01018909491463191
2024-07-02T22:00:00,19.09,72.89,0.41,0.003763539563062236
2024-07-02T22:00:00,19.09,72.91,0.35,0.0032127776757848356
2024-07-02T22:00:00,19.09,72.93,0.07,0.0006425555351569672
2024-07-02T22:00:00,19.09,72.95,0.13,0.0011933174224343676
2024-07-02T22:00:00,19.09,72.97,0.04,0.00036717459151826694
2024-07-02T22:00:00,19.09,72.99,0.21,0.0019276666054709015
2024-07-02T22:00:00,19.11,72.77,0.31,0.002845603084266569
2024-07-02T22:00:00,19.11,72.79,0.66,0.006058380760051405
2024-07-02T22:00:00,19.11,72.81,0.46,0.00422250780246007
2024-07-02T22:00:00,19.11,72.83,0.2,0.001835872957591335
2024-07-02T22:00:00,19.11,72.85,0.63,0.005782999816412704
2024-07-02T22:00:00,19.11,72.87,1.64,0.015054158252248944
2024-07-02T22:00:00,19.11,72.89,0.62,0.005691206168533138
2024-07-02T22:00:00,19.11,72.91,0.24,0.0022030475491096016
2024-07-02T22:00:00,19.11,72.93,0.43,0.0039471268588213695
2024-07-02T22:00:00,19.11,72.95,0.14,0.0012851110703139344
2024-07-02T22:00:00,19.11,72.97,0.13,0.0011933174224343676
2024-07-02T22:00:00,19.11,72.99,1.04,0.00954653937947494
2024-07-02T22:00:00,19.13,72.77,0.54,0.004956856985496604
2024-07-02T22:00:00,19.13,72.79,0.86,0.007894253717642739
2024-07-02T22:00:00,19.13,72.81,0.34,0.003120984027905269
2024-07-02T22:00:00,19.13,72.83,0.15,0.001376904718193501
2024-07-02T22:00:00,19.13,72.85,0.12,0.0011015237745548008
2024-07-02T22:00:00,19.13,72.87,0.18,0.001652285661832201
2024-07-02T22:00:00,19.13,72.89,0.5,0.004589682393978336
2024-07-02T22:00:00,19.13,72.91,0.09,0.0008261428309161006
2024-07-02T22:00:00,19.13,72.93,0.37,0.003396364971543969
2024-07-02T22:00:00,19.13,72.95,0.52,0.00477326968973747
2024-07-02T22:00:00,19.13,72.97,0.12,0.0011015237745548008
2024-07-02T22:00:00,19.13,72.99,1.46,0.013401872590416744
2024-07-02T22:00:00,19.15,72.77,0.82,0.007527079126124472
2024-07-02T22:00:00,19.15,72.79,0.39,0.003579952267303103
2024-07-02T22:00:00,19.15,72.81,0.22,0.002019460253350468
2024-07-02T22:00:00,19.15,72.83,0.5,0.004589682393978336
2024-07-02T22:00:00,19.15,72.85,0.48,0.004406095098219203
2024-07-02T22:00:00,19.15,72.87,0.4,0.00367174591518267
2024-07-02T22:00:00,19.15,72.89,0.48,0.004406095098219203
2024-07-02T22:00:00,19.15,72.91,0.16,0.0014686983660730677
2024-07-02T22:00:00,19.15,72.93,0.59,0.005415825224894437
2024-07-02T22:00:00,19.15,72.95,0.1,0.0009179364787956674
2024-07-02T22:00:00,19.15,72.97,0.04,0.00036717459151826694
2024-07-02T22:00:00,19.15,72.99,0.52,0.00477326968973747
2024-07-02T22:00:00,19.17,72.77,0.58,0.005324031577014871
2024-07-02T22:00:00,19.17,72.79,0.42,0.003855333210941803
2024-07-02T22:00:00,19.17,72.81,0.24,0.0022030475491096016
2024-07-02T22:00:00,19.17,72.83,0.27,0.002478428492748302
2024-07-02T22:00:00,19.17,72.85,0.16,0.0014686983660730677
2024-07-02T22:00:00,19.17,72.87,0.46,0.00422250780246007
2024-07-02T22:00:00,19.17,72.89,0.03,0.0002753809436387002
2024-07-02T22:00:00,19.17,72.91,0.06,0.0005507618872774004
2024-07-02T22:00:00,19.17,72.93,0.16,0.0014686983660730677
2024-07-02T22:00:00,19.17,72.95,0.39,0.003579952267303103
2024-07-02T22:00:00,19.17,72.97,0.32,0.0029373967321461355
2024-07-02T22:00:00,19.17,72.99,0.83,0.0076188727740040384
2024-07-02T22:00:00,19.19,72.77,0.35,0.0032127776757848356
2024-07-02T22:00:00,19.19,72.79,0.74,0.006792729943087938
2024-07-02T22:00:00,19.19,72.81,0.44,0.004038920506700936
2024-07-02T22:00:00,19.19,72.83,0.05,0.0004589682393978337
2024-07-02T22:00:00,19.19,72.85,0.14,0.0012851110703139344
2024-07-02T22:00:00,19.19,72.87,0.16,0.0014686983660730677
2024-07-02T22:00:00,19.19,72.89,0.19,0.0017440793097117681
2024-07-02T22:00:00,19.19,72.91,0.27,0.002478428492748302
2024-07-02T22:00:00,19.19,72.93,0.74,0.006792729943087938
2024-07-02T22:00:00,19.19,72.95,0.3,0.002753809436387002
2024-07-02T22:00:00,19.19,72.97,0.2,0.001835872957591335
2024-07-02T22:00:00,19.19,72.99,0.63,0.005782999816412704
2024-07-02T22:00:00,19.21,72.77,0.8,0.00734349183036534
2024-07-02T22:00:00,19.21,72.79,0.03,0.0002753809436387002
2024-07-02T22:00:00,19.21,72.81,0.38,0.0034881586194235362
2024-07-02T22:00:00,19.21,72.83,0.9,0.008261428309161007
2024-07-02T22:00:00,19.21,72.85,0.32,0.0029373967321461355
2024-07-02T22:00:00,19.21,72.87,0.15,0.001376904718193501
2024-07-02T22:00:00,19.21,72.89,0.65,0.005966587112171838
2024-07-02T22:00:00,19.21,72.91,0.12,0.0011015237745548008
2024-07-02T22:00:00,19.21,72.93,0.38,0.0034881586194235362
2024-07-02T22:00:00,19.21,72.95,0.28,0.0025702221406278688
2024-07-02T22:00:00,19.21,72.97,0.07,0.0006425555351569672
2024-07-02T22:00:00,19.21,72.99,0.68,0.006241968055810538
2024-07-02T22:00:00,19.23,72.77,0.56,0.0051404442812557375
2024-07-02T22:00:00,19.23,72.79,1.06,0.009730126675234074
2024-07-02T22:00:00,19.23,72.81,0.38,0.0034881586194235362
2024-07-02T22:00:00,19.23,72.83,0.16,0.0014686983660730677
2024-07-02T22:00:00,19.23,72.85,0.08,0.0007343491830365339
2024-07-02T22:00:00,19.23,72.87,0.7,0.006425555351569671
2024-07-02T22:00:00,19.23,72.89,0.14,0.0012851110703139344
2024-07-02T22:00:00,19.23,72.91,1.56,0.014319809069212411
2024-07-02T22:00:00,19.23,72.93,1.12,0.010280888562511475
2024-07-02T22:00:00,19.23,72.95,0.35,0.0032127776757848356
2024-07-02T22:00:00,19.23,72.97,0.26,0.002386634844868735
2024-07-02T22:00:00,19.23,72.99,0.17,0.0015604920139526345
2024-07-02T22:00:00,19.25,72.77,0.25,0.002294841196989168
2024-07-02T22:00:00,19.25,72.79,1.6,0.01468698366073068
2024-07-02T22:00:00,19.25,72.81,0.27,0.002478428492748302
2024-07-02T22:00:00,19.25,72.83,0.54,0.004956856985496604
2024-07-02T22:00:00,19.25,72.85,0.56,0.0051404442812557375
2024-07-02T22:00:00,19.25,72.87,0.73,0.006700936295208372
2024-07-02T22:00:00,19.25,72.89,0.47,0.004314301450339637
2024-07-02T22:00:00,19.25,72.91,0.34,0.003120984027905269
2024-07-02T22:00:00,19.25,72.93,0.17,0.0015604920139526345
2024-07-02T22:00:00,19.25,72.95,0.49,0.00449788874609877
2024-07-02T22:00:00,19.25,72.97,0.41,0.003763539563062236
2024-07-02T22:00:00,19.25,72.99,0.22,0.002019460253350468
2024-07-02T23:00:00,18.87,72.77,0.41,0.003763539563062236
2024-07-02T23:00:00,18.87,72.79,0.26,0.002386634844868735
2024-07-02T23:00:00,18.87,72.81,0.35,0.0032127776757848356
2024-07-02T23:00:00,18.87,72.83,0.45,0.0041307141545805035
2024-07-02T23:00:00,18.87,72.85,0.29,0.0026620157885074353
2024-07-02T23:00:00,18.87,72.87,0.46,0.00422250780246007
2024-07-02T23:00:00,18.87,72.89,0.28,0.0025702221406278688
2024-07-02T23:00:00,18.87,72.91,0.49,0.00449788874609877
2024-07-02T23:00:00,18.87,72.93,0.18,0.001652285661832201
2024-07-02T23:00:00,18.87,72.95,0.1,0.0009179364787956674
2024-07-02T23:00:00,18.87,72.97,0.28,0.0025702221406278688
2024-07-02T23:00:00,18.87,72.99,0.69,0.006333761703690105
2024-07-02T23:00:00,18.89,72.77,0.55,0.005048650633376171
2024-07-02T23:00:00,18.89,72.79,0.85,0.0078024600697631724
2024-07-02T23:00:00,18.89,72.81,0.19,0.0017440793097117681
2024-07-02T23:00:00,18.89,72.83,0.26,0.002386634844868735
2024-07-02T23:00:00,18.89,72.85,0.11,0.001009730126675234
2024-07-02T23:00:00,18.89,72.87,0.08,0.0007343491830365339
2024-07-02T23:00:00,18.89,72.89,0.67,0.0061501744079309716
2024-07-02T23:00:00,18.89,72.91,0.62,0.005691206168533138
2024-07-02T23:00:00,18.89,72.93,0.38,0.0034881586194235362
2024-07-02T23:00:00,18.89,72.95,0.16,0.0014686983660730677
2024-07-02T23:00:00,18.89,72.97,0.4,0.00367174591518267
2024-07-02T23:00:00,18.89,72.99,0.54,0.004956856985496604
2024-07-02T23:00:00,18.91,72.77,0.95,0.008720396548558839
2024-07-02T23:00:00,18.91,72.79,0.07,0.0006425555351569672
2024-07-02T23:00:00,18.91,72.81,0.21,0.0019276666054709015
2024-07-02T23:00:00,18.91,72.83,0.19,0.0017440793097117681
2024-07-02T23:00:00,18.91,72.85,0.23,0.002111253901230035
2024-07-02T23:00:00,18.91,72.87,0.38,0.0034881586194235362
2024-07-02T23:00:00,18.91,72.89,0.03,0.0002753809436387002
2024-07-02T23:00:00,18.91,72.91,0.17,0.0015604920139526345
2024-07-02T23:00:00,18.91,72.93,0.18,0.001652285661832201
2024-07-02T23:00:00,18.91,72.95,0.26,0.002386634844868735
2024-07-02T23:00:00,18.91,72.97,0.28,0.0025702221406278688
2024-07-02T23:00:00,18.91,72.99,0.2,0.001835872957591335
2024-07-02T23:00:00,18.93,72.77,1.08,0.009913713970993209
2024-07-02T23:00:00,18.93,72.79,0.26,0.002386634844868735
2024-07-02T23:00:00,18.93,72.81,0.41,0.003763539563062236
2024-07-02T23:00:00,18.93,72.83,0.45,0.0041307141545805035
2024-07-02T23:00:00,18.93,72.85,0.12,0.0011015237745548008
2024-07-02T23:00:00,18.93,72.87,0.13,0.0011933174224343676
2024-07-02T23:00:00,18.93,72.89,0.42,0.003855333210941803
2024-07-02T23:00:00,18.93,72.91,0.62,0.005691206168533138
2024-07-02T23:00:00,18.93,72.93,0.77,0.007068110886726639
2024-07-02T23:00:00,18.93,72.95,0.11,0.001009730126675234
2024-07-02T23:00:00,18.93,72.97,0.49,0.00449788874609877
2024-07-02T23:00:00,18.93,72.99,0.24,0.0022030475491096016
2024-07-02T23:00:00,18.95,72.77,0.74,0.006792729943087938
2024-07-02T23:00:00,18.95,72.79,0.39,0.003579952267303103
2024-07-02T23:00:00,18.95,72.81,0.44,0.004038920506700936
2024-07-02T23:00:00,18.95,72.83,0.76,0.0069763172388470724
2024-07-02T23:00:00,18.95,72.85,0.79,0.007251698182485772
2024-07-02T23:00:00,18.95,72.87,0.3,0.002753809436387002
2024-07-02T23:00:00,18.95,72.89,0.05,0.0004589682393978337
2024-07-02T23:00:00,18.95,72.91,0.14,0.0012851110703139344
2024-07-02T23:00:00,18.95,72.93,0.97,0.008903983844317974
2024-07-02T23:00:00,18.95,72.95,0.39,0.003579952267303103
2024-07-02T23:00:00,18.95,72.97,0.11,0.001009730126675234
2024-07-02T23:00:00,18.95,72.99,0.15,0.001376904718193501
2024-07-02T23:00:00,18.97,72.77,0.66,0.006058380760051405
2024-07-02T23:00:00,18.97,72.79,1.03,0.009454745731595373
2024-07-02T23:00:00,18.97,72.81,0.3,0.002753809436387002
2024-07-02T23:00:00,18.97,72.83,0.68,0.006241968055810538
2024-07-02T23:00:00,18.97,72.85,0.54,0.004956856985496604
2024-07-02T23:00:00,18.97,72.87,0.35,0.0032127776757848356
2024-07-02T23:00:00,18.97,72.89,0.45,0.0041307141545805035
2024-07-02T23:00:00,18.97,72.91,0.33,0.0030291903800257025
2024-07-02T23:00:00,18.97,72.93,0.62,0.005691206168533138
2024-07-02T23:00:00,18.97,72.95,0.44,0.004038920506700936
2024-07-02T23:00:00,18.97,72.97,0.06,0.0005507618872774004
2024-07-02T23:00:00,18.97,72.99,0.21,0.0019276666054709015
2024-07-02T23:00:00,18.99,72.77,0.14,0.0012851110703139344
2024-07-02T23:00:00,18.99,72.79,0.34,0.003120984027905269
2024-07-02T23:00:00,18.99,72.81,0.24,0.0022030475491096016
2024-07-02T23:00:00,18.99,72.83,0.17,0.0015604920139526345
2024-07-02T23:00:00,18.99,72.85,0.09,0.0008261428309161006
2024-07-02T23:00:00,18.99,72.87,0.03,0.0002753809436387002
2024-07-02T23:00:00,18.99,72.89,0.64,0.005874793464292271
2024-07-02T23:00:00,18.99,72.91,0.62,0.005691206168533138
2024-07-02T23:00:00,18.99,72.93,0.08,0.0007343491830365339
2024-07-02T23:00:00,18.99,72.95,0.32,0.0029373967321461355
2024-07-02T23:00:00,18.99,72.97,0.04,0.00036717459151826694
2024-07-02T23:00:00,18.99,72.99,0.12,0.0011015237745548008
2024-07-02T23:00:00,19.01,72.77,0.24,0.0022030475491096016
2024-07-02T23:00:00,19.01,72.79,0.17,0.0015604920139526345
2024-07-02T23:00:00,19.01,72.81,0.45,0.0041307141545805035
2024-07-02T23:00:00,19.01,72.83,0.01,9.179364787956673e-05
2024-07-02T23:00:00,19.01,72.85,0.14,0.0012851110703139344
2024-07-02T23:00:00,19.01,72.87,0.5,0.004589682393978336
2024-07-02T23:00:00,19.01,72.89,0.04,0.00036717459151826694
2024-07-02T23:00:00,19.01,72.91,0.14,0.0012851110703139344
2024-07-02T23:00:00,19.01,72.93,0.52,0.00477326968973747
2024-07-02T23:00:00,19.01,72.95,0.92,0.00844501560492014
2024-07-02T23:00:00,19.01,72.97,0.59,0.005415825224894437
2024-07-02T23:00:00,19.01,72.99,0.19,0.0017440793097117681
2024-07-02T23:00:00,19.03,72.77,1.14,0.010464475858270606
2024-07-02T23:00:00,19.03,72.79,0.57,0.005232237929135303
2024-07-02T23:00:00,19.03,72.81,0.1,0.0009179364787956674
2024-07-02T23:00:00,19.03,72.83,0.05,0.0004589682393978337
2024-07-02T23:00:00,19.03,72.85,0.5,0.004589682393978336
2024-07-02T23:00:00,19.03,72.87,0.24,0.0022030475491096016
2024-07-02T23:00:00,19.03,72.89,0.08,0.0007343491830365339
2024-07-02T23:00:00,19.03,72.91,0.22,0.002019460253350468
2024-07-02T23:00:00,19.03,72.93,0.55,0.005048650633376171
2024-07-02T23:00:00,19.03,72.95,0.14,0.0012851110703139344
2024-07-02T23:00:00,19.03,72.97,0.14,0.0012851110703139344
2024-07-02T23:00:00,19.03,72.99,0.2,0.001835872957591335
2024-07-02T23:00:00,19.05,72.77,0.29,0.0026620157885074353
2024-07-02T23:00:00,19.05,72.79,0.22,0.002019460253350468
2024-07-02T23:00:00,19.05,72.81,0.46,0.00422250780246007
2024-07-02T23:00:00,19.05,72.83,0.48,0.004406095098219203
2024-07-02T23:00:00,19.05,72.85,0.25,0.002294841196989168
2024-07-02T23:00:00,19.05,72.87,0.15,0.001376904718193501
2024-07-02T23:00:00,19.05,72.89,0.17,0.0015604920139526345
2024-07-02T23:00:00,19.05,72.91,0.67,0.0061501744079309716
2024-07-02T23:00:00,19.05,72.93,0.92,0.00844501560492014
2024-07-02T23:00:00,19.05,72.95,0.07,0.0006425555351569672
2024-07-02T23:00:00,19.05,72.97,0.08,0.0007343491830365339
2024-07-02T23:00:00,19.05,72.99,0.15,0.001376904718193501
2024-07-02T23:00:00,19.07,72.77,0.81,0.007435285478244906
2024-07-02T23:00:00,19.07,72.79,0.22,0.002019460253350468
2024-07-02T23:00:00,19.07,72.81,0.45,0.0041307141545805035
2024-07-02T23:00:00,19.07,72.83,0.24,0.0022030475491096016
2024-07-02T23:00:00,19.07,72.85,0.18,0.001652285661832201
2024-07-02T23:00:00,19.07,72.87,0.22,0.002019460253350468
2024-07-02T23:00:00,19.07,72.89,0.08,0.0007343491830365339
2024-07-02T23:00:00,19.07,72.91,0.44,0.004038920506700936
2024-07-02T23:00:00,19.07,72.93,0.13,0.0011933174224343676
2024-07-02T23:00:00,19.07,72.95,0.15,0.001376904718193501
2024-07-02T23:00:00,19.07,72.97,0.12,0.0011015237745548008
2024-07-02T23:00:00,19.07,72.99,0.7,0.006425555351569671
2024-07-02T23:00:00,19.09,72.77,0.21,0.0019276666054709015
2024-07-02T23:00:00,19.09,72.79,0.35,0.0032127776757848356
2024-07-02T23:00:00,19.09,72.81,0.03,0.0002753809436387002
2024-07-02T23:00:00,19.09,72.83,0.01,9.179364787956673e-05
2024-07-02T23:00:00,19.09,72.85,0.09,0.0008261428309161006
2024-07-02T23:00:00,19.09,72.87,0.55,0.005048650633376171
2024-07-02T23:00:00,19.09,72.89,0.3,0.002753809436387002
2024-07-02T23:00:00,19.09,72.91,0.8,0.00734349183036534
2024-07-02T23:00:00,19.09,72.93,0.57,0.005232237929135303
2024-07-02T23:00:00,19.09,72.95,0.12,0.0011015237745548008
2024-07-02T23:00:00,19.09,72.97,0.21,0.0019276666054709015
2024-07-02T23:00:00,19.09,72.99,0.61,0.00559941252065357
2024-07-02T23:00:00,19.11,72.77,0.25,0.002294841196989168
2024-07-02T23:00:00,19.11,72.79,0.5,0.004589682393978336
2024-07-02T23:00:00,19.11,72.81,0.08,0.0007343491830365339
2024-07-02T23:00:00,19.11,72.83,0.36,0.003304571323664402
2024-07-02T23:00:00,19.11,72.85,0.27,0.002478428492748302
2024-07-02T23:00:00,19.11,72.87,0.13,0.0011933174224343676
2024-07-02T23:00:00,19.11,72.89,0.23,0.002111253901230035
2024-07-02T23:00:00,19.11,72.91,0.33,0.0030291903800257025
2024-07-02T23:00:00,19.11,72.93,0.51,0.004681476041857904
2024-07-02T23:00:00,19.11,72.95,0.73,0.006700936295208372
2024-07-02T23:00:00,19.11,72.97,0.44,0.004038920506700936
2024-07-02T23:00:00,19.11,72.99,0.57,0.005232237929135303
2024-07-02T23:00:00,19.13,72.77,0.13,0.0011933174224343676
2024-07-02T23:00:00,19.13,72.79,0.11,0.001009730126675234
2024-07-02T23:00:00,19.13,72.81,0.44,0.004038920506700936
2024-07-02T23:00:00,19.13,72.83,0.08,0.0007343491830365339
2024-07-02T23:00:00,19.13,72.85,0.23,0.002111253901230035
2024-07-02T23:00:00,19.13,72.87,0.48,0.004406095098219203
2024-07-02T23:00:00,19.13,72.89,0.69,0.006333761703690105
2024-07-02T23:00:00,19.13,72.91,0.34,0.003120984027905269
2024-07-02T23:00:00,19.13,72.93,0.1,0.0009179364787956674
2024-07-02T23:00:00,19.13,72.95,0.25,0.002294841196989168
2024-07-02T23:00:00,19.13,72.97,0.27,0.002478428492748302
2024-07-02T23:00:00,19.13,72.99,0.13,0.0011933174224343676
2024-07-02T23:00:00,19.15,72.77,0.06,0.0005507618872774004
2024-07-02T23:00:00,19.15,72.79,0.54,0.004956856985496604
2024-07-02T23:00:00,19.15,72.81,0.24,0.0022030475491096016
2024-07-02T23:00:00,19.15,72.83,0.46,0.00422250780246007
2024-07-02T23:00:00,19.15,72.85,0.34,0.003120984027905269
2024-07-02T23:00:00,19.15,72.87,0.23,0.002111253901230035
2024-07-02T23:00:00,19.15,72.89,0.2,0.001835872957591335
2024-07-02T23:00:00,19.15,72.91,0.25,0.002294841196989168
2024-07-02T23:00:00,19.15,72.93,0.38,0.0034881586194235362
2024-07-02T23:00:00,19.15,72.95,0.02,0.00018358729575913347
2024-07-02T23:00:00,19.15,72.97,0.36,0.003304571323664402
2024-07-02T23:00:00,19.15,72.99,0.33,0.0030291903800257025
2024-07-02T23:00:00,19.17,72.77,0.56,0.0051404442812557375
2024-07-02T23:00:00,19.17,72.79,0.82,0.007527079126124472
2024-07-02T23:00:00,19.17,72.81,0.16,0.0014686983660730677
2024-07-02T23:00:00,19.17,72.83,0.07,0.0006425555351569672
2024-07-02T23:00:00,19.17,72.85,0.32,0.0029373967321461355
2024-07-02T23:00:00,19.17,72.87,0.3,0.002753809436387002
2024-07-02T23:00:00,19.17,72.89,0.2,0.001835872957591335
2024-07-02T23:00:00,19.17,72.91,0.37,0.003396364971543969
2024-07-02T23:00:00,19.17,72.93,0.15,0.001376904718193501
2024-07-02T23:00:00,19.17,72.95,0.21,0.0019276666054709015
2024-07-02T23:00:00,19.17,72.97,0.36,0.003304571323664402
2024-07-02T23:00:00,19.17,72.99,0.19,0.0017440793097117681
2024-07-02T23:00:00,19.19,72.77,0.34,0.003120984027905269
2024-07-02T23:00:00,19.19,72.79,0.23,0.002111253901230035
2024-07-02T23:00:00,19.19,72.81,0.12,0.0011015237745548008
2024-07-02T23:00:00,19.19,72.83,0.51,0.004681476041857904
2024-07-02T23:00:00,19.19,72.85,0.46,0.00422250780246007
2024-07-02T23:00:00,19.19,72.87,0.44,0.004038920506700936
2024-07-02T23:00:00,19.19,72.89,0.24,0.0022030475491096016
2024-07-02T23:00:00,19.19,72.91,0.49,0.00449788874609877
2024-07-02T23:00:00,19.19,72.93,0.49,0.00449788874609877
2024-07-02T23:00:00,19.19,72.95,0.62,0.005691206168533138
2024-07-02T23:00:00,19.19,72.97,0.22,0.002019460253350468
2024-07-02T23:00:00,19.19,72.99,0.28,0.0025702221406278688
2024-07-02T23:00:00,19.21,72.77,0.12,0.0011015237745548008
2024-07-02T23:00:00,19.21,72.79,0.82,0.007527079126124472
2024-07-02T23:00:00,19.21,72.81,0.23,0.002111253901230035
2024-07-02T23:00:00,19.21,72.83,0.09,0.0008261428309161006
2024-07-02T23:00:00,19.21,72.85,0.7,0.006425555351569671
2024-07-02T23:00:00,19.21,72.87,0.24,0.0022030475491096016
2024-07-02T23:00:00,19.21,72.89,0.91,0.008353221957040573
2024-07-02T23:00:00,19.21,72.91,0.27,0.002478428492748302
2024-07-02T23:00:00,19.21,72.93,0.14,0.0012851110703139344
2024-07-02T23:00:00,19.21,72.95,0.46,0.00422250780246007
2024-07-02T23:00:00,19.21,72.97,0.21,0.0019276666054709015
2024-07-02T23:00:00,19.21,72.99,0.38,0.0034881586194235362
2024-07-02T23:00:00,19.23,72.77,0.18,0.001652285661832201
2024-07-02T23:00:00,19.23,72.79,0.44,0.004038920506700936
2024-07-02T23:00:00,19.23,72.81,0.22,0.002019460253350468
2024-07-02T23:00:00,19.23,72.83,0.49,0.00449788874609877
2024-07-02T23:00:00,19.23,72.85,0.26,0.002386634844868735
2024-07-02T23:00:00,19.23,72.87,0.31,0.002845603084266569
2024-07-02T23:00:00,19.23,72.89,0.22,0.002019460253350468
2024-07-02T23:00:00,19.23,72.91,0.25,0.002294841196989168
2024-07-02T23:00:00,19.23,72.93,0.44,0.004038920506700936
2024-07-02T23:00:00,19.23,72.95,0.1,0.0009179364787956674
2024-07-02T23:00:00,19.23,72.97,0.31,0.002845603084266569
2024-07-02T23:00:00,19.23,72.99,1.12,0.010280888562511475
2024-07-02T23:00:00,19.25,72.77,0.72,0.006609142647328804
2024-07-02T23:00:00,19.25,72.79,0.27,0.002478428492748302
2024-07-02T23:00:00,19.25,72.81,0.32,0.0029373967321461355
2024-07-02T23:00:00,19.25,72.83,0.2,0.001835872957591335
2024-07-02T23:00:00,19.25,72.85,0.43,0.0039471268588213695
2024-07-02T23:00:00,19.25,72.87,0.08,0.0007343491830365339
2024-07-02T23:00:00,19.25,72.89,0.19,0.0017440793097117681
2024-07-02T23:00:00,19.25,72.91,0.14,0.0012851110703139344
2024-07-02T23:00:00,19.25,72.93,0.18,0.001652285661832201
2024-07-02T23:00:00,19.25,72.95,0.3,0.002753809436387002
2024-07-02T23:00:00,19.25,72.97,0.02,0.00018358729575913347
2024-07-02T23:00:00,19.25,72.99,0.19,0.0017440793097117681
2024-07-03T00:00:00,18.87,72.77,0.14,0.0012851110703139344
2024-07-03T00:00:00,18.87,72.79,0.42,0.003855333210941803
2024-07-03T00:00:00,18.87,72.81,0.09,0.0008261428309161006
2024-07-03T00:00:00,18.87,72.83,0.24,0.0022030475491096016
2024-07-03T00:00:00,18.87,72.85,0.17,0.0015604920139526345
2024-07-03T00:00:00,18.87,72.87,0.39,0.003579952267303103
2024-07-03T00:00:00,18.87,72.89,0.35,0.0032127776757848356
2024-07-03T00:00:00,18.87,72.91,0.54,0.004956856985496604
2024-07-03T00:00:00,18.87,72.93,0.38,0.0034881586194235362
2024-07-03T00:00:00,18.87,72.95,0.22,0.002019460253350468
2024-07-03T00:00:00,18.87,72.97,0.31,0.002845603084266569
2024-07-03T00:00:00,18.87,72.99,0.14,0.0012851110703139344
2024-07-03T00:00:00,18.89,72.77,0.24,0.0022030475491096016
2024-07-03T00:00:00,18.89,72.79,0.24,0.0022030475491096016
2024-07-03T00:00:00,18.89,72.81,0.1,0.0009179364787956674
2024-07-03T00:00:00,18.89,72.83,0.4,0.00367174591518267
2024-07-03T00:00:00,18.89,72.85,0.5,0.004589682393978336
2024-07-03T00:00:00,18.89,72.87,0.17,0.0015604920139526345
2024-07-03T00:00:00,18.89,72.89,0.18,0.001652285661832201
2024-07-03T00:00:00,18.89,72.91,0.11,0.001009730126675234
2024-07-03T00:00:00,18.89,72.93,0.06,0.0005507618872774004
2024-07-03T00:00:00,18.89,72.95,0.29,0.0026620157885074353
2024-07-03T00:00:00,18.89,72.97,0.06,0.0005507618872774004
2024-07-03T00:00:00,18.89,72.99,0.06,0.0005507618872774004
2024-07-03T00:00:00,18.91,72.77,0.34,0.003120984027905269
2024-07-03T00:00:00,18.91,72.79,0.24,0.0022030475491096016
2024-07-03T00:00:00,18.91,72.81,0.34,0.003120984027905269
2024-07-03T00:00:00,18.91,72.83,0.1,0.0009179364787956674
2024-07-03T00:00:00,18.91,72.85,0.63,0.005782999816412704
2024-07-03T00:00:00,18.91,72.87,0.09,0.0008261428309161006
2024-07-03T00:00:00,18.91,72.89,0.12,0.0011015237745548008
2024-07-03T00:00:00,18.91,72.91,0.1,0.0009179364787956674
2024-07-03T00:00:00,18.91,72.93,0.57,0.005232237929135303
2024-07-03T00:00:00,18.91,72.95,0.13,0.0011933174224343676
2024-07-03T00:00:00,18.91,72.97,0.07,0.0006425555351569672
2024-07-03T00:00:00,18.91,72.99,0.74,0.006792729943087938
2024-07-03T00:00:00,18.93,72.77,0.62,0.005691206168533138
2024-07-03T00:00:00,18.93,72.79,0.49,0.00449788874609877
2024-07-03T00:00:00,18.93,72.81,0.56,0.0051404442812557375
2024-07-03T00:00:00,18.93,72.83,0.09,0.0008261428309161006
2024-07-03T00:00:00,18.93,72.85,0.58,0.005324031577014871
2024-07-03T00:00:00,18.93,72.87,0.16,0.0014686983660730677
2024-07-03T00:00:00,18.93,72.89,0.24,0.0022030475491096016
2024-07-03T00:00:00,18.93,72.91,0.18,0.001652285661832201
2024-07-03T00:00:00,18.93,72.93,0.45,0.0041307141545805035
2024-07-03T00:00:00,18.93,72.95,0.01,9.179364787956673e-05
2024-07-03T00:00:00,18.93,72.97,0.07,0.0006425555351569672
2024-07-03T00:00:00,18.93,72.99,0.46,0.00422250780246007
2024-07-03T00:00:00,18.95,72.77,0.13,0.0011933174224343676
2024-07-03T00:00:00,18.95,72.79,0.52,0.00477326968973747
2024-07-03T00:00:00,18.95,72.81,0.12,0.0011015237745548008
2024-07-03T00:00:00,18.95,72.83,0.16,0.0014686983660730677
2024-07-03T00:00:00,18.95,72.85,0.66,0.006058380760051405
2024-07-03T00:00:00,18.95,72.87,0.34,0.003120984027905269
2024-07-03T00:00:00,18.95,72.89,0.22,0.002019460253350468
2024-07-03T00:00:00,18.95,72.91,0.27,0.002478428492748302
2024-07-03T00:00:00,18.95,72.93,0.38,0.0034881586194235362
2024-07-03T00:00:00,18.95,72.95,0.2,0.001835872957591335
2024-07-03T00:00:00,18.95,72.97,0.27,0.002478428492748302
2024-07-03T00:00:00,18.95,72.99,0.75,0.006884523590967505
2024-07-03T00:00:00,18.97,72.77,0.09,0.0008261428309161006
2024-07-03T00:00:00,18.97,72.79,0.24,0.0022030475491096016
2024-07-03T00:00:00,18.97,72.81,0.14,0.0012851110703139344
2024-07-03T00:00:00,18.97,72.83,0.1,0.0009179364787956674
2024-07-03T00:00:00,18.97,72.85,0.22,0.002019460253350468
2024-07-03T00:00:00,18.97,72.87,0.09,0.0008261428309161006
2024-07-03T00:00:00,18.97,72.89,0.08,0.0007343491830365339
2024-07-03T00:00:00,18.97,72.91,0.17,0.0015604920139526345
2024-07-03T00:00:00,18.97,72.93,0.27,0.002478428492748302
2024-07-03T00:00:00,18.97,72.95,0.25,0.002294841196989168
2024-07-03T00:00:00,18.97,72.97,0.16,0.0014686983660730677
2024-07-03T00:00:00,18.97,72.99,0.05,0.0004589682393978337
2024-07-03T00:00:00,18.99,72.77,0.06,0.0005507618872774004
2024-07-03T00:00:00,18.99,72.79,0.28,0.0025702221406278688
2024-07-03T00:00:00,18.99,72.81,0.12,0.0011015237745548008
2024-07-03T00:00:00,18.99,72.83,0.24,0.0022030475491096016
2024-07-03T00:00:00,18.99,72.85,0.21,0.0019276666054709015
2024-07-03T00:00:00,18.99,72.87,0.03,0.0002753809436387002
2024-07-03T00:00:00,18.99,72.89,0.51,0.004681476041857904
2024-07-03T00:00:00,18.99,72.91,0.05,0.0004589682393978337
2024-07-03T00:00:00,18.99,72.93,0.15,0.001376904718193501
2024-07-03T00:00:00,18.99,72.95,0.06,0.0005507618872774004
2024-07-03T00:00:00,18.99,72.97,0.1,0.0009179364787956674
2024-07-03T00:00:00,18.99,72.99,0.11,0.001009730126675234
2024-07-03T00:00:00,19.01,72.77,0.16,0.0014686983660730677
2024-07-03T00:00:00,19.01,72.79,0.18,0.001652285661832201
2024-07-03T00:00:00,19.01,72.81,0.65,0.005966587112171838
2024-07-03T00:00:00,19.01,72.83,0.09,0.0008261428309161006
2024-07-03T00:00:00,19.01,72.85,0.31,0.002845603084266569
2024-07-03T00:00:00,19.01,72.87,0.43,0.0039471268588213695
2024-07-03T00:00:00,19.01,72.89,0.27,0.002478428492748302
2024-07-03T00:00:00,19.01,72.91,0.48,0.004406095098219203
2024-07-03T00:00:00,19.01,72.93,0.26,0.002386634844868735
2024-07-03T00:00:00,19.01,72.95,0.25,0.002294841196989168
2024-07-03T00:00:00,19.01,72.97,0.4,0.00367174591518267
2024-07-03T00:00:00,19.01,72.99,0.22,0.002019460253350468
2024-07-03T00:00:00,19.03,72.77,0.5,0.004589682393978336
2024-07-03T00:00:00,19.03,72.79,0.27,0.002478428492748302
2024-07-03T00:00:00,19.03,72.81,0.47,0.004314301450339637
2024-07-03T00:00:00,19.03,72.83,0.59,0.005415825224894437
2024-07-03T00:00:00,19.03,72.85,0.15,0.001376904718193501
2024-07-03T00:00:00,19.03,72.87,0.13,0.0011933174224343676
2024-07-03T00:00:00,19.03,72.89,0.48,0.004406095098219203
2024-07-03T00:00:00,19.03,72.91,0.41,0.003763539563062236
2024-07-03T00:00:00,19.03,72.93,0.03,0.0002753809436387002
2024-07-03T00:00:00,19.03,72.95,0.21,0.0019276666054709015
2024-07-03T00:00:00,19.03,72.97,0.59,0.005415825224894437
2024-07-03T00:00:00,19.03,72.99,0.06,0.0005507618872774004
2024-07-03T00:00:00,19.05,72.77,0.07,0.0006425555351569672
2024-07-03T00:00:00,19.05,72.79,0.12,0.0011015237745548008
2024-07-03T00:00:00,19.05,72.81,0.15,0.001376904718193501
2024-07-03T00:00:00,19.05,72.83,0.04,0.00036717459151826694
2024-07-03T00:00:00,19.05,72.85,0.07,0.0006425555351569672
2024-07-03T00:00:00,19.05,72.87,0.04,0.00036717459151826694
2024-07-03T00:00:00,19.05,72.89,0.22,0.002019460253350468
2024-07-03T00:00:00,19.05,72.91,0.21,0.0019276666054709015
2024-07-03T00:00:00,19.05,72.93,0.47,0.004314301450339637
2024-07-03T00:00:00,19.05,72.95,0.22,0.002019460253350468
2024-07-03T00:00:00,19.05,72.97,0.27,0.002478428492748302
2024-07-03T00:00:00,19.05,72.99,0.29,0.0026620157885074353
2024-07-03T00:00:00,19.07,72.77,0.1,0.0009179364787956674
2024-07-03T00:00:00,19.07,72.79,0.08,0.0007343491830365339
2024-07-03T00:00:00,19.07,72.81,0.07,0.0006425555351569672
2024-07-03T00:00:00,19.07,72.83,0.14,0.0012851110703139344
2024-07-03T00:00:00,19.07,72.85,0.13,0.0011933174224343676
2024-07-03T00:00:00,19.07,72.87,0.2,0.001835872957591335
2024-07-03T00:00:00,19.07,72.89,0.33,0.0030291903800257025
2024-07-03T00:00:00,19.07,72.91,0.28,0.0025702221406278688
2024-07-03T00:00:00,19.07,72.93,0.12,0.0011015237745548008
2024-07-03T00:00:00,19.07,72.95,0.1,0.0009179364787956674
2024-07-03T00:00:00,19.07,72.97,0.11,0.001009730126675234
2024-07-03T00:00:00,19.07,72.99,0.12,0.0011015237745548008
2024-07-03T00:00:00,19.09,72.77,0.06,0.0005507618872774004
2024-07-03T00:00:00,19.09,72.79,0.27,0.002478428492748302
2024-07-03T00:00:00,19.09,72.81,0.7,0.006425555351569671
2024-07-03T00:00:00,19.09,72.83,0.21,0.0019276666054709015
2024-07-03T00:00:00,19.09,72.85,0.21,0.0019276666054709015
2024-07-03T00:00:00,19.09,72.87,0.27,0.002478428492748302
2024-07-03T00:00:00,19.09,72.89,0.07,0.0006425555351569672
2024-07-03T00:00:00,19.09,72.91,0.11,0.001009730126675234
2024-07-03T00:00:00,19.09,72.93,0.11,0.001009730126675234
2024-07-03T00:00:00,19.09,72.95,0.06,0.0005507618872774004
2024-07-03T00:00:00,19.09,72.97,0.51,0.004681476041857904
2024-07-03T00:00:00,19.09,72.99,0.29,0.0026620157885074353
2024-07-03T00:00:00,19.11,72.77,0.4,0.00367174591518267
2024-07-03T00:00:00,19.11,72.79,0.16,0.0014686983660730677
2024-07-03T00:00:00,19.11,72.81,0.23,0.002111253901230035
2024-07-03T00:00:00,19.11,72.83,0.14,0.0012851110703139344
2024-07-03T00:00:00,19.11,72.85,0.17,0.0015604920139526345
2024-07-03T00:00:00,19.11,72.87,0.2,0.001835872957591335
2024-07-03T00:00:00,19.11,72.89,0.17,0.0015604920139526345
2024-07-03T00:00:00,19.11,72.91,0.19,0.0017440793097117681
2024-07-03T00:00:00,19.11,72.93,0.04,0.00036717459151826694
2024-07-03T00:00:00,19.11,72.95,0.07,0.0006425555351569672
2024-07-03T00:00:00,19.11,72.97,0.12,0.0011015237745548008
2024-07-03T00:00:00,19.11,72.99,0.14,0.0012851110703139344
2024-07-03T00:00:00,19.13,72.77,0.18,0.001652285661832201
2024-07-03T00:00:00,19.13,72.79,0.32,0.0029373967321461355
2024-07-03T00:00:00,19.13,72.81,0.25,0.002294841196989168
2024-07-03T00:00:00,19.13,72.83,0.27,0.002478428492748302
2024-07-03T00:00:00,19.13,72.85,0.12,0.0011015237745548008
2024-07-03T00:00:00,19.13,72.87,0.08,0.0007343491830365339
2024-07-03T00:00:00,19.13,72.89,0.16,0.0014686983660730677
2024-07-03T00:00:00,19.13,72.91,0.3,0.002753809436387002
2024-07-03T00:00:00,19.13,72.93,0.51,0.004681476041857904
2024-07-03T00:00:00,19.13,72.95,0.11,0.001009730126675234
2024-07-03T00:00:00,19.13,72.97,0.49,0.00449788874609877
2024-07-03T00:00:00,19.13,72.99,0.07,0.0006425555351569672
2024-07-03T00:00:00,19.15,72.77,0.05,0.0004589682393978337
2024-07-03T00:00:00,19.15,72.79,0.17,0.0015604920139526345
2024-07-03T00:00:00,19.15,72.81,0.09,0.0008261428309161006
2024-07-03T00:00:00,19.15,72.83,0.11,0.001009730126675234
2024-07-03T00:00:00,19.15,72.85,0.38,0.0034881586194235362
2024-07-03T00:00:00,19.15,72.87,0.34,0.003120984027905269
2024-07-03T00:00:00,19.15,72.89,0.23,0.002111253901230035
2024-07-03T00:00:00,19.15,72.91,0.21,0.0019276666054709015
2024-07-03T00:00:00,19.15,72.93,0.1,0.0009179364787956674
2024-07-03T00:00:00,19.15,72.95,0.16,0.0014686983660730677
2024-07-03T00:00:00,19.15,72.97,0.13,0.0011933174224343676
2024-07-03T00:00:00,19.15,72.99,0.05,0.0004589682393978337
2024-07-03T00:00:00,19.17,72.77,0.7,0.006425555351569671
2024-07-03T00:00:00,19.17,72.79,0.17,0.0015604920139526345
2024-07-03T00:00:00,19.17,72.81,0.08,0.0007343491830365339
2024-07-03T00:00:00,19.17,72.83,0.06,0.0005507618872774004
2024-07-03T00:00:00,19.17,72.85,0.28,0.0025702221406278688
2024-07-03T00:00:00,19.17,72.87,0.57,0.005232237929135303
2024-07-03T00:00:00,19.17,72.89,0.68,0.006241968055810538
2024-07-03T00:00:00,19.17,72.91,0.17,0.0015604920139526345
2024-07-03T00:00:00,19.17,72.93,0.14,0.0012851110703139344
2024-07-03T00:00:00,19.17,72.95,0.19,0.0017440793097117681
2024-07-03T00:00:00,19.17,72.97,0.18,0.001652285661832201
2024-07-03T00:00:00,19.17,72.99,0.03,0.0002753809436387002
2024-07-03T00:00:00,19.19,72.77,0.16,0.0014686983660730677
2024-07-03T00:00:00,19.19,72.79,0.27,0.002478428492748302
2024-07-03T00:00:00,19.19,72.81,0.3,0.002753809436387002
2024-07-03T00:00:00,19.19,72.83,0.31,0.002845603084266569
2024-07-03T00:00:00,19.19,72.85,0.2,0.001835872957591335
2024-07-03T00:00:00,19.19,72.87,0.07,0.0006425555351569672
2024-07-03T00:00:00,19.19,72.89,0.17,0.0015604920139526345
2024-07-03T00:00:00,19.19,72.91,0.43,0.0039471268588213695
2024-07-03T00:00:00,19.19,72.93,0.24,0.0022030475491096016
2024-07-03T00:00:00,19.19,72.95,0.14,0.0012851110703139344
2024-07-03T00:00:00,19.19,72.97,0.67,0.0061501744079309716
2024-07-03T00:00:00,19.19,72.99,0.19,0.0017440793097117681
2024-07-03T00:00:00,19.21,72.77,0.2,0.001835872957591335
2024-07-03T00:00:00,19.21,72.79,0.35,0.0032127776757848356
2024-07-03T00:00:00,19.21,72.81,0.07,0.0006425555351569672
2024-07-03T00:00:00,19.21,72.83,0.16,0.0014686983660730677
2024-07-03T00:00:00,19.21,72.85,0.18,0.001652285661832201
2024-07-03T00:00:00,19.21,72.87,0.04,0.00036717459151826694
2024-07-03T00:00:00,19.21,72.89,0.22,0.002019460253350468
2024-07-03T00:00:00,19.21,72.91,0.27,0.002478428492748302
2024-07-03T00:00:00,19.21,72.93,0.12,0.0011015237745548008
2024-07-03T00:00:00,19.21,72.95,0.3,0.002753809436387002
2024-07-03T00:00:00,19.21,72.97,0.37,0.003396364971543969
2024-07-03T00:00:00,19.21,72.99,0.39,0.003579952267303103
2024-07-03T00:00:00,19.23,72.77,0.09,0.0008261428309161006
2024-07-03T00:00:00,19.23,72.79,0.24,0.0022030475491096016
2024-07-03T00:00:00,19.23,72.81,0.33,0.0030291903800257025
2024-07-03T00:00:00,19.23,72.83,0.23,0.002111253901230035
2024-07-03T00:00:00,19.23,72.85,0.39,0.003579952267303103
2024-07-03T00:00:00,19.23,72.87,0.23,0.002111253901230035
2024-07-03T00:00:00,19.23,72.89,0.07,0.0006425555351569672
2024-07-03T00:00:00,19.23,72.91,0.37,0.003396364971543969
2024-07-03T00:00:00,19.23,72.93,0.2,0.001835872957591335
2024-07-03T00:00:00,19.23,72.95,0.51,0.004681476041857904
2024-07-03T00:00:00,19.23,72.97,0.07,0.0006425555351569672
2024-07-03T00:00:00,19.23,72.99,0.19,0.0017440793097117681
2024-07-03T00:00:00,19.25,72.77,0.61,0.00559941252065357
2024-07-03T00:00:00,19.25,72.79,0.26,0.002386634844868735
2024-07-03T00:00:00,19.25,72.81,0.37,0.003396364971543969
2024-07-03T00:00:00,19.25,72.83,0.43,0.0039471268588213695
2024-07-03T00:00:00,19.25,72.85,0.21,0.0019276666054709015
2024-07-03T00:00:00,19.25,72.87,0.1,0.0009179364787956674
2024-07-03T00:00:00,19.25,72.89,0.36,0.003304571323664402
2024-07-03T00:00:00,19.25,72.91,0.17,0.0015604920139526345
2024-07-03T00:00:00,19.25,72.93,0.03,0.0002753809436387002
2024-07-03T00:00:00,19.25,72.95,0.43,0.0039471268588213695
2024-07-03T00:00:00,19.25,72.97,0.55,0.005048650633376171
2024-07-03T00:00:00,19.25,72.99,0.11,0.001009730126675234
2024-07-03T01:00:00,18.87,72.77,0.15,0.001376904718193501
2024-07-03T01:00:00,18.87,72.79,0.48,0.004406095098219203
2024-07-03T01:00:00,18.87,72.81,0.39,0.003579952267303103
2024-07-03T01:00:00,18.87,72.83,0.22,0.002019460253350468
2024-07-03T01:00:00,18.87,72.85,0.35,0.0032127776757848356
2024-07-03T01:00:00,18.87,72.87,0.11,0.001009730126675234
2024-07-03T01:00:00,18.87,72.89,0.04,0.00036717459151826694
2024-07-03T01:00:00,18.87,72.91,0.28,0.0025702221406278688
2024-07-03T01:00:00,18.87,72.93,0.12,0.0011015237745548008
2024-07-03T01:00:00,18.87,72.95,0.03,0.0002753809436387002
2024-07-03T01:00:00,18.87,72.97,0.08,0.0007343491830365339
2024-07-03T01:00:00,18.87,72.99,0.1,0.0009179364787956674
2024-07-03T01:00:00,18.89,72.77,0.14,0.0012851110703139344
2024-07-03T01:00:00,18.89,72.79,0.08,0.0007343491830365339
2024-07-03T01:00:00,18.89,72.81,0.06,0.0005507618872774004
2024-07-03T01:00:00,18.89,72.83,0.03,0.0002753809436387002
2024-07-03T01:00:00,18.89,72.85,0.03,0.0002753809436387002
2024-07-03T01:00:00,18.89,72.87,0.13,0.0011933174224343676
2024-07-03T01:00:00,18.89,72.89,0.16,0.0014686983660730677
2024-07-03T01:00:00,18.89,72.91,0.05,0.0004589682393978337
2024-07-03T01:00:00,18.89,72.93,0.32,0.0029373967321461355
2024-07-03T01:00:00,18.89,72.95,0.09,0.0008261428309161006
2024-07-03T01:00:00,18.89,72.97,0.11,0.001009730126675234
2024-07-03T01:00:00,18.89,72.99,0.1,0.0009179364787956674
2024-07-03T01:00:00,18.91,72.77,0.02,0.00018358729575913347
2024-07-03T01:00:00,18.91,72.79,0.29,0.0026620157885074353
2024-07-03T01:00:00,18.91,72.81,0.22,0.002019460253350468
2024-07-03T01:00:00,18.91,72.83,0.36,0.003304571323664402
2024-07-03T01:00:00,18.91,72.85,0.34,0.003120984027905269
2024-07-03T01:00:00,18.91,72.87,0.18,0.001652285661832201
2024-07-03T01:00:00,18.91,72.89,0.21,0.0019276666054709015
2024-07-03T01:00:00,18.91,72.91,0.05,0.0004589682393978337
2024-07-03T01:00:00,18.91,72.93,0.09,0.0008261428309161006
2024-07-03T01:00:00,18.91,72.95,0.11,0.001009730126675234
2024-07-03T01:00:00,18.91,72.97,0.08,0.0007343491830365339
2024-07-03T01:00:00,18.91,72.99,0.29,0.0026620157885074353
2024-07-03T01:00:00,18.93,72.77,0.17,0.0015604920139526345
2024-07-03T01:00:00,18.93,72.79,0.08,0.0007343491830365339
2024-07-03T01:00:00,18.93,72.81,0.33,0.0030291903800257025
2024-07-03T01:00:00,18.93,72.83,0.16,0.0014686983660730677
2024-07-03T01:00:00,18.93,72.85,0.26,0.002386634844868735
2024-07-03T01:00:00,18.93,72.87,0.05,0.0004589682393978337
2024-07-03T01:00:00,18.93,72.89,0.16,0.0014686983660730677
2024-07-03T01:00:00,18.93,72.91,0.06,0.0005507618872774004
2024-07-03T01:00:00,18.93,72.93,0.15,0.001376904718193501
2024-07-03T01:00:00,18.93,72.95,0.19,0.0017440793097117681
2024-07-03T01:00:00,18.93,72.97,0.04,0.00036717459151826694
2024-07-03T01:00:00,18.93,72.99,0.11,0.001009730126675234
2024-07-03T01:00:00,18.95,72.77,0.06,0.0005507618872774004
2024-07-03T01:00:00,18.95,72.79,0.3,0.002753809436387002
2024-07-03T01:00:00,18.95,72.81,0.15,0.001376904718193501
2024-07-03T01:00:00,18.95,72.83,0.07,0.0006425555351569672
2024-07-03T01:00:00,18.95,72.85,0.09,0.0008261428309161006
2024-07-03T01:00:00,18.95,72.87,0.09,0.0008261428309161006
2024-07-03T01:00:00,18.95,72.89,0.33,0.0030291903800257025
2024-07-03T01:00:00,18.95,72.91,0.12,0.0011015237745548008
2024-07-03T01:00:00,18.95,72.93,0.22,0.002019460253350468
2024-07-03T01:00:00,18.95,72.95,0.12,0.0011015237745548008
2024-07-03T01:00:00,18.95,72.97,0.05,0.0004589682393978337
2024-07-03T01:00:00,18.95,72.99,0.07,0.0006425555351569672
2024-07-03T01:00:00,18.97,72.77,0.19,0.0017440793097117681
2024-07-03T01:00:00,18.97,72.79,0.02,0.00018358729575913347
2024-07-03T01:00:00,18.97,72.81,0.21,0.0019276666054709015
2024-07-03T01:00:00,18.97,72.83,0.08,0.0007343491830365339
2024-07-03T01:00:00,18.97,72.85,0.15,0.001376904718193501
2024-07-03T01:00:00,18.97,72.87,0.09,0.0008261428309161006
2024-07-03T01:00:00,18.97,72.89,0.21,0.0019276666054709015
2024-07-03T01:00:00,18.97,72.91,0.13,0.0011933174224343676
2024-07-03T01:00:00,18.97,72.93,0.2,0.001835872957591335
2024-07-03T01:00:00,18.97,72.95,0.02,0.00018358729575913347
2024-07-03T01:00:00,18.97,72.97,0.1,0.0009179364787956674
2024-07-03T01:00:00,18.97,72.99,0.07,0.0006425555351569672
2024-07-03T01:00:00,18.99,72.77,0.21,0.0019276666054709015
2024-07-03T01:00:00,18.99,72.79,0.29,0.0026620157885074353
2024-07-03T01:00:00,18.99,72.81,0.28,0.0025702221406278688
2024-07-03T01:00:00,18.99,72.83,0.37,0.003396364971543969
2024-07-03T01:00:00,18.99,72.85,0.27,0.002478428492748302
2024-07-03T01:00:00,18.99,72.87,0.11,0.001009730126675234
2024-07-03T01:00:00,18.99,72.89,0.06,0.0005507618872774004
2024-07-03T01:00:00,18.99,72.91,0.03,0.0002753809436387002
2024-07-03T01:00:00,18.99,72.93,0.05,0.0004589682393978337
2024-07-03T01:00:00,18.99,72.95,0.02,0.00018358729575913347
2024-07-03T01:00:00,18.99,72.97,0.04,0.00036717459151826694
2024-07-03T01:00:00,18.99,72.99,0.14,0.0012851110703139344
2024-07-03T01:00:00,19.01,72.77,0.03,0.0002753809436387002
2024-07-03T01:00:00,19.01,72.79,0.2,0.001835872957591335
2024-07-03T01:00:00,19.01,72.81,0.09,0.0008261428309161006
2024-07-03T01:00:00,19.01,72.83,0.15,0.001376904718193501
2024-07-03T01:00:00,19.01,72.85,0.15,0.001376904718193501
2024-07-03T01:00:00,19.01,72.87,0.35,0.0032127776757848356
2024-07-03T01:00:00,19.01,72.89,0.14,0.0012851110703139344
2024-07-03T01:00:00,19.01,72.91,0.04,0.00036717459151826694
2024-07-03T01:00:00,19.01,72.93,0.06,0.0005507618872774004
2024-07-03T01:00:00,19.01,72.95,0.13,0.0011933174224343676
2024-07-03T01:00:00,19.01,72.97,0.1,0.0009179364787956674
2024-07-03T01:00:00,19.01,72.99,0.13,0.0011933174224343676
2024-07-03T01:00:00,19.03,72.77,0.2,0.001835872957591335
2024-07-03T01:00:00,19.03,72.79,0.07,0.0006425555351569672
2024-07-03T01:00:00,19.03,72.81,0.2,0.001835872957591335
2024-07-03T01:00:00,19.03,72.83,0.21,0.0019276666054709015
2024-07-03T01:00:00,19.03,72.85,0.15,0.001376904718193501
2024-07-03T01:00:00,19.03,72.87,0.43,0.0039471268588213695
2024-07-03T01:00:00,19.03,72.89,0.03,0.0002753809436387002
2024-07-03T01:00:00,19.03,72.91,0.37,0.003396364971543969
2024-07-03T01:00:00,19.03,72.93,0.1,0.0009179364787956674
2024-07-03T01:00:00,19.03,72.95,0.07,0.0006425555351569672
2024-07-03T01:00:00,19.03,72.97,0.17,0.0015604920139526345
2024-07-03T01:00:00,19.03,72.99,0.07,0.0006425555351569672
2024-07-03T01:00:00,19.05,72.77,0.29,0.0026620157885074353
2024-07-03T01:00:00,19.05,72.79,0.11,0.001009730126675234
2024-07-03T01:00:00,19.05,72.81,0.3,0.002753809436387002
2024-07-03T01:00:00,19.05,72.83,0.06,0.0005507618872774004
2024-07-03T01:00:00,19.05,72.85,0.17,0.0015604920139526345
2024-07-03T01:00:00,19.05,72.87,0.07,0.0006425555351569672
2024-07-03T01:00:00,19.05,72.89,0.17,0.0015604920139526345
2024-07-03T01:00:00,19.05,72.91,0.03,0.0002753809436387002
2024-07-03T01:00:00,19.05,72.93,0.04,0.00036717459151826694
2024-07-03T01:00:00,19.05,72.95,0.09,0.0008261428309161006
2024-07-03T01:00:00,19.05,72.97,0.26,0.002386634844868735
2024-07-03T01:00:00,19.05,72.99,0.03,0.0002753809436387002
2024-07-03T01:00:00,19.07,72.77,0.37,0.003396364971543969
2024-07-03T01:00:00,19.07,72.79,0.19,0.0017440793097117681
2024-07-03T01:00:00,19.07,72.81,0.29,0.0026620157885074353
2024-07-03T01:00:00,19.07,72.83,0.14,0.0012851110703139344
2024-07-03T01:00:00,19.07,72.85,0.15,0.001376904718193501
2024-07-03T01:00:00,19.07,72.87,0.11,0.001009730126675234
2024-07-03T01:00:00,19.07,72.89,0.1,0.0009179364787956674
2024-07-03T01:00:00,19.07,72.91,0.21,0.0019276666054709015
2024-07-03T01:00:00,19.07,72.93,0.05,0.0004589682393978337
2024-07-03T01:00:00,19.07,72.95,0.12,0.0011015237745548008
2024-07-03T01:00:00,19.07,72.97,0.03,0.0002753809436387002
2024-07-03T01:00:00,19.07,72.99,0.04,0.00036717459151826694
2024-07-03T01:00:00,19.09,72.77,0.14,0.0012851110703139344
2024-07-03T01:00:00,19.09,72.79,0.09,0.0008261428309161006
2024-07-03T01:00:00,19.09,72.81,0.12,0.0011015237745548008
2024-07-03T01:00:00,19.09,72.83,0.07,0.0006425555351569672
2024-07-03T01:00:00,19.09,72.85,0.21,0.0019276666054709015
2024-07-03T01:00:00,19.09,72.87,0.04,0.00036717459151826694
2024-07-03T01:00:00,19.09,72.89,0.39,0.003579952267303103
2024-07-03T01:00:00,19.09,72.91,0.3,0.002753809436387002
2024-07-03T01:00:00,19.09,72.93,0.18,0.001652285661832201
2024-07-03T01:00:00,19.09,72.95,0.03,0.0002753809436387002
2024-07-03T01:00:00,19.09,72.97,0.1,0.0009179364787956674
2024-07-03T01:00:00,19.09,72.99,0.17,0.0015604920139526345
2024-07-03T01:00:00,19.11,72.77,0.3,0.002753809436387002
2024-07-03T01:00:00,19.11,72.79,0.29,0.0026620157885074353
2024-07-03T01:00:00,19.11,72.81,0.24,0.0022030475491096016
2024-07-03T01:00:00,19.11,72.83,0.02,0.00018358729575913347
2024-07-03T01:00:00,19.11,72.85,0.06,0.0005507618872774004
2024-07-03T01:00:00,19.11,72.87,0.23,0.002111253901230035
2024-07-03T01:00:00,19.11,72.89,0.08,0.0007343491830365339
2024-07-03T01:00:00,19.11,72.91,0.16,0.0014686983660730677
2024-07-03T01:00:00,19.11,72.93,0.39,0.003579952267303103
2024-07-03T01:00:00,19.11,72.95,0.07,0.0006425555351569672
2024-07-03T01:00:00,19.11,72.97,0.25,0.002294841196989168
2024-07-03T01:00:00,19.11,72.99,0.15,0.001376904718193501
2024-07-03T01:00:00,19.13,72.77,0.62,0.005691206168533138
2024-07-03T01:00:00,19.13,72.79,0.19,0.0017440793097117681
2024-07-03T01:00:00,19.13,72.81,0.09,0.0008261428309161006
2024-07-03T01:00:00,19.13,72.83,0.14,0.0012851110703139344
2024-07-03T01:00:00,19.13,72.85,0.05,0.0004589682393978337
2024-07-03T01:00:00,19.13,72.87,0.22,0.002019460253350468
2024-07-03T01:00:00,19.13,72.89,0.09,0.0008261428309161006
2024-07-03T01:00:00,19.13,72.91,0.13,0.0011933174224343676
2024-07-03T01:00:00,19.13,72.93,0.27,0.002478428492748302
2024-07-03T01:00:00,19.13,72.95,0.04,0.00036717459151826694
2024-07-03T01:00:00,19.13,72.97,0.24,0.0022030475491096016
2024-07-03T01:00:00,19.13,72.99,0.03,0.0002753809436387002
2024-07-03T01:00:00,19.15,72.77,0.14,0.0012851110703139344
2024-07-03T01:00:00,19.15,72.79,0.21,0.0019276666054709015
2024-07-03T01:00:00,19.15,72.81,0.25,0.002294841196989168
2024-07-03T01:00:00,19.15,72.83,0.06,0.0005507618872774004
2024-07-03T01:00:00,19.15,72.85,0.43,0.0039471268588213695
2024-07-03T01:00:00,19.15,72.87,0.19,0.0017440793097117681
2024-07-03T01:00:00,19.15,72.89,0.23,0.002111253901230035
2024-07-03T01:00:00,19.15,72.91,0.18,0.001652285661832201
2024-07-03T01:00:00,19.15,72.93,0.05,0.0004589682393978337
2024-07-03T01:00:00,19.15,72.95,0.07,0.0006425555351569672
2024-07-03T01:00:00,19.15,72.97,0.28,0.0025702221406278688
2024-07-03T01:00:00,19.15,72.99,0.29,0.0026620157885074353
2024-07-03T01:00:00,19.17,72.77,0.02,0.00018358729575913347
2024-07-03T01:00:00,19.17,72.79,0.24,0.0022030475491096016
2024-07-03T01:00:00,19.17,72.81,0.13,0.0011933174224343676
2024-07-03T01:00:00,19.17,72.83,0.19,0.0017440793097117681
2024-07-03T01:00:00,19.17,72.85,0.16,0.0014686983660730677
2024-07-03T01:00:00,19.17,72.87,0.15,0.001376904718193501
2024-07-03T01:00:00,19.17,72.89,0.06,0.0005507618872774004
2024-07-03T01:00:00,19.17,72.91,0.25,0.002294841196989168
2024-07-03T01:00:00,19.17,72.93,0.08,0.0007343491830365339
2024-07-03T01:00:00,19.17,72.95,0.11,0.001009730126675234
2024-07-03T01:00:00,19.17,72.97,0.06,0.0005507618872774004
2024-07-03T01:00:00,19.17,72.99,0.12,0.0011015237745548008
2024-07-03T01:00:00,19.19,72.77,0.05,0.0004589682393978337
2024-07-03T01:00:00,19.19,72.79,0.1,0.0009179364787956674
2024-07-03T01:00:00,19.19,72.81,0.28,0.0025702221406278688
2024-07-03T01:00:00,19.19,72.83,0.05,0.0004589682393978337
2024-07-03T01:00:00,19.19,72.85,0.22,0.002019460253350468
2024-07-03T01:00:00,19.19,72.87,0.04,0.00036717459151826694
2024-07-03T01:00:00,19.19,72.89,0.08,0.0007343491830365339
2024-07-03T01:00:00,19.19,72.91,0.08,0.0007343491830365339
2024-07-03T01:00:00,19.19,72.93,0.23,0.002111253901230035
2024-07-03T01:00:00,19.19,72.95,0.3,0.002753809436387002
2024-07-03T01:00:00,19.19,72.97,0.09,0.0008261428309161006
2024-07-03T01:00:00,19.19,72.99,0.04,0.00036717459151826694
2024-07-03T01:00:00,19.21,72.77,0.1,0.0009179364787956674
2024-07-03T01:00:00,19.21,72.79,0.11,0.001009730126675234
2024-07-03T01:00:00,19.21,72.81,0.09,0.0008261428309161006
2024-07-03T01:00:00,19.21,72.83,0.13,0.0011933174224343676
2024-07-03T01:00:00,19.21,72.85,0.07,0.0006425555351569672
2024-07-03T01:00:00,19.21,72.87,0.05,0.0004589682393978337
2024-07-03T01:00:00,19.21,72.89,0.02,0.00018358729575913347
2024-07-03T01:00:00,19.21,72.91,0.23,0.002111253901230035
2024-07-03T01:00:00,19.21,72.93,0.14,0.0012851110703139344
2024-07-03T01:00:00,19.21,72.95,0.19,0.0017440793097117681
2024-07-03T01:00:00,19.21,72.97,0.17,0.0015604920139526345
2024-07-03T01:00:00,19.21,72.99,0.11,0.001009730126675234
2024-07-03T01:00:00,19.23,72.77,0.14,0.0012851110703139344
2024-07-03T01:00:00,19.23,72.79,0.46,0.00422250780246007
2024-07-03T01:00:00,19.23,72.81,0.1,0.0009179364787956674
2024-07-03T01:00:00,19.23,72.83,0.14,0.0012851110703139344
2024-07-03T01:00:00,19.23,72.85,0.1,0.0009179364787956674
2024-07-03T01:00:00,19.23,72.87,0.06,0.0005507618872774004
2024-07-03T01:00:00,19.23,72.89,0.52,0.00477326968973747
2024-07-03T01:00:00,19.23,72.91,0.19,0.0017440793097117681
2024-07-03T01:00:00,19.23,72.93,0.07,0.0006425555351569672
2024-07-03T01:00:00,19.23,72.95,0.06,0.0005507618872774004
2024-07-03T01:00:00,19.23,72.97,0.19,0.0017440793097117681
2024-07-03T01:00:00,19.23,72.99,0.25,0.002294841196989168
2024-07-03T01:00:00,19.25,72.77,0.06,0.0005507618872774004
2024-07-03T01:00:00,19.25,72.79,0.13,0.0011933174224343676
2024-07-03T01:00:00,19.25,72.81,0.15,0.001376904718193501
2024-07-03T01:00:00,19.25,72.83,0.14,0.0012851110703139344
2024-07-03T01:00:00,19.25,72.85,0.16,0.0014686983660730677
2024-07-03T01:00:00,19.25,72.87,0.11,0.001009730126675234
2024-07-03T01:00:00,19.25,72.89,0.12,0.0011015237745548008
2024-07-03T01:00:00,19.25,72.91,0.12,0.0011015237745548008
2024-07-03T01:00:00,19.25,72.93,0.05,0.0004589682393978337
2024-07-03T01:00:00,19.25,72.95,0.38,0.0034881586194235362
2024-07-03T01:00:00,19.25,72.97,0.2,0.001835872957591335
2024-07-03T01:00:00,19.25,72.99,0.24,0.0022030475491096016
2024-07-03T02:00:00,18.87,72.77,0.13,0.0011933174224343676
2024-07-03T02:00:00,18.87,72.79,0.41,0.003763539563062236
2024-07-03T02:00:00,18.87,72.81,0.01,9.179364787956673e-05
2024-07-03T02:00:00,18.87,72.83,0.1,0.0009179364787956674
2024-07-03T02:00:00,18.87,72.85,0.04,0.00036717459151826694
2024-07-03T02:00:00,18.87,72.87,0.1,0.0009179364787956674
2024-07-03T02:00:00,18.87,72.89,0.23,0.002111253901230035
2024-07-03T02:00:00,18.87,72.91,0.14,0.0012851110703139344
2024-07-03T02:00:00,18.87,72.93,0.08,0.0007343491830365339
2024-07-03T02:00:00,18.87,72.95,0.24,0.0022030475491096016
2024-07-03T02:00:00,18.87,72.97,0.15,0.001376904718193501
2024-07-03T02:00:00,18.87,72.99,0.12,0.0011015237745548008
2024-07-03T02:00:00,18.89,72.77,0.15,0.001376904718193501
2024-07-03T02:00:00,18.89,72.79,0.18,0.001652285661832201
2024-07-03T02:00:00,18.89,72.81,0.06,0.0005507618872774004
2024-07-03T02:00:00,18.89,72.83,0.05,0.0004589682393978337
2024-07-03T02:00:00,18.89,72.85,0.04,0.00036717459151826694
2024-07-03T02:00:00,18.89,72.87,0.06,0.0005507618872774004
2024-07-03T02:00:00,18.89,72.89,0.24,0.0022030475491096016
2024-07-03T02:00:00,18.89,72.91,0.07,0.0006425555351569672
2024-07-03T02:00:00,18.89,72.93,0.23,0.002111253901230035
2024-07-03T02:00:00,18.89,72.95,0.05,0.0004589682393978337
2024-07-03T02:00:00,18.89,72.97,0.17,0.0015604920139526345
2024-07-03T02:00:00,18.89,72.99,0.19,0.0017440793097117681
2024-07-03T02:00:00,18.91,72.77,0.12,0.0011015237745548008
2024-07-03T02:00:00,18.91,72.79,0.09,0.0008261428309161006
2024-07-03T02:00:00,18.91,72.81,0.05,0.0004589682393978337
2024-07-03T02:00:00,18.91,72.83,0.18,0.001652285661832201
2024-07-03T02:00:00,18.91,72.85,0.08,0.0007343491830365339
2024-07-03T02:00:00,18.91,72.87,0.07,0.0006425555351569672
2024-07-03T02:00:00,18.91,72.89,0.12,0.0011015237745548008
2024-07-03T02:00:00,18.91,72.91,0.14,0.0012851110703139344
2024-07-03T02:00:00,18.91,72.93,0.04,0.00036717459151826694
2024-07-03T02:00:00,18.91,72.95,0.11,0.001009730126675234
2024-07-03T02:00:00,18.91,72.97,0.2,0.001835872957591335
2024-07-03T02:00:00,18.91,72.99,0.03,0.0002753809436387002
2024-07-03T02:00:00,18.93,72.77,0.21,0.0019276666054709015
2024-07-03T02:00:00,18.93,72.79,0.2,0.001835872957591335
2024-07-03T02:00:00,18.93,72.81,0.2,0.001835872957591335
2024-07-03T02:00:00,18.93,72.83,0.15,0.001376904718193501
2024-07-03T02:00:00,18.93,72.85,0.14,0.0012851110703139344
2024-07-03T02:00:00,18.93,72.87,0.17,0.0015604920139526345
2024-07-03T02:00:00,18.93,72.89,0.11,0.001009730126675234
2024-07-03T02:00:00,18.93,72.91,0.06,0.0005507618872774004
2024-07-03T02:00:00,18.93,72.93,0.06,0.0005507618872774004
2024-07-03T02:00:00,18.93,72.95,0.08,0.0007343491830365339
2024-07-03T02:00:00,18.93,72.97,0.14,0.0012851110703139344
2024-07-03T02:00:00,18.93,72.99,0.08,0.0007343491830365339
2024-07-03T02:00:00,18.95,72.77,0.09,0.0008261428309161006
2024-07-03T02:00:00,18.95,72.79,0.21,0.0019276666054709015
2024-07-03T02:00:00,18.95,72.81,0.11,0.001009730126675234
2024-07-03T02:00:00,18.95,72.83,0.03,0.0002753809436387002
2024-07-03T02:00:00,18.95,72.85,0.04,0.00036717459151826694
2024-07-03T02:00:00,18.95,72.87,0.03,0.0002753809436387002
2024-07-03T02:00:00,18.95,72.89,0.09,0.0008261428309161006
2024-07-03T02:00:00,18.95,72.91,0.04,0.00036717459151826694
2024-07-03T02:00:00,18.95,72.93,0.07,0.0006425555351569672
2024-07-03T02:00:00,18.95,72.95,0.05,0.0004589682393978337
2024-07-03T02:00:00,18.95,72.97,0.02,0.00018358729575913347
2024-07-03T02:00:00,18.95,72.99,0.03,0.0002753809436387002
2024-07-03T02:00:00,18.97,72.77,0.29,0.0026620157885074353
2024-07-03T02:00:00,18.97,72.79,0.08,0.0007343491830365339
2024-07-03T02:00:00,18.97,72.81,0.07,0.0006425555351569672
2024-07-03T02:00:00,18.97,72.83,0.07,0.0006425555351569672
2024-07-03T02:00:00,18.97,72.85,0.11,0.001009730126675234
2024-07-03T02:00:00,18.97,72.87,0.09,0.0008261428309161006
2024-07-03T02:00:00,18.97,72.89,0.29,0.0026620157885074353
2024-07-03T02:00:00,18.97,72.91,0.19,0.0017440793097117681
2024-07-03T02:00:00,18.97,72.93,0.27,0.002478428492748302
2024-07-03T02:00:00,18.97,72.95,0.14,0.0012851110703139344
2024-07-03T02:00:00,18.97,72.97,0.13,0.0011933174224343676
2024-07-03T02:00:00,18.97,72.99,0.03,0.0002753809436387002
2024-07-03T02:00:00,18.99,72.77,0.03,0.0002753809436387002
2024-07-03T02:00:00,18.99,72.79,0.03,0.0002753809436387002
2024-07-03T02:00:00,18.99,72.81,0.09,0.0008261428309161006
2024-07-03T02:00:00,18.99,72.83,0.18,0.001652285661832201
2024-07-03T02:00:00,18.99,72.85,0.06,0.0005507618872774004
2024-07-03T02:00:00,18.99,72.87,0.04,0.00036717459151826694
2024-07-03T02:00:00,18.99,72.89,0.16,0.0014686983660730677
2024-07-03T02:00:00,18.99,72.91,0.04,0.00036717459151826694
2024-07-03T02:00:00,18.99,72.93,0.23,0.002111253901230035
2024-07-03T02:00:00,18.99,72.95,0.04,0.00036717459151826694
2024-07-03T02:00:00,18.99,72.97,0.15,0.001376904718193501
2024-07-03T02:00:00,18.99,72.99,0.1,0.0009179364787956674
2024-07-03T02:00:00,19.01,72.77,0.01,9.179364787956673e-05
2024-07-03T02:00:00,19.01,72.79,0.05,0.0004589682393978337
2024-07-03T02:00:00,19.01,72.81,0.19,0.0017440793097117681
2024-07-03T02:00:00,19.01,72.83,0.02,0.00018358729575913347
2024-07-03T02:00:00,19.01,72.85,0.07,0.0006425555351569672
2024-07-03T02:00:00,19.01,72.87,0.02,0.00018358729575913347
2024-07-03T02:00:00,19.01,72.89,0.08,0.0007343491830365339
2024-07-03T02:00:00,19.01,72.91,0.11,0.001009730126675234
2024-07-03T02:00:00,19.01,72.93,0.09,0.0008261428309161006
2024-07-03T02:00:00,19.01,72.95,0.1,0.0009179364787956674
2024-07-03T02:00:00,19.01,72.97,0.09,0.0008261428309161006
2024-07-03T02:00:00,19.01,72.99,0.07,0.0006425555351569672
2024-07-03T02:00:00,19.03,72.77,0.18,0.001652285661832201
2024-07-03T02:00:00,19.03,72.79,0.03,0.0002753809436387002
2024-07-03T02:00:00,19.03,72.81,0.25,0.002294841196989168
2024-07-03T02:00:00,19.03,72.83,0.11,0.001009730126675234
2024-07-03T02:00:00,19.03,72.85,0.03,0.0002753809436387002
2024-07-03T02:00:00,19.03,72.87,0.21,0.0019276666054709015
2024-07-03T02:00:00,19.03,72.89,0.07,0.0006425555351569672
2024-07-03T02:00:00,19.03,72.91,0.06,0.0005507618872774004
2024-07-03T02:00:00,19.03,72.93,0.03,0.0002753809436387002
2024-07-03T02:00:00,19.03,72.95,0.05,0.0004589682393978337
2024-07-03T02:00:00,19.03,72.97,0.15,0.001376904718193501
2024-07-03T02:00:00,19.03,72.99,0.04,0.00036717459151826694
2024-07-03T02:00:00,19.05,72.77,0.19,0.0017440793097117681
2024-07-03T02:00:00,19.05,72.79,0.07,0.0006425555351569672
2024-07-03T02:00:00,19.05,72.81,0.04,0.00036717459151826694
2024-07-03T02:00:00,19.05,72.83,0.06,0.0005507618872774004
2024-07-03T02:00:00,19.05,72.85,0.13,0.0011933174224343676
2024-07-03T02:00:00,19.05,72.87,0.1,0.0009179364787956674
2024-07-03T02:00:00,19.05,72.89,0.25,0.002294841196989168
2024-07-03T02:00:00,19.05,72.91,0.07,0.0006425555351569672
2024-07-03T02:00:00,19.05,72.93,0.16,0.0014686983660730677
2024-07-03T02:00:00,19.05,72.95,0.07,0.0006425555351569672
2024-07-03T02:00:00,19.05,72.97,0.04,0.00036717459151826694
2024-07-03T02:00:00,19.05,72.99,0.03,0.0002753809436387002
2024-07-03T02:00:00,19.07,72.77,0.08,0.0007343491830365339
2024-07-03T02:00:00,19.07,72.79,0.1,0.0009179364787956674
2024-07-03T02:00:00,19.07,72.81,0.23,0.002111253901230035
2024-07-03T02:00:00,19.07,72.83,0.26,0.002386634844868735
2024-07-03T02:00:00,19.07,72.85,0.26,0.002386634844868735
2024-07-03T02:00:00,19.07,72.87,0.05,0.0004589682393978337
2024-07-03T02:00:00,19.07,72.89,0.04,0.00036717459151826694
2024-07-03T02:00:00,19.07,72.91,0.05,0.0004589682393978337
2024-07-03T02:00:00,19.07,72.93,0.07,0.0006425555351569672
2024-07-03T02:00:00,19.07,72.95,0.02,0.00018358729575913347
2024-07-03T02:00:00,19.07,72.97,0.04,0.00036717459151826694
2024-07-03T02:00:00,19.07,72.99,0.18,0.001652285661832201
2024-07-03T02:00:00,19.09,72.77,0.13,0.0011933174224343676
2024-07-03T02:00:00,19.09,72.79,0.06,0.0005507618872774004
2024-07-03T02:00:00,19.09,72.81,0.02,0.00018358729575913347
2024-07-03T02:00:00,19.09,72.83,0.11,0.001009730126675234
2024-07-03T02:00:00,19.09,72.85,0.09,0.0008261428309161006
2024-07-03T02:00:00,19.09,72.87,0.04,0.00036717459151826694
2024-07-03T02:00:00,19.09,72.89,0.14,0.0012851110703139344
2024-07-03T02:00:00,19.09,72.91,0.06,0.0005507618872774004
2024-07-03T02:00:00,19.09,72.93,0.09,0.0008261428309161006
2024-07-03T02:00:00,19.09,72.95,0.23,0.002111253901230035
2024-07-03T02:00:00,19.09,72.97,0.13,0.0011933174224343676
2024-07-03T02:00:00,19.09,72.99,0.02,0.00018358729575913347
2024-07-03T02:00:00,19.11,72.77,0.16,0.0014686983660730677
2024-07-03T02:00:00,19.11,72.79,0.06,0.0005507618872774004
2024-07-03T02:00:00,19.11,72.81,0.14,0.0012851110703139344
2024-07-03T02:00:00,19.11,72.83,0.17,0.0015604920139526345
2024-07-03T02:00:00,19.11,72.85,0.1,0.0009179364787956674
2024-07-03T02:00:00,19.11,72.87,0.03,0.0002753809436387002
2024-07-03T02:00:00,19.11,72.89,0.01,9.179364787956673e-05
2024-07-03T02:00:00,19.11,72.91,0.18,0.001652285661832201
2024-07-03T02:00:00,19.11,72.93,0.22,0.002019460253350468
2024-07-03T02:00:00,19.11,72.95,0.04,0.00036717459151826694
2024-07-03T02:00:00,19.11,72.97,0.01,9.179364787956673e-05
2024-07-03T02:00:00,19.11,72.99,0.02,0.00018358729575913347
2024-07-03T02:00:00,19.13,72.77,0.07,0.0006425555351569672
2024-07-03T02:00:00,19.13,72.79,0.18,0.001652285661832201
2024-07-03T02:00:00,19.13,72.81,0.01,9.179364787956673e-05
2024-07-03T02:00:00,19.13,72.83,0.22,0.002019460253350468
2024-07-03T02:00:00,19.13,72.85,0.2,0.001835872957591335
2024-07-03T02:00:00,19.13,72.87,0.2,0.001835872957591335
2024-07-03T02:00:00,19.13,72.89,0.04,0.00036717459151826694
2024-07-03T02:00:00,19.13,72.91,0.17,0.0015604920139526345
2024-07-03T02:00:00,19.13,72.93,0.08,0.0007343491830365339
2024-07-03T02:00:00,19.13,72.95,0.03,0.0002753809436387002
2024-07-03T02:00:00,19.13,72.97,0.09,0.0008261428309161006
2024-07-03T02:00:00,19.13,72.99,0.08,0.0007343491830365339
2024-07-03T02:00:00,19.15,72.77,0.03,0.0002753809436387002
2024-07-03T02:00:00,19.15,72.79,0.15,0.001376904718193501
2024-07-03T02:00:00,19.15,72.81,0.09,0.0008261428309161006
2024-07-03T02:00:00,19.15,72.83,0.07,0.0006425555351569672
2024-07-03T02:00:00,19.15,72.85,0.06,0.0005507618872774004
2024-07-03T02:00:00,19.15,72.87,0.11,0.001009730126675234
2024-07-03T02:00:00,19.15,72.89,0.06,0.0005507618872774004
2024-07-03T02:00:00,19.15,72.91,0.01,9.179364787956673e-05
2024-07-03T02:00:00,19.15,72.93,0.03,0.0002753809436387002
2024-07-03T02:00:00,19.15,72.95,0.08,0.0007343491830365339
2024-07-03T02:00:00,19.15,72.97,0.05,0.0004589682393978337
2024-07-03T02:00:00,19.15,72.99,0.06,0.0005507618872774004
2024-07-03T02:00:00,19.17,72.77,0.04,0.00036717459151826694
2024-07-03T02:00:00,19.17,72.79,0.04,0.00036717459151826694
2024-07-03T02:00:00,19.17,72.81,0.14,0.0012851110703139344
2024-07-03T02:00:00,19.17,72.83,0.1,0.0009179364787956674
2024-07-03T02:00:00,19.17,72.85,0.04,0.00036717459151826694
2024-07-03T02:00:00,19.17,72.87,0.06,0.0005507618872774004
2024-07-03T02:00:00,19.17,72.89,0.15,0.001376904718193501
2024-07-03T02:00:00,19.17,72.91,0.03,0.0002753809436387002
2024-07-03T02:00:00,19.17,72.93,0.15,0.001376904718193501
2024-07-03T02:00:00,19.17,72.95,0.07,0.0006425555351569672
2024-07-03T02:00:00,19.17,72.97,0.06,0.0005507618872774004
2024-07-03T02:00:00,19.17,72.99,0.02,0.00018358729575913347
2024-07-03T02:00:00,19.19,72.77,0.47,0.004314301450339637
2024-07-03T02:00:00,19.19,72.79,0.13,0.0011933174224343676
2024-07-03T02:00:00,19.19,72.81,0.01,9.179364787956673e-05
2024-07-03T02:00:00,19.19,72.83,0.11,0.001009730126675234
2024-07-03T02:00:00,19.19,72.85,0.19,0.0017440793097117681
2024-07-03T02:00:00,19.19,72.87,0.11,0.001009730126675234
2024-07-03T02:00:00,19.19,72.89,0.15,0.001376904718193501
2024-07-03T02:00:00,19.19,72.91,0.05,0.0004589682393978337
2024-07-03T02:00:00,19.19,72.93,0.05,0.0004589682393978337
2024-07-03T02:00:00,19.19,72.95,0.06,0.0005507618872774004
2024-07-03T02:00:00,19.19,72.97,0.08,0.0007343491830365339
2024-07-03T02:00:00,19.19,72.99,0.05,0.0004589682393978337
2024-07-03T02:00:00,19.21,72.77,0.09,0.0008261428309161006
2024-07-03T02:00:00,19.21,72.79,0.04,0.00036717459151826694
2024-07-03T02:00:00,19.21,72.81,0.02,0.00018358729575913347
2024-07-03T02:00:00,19.21,72.83,0.05,0.0004589682393978337
2024-07-03T02:00:00,19.21,72.85,0.28,0.0025702221406278688
2024-07-03T02:00:00,19.21,72.87,0.2,0.001835872957591335
2024-07-03T02:00:00,19.21,72.89,0.1,0.0009179364787956674
2024-07-03T02:00:00,19.21,72.91,0.02,0.00018358729575913347
2024-07-03T02:00:00,19.21,72.93,0.07,0.0006425555351569672
2024-07-03T02:00:00,19.21,72.95,0.09,0.0008261428309161006
2024-07-03T02:00:00,19.21,72.97,0.05,0.0004589682393978337
2024-07-03T02:00:00,19.21,72.99,0.19,0.0017440793097117681
2024-07-03T02:00:00,19.23,72.77,0.04,0.00036717459151826694
2024-07-03T02:00:00,19.23,72.79,0.14,0.0012851110703139344
2024-07-03T02:00:00,19.23,72.81,0.03,0.0002753809436387002
2024-07-03T02:00:00,19.23,72.83,0.04,0.00036717459151826694
2024-07-03T02:00:00,19.23,72.85,0.08,0.0007343491830365339
2024-07-03T02:00:00,19.23,72.87,0.01,9.179364787956673e-05
2024-07-03T02:00:00,19.23,72.89,0.1,0.0009179364787956674
2024-07-03T02:00:00,19.23,72.91,0.06,0.0005507618872774004
2024-07-03T02:00:00,19.23,72.93,0.07,0.0006425555351569672
2024-07-03T02:00:00,19.23,72.95,0.04,0.00036717459151826694
2024-07-03T02:00:00,19.23,72.97,0.19,0.0017440793097117681
2024-07-03T02:00:00,19.23,72.99,0.14,0.0012851110703139344
2024-07-03T02:00:00,19.25,72.77,0.14,0.0012851110703139344
2024-07-03T02:00:00,19.25,72.79,0.04,0.00036717459151826694
2024-07-03T02:00:00,19.25,72.81,0.15,0.001376904718193501
2024-07-03T02:00:00,19.25,72.83,0.11,0.001009730126675234
2024-07-03T02:00:00,19.25,72.85,0.38,0.0034881586194235362
2024-07-03T02:00:00,19.25,72.87,0.02,0.00018358729575913347
2024-07-03T02:00:00,19.25,72.89,0.07,0.0006425555351569672
2024-07-03T02:00:00,19.25,72.91,0.05,0.0004589682393978337
2024-07-03T02:00:00,19.25,72.93,0.1,0.0009179364787956674
2024-07-03T02:00:00,19.25,72.95,0.02,0.00018358729575913347
2024-07-03T02:00:00,19.25,72.97,0.13,0.0011933174224343676
2024-07-03T02:00:00,19.25,72.99,0.02,0.00018358729575913347
2024-07-03T03:00:00,18.87,72.77,0.08,0.0007343491830365339
2024-07-03T03:00:00,18.87,72.79,0.05,0.0004589682393978337
2024-07-03T03:00:00,18.87,72.81,0.03,0.0002753809436387002
2024-07-03T03:00:00,18.87,72.83,0.02,0.00018358729575913347
2024-07-03T03:00:00,18.87,72.85,0.03,0.0002753809436387002
2024-07-03T03:00:00,18.87,72.87,0.04,0.00036717459151826694
2024-07-03T03:00:00,18.87,72.89,0.05,0.0004589682393978337
2024-07-03T03:00:00,18.87,72.91,0.06,0.0005507618872774004
2024-07-03T03:00:00,18.87,72.93,0.04,0.00036717459151826694
2024-07-03T03:00:00,18.87,72.95,0.04,0.00036717459151826694
2024-07-03T03:00:00,18.87,72.97,0.15,0.001376904718193501
2024-07-03T03:00:00,18.87,72.99,0.08,0.0007343491830365339
2024-07-03T03:00:00,18.89,72.77,0.04,0.00036717459151826694
2024-07-03T03:00:00,18.89,72.79,0.06,0.0005507618872774004
2024-07-03T03:00:00,18.89,72.81,0.03,0.0002753809436387002
2024-07-03T03:00:00,18.89,72.83,0.05,0.0004589682393978337
2024-07-03T03:00:00,18.89,72.85,0.02,0.00018358729575913347
2024-07-03T03:00:00,18.89,72.87,0.06,0.0005507618872774004
2024-07-03T03:00:00,18.89,72.89,0.19,0.0017440793097117681
2024-07-03T03:00:00,18.89,72.91,0.06,0.0005507618872774004
2024-07-03T03:00:00,18.89,72.93,0.06,0.0005507618872774004
2024-07-03T03:00:00,18.89,72.95,0.04,0.00036717459151826694
2024-07-03T03:00:00,18.89,72.97,0.02,0.00018358729575913347
2024-07-03T03:00:00,18.89,72.99,0.15,0.001376904718193501
2024-07-03T03:00:00,18.91,72.77,0.08,0.0007343491830365339
2024-07-03T03:00:00,18.91,72.79,0.09,0.0008261428309161006
2024-07-03T03:00:00,18.91,72.81,0.04,0.00036717459151826694
2024-07-03T03:00:00,18.91,72.83,0.09,0.0008261428309161006
2024-07-03T03:00:00,18.91,72.85,0.17,0.0015604920139526345
2024-07-03T03:00:00,18.91,72.87,0.13,0.0011933174224343676
2024-07-03T03:00:00,18.91,72.89,0.0,0.0
2024-07-03T03:00:00,18.91,72.91,0.12,0.0011015237745548008
2024-07-03T03:00:00,18.91,72.93,0.02,0.00018358729575913347
2024-07-03T03:00:00,18.91,72.95,0.02,0.00018358729575913347
2024-07-03T03:00:00,18.91,72.97,0.02,0.00018358729575913347
2024-07-03T03:00:00,18.91,72.99,0.07,0.0006425555351569672
2024-07-03T03:00:00,18.93,72.77,0.07,0.0006425555351569672
2024-07-03T03:00:00,18.93,72.79,0.1,0.0009179364787956674
2024-07-03T03:00:00,18.93,72.81,0.06,0.0005507618872774004
2024-07-03T03:00:00,18.93,72.83,0.02,0.00018358729575913347
2024-07-03T03:00:00,18.93,72.85,0.1,0.0009179364787956674
2024-07-03T03:00:00,18.93,72.87,0.04,0.00036717459151826694
2024-07-03T03:00:00,18.93,72.89,0.09,0.0008261428309161006
2024-07-03T03:00:00,18.93,72.91,0.06,0.0005507618872774004
2024-07-03T03:00:00,18.93,72.93,0.06,0.0005507618872774004
2024-07-03T03:00:00,18.93,72.95,0.18,0.001652285661832201
2024-07-03T03:00:00,18.93,72.97,0.01,9.179364787956673e-05
2024-07-03T03:00:00,18.93,72.99,0.01,9.179364787956673e-05
2024-07-03T03:00:00,18.95,72.77,0.04,0.00036717459151826694
2024-07-03T03:00:00,18.95,72.79,0.11,0.001009730126675234
2024-07-03T03:00:00,18.95,72.81,0.04,0.00036717459151826694
2024-07-03T03:00:00,18.95,72.83,0.05,0.0004589682393978337
2024-07-03T03:00:00,18.95,72.85,0.01,9.179364787956673e-05
2024-07-03T03:00:00,18.95,72.87,0.09,0.0008261428309161006
2024-07-03T03:00:00,18.95,72.89,0.01,9.179364787956673e-05
2024-07-03T03:00:00,18.95,72.91,0.04,0.00036717459151826694
2024-07-03T03:00:00,18.95,72.93,0.01,9.179364787956673e-05
2024-07-03T03:00:00,18.95,72.95,0.1,0.0009179364787956674
2024-07-03T03:00:00,18.95,72.97,0.01,9.179364787956673e-05
2024-07-03T03:00:00,18.95,72.99,0.03,0.0002753809436387002
2024-07-03T03:00:00,18.97,72.77,0.04,0.00036717459151826694
2024-07-03T03:00:00,18.97,72.79,0.09,0.0008261428309161006
2024-07-03T03:00:00,18.97,72.81,0.07,0.0006425555351569672
2024-07-03T03:00:00,18.97,72.83,0.19,0.0017440793097117681
2024-07-03T03:00:00,18.97,72.85,0.01,9.179364787956673e-05
2024-07-03T03:00:00,18.97,72.87,0.13,0.0011933174224343676
2024-07-03T03:00:00,18.97,72.89,0.14,0.0012851110703139344
2024-07-03T03:00:00,18.97,72.91,0.17,0.0015604920139526345
2024-07-03T03:00:00,18.97,72.93,0.05,0.0004589682393978337
2024-07-03T03:00:00,18.97,72.95,0.02,0.00018358729575913347
2024-07-03T03:00:00,18.97,72.97,0.07,0.0006425555351569672
2024-07-03T03:00:00,18.97,72.99,0.01,9.179364787956673e-05
2024-07-03T03:00:00,18.99,72.77,0.14,0.0012851110703139344
2024-07-03T03:00:00,18.99,72.79,0.06,0.0005507618872774004
2024-07-03T03:00:00,18.99,72.81,0.08,0.0007343491830365339
2024-07-03T03:00:00,18.99,72.83,0.19,0.0017440793097117681
2024-07-03T03:00:00,18.99,72.85,0.06,0.0005507618872774004
2024-07-03T03:00:00,18.99,72.87,0.02,0.00018358729575913347
2024-07-03T03:00:00,18.99,72.89,0.05,0.0004589682393978337
2024-07-03T03:00:00,18.99,72.91,0.03,0.0002753809436387002
2024-07-03T03:00:00,18.99,72.93,0.06,0.0005507618872774004
2024-07-03T03:00:00,18.99,72.95,0.04,0.00036717459151826694
2024-07-03T03:00:00,18.99,72.97,0.03,0.0002753809436387002
2024-07-03T03:00:00,18.99,72.99,0.05,0.0004589682393978337
2024-07-03T03:00:00,19.01,72.77,0.02,0.00018358729575913347
2024-07-03T03:00:00,19.01,72.79,0.05,0.0004589682393978337
2024-07-03T03:00:00,19.01,72.81,0.09,0.0008261428309161006
2024-07-03T03:00:00,19.01,72.83,0.16,0.0014686983660730677
2024-07-03T03:00:00,19.01,72.85,0.03,0.0002753809436387002
2024-07-03T03:00:00,19.01,72.87,0.21,0.0019276666054709015
2024-07-03T03:00:00,19.01,72.89,0.07,0.0006425555351569672
2024-07-03T03:00:00,19.01,72.91,0.04,0.00036717459151826694
2024-07-03T03:00:00,19.01,72.93,0.04,0.00036717459151826694
2024-07-03T03:00:00,19.01,72.95,0.05,0.0004589682393978337
2024-07-03T03:00:00,19.01,72.97,0.03,0.0002753809436387002
2024-07-03T03:00:00,19.01,72.99,0.03,0.0002753809436387002
2024-07-03T03:00:00,19.03,72.77,0.07,0.0006425555351569672
2024-07-03T03:00:00,19.03,72.79,0.01,9.179364787956673e-05
2024-07-03T03:00:00,19.03,72.81,0.03,0.0002753809436387002
2024-07-03T03:00:00,19.03,72.83,0.1,0.0009179364787956674
2024-07-03T03:00:00,19.03,72.85,0.01,9.179364787956673e-05
2024-07-03T03:00:00,19.03,72.87,0.07,0.0006425555351569672
2024-07-03T03:00:00,19.03,72.89,0.06,0.0005507618872774004
2024-07-03T03:00:00,19.03,72.91,0.03,0.0002753809436387002
2024-07-03T03:00:00,19.03,72.93,0.04,0.00036717459151826694
2024-07-03T03:00:00,19.03,72.95,0.05,0.0004589682393978337
2024-07-03T03:00:00,19.03,72.97,0.07,0.0006425555351569672
2024-07-03T03:00:00,19.03,72.99,0.06,0.0005507618872774004
2024-07-03T03:00:00,19.05,72.77,0.14,0.0012851110703139344
2024-07-03T03:00:00,19.05,72.79,0.08,0.0007343491830365339
2024-07-03T03:00:00,19.05,72.81,0.15,0.001376904718193501
2024-07-03T03:00:00,19.05,72.83,0.01,9.179364787956673e-05
2024-07-03T03:00:00,19.05,72.85,0.12,0.0011015237745548008
2024-07-03T03:00:00,19.05,72.87,0.04,0.00036717459151826694
2024-07-03T03:00:00,19.05,72.89,0.06,0.0005507618872774004
2024-07-03T03:00:00,19.05,72.91,0.08,0.0007343491830365339
2024-07-03T03:00:00,19.05,72.93,0.02,0.00018358729575913347
2024-07-03T03:00:00,19.05,72.95,0.04,0.00036717459151826694
2024-07-03T03:00:00,19.05,72.97,0.12,0.0011015237745548008
2024-07-03T03:00:00,19.05,72.99,0.14,0.0012851110703139344
2024-07-03T03:00:00,19.07,72.77,0.04,0.00036717459151826694
2024-07-03T03:00:00,19.07,72.79,0.09,0.0008261428309161006
2024-07-03T03:00:00,19.07,72.81,0.04,0.00036717459151826694
2024-07-03T03:00:00,19.07,72.83,0.01,9.179364787956673e-05
2024-07-03T03:00:00,19.07,72.85,0.15,0.001376904718193501
2024-07-03T03:00:00,19.07,72.87,0.02,0.00018358729575913347
2024-07-03T03:00:00,19.07,72.89,0.25,0.002294841196989168
2024-07-03T03:00:00,19.07,72.91,0.02,0.00018358729575913347
2024-07-03T03:00:00,19.07,72.93,0.11,0.001009730126675234
2024-07-03T03:00:00,19.07,72.95,0.11,0.001009730126675234
2024-07-03T03:00:00,19.07,72.97,0.04,0.00036717459151826694
2024-07-03T03:00:00,19.07,72.99,0.06,0.0005507618872774004
2024-07-03T03:00:00,19.09,72.77,0.05,0.0004589682393978337
2024-07-03T03:00:00,19.09,72.79,0.03,0.0002753809436387002
2024-07-03T03:00:00,19.09,72.81,0.08,0.0007343491830365339
2024-07-03T03:00:00,19.09,72.83,0.11,0.001009730126675234
2024-07-03T03:00:00,19.09,72.85,0.03,0.0002753809436387002
2024-07-03T03:00:00,19.09,72.87,0.15,0.001376904718193501
2024-07-03T03:00:00,19.09,72.89,0.07,0.0006425555351569672
2024-07-03T03:00:00,19.09,72.91,0.05,0.0004589682393978337
2024-07-03T03:00:00,19.09,72.93,0.05,0.0004589682393978337
2024-07-03T03:00:00,19.09,72.95,0.13,0.0011933174224343676
2024-07-03T03:00:00,19.09,72.97,0.04,0.00036717459151826694
2024-07-03T03:00:00,19.09,72.99,0.04,0.00036717459151826694
2024-07-03T03:00:00,19.11,72.77,0.16,0.0014686983660730677
2024-07-03T03:00:00,19.11,72.79,0.16,0.0014686983660730677
2024-07-03T03:00:00,19.11,72.81,0.12,0.0011015237745548008
2024-07-03T03:00:00,19.11,72.83,0.02,0.00018358729575913347
2024-07-03T03:00:00,19.11,72.85,0.21,0.0019276666054709015
2024-07-03T03:00:00,19.11,72.87,0.06,0.0005507618872774004
2024-07-03T03:00:00,19.11,72.89,0.05,0.0004589682393978337
2024-07-03T03:00:00,19.11,72.91,0.11,0.001009730126675234
2024-07-03T03:00:00,19.11,72.93,0.07,0.0006425555351569672
2024-07-03T03:00:00,19.11,72.95,0.04,0.00036717459151826694
2024-07-03T03:00:00,19.11,72.97,0.15,0.001376904718193501
2024-07-03T03:00:00,19.11,72.99,0.05,0.0004589682393978337
2024-07-03T03:00:00,19.13,72.77,0.07,0.0006425555351569672
2024-07-03T03:00:00,19.13,72.79,0.18,0.001652285661832201
2024-07-03T03:00:00,19.13,72.81,0.12,0.0011015237745548008
2024-07-03T03:00:00,19.13,72.83,0.09,0.0008261428309161006
2024-07-03T03:00:00,19.13,72.85,0.04,0.00036717459151826694
2024-07-03T03:00:00,19.13,72.87,0.08,0.0007343491830365339
2024-07-03T03:00:00,19.13,72.89,0.08,0.0007343491830365339
2024-07-03T03:00:00,19.13,72.91,0.08,0.0007343491830365339
2024-07-03T03:00:00,19.13,72.93,0.05,0.0004589682393978337
2024-07-03T03:00:00,19.13,72.95,0.03,0.0002753809436387002
2024-07-03T03:00:00,19.13,72.97,0.11,0.001009730126675234
2024-07-03T03:00:00,19.13,72.99,0.03,0.0002753809436387002
2024-07-03T03:00:00,19.15,72.77,0.07,0.0006425555351569672
2024-07-03T03:00:00,19.15,72.79,0.0,0.0
2024-07-03T03:00:00,19.15,72.81,0.11,0.001009730126675234
2024-07-03T03:00:00,19.15,72.83,0.03,0.0002753809436387002
2024-07-03T03:00:00,19.15,72.85,0.08,0.0007343491830365339
2024-07-03T03:00:00,19.15,72.87,0.02,0.00018358729575913347
2024-07-03T03:00:00,19.15,72.89,0.05,0.0004589682393978337
2024-07-03T03:00:00,19.15,72.91,0.04,0.00036717459151826694
2024-07-03T03:00:00,19.15,72.93,0.02,0.00018358729575913347
2024-07-03T03:00:00,19.15,72.95,0.06,0.0005507618872774004
2024-07-03T03:00:00,19.15,72.97,0.01,9.179364787956673e-05
2024-07-03T03:00:00,19.15,72.99,0.09,0.0008261428309161006
2024-07-03T03:00:00,19.17,72.77,0.12,0.0011015237745548008
2024-07-03T03:00:00,19.17,72.79,0.03,0.0002753809436387002
2024-07-03T03:00:00,19.17,72.81,0.15,0.001376904718193501
2024-07-03T03:00:00,19.17,72.83,0.05,0.0004589682393978337
2024-07-03T03:00:00,19.17,72.85,0.02,0.00018358729575913347
2024-07-03T03:00:00,19.17,72.87,0.01,9.179364787956673e-05
2024-07-03T03:00:00,19.17,72.89,0.13,0.0011933174224343676
2024-07-03T03:00:00,19.17,72.91,0.03,0.0002753809436387002
2024-07-03T03:00:00,19.17,72.93,0.04,0.00036717459151826694
2024-07-03T03:00:00,19.17,72.95,0.04,0.00036717459151826694
2024-07-03T03:00:00,19.17,72.97,0.1,0.0009179364787956674
2024-07-03T03:00:00,19.17,72.99,0.08,0.0007343491830365339
2024-07-03T03:00:00,19.19,72.77,0.07,0.0006425555351569672
2024-07-03T03:00:00,19.19,72.79,0.02,0.00018358729575913347
2024-07-03T03:00:00,19.19,72.81,0.18,0.001652285661832201
2024-07-03T03:00:00,19.19,72.83,0.09,0.0008261428309161006
2024-07-03T03:00:00,19.19,72.85,0.09,0.0008261428309161006
2024-07-03T03:00:00,19.19,72.87,0.02,0.00018358729575913347
2024-07-03T03:00:00,19.19,72.89,0.02,0.00018358729575913347
2024-07-03T03:00:00,19.19,72.91,0.06,0.0005507618872774004
2024-07-03T03:00:00,19.19,72.93,0.06,0.0005507618872774004
2024-07-03T03:00:00,19.19,72.95,0.02,0.00018358729575913347
2024-07-03T03:00:00,19.19,72.97,0.02,0.00018358729575913347
2024-07-03T03:00:00,19.19,72.99,0.03,0.0002753809436387002
2024-07-03T03:00:00,19.21,72.77,0.05,0.0004589682393978337
2024-07-03T03:00:00,19.21,72.79,0.02,0.00018358729575913347
2024-07-03T03:00:00,19.21,72.81,0.09,0.0008261428309161006
2024-07-03T03:00:00,19.21,72.83,0.1,0.0009179364787956674
2024-07-03T03:00:00,19.21,72.85,0.08,0.0007343491830365339
2024-07-03T03:00:00,19.21,72.87,0.02,0.00018358729575913347
2024-07-03T03:00:00,19.21,72.89,0.03,0.0002753809436387002
2024-07-03T03:00:00,19.21,72.91,0.1,0.0009179364787956674
2024-07-03T03:00:00,19.21,72.93,0.06,0.0005507618872774004
2024-07-03T03:00:00,19.21,72.95,0.13,0.0011933174224343676
2024-07-03T03:00:00,19.21,72.97,0.12,0.0011015237745548008
2024-07-03T03:00:00,19.21,72.99,0.05,0.0004589682393978337
2024-07-03T03:00:00,19.23,72.77,0.04,0.00036717459151826694
2024-07-03T03:00:00,19.23,72.79,0.11,0.001009730126675234
2024-07-03T03:00:00,19.23,72.81,0.11,0.001009730126675234
2024-07-03T03:00:00,19.23,72.83,0.12,0.0011015237745548008
2024-07-03T03:00:00,19.23,72.85,0.07,0.0006425555351569672
2024-07-03T03:00:00,19.23,72.87,0.03,0.0002753809436387002
2024-07-03T03:00:00,19.23,72.89,0.08,0.0007343491830365339
2024-07-03T03:00:00,19.23,72.91,0.08,0.0007343491830365339
2024-07-03T03:00:00,19.23,72.93,0.09,0.0008261428309161006
2024-07-03T03:00:00,19.23,72.95,0.04,0.00036717459151826694
2024-07-03T03:00:00,19.23,72.97,0.07,0.0006425555351569672
2024-07-03T03:00:00,19.23,72.99,0.01,9.179364787956673e-05
2024-07-03T03:00:00,19.25,72.77,0.12,0.0011015237745548008
2024-07-03T03:00:00,19.25,72.79,0.07,0.0006425555351569672
2024-07-03T03:00:00,19.25,72.81,0.04,0.00036717459151826694
2024-07-03T03:00:00,19.25,72.83,0.15,0.001376904718193501
2024-07-03T03:00:00,19.25,72.85,0.04,0.00036717459151826694
2024-07-03T03:00:00,19.25,72.87,0.06,0.0005507618872774004
2024-07-03T03:00:00,19.25,72.89,0.04,0.00036717459151826694
2024-07-03T03:00:00,19.25,72.91,0.06,0.0005507618872774004
2024-07-03T03:00:00,19.25,72.93,0.08,0.0007343491830365339
2024-07-03T03:00:00,19.25,72.95,0.04,0.00036717459151826694
2024-07-03T03:00:00,19.25,72.97,0.05,0.0004589682393978337
2024-07-03T03:00:00,19.25,72.99,0.09,0.0008261428309161006
2024-07-03T04:00:00,18.87,72.77,0.01,9.179364787956673e-05
2024-07-03T04:00:00,18.87,72.79,0.08,0.0007343491830365339
2024-07-03T04:00:00,18.87,72.81,0.08,0.0007343491830365339
2024-07-03T04:00:00,18.87,72.83,0.02,0.00018358729575913347
2024-07-03T04:00:00,18.87,72.85,0.01,9.179364787956673e-05
2024-07-03T04:00:00,18.87,72.87,0.01,9.179364787956673e-05
2024-07-03T04:00:00,18.87,72.89,0.02,0.00018358729575913347
2024-07-03T04:00:00,18.87,72.91,0.01,9.179364787956673e-05
2024-07-03T04:00:00,18.87,72.93,0.05,0.0004589682393978337
2024-07-03T04:00:00,18.87,72.95,0.03,0.0002753809436387002
2024-07-03T04:00:00,18.87,72.97,0.04,0.00036717459151826694
2024-07-03T04:00:00,18.87,72.99,0.07,0.0006425555351569672
2024-07-03T04:00:00,18.89,72.77,0.07,0.0006425555351569672
2024-07-03T04:00:00,18.89,72.79,0.12,0.0011015237745548008
2024-07-03T04:00:00,18.89,72.81,0.09,0.0008261428309161006
2024-07-03T04:00:00,18.89,72.83,0.03,0.0002753809436387002
2024-07-03T04:00:00,18.89,72.85,0.05,0.0004589682393978337
2024-07-03T04:00:00,18.89,72.87,0.11,0.001009730126675234
2024-07-03T04:00:00,18.89,72.89,0.03,0.0002753809436387002
2024-07-03T04:00:00,18.89,72.91,0.05,0.0004589682393978337
2024-07-03T04:00:00,18.89,72.93,0.12,0.0011015237745548008
2024-07-03T04:00:00,18.89,72.95,0.06,0.0005507618872774004
2024-07-03T04:00:00,18.89,72.97,0.01,9.179364787956673e-05
2024-07-03T04:00:00,18.89,72.99,0.01,9.179364787956673e-05
2024-07-03T04:00:00,18.91,72.77,0.02,0.00018358729575913347
2024-07-03T04:00:00,18.91,72.79,0.04,0.00036717459151826694
2024-07-03T04:00:00,18.91,72.81,0.13,0.0011933174224343676
2024-07-03T04:00:00,18.91,72.83,0.08,0.0007343491830365339
2024-07-03T04:00:00,18.91,72.85,0.03,0.0002753809436387002
2024-07-03T04:00:00,18.91,72.87,0.02,0.00018358729575913347
2024-07-03T04:00:00,18.91,72.89,0.02,0.00018358729575913347
2024-07-03T04:00:00,18.91,72.91,0.14,0.0012851110703139344
2024-07-03T04:00:00,18.91,72.93,0.01,9.179364787956673e-05
2024-07-03T04:00:00,18.91,72.95,0.06,0.0005507618872774004
2024-07-03T04:00:00,18.91,72.97,0.06,0.0005507618872774004
2024-07-03T04:00:00,18.91,72.99,0.03,0.0002753809436387002
2024-07-03T04:00:00,18.93,72.77,0.02,0.00018358729575913347
2024-07-03T04:00:00,18.93,72.79,0.06,0.0005507618872774004
2024-07-03T04:00:00,18.93,72.81,0.12,0.0011015237745548008
2024-07-03T04:00:00,18.93,72.83,0.01,9.179364787956673e-05
2024-07-03T04:00:00,18.93,72.85,0.04,0.00036717459151826694
2024-07-03T04:00:00,18.93,72.87,0.06,0.0005507618872774004
2024-07-03T04:00:00,18.93,72.89,0.11,0.001009730126675234
2024-07-03T04:00:00,18.93,72.91,0.01,9.179364787956673e-05
2024-07-03T04:00:00,18.93,72.93,0.05,0.0004589682393978337
2024-07-03T04:00:00,18.93,72.95,0.1,0.0009179364787956674
2024-07-03T04:00:00,18.93,72.97,0.06,0.0005507618872774004
2024-07-03T04:00:00,18.93,72.99,0.02,0.00018358729575913347
2024-07-03T04:00:00,18.95,72.77,0.05,0.0004589682393978337
2024-07-03T04:00:00,18.95,72.79,0.08,0.0007343491830365339
2024-07-03T04:00:00,18.95,72.81,0.08,0.0007343491830365339
2024-07-03T04:00:00,18.95,72.83,0.07,0.0006425555351569672
2024-07-03T04:00:00,18.95,72.85,0.05,0.0004589682393978337
2024-07-03T04:00:00,18.95,72.87,0.04,0.00036717459151826694
2024-07-03T04:00:00,18.95,72.89,0.08,0.0007343491830365339
2024-07-03T04:00:00,18.95,72.91,0.05,0.0004589682393978337
2024-07-03T04:00:00,18.95,72.93,0.04,0.00036717459151826694
2024-07-03T04:00:00,18.95,72.95,0.02,0.00018358729575913347
2024-07-03T04:00:00,18.95,72.97,0.02,0.00018358729575913347
2024-07-03T04:00:00,18.95,72.99,0.03,0.0002753809436387002
2024-07-03T04:00:00,18.97,72.77,0.07,0.0006425555351569672
2024-07-03T04:00:00,18.97,72.79,0.06,0.0005507618872774004
2024-07-03T04:00:00,18.97,72.81,0.06,0.0005507618872774004
2024-07-03T04:00:00,18.97,72.83,0.04,0.00036717459151826694
2024-07-03T04:00:00,18.97,72.85,0.08,0.0007343491830365339
2024-07-03T04:00:00,18.97,72.87,0.09,0.0008261428309161006
2024-07-03T04:00:00,18.97,72.89,0.01,9.179364787956673e-05
2024-07-03T04:00:00,18.97,72.91,0.02,0.00018358729575913347
2024-07-03T04:00:00,18.97,72.93,0.13,0.0011933174224343676
2024-07-03T04:00:00,18.97,72.95,0.03,0.0002753809436387002
2024-07-03T04:00:00,18.97,72.97,0.03,0.0002753809436387002
2024-07-03T04:00:00,18.97,72.99,0.02,0.00018358729575913347
2024-07-03T04:00:00,18.99,72.77,0.09,0.0008261428309161006
2024-07-03T04:00:00,18.99,72.79,0.18,0.001652285661832201
2024-07-03T04:00:00,18.99,72.81,0.02,0.00018358729575913347
2024-07-03T04:00:00,18.99,72.83,0.09,0.0008261428309161006
2024-07-03T04:00:00,18.99,72.85,0.02,0.00018358729575913347
2024-07-03T04:00:00,18.99,72.87,0.07,0.0006425555351569672
2024-07-03T04:00:00,18.99,72.89,0.02,0.00018358729575913347
2024-07-03T04:00:00,18.99,72.91,0.0,0.0
2024-07-03T04:00:00,18.99,72.93,0.13,0.0011933174224343676
2024-07-03T04:00:00,18.99,72.95,0.02,0.00018358729575913347
2024-07-03T04:00:00,18.99,72.97,0.01,9.179364787956673e-05
2024-07-03T04:00:00,18.99,72.99,0.04,0.00036717459151826694
2024-07-03T04:00:00,19.01,72.77,0.07,0.0006425555351569672
2024-07-03T04:00:00,19.01,72.79,0.09,0.0008261428309161006
2024-07-03T04:00:00,19.01,72.81,0.04,0.00036717459151826694
2024-07-03T04:00:00,19.01,72.83,0.03,0.0002753809436387002
2024-07-03T04:00:00,19.01,72.85,0.03,0.0002753809436387002
2024-07-03T04:00:00,19.01,72.87,0.04,0.00036717459151826694
2024-07-03T04:00:00,19.01,72.89,0.06,0.0005507618872774004
2024-07-03T04:00:00,19.01,72.91,0.05,0.0004589682393978337
2024-07-03T04:00:00,19.01,72.93,0.02,0.00018358729575913347
2024-07-03T04:00:00,19.01,72.95,0.04,0.00036717459151826694
2024-07-03T04:00:00,19.01,72.97,0.01,9.179364787956673e-05
2024-07-03T04:00:00,19.01,72.99,0.03,0.0002753809436387002
2024-07-03T04:00:00,19.03,72.77,0.03,0.0002753809436387002
2024-07-03T04:00:00,19.03,72.79,0.09,0.0008261428309161006
2024-07-03T04:00:00,19.03,72.81,0.05,0.0004589682393978337
2024-07-03T04:00:00,19.03,72.83,0.04,0.00036717459151826694
2024-07-03T04:00:00,19.03,72.85,0.04,0.00036717459151826694
2024-07-03T04:00:00,19.03,72.87,0.03,0.0002753809436387002
2024-07-03T04:00:00,19.03,72.89,0.02,0.00018358729575913347
2024-07-03T04:00:00,19.03,72.91,0.06,0.0005507618872774004
2024-07-03T04:00:00,19.03,72.93,0.0,0.0
2024-07-03T04:00:00,19.03,72.95,0.02,0.00018358729575913347
2024-07-03T04:00:00,19.03,72.97,0.02,0.00018358729575913347
2024-07-03T04:00:00,19.03,72.99,0.02,0.00018358729575913347
2024-07-03T04:00:00,19.05,72.77,0.07,0.0006425555351569672
2024-07-03T04:00:00,19.05,72.79,0.04,0.00036717459151826694
2024-07-03T04:00:00,19.05,72.81,0.04,0.00036717459151826694
2024-07-03T04:00:00,19.05,72.83,0.06,0.0005507618872774004
2024-07-03T04:00:00,19.05,72.85,0.06,0.0005507618872774004
2024-07-03T04:00:00,19.05,72.87,0.05,0.0004589682393978337
2024-07-03T04:00:00,19.05,72.89,0.04,0.00036717459151826694
2024-07-03T04:00:00,19.05,72.91,0.08,0.0007343491830365339
2024-07-03T04:00:00,19.05,72.93,0.02,0.00018358729575913347
2024-07-03T04:00:00,19.05,72.95,0.03,0.0002753809436387002
2024-07-03T04:00:00,19.05,72.97,0.03,0.0002753809436387002
2024-07-03T04:00:00,19.05,72.99,0.03,0.0002753809436387002
2024-07-03T04:00:00,19.07,72.77,0.02,0.00018358729575913347
2024-07-03T04:00:00,19.07,72.79,0.08,0.0007343491830365339
2024-07-03T04:00:00,19.07,72.81,0.06,0.0005507618872774004
2024-07-03T04:00:00,19.07,72.83,0.04,0.00036717459151826694
2024-07-03T04:00:00,19.07,72.85,0.05,0.0004589682393978337
2024-07-03T04:00:00,19.07,72.87,0.07,0.0006425555351569672
2024-07-03T04:00:00,19.07,72.89,0.1,0.0009179364787956674
2024-07-03T04:00:00,19.07,72.91,0.01,9.179364787956673e-05
2024-07-03T04:00:00,19.07,72.93,0.03,0.0002753809436387002
2024-07-03T04:00:00,19.07,72.95,0.08,0.0007343491830365339
2024-07-03T04:00:00,19.07,72.97,0.13,0.0011933174224343676
2024-07-03T04:00:00,19.07,72.99,0.04,0.00036717459151826694
2024-07-03T04:00:00,19.09,72.77,0.08,0.0007343491830365339
2024-07-03T04:00:00,19.09,72.79,0.0,0.0
2024-07-03T04:00:00,19.09,72.81,0.06,0.0005507618872774004
2024-07-03T04:00:00,19.09,72.83,0.03,0.0002753809436387002
2024-07-03T04:00:00,19.09,72.85,0.07,0.0006425555351569672
2024-07-03T04:00:00,19.09,72.87,0.11,0.001009730126675234
2024-07-03T04:00:00,19.09,72.89,0.04,0.00036717459151826694
2024-07-03T04:00:00,19.09,72.91,0.04,0.00036717459151826694
2024-07-03T04:00:00,19.09,72.93,0.02,0.00018358729575913347
2024-07-03T04:00:00,19.09,72.95,0.0,0.0
2024-07-03T04:00:00,19.09,72.97,0.02,0.00018358729575913347
2024-07-03T04:00:00,19.09,72.99,0.01,9.179364787956673e-05
2024-07-03T04:00:00,19.11,72.77,0.01,9.179364787956673e-05
2024-07-03T04:00:00,19.11,72.79,0.06,0.0005507618872774004
2024-07-03T04:00:00,19.11,72.81,0.01,9.179364787956673e-05
2024-07-03T04:00:00,19.11,72.83,0.04,0.00036717459151826694
2024-07-03T04:00:00,19.11,72.85,0.14,0.0012851110703139344
2024-07-03T04:00:00,19.11,72.87,0.03,0.0002753809436387002
2024-07-03T04:00:00,19.11,72.89,0.01,9.179364787956673e-05
2024-07-03T04:00:00,19.11,72.91,0.11,0.001009730126675234
2024-07-03T04:00:00,19.11,72.93,0.02,0.00018358729575913347
2024-07-03T04:00:00,19.11,72.95,0.02,0.00018358729575913347
2024-07-03T04:00:00,19.11,72.97,0.07,0.0006425555351569672
2024-07-03T04:00:00,19.11,72.99,0.01,9.179364787956673e-05
2024-07-03T04:00:00,19.13,72.77,0.03,0.0002753809436387002
2024-07-03T04:00:00,19.13,72.79,0.02,0.00018358729575913347
2024-07-03T04:00:00,19.13,72.81,0.08,0.0007343491830365339
2024-07-03T04:00:00,19.13,72.83,0.01,9.179364787956673e-05
2024-07-03T04:00:00,19.13,72.85,0.06,0.0005507618872774004
2024-07-03T04:00:00,19.13,72.87,0.04,0.00036717459151826694
2024-07-03T04:00:00,19.13,72.89,0.02,0.00018358729575913347
2024-07-03T04:00:00,19.13,72.91,0.03,0.0002753809436387002
2024-07-03T04:00:00,19.13,72.93,0.03,0.0002753809436387002
2024-07-03T04:00:00,19.13,72.95,0.02,0.00018358729575913347
2024-07-03T04:00:00,19.13,72.97,0.01,9.179364787956673e-05
2024-07-03T04:00:00,19.13,72.99,0.01,9.179364787956673e-05
2024-07-03T04:00:00,19.15,72.77,0.05,0.0004589682393978337
2024-07-03T04:00:00,19.15,72.79,0.03,0.0002753809436387002
2024-07-03T04:00:00,19.15,72.81,0.06,0.0005507618872774004
2024-07-03T04:00:00,19.15,72.83,0.04,0.00036717459151826694
2024-07-03T04:00:00,19.15,72.85,0.0,0.0
2024-07-03T04:00:00,19.15,72.87,0.05,0.0004589682393978337
2024-07-03T04:00:00,19.15,72.89,0.01,9.179364787956673e-05
2024-07-03T04:00:00,19.15,72.91,0.04,0.00036717459151826694
2024-07-03T04:00:00,19.15,72.93,0.01,9.179364787956673e-05
2024-07-03T04:00:00,19.15,72.95,0.07,0.0006425555351569672
2024-07-03T04:00:00,19.15,72.97,0.06,0.0005507618872774004
2024-07-03T04:00:00,19.15,72.99,0.03,0.0002753809436387002
2024-07-03T04:00:00,19.17,72.77,0.07,0.0006425555351569672
2024-07-03T04:00:00,19.17,72.79,0.02,0.00018358729575913347
2024-07-03T04:00:00,19.17,72.81,0.02,0.00018358729575913347
2024-07-03T04:00:00,19.17,72.83,0.08,0.0007343491830365339
2024-07-03T04:00:00,19.17,72.85,0.0,0.0
2024-07-03T04:00:00,19.17,72.87,0.03,0.0002753809436387002
2024-07-03T04:00:00,19.17,72.89,0.05,0.0004589682393978337
2024-07-03T04:00:00,19.17,72.91,0.02,0.00018358729575913347
2024-07-03T04:00:00,19.17,72.93,0.08,0.0007343491830365339
2024-07-03T04:00:00,19.17,72.95,0.1,0.0009179364787956674
2024-07-03T04:00:00,19.17,72.97,0.05,0.0004589682393978337
2024-07-03T04:00:00,19.17,72.99,0.01,9.179364787956673e-05
2024-07-03T04:00:00,19.19,72.77,0.07,0.0006425555351569672
2024-07-03T04:00:00,19.19,72.79,0.15,0.001376904718193501
2024-07-03T04:00:00,19.19,72.81,0.04,0.00036717459151826694
2024-07-03T04:00:00,19.19,72.83,0.04,0.00036717459151826694
2024-07-03T04:00:00,19.19,72.85,0.02,0.00018358729575913347
2024-07-03T04:00:00,19.19,72.87,0.05,0.0004589682393978337
2024-07-03T04:00:00,19.19,72.89,0.03,0.0002753809436387002
2024-07-03T04:00:00,19.19,72.91,0.0,0.0
2024-07-03T04:00:00,19.19,72.93,0.06,0.0005507618872774004
2024-07-03T04:00:00,19.19,72.95,0.01,9.179364787956673e-05
2024-07-03T04:00:00,19.19,72.97,0.13,0.0011933174224343676
2024-07-03T04:00:00,19.19,72.99,0.04,0.00036717459151826694
2024-07-03T04:00:00,19.21,72.77,0.04,0.00036717459151826694
2024-07-03T04:00:00,19.21,72.79,0.04,0.00036717459151826694
2024-07-03T04:00:00,19.21,72.81,0.04,0.00036717459151826694
2024-07-03T04:00:00,19.21,72.83,0.03,0.0002753809436387002
2024-07-03T04:00:00,19.21,72.85,0.01,9.179364787956673e-05
2024-07-03T04:00:00,19.21,72.87,0.09,0.0008261428309161006
2024-07-03T04:00:00,19.21,72.89,0.04,0.00036717459151826694
2024-07-03T04:00:00,19.21,72.91,0.07,0.0006425555351569672
2024-07-03T04:00:00,19.21,72.93,0.01,9.179364787956673e-05
2024-07-03T04:00:00,19.21,72.95,0.02,0.00018358729575913347
2024-07-03T04:00:00,19.21,72.97,0.02,0.00018358729575913347
2024-07-03T04:00:00,19.21,72.99,0.01,9.179364787956673e-05
2024-07-03T04:00:00,19.23,72.77,0.07,0.0006425555351569672
2024-07-03T04:00:00,19.23,72.79,0.03,0.0002753809436387002
2024-07-03T04:00:00,19.23,72.81,0.05,0.0004589682393978337
2024-07-03T04:00:00,19.23,72.83,0.02,0.00018358729575913347
2024-07-03T04:00:00,19.23,72.85,0.08,0.0007343491830365339
2024-07-03T04:00:00,19.23,72.87,0.07,0.0006425555351569672
2024-07-03T04:00:00,19.23,72.89,0.06,0.0005507618872774004
2024-07-03T04:00:00,19.23,72.91,0.04,0.00036717459151826694
2024-07-03T04:00:00,19.23,72.93,0.08,0.0007343491830365339
2024-07-03T04:00:00,19.23,72.95,0.06,0.0005507618872774004
2024-07-03T04:00:00,19.23,72.97,0.03,0.0002753809436387002
2024-07-03T04:00:00,19.23,72.99,0.02,0.00018358729575913347
2024-07-03T04:00:00,19.25,72.77,0.04,0.00036717459151826694
2024-07-03T04:00:00,19.25,72.79,0.06,0.0005507618872774004
2024-07-03T04:00:00,19.25,72.81,0.01,9.179364787956673e-05
2024-07-03T04:00:00,19.25,72.83,0.02,0.00018358729575913347
2024-07-03T04:00:00,19.25,72.85,0.09,0.0008261428309161006
2024-07-03T04:00:00,19.25,72.87,0.07,0.0006425555351569672
2024-07-03T04:00:00,19.25,72.89,0.03,0.0002753809436387002
2024-07-03T04:00:00,19.25,72.91,0.2,0.001835872957591335
2024-07-03T04:00:00,19.25,72.93,0.06,0.0005507618872774004
2024-07-03T04:00:00,19.25,72.95,0.04,0.00036717459151826694
2024-07-03T04:00:00,19.25,72.97,0.07,0.0006425555351569672
2024-07-03T04:00:00,19.25,72.99,0.02,0.00018358729575913347
2024-07-03T05:00:00,18.87,72.77,0.01,9.179364787956673e-05
2024-07-03T05:00:00,18.87,72.79,0.02,0.00018358729575913347
2024-07-03T05:00:00,18.87,72.81,0.03,0.0002753809436387002
2024-07-03T05:00:00,18.87,72.83,0.01,9.179364787956673e-05
2024-07-03T05:00:00,18.87,72.85,0.06,0.0005507618872774004
2024-07-03T05:00:00,18.87,72.87,0.02,0.00018358729575913347
2024-07-03T05:00:00,18.87,72.89,0.0,0.0
2024-07-03T05:00:00,18.87,72.91,0.03,0.0002753809436387002
2024-07-03T05:00:00,18.87,72.93,0.02,0.00018358729575913347
2024-07-03T05:00:00,18.87,72.95,0.04,0.00036717459151826694
2024-07-03T05:00:00,18.87,72.97,0.01,9.179364787956673e-05
2024-07-03T05:00:00,18.87,72.99,0.04,0.00036717459151826694
2024-07-03T05:00:00,18.89,72.77,0.03,0.0002753809436387002
2024-07-03T05:00:00,18.89,72.79,0.06,0.0005507618872774004
2024-07-03T05:00:00,18.89,72.81,0.03,0.0002753809436387002
2024-07-03T05:00:00,18.89,72.83,0.01,9.179364787956673e-05
2024-07-03T05:00:00,18.89,72.85,0.03,0.0002753809436387002
2024-07-03T05:00:00,18.89,72.87,0.01,9.179364787956673e-05
2024-07-03T05:00:00,18.89,72.89,0.0,0.0
2024-07-03T05:00:00,18.89,72.91,0.01,9.179364787956673e-05
2024-07-03T05:00:00,18.89,72.93,0.05,0.0004589682393978337
2024-07-03T05:00:00,18.89,72.95,0.07,0.0006425555351569672
2024-07-03T05:00:00,18.89,72.97,0.0,0.0
2024-07-03T05:00:00,18.89,72.99,0.04,0.00036717459151826694
2024-07-03T05:00:00,18.91,72.77,0.08,0.0007343491830365339
2024-07-03T05:00:00,18.91,72.79,0.01,9.179364787956673e-05
2024-07-03T05:00:00,18.91,72.81,0.07,0.0006425555351569672
2024-07-03T05:00:00,18.91,72.83,0.01,9.179364787956673e-05
2024-07-03T05:00:00,18.91,72.85,0.02,0.00018358729575913347
2024-07-03T05:00:00,18.91,72.87,0.03,0.0002753809436387002
2024-07-03T05:00:00,18.91,72.89,0.01,9.179364787956673e-05
2024-07-03T05:00:00,18.91,72.91,0.06,0.0005507618872774004
2024-07-03T05:00:00,18.91,72.93,0.02,0.00018358729575913347
2024-07-03T05:00:00,18.91,72.95,0.04,0.00036717459151826694
2024-07-03T05:00:00,18.91,72.97,0.01,9.179364787956673e-05
2024-07-03T05:00:00,18.91,72.99,0.07,0.0006425555351569672
2024-07-03T05:00:00,18.93,72.77,0.04,0.00036717459151826694
2024-07-03T05:00:00,18.93,72.79,0.04,0.00036717459151826694
2024-07-03T05:00:00,18.93,72.81,0.03,0.0002753809436387002
2024-07-03T05:00:00,18.93,72.83,0.04,0.00036717459151826694
2024-07-03T05:00:00,18.93,72.85,0.04,0.00036717459151826694
2024-07-03T05:00:00,18.93,72.87,0.02,0.00018358729575913347
2024-07-03T05:00:00,18.93,72.89,0.01,9.179364787956673e-05
2024-07-03T05:00:00,18.93,72.91,0.01,9.179364787956673e-05
2024-07-03T05:00:00,18.93,72.93,0.02,0.00018358729575913347
2024-07-03T05:00:00,18.93,72.95,0.07,0.0006425555351569672
2024-07-03T05:00:00,18.93,72.97,0.02,0.00018358729575913347
2024-07-03T05:00:00,18.93,72.99,0.05,0.0004589682393978337
2024-07-03T05:00:00,18.95,72.77,0.03,0.0002753809436387002
2024-07-03T05:00:00,18.95,72.79,0.07,0.0006425555351569672
2024-07-03T05:00:00,18.95,72.81,0.04,0.00036717459151826694
2024-07-03T05:00:00,18.95,72.83,0.03,0.0002753809436387002
2024-07-03T05:00:00,18.95,72.85,0.05,0.0004589682393978337
2024-07-03T05:00:00,18.95,72.87,0.03,0.0002753809436387002
2024-07-03T05:00:00,18.95,72.89,0.04,0.00036717459151826694
2024-07-03T05:00:00,18.95,72.91,0.02,0.00018358729575913347
2024-07-03T05:00:00,18.95,72.93,0.03,0.0002753809436387002
2024-07-03T05:00:00,18.95,72.95,0.01,9.179364787956673e-05
2024-07-03T05:00:00,18.95,72.97,0.05,0.0004589682393978337
2024-07-03T05:00:00,18.95,72.99,0.05,0.0004589682393978337
2024-07-03T05:00:00,18.97,72.77,0.02,0.00018358729575913347
2024-07-03T05:00:00,18.97,72.79,0.03,0.0002753809436387002
2024-07-03T05:00:00,18.97,72.81,0.09,0.0008261428309161006
2024-07-03T05:00:00,18.97,72.83,0.02,0.00018358729575913347
2024-07-03T05:00:00,18.97,72.85,0.04,0.00036717459151826694
2024-07-03T05:00:00,18.97,72.87,0.03,0.0002753809436387002
2024-07-03T05:00:00,18.97,72.89,0.01,9.179364787956673e-05
2024-07-03T05:00:00,18.97,72.91,0.03,0.0002753809436387002
2024-07-03T05:00:00,18.97,72.93,0.05,0.0004589682393978337
2024-07-03T05:00:00,18.97,72.95,0.02,0.00018358729575913347
2024-07-03T05:00:00,18.97,72.97,0.01,9.179364787956673e-05
2024-07-03T05:00:00,18.97,72.99,0.04,0.00036717459151826694
2024-07-03T05:00:00,18.99,72.77,0.01,9.179364787956673e-05
2024-07-03T05:00:00,18.99,72.79,0.01,9.179364787956673e-05
2024-07-03T05:00:00,18.99,72.81,0.09,0.0008261428309161006
2024-07-03T05:00:00,18.99,72.83,0.05,0.0004589682393978337
2024-07-03T05:00:00,18.99,72.85,0.03,0.0002753809436387002
2024-07-03T05:00:00,18.99,72.87,0.04,0.00036717459151826694
2024-07-03T05:00:00,18.99,72.89,0.01,9.179364787956673e-05
2024-07-03T05:00:00,18.99,72.91,0.03,0.0002753809436387002
2024-07-03T05:00:00,18.99,72.93,0.01,9.179364787956673e-05
2024-07-03T05:00:00,18.99,72.95,0.01,9.179364787956673e-05
2024-07-03T05:00:00,18.99,72.97,0.04,0.00036717459151826694
2024-07-03T05:00:00,18.99,72.99,0.02,0.00018358729575913347
2024-07-03T05:00:00,19.01,72.77,0.02,0.00018358729575913347
2024-07-03T05:00:00,19.01,72.79,0.04,0.00036717459151826694
2024-07-03T05:00:00,19.01,72.81,0.02,0.00018358729575913347
2024-07-03T05:00:00,19.01,72.83,0.02,0.00018358729575913347
2024-07-03T05:00:00,19.01,72.85,0.08,0.0007343491830365339
2024-07-03T05:00:00,19.01,72.87,0.01,9.179364787956673e-05
2024-07-03T05:00:00,19.01,72.89,0.07,0.0006425555351569672
2024-07-03T05:00:00,19.01,72.91,0.14,0.0012851110703139344
2024-07-03T05:00:00,19.01,72.93,0.01,9.179364787956673e-05
2024-07-03T05:00:00,19.01,72.95,0.01,9.179364787956673e-05
2024-07-03T05:00:00,19.01,72.97,0.03,0.0002753809436387002
2024-07-03T05:00:00,19.01,72.99,0.02,0.00018358729575913347
2024-07-03T05:00:00,19.03,72.77,0.01,9.179364787956673e-05
2024-07-03T05:00:00,19.03,72.79,0.07,0.0006425555351569672
2024-07-03T05:00:00,19.03,72.81,0.02,0.00018358729575913347
2024-07-03T05:00:00,19.03,72.83,0.03,0.0002753809436387002
2024-07-03T05:00:00,19.03,72.85,0.04,0.00036717459151826694
2024-07-03T05:00:00,19.03,72.87,0.04,0.00036717459151826694
2024-07-03T05:00:00,19.03,72.89,0.02,0.00018358729575913347
2024-07-03T05:00:00,19.03,72.91,0.04,0.00036717459151826694
2024-07-03T05:00:00,19.03,72.93,0.01,9.179364787956673e-05
2024-07-03T05:00:00,19.03,72.95,0.05,0.0004589682393978337
2024-07-03T05:00:00,19.03,72.97,0.02,0.00018358729575913347
2024-07-03T05:00:00,19.03,72.99,0.04,0.00036717459151826694
2024-07-03T05:00:00,19.05,72.77,0.03,0.0002753809436387002
2024-07-03T05:00:00,19.05,72.79,0.02,0.00018358729575913347
2024-07-03T05:00:00,19.05,72.81,0.02,0.00018358729575913347
2024-07-03T05:00:00,19.05,72.83,0.03,0.0002753809436387002
2024-07-03T05:00:00,19.05,72.85,0.04,0.00036717459151826694
2024-07-03T05:00:00,19.05,72.87,0.03,0.0002753809436387002
2024-07-03T05:00:00,19.05,72.89,0.01,9.179364787956673e-05
2024-07-03T05:00:00,19.05,72.91,0.01,9.179364787956673e-05
2024-07-03T05:00:00,19.05,72.93,0.01,9.179364787956673e-05
2024-07-03T05:00:00,19.05,72.95,0.02,0.00018358729575913347
2024-07-03T05:00:00,19.05,72.97,0.04,0.00036717459151826694
2024-07-03T05:00:00,19.05,72.99,0.04,0.00036717459151826694
2024-07-03T05:00:00,19.07,72.77,0.02,0.00018358729575913347
2024-07-03T05:00:00,19.07,72.79,0.03,0.0002753809436387002
2024-07-03T05:00:00,19.07,72.81,0.01,9.179364787956673e-05
2024-07-03T05:00:00,19.07,72.83,0.02,0.00018358729575913347
2024-07-03T05:00:00,19.07,72.85,0.02,0.00018358729575913347
2024-07-03T05:00:00,19.07,72.87,0.01,9.179364787956673e-05
2024-07-03T05:00:00,19.07,72.89,0.03,0.0002753809436387002
2024-07-03T05:00:00,19.07,72.91,0.07,0.0006425555351569672
2024-07-03T05:00:00,19.07,72.93,0.02,0.00018358729575913347
2024-07-03T05:00:00,19.07,72.95,0.05,0.0004589682393978337
2024-07-03T05:00:00,19.07,72.97,0.04,0.00036717459151826694
2024-07-03T05:00:00,19.07,72.99,0.01,9.179364787956673e-05
2024-07-03T05:00:00,19.09,72.77,0.05,0.0004589682393978337
2024-07-03T05:00:00,19.09,72.79,0.09,0.0008261428309161006
2024-07-03T05:00:00,19.09,72.81,0.01,9.179364787956673e-05
2024-07-03T05:00:00,19.09,72.83,0.05,0.0004589682393978337
2024-07-03T05:00:00,19.09,72.85,0.02,0.00018358729575913347
2024-07-03T05:00:00,19.09,72.87,0.01,9.179364787956673e-05
2024-07-03T05:00:00,19.09,72.89,0.03,0.0002753809436387002
2024-07-03T05:00:00,19.09,72.91,0.03,0.0002753809436387002
2024-07-03T05:00:00,19.09,72.93,0.1,0.0009179364787956674
2024-07-03T05:00:00,19.09,72.95,0.01,9.179364787956673e-05
2024-07-03T05:00:00,19.09,72.97,0.02,0.00018358729575913347
2024-07-03T05:00:00,19.09,72.99,0.02,0.00018358729575913347
2024-07-03T05:00:00,19.11,72.77,0.02,0.00018358729575913347
2024-07-03T05:00:00,19.11,72.79,0.01,9.179364787956673e-05
2024-07-03T05:00:00,19.11,72.81,0.02,0.00018358729575913347
2024-07-03T05:00:00,19.11,72.83,0.02,0.00018358729575913347
2024-07-03T05:00:00,19.11,72.85,0.01,9.179364787956673e-05
2024-07-03T05:00:00,19.11,72.87,0.05,0.0004589682393978337
2024-07-03T05:00:00,19.11,72.89,0.04,0.00036717459151826694
2024-07-03T05:00:00,19.11,72.91,0.01,9.179364787956673e-05
2024-07-03T05:00:00,19.11,72.93,0.02,0.00018358729575913347
2024-07-03T05:00:00,19.11,72.95,0.03,0.0002753809436387002
2024-07-03T05:00:00,19.11,72.97,0.04,0.00036717459151826694
2024-07-03T05:00:00,19.11,72.99,0.02,0.00018358729575913347
2024-07-03T05:00:00,19.13,72.77,0.05,0.0004589682393978337
2024-07-03T05:00:00,19.13,72.79,0.04,0.00036717459151826694
2024-07-03T05:00:00,19.13,72.81,0.05,0.0004589682393978337
2024-07-03T05:00:00,19.13,72.83,0.01,9.179364787956673e-05
2024-07-03T05:00:00,19.13,72.85,0.04,0.00036717459151826694
2024-07-03T05:00:00,19.13,72.87,0.02,0.00018358729575913347
2024-07-03T05:00:00,19.13,72.89,0.05,0.0004589682393978337
2024-07-03T05:00:00,19.13,72.91,0.01,9.179364787956673e-05
2024-07-03T05:00:00,19.13,72.93,0.03,0.0002753809436387002
2024-07-03T05:00:00,19.13,72.95,0.02,0.00018358729575913347
2024-07-03T05:00:00,19.13,72.97,0.02,0.00018358729575913347
2024-07-03T05:00:00,19.13,72.99,0.02,0.00018358729575913347
2024-07-03T05:00:00,19.15,72.77,0.02,0.00018358729575913347
2024-07-03T05:00:00,19.15,72.79,0.08,0.0007343491830365339
2024-07-03T05:00:00,19.15,72.81,0.02,0.00018358729575913347
2024-07-03T05:00:00,19.15,72.83,0.07,0.0006425555351569672
2024-07-03T05:00:00,19.15,72.85,0.02,0.00018358729575913347
2024-07-03T05:00:00,19.15,72.87,0.03,0.0002753809436387002
2024-07-03T05:00:00,19.15,72.89,0.02,0.00018358729575913347
2024-07-03T05:00:00,19.15,72.91,0.07,0.0006425555351569672
2024-07-03T05:00:00,19.15,72.93,0.04,0.00036717459151826694
2024-07-03T05:00:00,19.15,72.95,0.02,0.00018358729575913347
2024-07-03T05:00:00,19.15,72.97,0.01,9.179364787956673e-05
2024-07-03T05:00:00,19.15,72.99,0.02,0.00018358729575913347
2024-07-03T05:00:00,19.17,72.77,0.07,0.0006425555351569672
2024-07-03T05:00:00,19.17,72.79,0.01,9.179364787956673e-05
2024-07-03T05:00:00,19.17,72.81,0.01,9.179364787956673e-05
2024-07-03T05:00:00,19.17,72.83,0.02,0.00018358729575913347
2024-07-03T05:00:00,19.17,72.85,0.01,9.179364787956673e-05
2024-07-03T05:00:00,19.17,72.87,0.01,9.179364787956673e-05
2024-07-03T05:00:00,19.17,72.89,0.0,0.0
2024-07-03T05:00:00,19.17,72.91,0.03,0.0002753809436387002
2024-07-03T05:00:00,19.17,72.93,0.03,0.0002753809436387002
2024-07-03T05:00:00,19.17,72.95,0.02,0.00018358729575913347
2024-07-03T05:00:00,19.17,72.97,0.01,9.179364787956673e-05
2024-07-03T05:00:00,19.17,72.99,0.01,9.179364787956673e-05
2024-07-03T05:00:00,19.19,72.77,0.04,0.00036717459151826694
2024-07-03T05:00:00,19.19,72.79,0.04,0.00036717459151826694
2024-07-03T05:00:00,19.19,72.81,0.0,0.0
2024-07-03T05:00:00,19.19,72.83,0.03,0.0002753809436387002
2024-07-03T05:00:00,19.19,72.85,0.01,9.179364787956673e-05
2024-07-03T05:00:00,19.19,72.87,0.02,0.00018358729575913347
2024-07-03T05:00:00,19.19,72.89,0.01,9.179364787956673e-05
2024-07-03T05:00:00,19.19,72.91,0.0,0.0
2024-07-03T05:00:00,19.19,72.93,0.02,0.00018358729575913347
2024-07-03T05:00:00,19.19,72.95,0.02,0.00018358729575913347
2024-07-03T05:00:00,19.19,72.97,0.01,9.179364787956673e-05
2024-07-03T05:00:00,19.19,72.99,0.06,0.0005507618872774004
2024-07-03T05:00:00,19.21,72.77,0.02,0.00018358729575913347
2024-07-03T05:00:00,19.21,72.79,0.01,9.179364787956673e-05
2024-07-03T05:00:00,19.21,72.81,0.03,0.0002753809436387002
2024-07-03T05:00:00,19.21,72.83,0.02,0.00018358729575913347
2024-07-03T05:00:00,19.21,72.85,0.01,9.179364787956673e-05
2024-07-03T05:00:00,19.21,72.87,0.03,0.0002753809436387002
2024-07-03T05:00:00,19.21,72.89,0.03,0.0002753809436387002
2024-07-03T05:00:00,19.21,72.91,0.02,0.00018358729575913347
2024-07-03T05:00:00,19.21,72.93,0.03,0.0002753809436387002
2024-07-03T05:00:00,19.21,72.95,0.02,0.00018358729575913347
2024-07-03T05:00:00,19.21,72.97,0.02,0.00018358729575913347
2024-07-03T05:00:00,19.21,72.99,0.01,9.179364787956673e-05
2024-07-03T05:00:00,19.23,72.77,0.03,0.0002753809436387002
2024-07-03T05:00:00,19.23,72.79,0.05,0.0004589682393978337
2024-07-03T05:00:00,19.23,72.81,0.03,0.0002753809436387002
2024-07-03T05:00:00,19.23,72.83,0.02,0.00018358729575913347
2024-07-03T05:00:00,19.23,72.85,0.05,0.0004589682393978337
2024-07-03T05:00:00,19.23,72.87,0.03,0.0002753809436387002
2024-07-03T05:00:00,19.23,72.89,0.01,9.179364787956673e-05
2024-07-03T05:00:00,19.23,72.91,0.04,0.00036717459151826694
2024-07-03T05:00:00,19.23,72.93,0.02,0.00018358729575913347
2024-07-03T05:00:00,19.23,72.95,0.01,9.179364787956673e-05
2024-07-03T05:00:00,19.23,72.97,0.01,9.179364787956673e-05
2024-07-03T05:00:00,19.23,72.99,0.01,9.179364787956673e-05
2024-07-03T05:00:00,19.25,72.77,0.01,9.179364787956673e-05
2024-07-03T05:00:00,19.25,72.79,0.06,0.0005507618872774004
2024-07-03T05:00:00,19.25,72.81,0.0,0.0
2024-07-03T05:00:00,19.25,72.83,0.04,0.00036717459151826694
2024-07-03T05:00:00,19.25,72.85,0.03,0.0002753809436387002
2024-07-03T05:00:00,19.25,72.87,0.03,0.0002753809436387002
2024-07-03T05:00:00,19.25,72.89,0.03,0.0002753809436387002
2024-07-03T05:00:00,19.25,72.91,0.02,0.00018358729575913347
2024-07-03T05:00:00,19.25,72.93,0.03,0.0002753809436387002
2024-07-03T05:00:00,19.25,72.95,0.02,0.00018358729575913347
2024-07-03T05:00:00,19.25,72.97,0.02,0.00018358729575913347
2024-07-03T05:00:00,19.25,72.99,0.01,9.179364787956673e-05
2024-07-03T06:00:00,18.87,72.77,0.02,0.00018358729575913347
2024-07-03T06:00:00,18.87,72.79,0.02,0.00018358729575913347
2024-07-03T06:00:00,18.87,72.81,0.02,0.00018358729575913347
2024-07-03T06:00:00,18.87,72.83,0.03,0.0002753809436387002
2024-07-03T06:00:00,18.87,72.85,0.03,0.0002753809436387002
2024-07-03T06:00:00,18.87,72.87,0.01,9.179364787956673e-05
2024-07-03T06:00:00,18.87,72.89,0.02,0.00018358729575913347
2024-07-03T06:00:00,18.87,72.91,0.0,0.0
2024-07-03T06:00:00,18.87,72.93,0.01,9.179364787956673e-05
2024-07-03T06:00:00,18.87,72.95,0.01,9.179364787956673e-05
2024-07-03T06:00:00,18.87,72.97,0.02,0.00018358729575913347
2024-07-03T06:00:00,18.87,72.99,0.01,9.179364787956673e-05
2024-07-03T06:00:00,18.89,72.77,0.04,0.00036717459151826694
2024-07-03T06:00:00,18.89,72.79,0.01,9.179364787956673e-05
2024-07-03T06:00:00,18.89,72.81,0.01,9.179364787956673e-05
2024-07-03T06:00:00,18.89,72.83,0.0,0.0
2024-07-03T06:00:00,18.89,72.85,0.03,0.0002753809436387002
2024-07-03T06:00:00,18.89,72.87,0.0,0.0
2024-07-03T06:00:00,18.89,72.89,0.02,0.00018358729575913347
2024-07-03T06:00:00,18.89,72.91,0.02,0.00018358729575913347
2024-07-03T06:00:00,18.89,72.93,0.01,9.179364787956673e-05
2024-07-03T06:00:00,18.89,72.95,0.02,0.00018358729575913347
2024-07-03T06:00:00,18.89,72.97,0.04,0.00036717459151826694
2024-07-03T06:00:00,18.89,72.99,0.01,9.179364787956673e-05
2024-07-03T06:00:00,18.91,72.77,0.0,0.0
2024-07-03T06:00:00,18.91,72.79,0.01,9.179364787956673e-05
2024-07-03T06:00:00,18.91,72.81,0.05,0.0004589682393978337
2024-07-03T06:00:00,18.91,72.83,0.03,0.0002753809436387002
2024-07-03T06:00:00,18.91,72.85,0.01,9.179364787956673e-05
2024-07-03T06:00:00,18.91,72.87,0.03,0.0002753809436387002
2024-07-03T06:00:00,18.91,72.89,0.03,0.0002753809436387002
2024-07-03T06:00:00,18.91,72.91,0.01,9.179364787956673e-05
2024-07-03T06:00:00,18.91,72.93,0.0,0.0
2024-07-03T06:00:00,18.91,72.95,0.03,0.0002753809436387002
2024-07-03T06:00:00,18.91,72.97,0.04,0.00036717459151826694
2024-07-03T06:00:00,18.91,72.99,0.01,9.179364787956673e-05
2024-07-03T06:00:00,18.93,72.77,0.03,0.0002753809436387002
2024-07-03T06:00:00,18.93,72.79,0.01,9.179364787956673e-05
2024-07-03T06:00:00,18.93,72.81,0.01,9.179364787956673e-05
2024-07-03T06:00:00,18.93,72.83,0.02,0.00018358729575913347
2024-07-03T06:00:00,18.93,72.85,0.01,9.179364787956673e-05
2024-07-03T06:00:00,18.93,72.87,0.01,9.179364787956673e-05
2024-07-03T06:00:00,18.93,72.89,0.03,0.0002753809436387002
2024-07-03T06:00:00,18.93,72.91,0.0,0.0
2024-07-03T06:00:00,18.93,72.93,0.03,0.0002753809436387002
2024-07-03T06:00:00,18.93,72.95,0.02,0.00018358729575913347
2024-07-03T06:00:00,18.93,72.97,0.02,0.00018358729575913347
2024-07-03T06:00:00,18.93,72.99,0.01,9.179364787956673e-05
2024-07-03T06:00:00,18.95,72.77,0.04,0.00036717459151826694
2024-07-03T06:00:00,18.95,72.79,0.02,0.00018358729575913347
2024-07-03T06:00:00,18.95,72.81,0.01,9.179364787956673e-05
2024-07-03T06:00:00,18.95,72.83,0.02,0.00018358729575913347
2024-07-03T06:00:00,18.95,72.85,0.01,9.179364787956673e-05
2024-07-03T06:00:00,18.95,72.87,0.01,9.179364787956673e-05
2024-07-03T06:00:00,18.95,72.89,0.03,0.0002753809436387002
2024-07-03T06:00:00,18.95,72.91,0.01,9.179364787956673e-05
2024-07-03T06:00:00,18.95,72.93,0.0,0.0
2024-07-03T06:00:00,18.95,72.95,0.02,0.00018358729575913347
2024-07-03T06:00:00,18.95,72.97,0.01,9.179364787956673e-05
2024-07-03T06:00:00,18.95,72.99,0.04,0.00036717459151826694
2024-07-03T06:00:00,18.97,72.77,0.03,0.0002753809436387002
2024-07-03T06:00:00,18.97,72.79,0.05,0.0004589682393978337
2024-07-03T06:00:00,18.97,72.81,0.03,0.0002753809436387002
2024-07-03T06:00:00,18.97,72.83,0.03,0.0002753809436387002
2024-07-03T06:00:00,18.97,72.85,0.02,0.00018358729575913347
2024-07-03T06:00:00,18.97,72.87,0.03,0.0002753809436387002
2024-07-03T06:00:00,18.97,72.89,0.01,9.179364787956673e-05
2024-07-03T06:00:00,18.97,72.91,0.03,0.0002753809436387002
2024-07-03T06:00:00,18.97,72.93,0.0,0.0
2024-07-03T06:00:00,18.97,72.95,0.01,9.179364787956673e-05
2024-07-03T06:00:00,18.97,72.97,0.01,9.179364787956673e-05
2024-07-03T06:00:00,18.97,72.99,0.02,0.00018358729575913347
2024-07-03T06:00:00,18.99,72.77,0.01,9.179364787956673e-05
2024-07-03T06:00:00,18.99,72.79,0.01,9.179364787956673e-05
2024-07-03T06:00:00,18.99,72.81,0.0,0.0
2024-07-03T06:00:00,18.99,72.83,0.01,9.179364787956673e-05
2024-07-03T06:00:00,18.99,72.85,0.02,0.00018358729575913347
2024-07-03T06:00:00,18.99,72.87,0.02,0.00018358729575913347
2024-07-03T06:00:00,18.99,72.89,0.01,9.179364787956673e-05
2024-07-03T06:00:00,18.99,72.91,0.02,0.00018358729575913347
2024-07-03T06:00:00,18.99,72.93,0.01,9.179364787956673e-05
2024-07-03T06:00:00,18.99,72.95,0.02,0.00018358729575913347
2024-07-03T06:00:00,18.99,72.97,0.01,9.179364787956673e-05
2024-07-03T06:00:00,18.99,72.99,0.02,0.00018358729575913347
2024-07-03T06:00:00,19.01,72.77,0.01,9.179364787956673e-05
2024-07-03T06:00:00,19.01,72.79,0.0,0.0
2024-07-03T06:00:00,19.01,72.81,0.01,9.179364787956673e-05
2024-07-03T06:00:00,19.01,72.83,0.02,0.00018358729575913347
2024-07-03T06:00:00,19.01,72.85,0.01,9.179364787956673e-05
2024-07-03T06:00:00,19.01,72.87,0.01,9.179364787956673e-05
2024-07-03T06:00:00,19.01,72.89,0.02,0.00018358729575913347
2024-07-03T06:00:00,19.01,72.91,0.02,0.00018358729575913347
2024-07-03T06:00:00,19.01,72.93,0.01,9.179364787956673e-05
2024-07-03T06:00:00,19.01,72.95,0.0,0.0
2024-07-03T06:00:00,19.01,72.97,0.02,0.00018358729575913347
2024-07-03T06:00:00,19.01,72.99,0.01,9.179364787956673e-05
2024-07-03T06:00:00,19.03,72.77,0.01,9.179364787956673e-05
2024-07-03T06:00:00,19.03,72.79,0.03,0.0002753809436387002
2024-07-03T06:00:00,19.03,72.81,0.0,0.0
2024-07-03T06:00:00,19.03,72.83,0.02,0.00018358729575913347
2024-07-03T06:00:00,19.03,72.85,0.02,0.00018358729575913347
2024-07-03T06:00:00,19.03,72.87,0.0,0.0
2024-07-03T06:00:00,19.03,72.89,0.0,0.0
2024-07-03T06:00:00,19.03,72.91,0.04,0.00036717459151826694
2024-07-03T06:00:00,19.03,72.93,0.02,0.00018358729575913347
2024-07-03T06:00:00,19.03,72.95,0.03,0.0002753809436387002
2024-07-03T06:00:00,19.03,72.97,0.03,0.0002753809436387002
2024-07-03T06:00:00,19.03,72.99,0.02,0.00018358729575913347
2024-07-03T06:00:00,19.05,72.77,0.06,0.0005507618872774004
2024-07-03T06:00:00,19.05,72.79,0.02,0.00018358729575913347
2024-07-03T06:00:00,19.05,72.81,0.01,9.179364787956673e-05
2024-07-03T06:00:00,19.05,72.83,0.03,0.0002753809436387002
2024-07-03T06:00:00,19.05,72.85,0.03,0.0002753809436387002
2024-07-03T06:00:00,19.05,72.87,0.02,0.00018358729575913347
2024-07-03T06:00:00,19.05,72.89,0.01,9.179364787956673e-05
2024-07-03T06:00:00,19.05,72.91,0.03,0.0002753809436387002
2024-07-03T06:00:00,19.05,72.93,0.01,9.179364787956673e-05
2024-07-03T06:00:00,19.05,72.95,0.01,9.179364787956673e-05
2024-07-03T06:00:00,19.05,72.97,0.01,9.179364787956673e-05
2024-07-03T06:00:00,19.05,72.99,0.01,9.179364787956673e-05
2024-07-03T06:00:00,19.07,72.77,0.02,0.00018358729575913347
2024-07-03T06:00:00,19.07,72.79,0.02,0.00018358729575913347
2024-07-03T06:00:00,19.07,72.81,0.05,0.0004589682393978337
2024-07-03T06:00:00,19.07,72.83,0.01,9.179364787956673e-05
2024-07-03T06:00:00,19.07,72.85,0.02,0.00018358729575913347
2024-07-03T06:00:00,19.07,72.87,0.01,9.179364787956673e-05
2024-07-03T06:00:00,19.07,72.89,0.02,0.00018358729575913347
2024-07-03T06:00:00,19.07,72.91,0.01,9.179364787956673e-05
2024-07-03T06:00:00,19.07,72.93,0.02,0.00018358729575913347
2024-07-03T06:00:00,19.07,72.95,0.01,9.179364787956673e-05
2024-07-03T06:00:00,19.07,72.97,0.01,9.179364787956673e-05
2024-07-03T06:00:00,19.07,72.99,0.02,0.00018358729575913347
2024-07-03T06:00:00,19.09,72.77,0.04,0.00036717459151826694
2024-07-03T06:00:00,19.09,72.79,0.03,0.0002753809436387002
2024-07-03T06:00:00,19.09,72.81,0.02,0.00018358729575913347
2024-07-03T06:00:00,19.09,72.83,0.01,9.179364787956673e-05
2024-07-03T06:00:00,19.09,72.85,0.05,0.0004589682393978337
2024-07-03T06:00:00,19.09,72.87,0.01,9.179364787956673e-05
2024-07-03T06:00:00,19.09,72.89,0.0,0.0
2024-07-03T06:00:00,19.09,72.91,0.01,9.179364787956673e-05
2024-07-03T06:00:00,19.09,72.93,0.0,0.0
2024-07-03T06:00:00,19.09,72.95,0.02,0.00018358729575913347
2024-07-03T06:00:00,19.09,72.97,0.01,9.179364787956673e-05
2024-07-03T06:00:00,19.09,72.99,0.01,9.179364787956673e-05
2024-07-03T06:00:00,19.11,72.77,0.02,0.00018358729575913347
2024-07-03T06:00:00,19.11,72.79,0.01,9.179364787956673e-05
2024-07-03T06:00:00,19.11,72.81,0.0,0.0
2024-07-03T06:00:00,19.11,72.83,0.03,0.0002753809436387002
2024-07-03T06:00:00,19.11,72.85,0.01,9.179364787956673e-05
2024-07-03T06:00:00,19.11,72.87,0.0,0.0
2024-07-03T06:00:00,19.11,72.89,0.0,0.0
2024-07-03T06:00:00,19.11,72.91,0.03,0.0002753809436387002
2024-07-03T06:00:00,19.11,72.93,0.01,9.179364787956673e-05
2024-07-03T06:00:00,19.11,72.95,0.01,9.179364787956673e-05
2024-07-03T06:00:00,19.11,72.97,0.02,0.00018358729575913347
2024-07-03T06:00:00,19.11,72.99,0.01,9.179364787956673e-05
2024-07-03T06:00:00,19.13,72.77,0.0,0.0
2024-07-03T06:00:00,19.13,72.79,0.01,9.179364787956673e-05
2024-07-03T06:00:00,19.13,72.81,0.02,0.00018358729575913347
2024-07-03T06:00:00,19.13,72.83,0.01,9.179364787956673e-05
2024-07-03T06:00:00,19.13,72.85,0.01,9.179364787956673e-05
2024-07-03T06:00:00,19.13,72.87,0.01,9.179364787956673e-05
2024-07-03T06:00:00,19.13,72.89,0.02,0.00018358729575913347
2024-07-03T06:00:00,19.13,72.91,0.02,0.00018358729575913347
2024-07-03T06:00:00,19.13,72.93,0.02,0.00018358729575913347
2024-07-03T06:00:00,19.13,72.95,0.01,9.179364787956673e-05
2024-07-03T06:00:00,19.13,72.97,0.01,9.179364787956673e-05
2024-07-03T06:00:00,19.13,72.99,0.01,9.179364787956673e-05
2024-07-03T06:00:00,19.15,72.77,0.01,9.179364787956673e-05
2024-07-03T06:00:00,19.15,72.79,0.0,0.0
2024-07-03T06:00:00,19.15,72.81,0.02,0.00018358729575913347
2024-07-03T06:00:00,19.15,72.83,0.01,9.179364787956673e-05
2024-07-03T06:00:00,19.15,72.85,0.03,0.0002753809436387002
2024-07-03T06:00:00,19.15,72.87,0.01,9.179364787956673e-05
2024-07-03T06:00:00,19.15,72.89,0.0,0.0
2024-07-03T06:00:00,19.15,72.91,0.02,0.00018358729575913347
2024-07-03T06:00:00,19.15,72.93,0.05,0.0004589682393978337
2024-07-03T06:00:00,19.15,72.95,0.02,0.00018358729575913347
2024-07-03T06:00:00,19.15,72.97,0.02,0.00018358729575913347
2024-07-03T06:00:00,19.15,72.99,0.03,0.0002753809436387002
2024-07-03T06:00:00,19.17,72.77,0.01,9.179364787956673e-05
2024-07-03T06:00:00,19.17,72.79,0.01,9.179364787956673e-05
2024-07-03T06:00:00,19.17,72.81,0.01,9.179364787956673e-05
2024-07-03T06:00:00,19.17,72.83,0.02,0.00018358729575913347
2024-07-03T06:00:00,19.17,72.85,0.01,9.179364787956673e-05
2024-07-03T06:00:00,19.17,72.87,0.01,9.179364787956673e-05
2024-07-03T06:00:00,19.17,72.89,0.02,0.00018358729575913347
2024-07-03T06:00:00,19.17,72.91,0.02,0.00018358729575913347
2024-07-03T06:00:00,19.17,72.93,0.02,0.00018358729575913347
2024-07-03T06:00:00,19.17,72.95,0.03,0.0002753809436387002
2024-07-03T06:00:00,19.17,72.97,0.02,0.00018358729575913347
2024-07-03T06:00:00,19.17,72.99,0.01,9.179364787956673e-05
2024-07-03T06:00:00,19.19,72.77,0.0,0.0
2024-07-03T06:00:00,19.19,72.79,0.01,9.179364787956673e-05
2024-07-03T06:00:00,19.19,72.81,0.03,0.0002753809436387002
2024-07-03T06:00:00,19.19,72.83,0.02,0.00018358729575913347
2024-07-03T06:00:00,19.19,72.85,0.03,0.0002753809436387002
2024-07-03T06:00:00,19.19,72.87,0.02,0.00018358729575913347
2024-07-03T06:00:00,19.19,72.89,0.02,0.00018358729575913347
2024-07-03T06:00:00,19.19,72.91,0.02,0.00018358729575913347
2024-07-03T06:00:00,19.19,72.93,0.01,9.179364787956673e-05
2024-07-03T06:00:00,19.19,72.95,0.01,9.179364787956673e-05
2024-07-03T06:00:00,19.19,72.97,0.01,9.179364787956673e-05
2024-07-03T06:00:00,19.19,72.99,0.01,9.179364787956673e-05
2024-07-03T06:00:00,19.21,72.77,0.04,0.00036717459151826694
2024-07-03T06:00:00,19.21,72.79,0.03,0.0002753809436387002
2024-07-03T06:00:00,19.21,72.81,0.01,9.179364787956673e-05
2024-07-03T06:00:00,19.21,72.83,0.02,0.00018358729575913347
2024-07-03T06:00:00,19.21,72.85,0.02,0.00018358729575913347
2024-07-03T06:00:00,19.21,72.87,0.04,0.00036717459151826694
2024-07-03T06:00:00,19.21,72.89,0.01,9.179364787956673e-05
2024-07-03T06:00:00,19.21,72.91,0.02,0.00018358729575913347
2024-07-03T06:00:00,19.21,72.93,0.02,0.00018358729575913347
2024-07-03T06:00:00,19.21,72.95,0.01,9.179364787956673e-05
2024-07-03T06:00:00,19.21,72.97,0.03,0.0002753809436387002
2024-07-03T06:00:00,19.21,72.99,0.02,0.00018358729575913347
2024-07-03T06:00:00,19.23,72.77,0.01,9.179364787956673e-05
2024-07-03T06:00:00,19.23,72.79,0.05,0.0004589682393978337
2024-07-03T06:00:00,19.23,72.81,0.04,0.00036717459151826694
2024-07-03T06:00:00,19.23,72.83,0.02,0.00018358729575913347
2024-07-03T06:00:00,19.23,72.85,0.0,0.0
2024-07-03T06:00:00,19.23,72.87,0.01,9.179364787956673e-05
2024-07-03T06:00:00,19.23,72.89,0.02,0.00018358729575913347
2024-07-03T06:00:00,19.23,72.91,0.02,0.00018358729575913347
2024-07-03T06:00:00,19.23,72.93,0.01,9.179364787956673e-05
2024-07-03T06:00:00,19.23,72.95,0.0,0.0
2024-07-03T06:00:00,19.23,72.97,0.01,9.179364787956673e-05
2024-07-03T06:00:00,19.23,72.99,0.01,9.179364787956673e-05
2024-07-03T06:00:00,19.25,72.77,0.0,0.0
2024-07-03T06:00:00,19.25,72.79,0.02,0.00018358729575913347
2024-07-03T06:00:00,19.25,72.81,0.04,0.00036717459151826694
2024-07-03T06:00:00,19.25,72.83,0.01,9.179364787956673e-05
2024-07-03T06:00:00,19.25,72.85,0.02,0.00018358729575913347
2024-07-03T06:00:00,19.25,72.87,0.01,9.179364787956673e-05
2024-07-03T06:00:00,19.25,72.89,0.02,0.00018358729575913347
2024-07-03T06:00:00,19.25,72.91,0.02,0.00018358729575913347
2024-07-03T06:00:00,19.25,72.93,0.03,0.0002753809436387002
2024-07-03T06:00:00,19.25,72.95,0.03,0.0002753809436387002
2024-07-03T06:00:00,19.25,72.97,0.02,0.00018358729575913347
2024-07-03T06:00:00,19.25,72.99,0.01,9.179364787956673e-05
2024-07-03T07:00:00,18.87,72.77,0.01,9.179364787956673e-05
2024-07-03T07:00:00,18.87,72.79,0.02,0.00018358729575913347
2024-07-03T07:00:00,18.87,72.81,0.0,0.0
2024-07-03T07:00:00,18.87,72.83,0.01,9.179364787956673e-05
2024-07-03T07:00:00,18.87,72.85,0.01,9.179364787956673e-05
2024-07-03T07:00:00,18.87,72.87,0.02,0.00018358729575913347
2024-07-03T07:00:00,18.87,72.89,0.03,0.0002753809436387002
2024-07-03T07:00:00,18.87,72.91,0.0,0.0
2024-07-03T07:00:00,18.87,72.93,0.01,9.179364787956673e-05
2024-07-03T07:00:00,18.87,72.95,0.01,9.179364787956673e-05
2024-07-03T07:00:00,18.87,72.97,0.0,0.0
2024-07-03T07:00:00,18.87,72.99,0.0,0.0
2024-07-03T07:00:00,18.89,72.77,0.01,9.179364787956673e-05
2024-07-03T07:00:00,18.89,72.79,0.0,0.0
2024-07-03T07:00:00,18.89,72.81,0.01,9.179364787956673e-05
2024-07-03T07:00:00,18.89,72.83,0.01,9.179364787956673e-05
2024-07-03T07:00:00,18.89,72.85,0.0,0.0
2024-07-03T07:00:00,18.89,72.87,0.01,9.179364787956673e-05
2024-07-03T07:00:00,18.89,72.89,0.0,0.0
2024-07-03T07:00:00,18.89,72.91,0.01,9.179364787956673e-05
2024-07-03T07:00:00,18.89,72.93,0.01,9.179364787956673e-05
2024-07-03T07:00:00,18.89,72.95,0.01,9.179364787956673e-05
2024-07-03T07:00:00,18.89,72.97,0.02,0.00018358729575913347
2024-07-03T07:00:00,18.89,72.99,0.01,9.179364787956673e-05
2024-07-03T07:00:00,18.91,72.77,0.01,9.179364787956673e-05
2024-07-03T07:00:00,18.91,72.79,0.01,9.179364787956673e-05
2024-07-03T07:00:00,18.91,72.81,0.01,9.179364787956673e-05
2024-07-03T07:00:00,18.91,72.83,0.01,9.179364787956673e-05
2024-07-03T07:00:00,18.91,72.85,0.0,0.0
2024-07-03T07:00:00,18.91,72.87,0.02,0.00018358729575913347
2024-07-03T07:00:00,18.91,72.89,0.01,9.179364787956673e-05
2024-07-03T07:00:00,18.91,72.91,0.02,0.00018358729575913347
2024-07-03T07:00:00,18.91,72.93,0.01,9.179364787956673e-05
2024-07-03T07:00:00,18.91,72.95,0.01,9.179364787956673e-05
2024-07-03T07:00:00,18.91,72.97,0.01,9.179364787956673e-05
2024-07-03T07:00:00,18.91,72.99,0.01,9.179364787956673e-05
2024-07-03T07:00:00,18.93,72.77,0.02,0.00018358729575913347
2024-07-03T07:00:00,18.93,72.79,0.01,9.179364787956673e-05
2024-07-03T07:00:00,18.93,72.81,0.02,0.00018358729575913347
2024-07-03T07:00:00,18.93,72.83,0.01,9.179364787956673e-05
2024-07-03T07:00:00,18.93,72.85,0.02,0.00018358729575913347
2024-07-03T07:00:00,18.93,72.87,0.02,0.00018358729575913347
2024-07-03T07:00:00,18.93,72.89,0.01,9.179364787956673e-05
2024-07-03T07:00:00,18.93,72.91,0.02,0.00018358729575913347
2024-07-03T07:00:00,18.93,72.93,0.01,9.179364787956673e-05
2024-07-03T07:00:00,18.93,72.95,0.02,0.00018358729575913347
2024-07-03T07:00:00,18.93,72.97,0.01,9.179364787956673e-05
2024-07-03T07:00:00,18.93,72.99,0.01,9.179364787956673e-05
2024-07-03T07:00:00,18.95,72.77,0.01,9.179364787956673e-05
2024-07-03T07:00:00,18.95,72.79,0.0,0.0
2024-07-03T07:00:00,18.95,72.81,0.01,9.179364787956673e-05
2024-07-03T07:00:00,18.95,72.83,0.02,0.00018358729575913347
2024-07-03T07:00:00,18.95,72.85,0.01,9.179364787956673e-05
2024-07-03T07:00:00,18.95,72.87,0.0,0.0
2024-07-03T07:00:00,18.95,72.89,0.02,0.00018358729575913347
2024-07-03T07:00:00,18.95,72.91,0.0,0.0
2024-07-03T07:00:00,18.95,72.93,0.01,9.179364787956673e-05
2024-07-03T07:00:00,18.95,72.95,0.03,0.0002753809436387002
2024-07-03T07:00:00,18.95,72.97,0.05,0.0004589682393978337
2024-07-03T07:00:00,18.95,72.99,0.01,9.179364787956673e-05
2024-07-03T07:00:00,18.97,72.77,0.02,0.00018358729575913347
2024-07-03T07:00:00,18.97,72.79,0.01,9.179364787956673e-05
2024-07-03T07:00:00,18.97,72.81,0.0,0.0
2024-07-03T07:00:00,18.97,72.83,0.01,9.179364787956673e-05
2024-07-03T07:00:00,18.97,72.85,0.01,9.179364787956673e-05
2024-07-03T07:00:00,18.97,72.87,0.02,0.00018358729575913347
2024-07-03T07:00:00,18.97,72.89,0.03,0.0002753809436387002
2024-07-03T07:00:00,18.97,72.91,0.01,9.179364787956673e-05
2024-07-03T07:00:00,18.97,72.93,0.0,0.0
2024-07-03T07:00:00,18.97,72.95,0.01,9.179364787956673e-05
2024-07-03T07:00:00,18.97,72.97,0.0,0.0
2024-07-03T07:00:00,18.97,72.99,0.0,0.0
2024-07-03T07:00:00,18.99,72.77,0.01,9.179364787956673e-05
2024-07-03T07:00:00,18.99,72.79,0.01,9.179364787956673e-05
2024-07-03T07:00:00,18.99,72.81,0.01,9.179364787956673e-05
2024-07-03T07:00:00,18.99,72.83,0.02,0.00018358729575913347
2024-07-03T07:00:00,18.99,72.85,0.01,9.179364787956673e-05
2024-07-03T07:00:00,18.99,72.87,0.0,0.0
2024-07-03T07:00:00,18.99,72.89,0.0,0.0
2024-07-03T07:00:00,18.99,72.91,0.01,9.179364787956673e-05
2024-07-03T07:00:00,18.99,72.93,0.01,9.179364787956673e-05
2024-07-03T07:00:00,18.99,72.95,0.01,9.179364787956673e-05
2024-07-03T07:00:00,18.99,72.97,0.01,9.179364787956673e-05
2024-07-03T07:00:00,18.99,72.99,0.01,9.179364787956673e-05
2024-07-03T07:00:00,19.01,72.77,0.02,0.00018358729575913347
2024-07-03T07:00:00,19.01,72.79,0.01,9.179364787956673e-05
2024-07-03T07:00:00,19.01,72.81,0.02,0.00018358729575913347
2024-07-03T07:00:00,19.01,72.83,0.0,0.0
2024-07-03T07:00:00,19.01,72.85,0.0,0.0
2024-07-03T07:00:00,19.01,72.87,0.0,0.0
2024-07-03T07:00:00,19.01,72.89,0.02,0.00018358729575913347
2024-07-03T07:00:00,19.01,72.91,0.01,9.179364787956673e-05
2024-07-03T07:00:00,19.01,72.93,0.01,9.179364787956673e-05
2024-07-03T07:00:00,19.01,72.95,0.0,0.0
2024-07-03T07:00:00,19.01,72.97,0.01,9.179364787956673e-05
2024-07-03T07:00:00,19.01,72.99,0.01,9.179364787956673e-05
2024-07-03T07:00:00,19.03,72.77,0.0,0.0
2024-07-03T07:00:00,19.03,72.79,0.0,0.0
2024-07-03T07:00:00,19.03,72.81,0.02,0.00018358729575913347
2024-07-03T07:00:00,19.03,72.83,0.01,9.179364787956673e-05
2024-07-03T07:00:00,19.03,72.85,0.0,0.0
2024-07-03T07:00:00,19.03,72.87,0.0,0.0
2024-07-03T07:00:00,19.03,72.89,0.01,9.179364787956673e-05
2024-07-03T07:00:00,19.03,72.91,0.01,9.179364787956673e-05
2024-07-03T07:00:00,19.03,72.93,0.01,9.179364787956673e-05
2024-07-03T07:00:00,19.03,72.95,0.01,9.179364787956673e-05
2024-07-03T07:00:00,19.03,72.97,0.01,9.179364787956673e-05
2024-07-03T07:00:00,19.03,72.99,0.01,9.179364787956673e-05
2024-07-03T07:00:00,19.05,72.77,0.03,0.0002753809436387002
2024-07-03T07:00:00,19.05,72.79,0.0,0.0
2024-07-03T07:00:00,19.05,72.81,0.02,0.00018358729575913347
2024-07-03T07:00:00,19.05,72.83,0.01,9.179364787956673e-05
2024-07-03T07:00:00,19.05,72.85,0.01,9.179364787956673e-05
2024-07-03T07:00:00,19.05,72.87,0.01,9.179364787956673e-05
2024-07-03T07:00:00,19.05,72.89,0.01,9.179364787956673e-05
2024-07-03T07:00:00,19.05,72.91,0.01,9.179364787956673e-05
2024-07-03T07:00:00,19.05,72.93,0.01,9.179364787956673e-05
2024-07-03T07:00:00,19.05,72.95,0.02,0.00018358729575913347
2024-07-03T07:00:00,19.05,72.97,0.01,9.179364787956673e-05
2024-07-03T07:00:00,19.05,72.99,0.0,0.0
2024-07-03T07:00:00,19.07,72.77,0.01,9.179364787956673e-05
2024-07-03T07:00:00,19.07,72.79,0.0,0.0
2024-07-03T07:00:00,19.07,72.81,0.01,9.179364787956673e-05
2024-07-03T07:00:00,19.07,72.83,0.01,9.179364787956673e-05
2024-07-03T07:00:00,19.07,72.85,0.0,0.0
2024-07-03T07:00:00,19.07,72.87,0.04,0.00036717459151826694
2024-07-03T07:00:00,19.07,72.89,0.0,0.0
2024-07-03T07:00:00,19.07,72.91,0.01,9.179364787956673e-05
2024-07-03T07:00:00,19.07,72.93,0.01,9.179364787956673e-05
2024-07-03T07:00:00,19.07,72.95,0.0,0.0
2024-07-03T07:00:00,19.07,72.97,0.01,9.179364787956673e-05
2024-07-03T07:00:00,19.07,72.99,0.01,9.179364787956673e-05
2024-07-03T07:00:00,19.09,72.77,0.01,9.179364787956673e-05
2024-07-03T07:00:00,19.09,72.79,0.01,9.179364787956673e-05
2024-07-03T07:00:00,19.09,72.81,0.01,9.179364787956673e-05
2024-07-03T07:00:00,19.09,72.83,0.01,9.179364787956673e-05
2024-07-03T07:00:00,19.09,72.85,0.01,9.179364787956673e-05
2024-07-03T07:00:00,19.09,72.87,0.01,9.179364787956673e-05
2024-07-03T07:00:00,19.09,72.89,0.0,0.0
2024-07-03T07:00:00,19.09,72.91,0.02,0.00018358729575913347
2024-07-03T07:00:00,19.09,72.93,0.02,0.00018358729575913347
2024-07-03T07:00:00,19.09,72.95,0.01,9.179364787956673e-05
2024-07-03T07:00:00,19.09,72.97,0.0,0.0
2024-07-03T07:00:00,19.09,72.99,0.02,0.00018358729575913347
2024-07-03T07:00:00,19.11,72.77,0.02,0.00018358729575913347
2024-07-03T07:00:00,19.11,72.79,0.02,0.00018358729575913347
2024-07-03T07:00:00,19.11,72.81,0.0,0.0
2024-07-03T07:00:00,19.11,72.83,0.0,0.0
2024-07-03T07:00:00,19.11,72.85,0.01,9.179364787956673e-05
2024-07-03T07:00:00,19.11,72.87,0.01,9.179364787956673e-05
2024-07-03T07:00:00,19.11,72.89,0.01,9.179364787956673e-05
2024-07-03T07:00:00,19.11,72.91,0.02,0.00018358729575913347
2024-07-03T07:00:00,19.11,72.93,0.01,9.179364787956673e-05
2024-07-03T07:00:00,19.11,72.95,0.0,0.0
2024-07-03T07:00:00,19.11,72.97,0.01,9.179364787956673e-05
2024-07-03T07:00:00,19.11,72.99,0.01,9.179364787956673e-05
2024-07-03T07:00:00,19.13,72.77,0.0,0.0
2024-07-03T07:00:00,19.13,72.79,0.01,9.179364787956673e-05
2024-07-03T07:00:00,19.13,72.81,0.01,9.179364787956673e-05
2024-07-03T07:00:00,19.13,72.83,0.03,0.0002753809436387002
2024-07-03T07:00:00,19.13,72.85,0.02,0.00018358729575913347
2024-07-03T07:00:00,19.13,72.87,0.04,0.00036717459151826694
2024-07-03T07:00:00,19.13,72.89,0.0,0.0
2024-07-03T07:00:00,19.13,72.91,0.02,0.00018358729575913347
2024-07-03T07:00:00,19.13,72.93,0.0,0.0
2024-07-03T07:00:00,19.13,72.95,0.02,0.00018358729575913347
2024-07-03T07:00:00,19.13,72.97,0.0,0.0
2024-07-03T07:00:00,19.13,72.99,0.01,9.179364787956673e-05
2024-07-03T07:00:00,19.15,72.77,0.01,9.179364787956673e-05
2024-07-03T07:00:00,19.15,72.79,0.01,9.179364787956673e-05
2024-07-03T07:00:00,19.15,72.81,0.0,0.0
2024-07-03T07:00:00,19.15,72.83,0.01,9.179364787956673e-05
2024-07-03T07:00:00,19.15,72.85,0.0,0.0
2024-07-03T07:00:00,19.15,72.87,0.03,0.0002753809436387002
2024-07-03T07:00:00,19.15,72.89,0.01,9.179364787956673e-05
2024-07-03T07:00:00,19.15,72.91,0.01,9.179364787956673e-05
2024-07-03T07:00:00,19.15,72.93,0.02,0.00018358729575913347
2024-07-03T07:00:00,19.15,72.95,0.01,9.179364787956673e-05
2024-07-03T07:00:00,19.15,72.97,0.01,9.179364787956673e-05
2024-07-03T07:00:00,19.15,72.99,0.01,9.179364787956673e-05
2024-07-03T07:00:00,19.17,72.77,0.0,0.0
2024-07-03T07:00:00,19.17,72.79,0.01,9.179364787956673e-05
2024-07-03T07:00:00,19.17,72.81,0.01,9.179364787956673e-05
2024-07-03T07:00:00,19.17,72.83,0.03,0.0002753809436387002
2024-07-03T07:00:00,19.17,72.85,0.02,0.00018358729575913347
2024-07-03T07:00:00,19.17,72.87,0.02,0.00018358729575913347
2024-07-03T07:00:00,19.17,72.89,0.02,0.00018358729575913347
2024-07-03T07:00:00,19.17,72.91,0.02,0.00018358729575913347
2024-07-03T07:00:00,19.17,72.93,0.01,9.179364787956673e-05
2024-07-03T07:00:00,19.17,72.95,0.01,9.179364787956673e-05
2024-07-03T07:00:00,19.17,72.97,0.0,0.0
2024-07-03T07:00:00,19.17,72.99,0.0,0.0
2024-07-03T07:00:00,19.19,72.77,0.02,0.00018358729575913347
2024-07-03T07:00:00,19.19,72.79,0.02,0.00018358729575913347
2024-07-03T07:00:00,19.19,72.81,0.0,0.0
2024-07-03T07:00:00,19.19,72.83,0.01,9.179364787956673e-05
2024-07-03T07:00:00,19.19,72.85,0.0,0.0
2024-07-03T07:00:00,19.19,72.87,0.01,9.179364787956673e-05
2024-07-03T07:00:00,19.19,72.89,0.02,0.00018358729575913347
2024-07-03T07:00:00,19.19,72.91,0.01,9.179364787956673e-05
2024-07-03T07:00:00,19.19,72.93,0.01,9.179364787956673e-05
2024-07-03T07:00:00,19.19,72.95,0.01,9.179364787956673e-05
2024-07-03T07:00:00,19.19,72.97,0.0,0.0
2024-07-03T07:00:00,19.19,72.99,0.0,0.0
2024-07-03T07:00:00,19.21,72.77,0.01,9.179364787956673e-05
2024-07-03T07:00:00,19.21,72.79,0.02,0.00018358729575913347
2024-07-03T07:00:00,19.21,72.81,0.02,0.00018358729575913347
2024-07-03T07:00:00,19.21,72.83,0.02,0.00018358729575913347
2024-07-03T07:00:00,19.21,72.85,0.02,0.00018358729575913347
2024-07-03T07:00:00,19.21,72.87,0.0,0.0
2024-07-03T07:00:00,19.21,72.89,0.01,9.179364787956673e-05
2024-07-03T07:00:00,19.21,72.91,0.01,9.179364787956673e-05
2024-07-03T07:00:00,19.21,72.93,0.01,9.179364787956673e-05
2024-07-03T07:00:00,19.21,72.95,0.0,0.0
2024-07-03T07:00:00,19.21,72.97,0.01,9.179364787956673e-05
2024-07-03T07:00:00,19.21,72.99,0.01,9.179364787956673e-05
2024-07-03T07:00:00,19.23,72.77,0.01,9.179364787956673e-05
2024-07-03T07:00:00,19.23,72.79,0.03,0.0002753809436387002
2024-07-03T07:00:00,19.23,72.81,0.01,9.179364787956673e-05
2024-07-03T07:00:00,19.23,72.83,0.01,9.179364787956673e-05
2024-07-03T07:00:00,19.23,72.85,0.0,0.0
2024-07-03T07:00:00,19.23,72.87,0.02,0.00018358729575913347
2024-07-03T07:00:00,19.23,72.89,0.02,0.00018358729575913347
2024-07-03T07:00:00,19.23,72.91,0.0,0.0
2024-07-03T07:00:00,19.23,72.93,0.01,9.179364787956673e-05
2024-07-03T07:00:00,19.23,72.95,0.01,9.179364787956673e-05
2024-07-03T07:00:00,19.23,72.97,0.01,9.179364787956673e-05
2024-07-03T07:00:00,19.23,72.99,0.01,9.179364787956673e-05
2024-07-03T07:00:00,19.25,72.77,0.01,9.179364787956673e-05
2024-07-03T07:00:00,19.25,72.79,0.01,9.179364787956673e-05
2024-07-03T07:00:00,19.25,72.81,0.03,0.0002753809436387002
2024-07-03T07:00:00,19.25,72.83,0.0,0.0
2024-07-03T07:00:00,19.25,72.85,0.0,0.0
2024-07-03T07:00:00,19.25,72.87,0.02,0.00018358729575913347
2024-07-03T07:00:00,19.25,72.89,0.0,0.0
2024-07-03T07:00:00,19.25,72.91,0.02,0.00018358729575913347
2024-07-03T07:00:00,19.25,72.93,0.01,9.179364787956673e-05
2024-07-03T07:00:00,19.25,72.95,0.0,0.0
2024-07-03T07:00:00,19.25,72.97,0.04,0.00036717459151826694
2024-07-03T07:00:00,19.25,72.99,0.02,0.00018358729575913347
2024-07-03T08:00:00,18.87,72.77,0.01,9.179364787956673e-05
2024-07-03T08:00:00,18.87,72.79,0.01,9.179364787956673e-05
2024-07-03T08:00:00,18.87,72.81,0.01,9.179364787956673e-05
2024-07-03T08:00:00,18.87,72.83,0.0,0.0
2024-07-03T08:00:00,18.87,72.85,0.01,9.179364787956673e-05
2024-07-03T08:00:00,18.87,72.87,0.01,9.179364787956673e-05
2024-07-03T08:00:00,18.87,72.89,0.01,9.179364787956673e-05
2024-07-03T08:00:00,18.87,72.91,0.0,0.0
2024-07-03T08:00:00,18.87,72.93,0.01,9.179364787956673e-05
2024-07-03T08:00:00,18.87,72.95,0.0,0.0
2024-07-03T08:00:00,18.87,72.97,0.01,9.179364787956673e-05
2024-07-03T08:00:00,18.87,72.99,0.01,9.179364787956673e-05
2024-07-03T08:00:00,18.89,72.77,0.01,9.179364787956673e-05
2024-07-03T08:00:00,18.89,72.79,0.01,9.179364787956673e-05
2024-07-03T08:00:00,18.89,72.81,0.01,9.179364787956673e-05
2024-07-03T08:00:00,18.89,72.83,0.0,0.0
2024-07-03T08:00:00,18.89,72.85,0.0,0.0
2024-07-03T08:00:00,18.89,72.87,0.0,0.0
2024-07-03T08:00:00,18.89,72.89,0.0,0.0
2024-07-03T08:00:00,18.89,72.91,0.01,9.179364787956673e-05
2024-07-03T08:00:00,18.89,72.93,0.01,9.179364787956673e-05
2024-07-03T08:00:00,18.89,72.95,0.01,9.179364787956673e-05
2024-07-03T08:00:00,18.89,72.97,0.01,9.179364787956673e-05
2024-07-03T08:00:00,18.89,72.99,0.0,0.0
2024-07-03T08:00:00,18.91,72.77,0.01,9.179364787956673e-05
2024-07-03T08:00:00,18.91,72.79,0.01,9.179364787956673e-05
2024-07-03T08:00:00,18.91,72.81,0.01,9.179364787956673e-05
2024-07-03T08:00:00,18.91,72.83,0.01,9.179364787956673e-05
2024-07-03T08:00:00,18.91,72.85,0.02,0.00018358729575913347
2024-07-03T08:00:00,18.91,72.87,0.01,9.179364787956673e-05
2024-07-03T08:00:00,18.91,72.89,0.01,9.179364787956673e-05
2024-07-03T08:00:00,18.91,72.91,0.0,0.0
2024-07-03T08:00:00,18.91,72.93,0.01,9.179364787956673e-05
2024-07-03T08:00:00,18.91,72.95,0.02,0.00018358729575913347
2024-07-03T08:00:00,18.91,72.97,0.01,9.179364787956673e-05
2024-07-03T08:00:00,18.91,72.99,0.0,0.0
2024-07-03T08:00:00,18.93,72.77,0.01,9.179364787956673e-05
2024-07-03T08:00:00,18.93,72.79,0.01,9.179364787956673e-05
2024-07-03T08:00:00,18.93,72.81,0.02,0.00018358729575913347
2024-07-03T08:00:00,18.93,72.83,0.01,9.179364787956673e-05
2024-07-03T08:00:00,18.93,72.85,0.01,9.179364787956673e-05
2024-07-03T08:00:00,18.93,72.87,0.01,9.179364787956673e-05
2024-07-03T08:00:00,18.93,72.89,0.0,0.0
2024-07-03T08:00:00,18.93,72.91,0.0,0.0
2024-07-03T08:00:00,18.93,72.93,0.0,0.0
2024-07-03T08:00:00,18.93,72.95,0.0,0.0
2024-07-03T08:00:00,18.93,72.97,0.01,9.179364787956673e-05
2024-07-03T08:00:00,18.93,72.99,0.02,0.00018358729575913347
2024-07-03T08:00:00,18.95,72.77,0.01,9.179364787956673e-05
2024-07-03T08:00:00,18.95,72.79,0.01,9.179364787956673e-05
2024-07-03T08:00:00,18.95,72.81,0.01,9.179364787956673e-05
2024-07-03T08:00:00,18.95,72.83,0.0,0.0
2024-07-03T08:00:00,18.95,72.85,0.0,0.0
2024-07-03T08:00:00,18.95,72.87,0.02,0.00018358729575913347
2024-07-03T08:00:00,18.95,72.89,0.0,0.0
2024-07-03T08:00:00,18.95,72.91,0.01,9.179364787956673e-05
2024-07-03T08:00:00,18.95,72.93,0.0,0.0
2024-07-03T08:00:00,18.95,72.95,0.0,0.0
2024-07-03T08:00:00,18.95,72.97,0.01,9.179364787956673e-05
2024-07-03T08:00:00,18.95,72.99,0.0,0.0
2024-07-03T08:00:00,18.97,72.77,0.01,9.179364787956673e-05
2024-07-03T08:00:00,18.97,72.79,0.01,9.179364787956673e-05
2024-07-03T08:00:00,18.97,72.81,0.01,9.179364787956673e-05
2024-07-03T08:00:00,18.97,72.83,0.01,9.179364787956673e-05
2024-07-03T08:00:00,18.97,72.85,0.01,9.179364787956673e-05
2024-07-03T08:00:00,18.97,72.87,0.01,9.179364787956673e-05
2024-07-03T08:00:00,18.97,72.89,0.01,9.179364787956673e-05
2024-07-03T08:00:00,18.97,72.91,0.01,9.179364787956673e-05
2024-07-03T08:00:00,18.97,72.93,0.01,9.179364787956673e-05
2024-07-03T08:00:00,18.97,72.95,0.0,0.0
2024-07-03T08:00:00,18.97,72.97,0.0,0.0
2024-07-03T08:00:00,18.97,72.99,0.01,9.179364787956673e-05
2024-07-03T08:00:00,18.99,72.77,0.0,0.0
2024-07-03T08:00:00,18.99,72.79,0.0,0.0
2024-07-03T08:00:00,18.99,72.81,0.0,0.0
2024-07-03T08:00:00,18.99,72.83,0.0,0.0
2024-07-03T08:00:00,18.99,72.85,0.0,0.0
2024-07-03T08:00:00,18.99,72.87,0.01,9.179364787956673e-05
2024-07-03T08:00:00,18.99,72.89,0.01,9.179364787956673e-05
2024-07-03T08:00:00,18.99,72.91,0.01,9.179364787956673e-05
2024-07-03T08:00:00,18.99,72.93,0.0,0.0
2024-07-03T08:00:00,18.99,72.95,0.0,0.0
2024-07-03T08:00:00,18.99,72.97,0.01,9.179364787956673e-05
2024-07-03T08:00:00,18.99,72.99,0.0,0.0
2024-07-03T08:00:00,19.01,72.77,0.01,9.179364787956673e-05
2024-07-03T08:00:00,19.01,72.79,0.0,0.0
2024-07-03T08:00:00,19.01,72.81,0.0,0.0
2024-07-03T08:00:00,19.01,72.83,0.0,0.0
2024-07-03T08:00:00,19.01,72.85,0.0,0.0
2024-07-03T08:00:00,19.01,72.87,0.01,9.179364787956673e-05
2024-07-03T08:00:00,19.01,72.89,0.0,0.0
2024-07-03T08:00:00,19.01,72.91,0.0,0.0
2024-07-03T08:00:00,19.01,72.93,0.01,9.179364787956673e-05
2024-07-03T08:00:00,19.01,72.95,0.01,9.179364787956673e-05
2024-07-03T08:00:00,19.01,72.97,0.0,0.0
2024-07-03T08:00:00,19.01,72.99,0.01,9.179364787956673e-05
2024-07-03T08:00:00,19.03,72.77,0.0,0.0
2024-07-03T08:00:00,19.03,72.79,0.01,9.179364787956673e-05
2024-07-03T08:00:00,19.03,72.81,0.01,9.179364787956673e-05
2024-07-03T08:00:00,19.03,72.83,0.0,0.0
2024-07-03T08:00:00,19.03,72.85,0.01,9.179364787956673e-05
2024-07-03T08:00:00,19.03,72.87,0.0,0.0
2024-07-03T08:00:00,19.03,72.89,0.01,9.179364787956673e-05
2024-07-03T08:00:00,19.03,72.91,0.01,9.179364787956673e-05
2024-07-03T08:00:00,19.03,72.93,0.0,0.0
2024-07-03T08:00:00,19.03,72.95,0.0,0.0
2024-07-03T08:00:00,19.03,72.97,0.0,0.0
2024-07-03T08:00:00,19.03,72.99,0.0,0.0
2024-07-03T08:00:00,19.05,72.77,0.02,0.00018358729575913347
2024-07-03T08:00:00,19.05,72.79,0.01,9.179364787956673e-05
2024-07-03T08:00:00,19.05,72.81,0.0,0.0
2024-07-03T08:00:00,19.05,72.83,0.0,0.0
2024-07-03T08:00:00,19.05,72.85,0.0,0.0
2024-07-03T08:00:00,19.05,72.87,0.01,9.179364787956673e-05
2024-07-03T08:00:00,19.05,72.89,0.01,9.179364787956673e-05
2024-07-03T08:00:00,19.05,72.91,0.01,9.179364787956673e-05
2024-07-03T08:00:00,19.05,72.93,0.0,0.0
2024-07-03T08:00:00,19.05,72.95,0.0,0.0
2024-07-03T08:00:00,19.05,72.97,0.01,9.179364787956673e-05
2024-07-03T08:00:00,19.05,72.99,0.01,9.179364787956673e-05
2024-07-03T08:00:00,19.07,72.77,0.0,0.0
2024-07-03T08:00:00,19.07,72.79,0.01,9.179364787956673e-05
2024-07-03T08:00:00,19.07,72.81,0.0,0.0
2024-07-03T08:00:00,19.07,72.83,0.01,9.179364787956673e-05
2024-07-03T08:00:00,19.07,72.85,0.01,9.179364787956673e-05
2024-07-03T08:00:00,19.07,72.87,0.0,0.0
2024-07-03T08:00:00,19.07,72.89,0.01,9.179364787956673e-05
2024-07-03T08:00:00,19.07,72.91,0.0,0.0
2024-07-03T08:00:00,19.07,72.93,0.0,0.0
2024-07-03T08:00:00,19.07,72.95,0.0,0.0
2024-07-03T08:00:00,19.07,72.97,0.01,9.179364787956673e-05
2024-07-03T08:00:00,19.07,72.99,0.01,9.179364787956673e-05
2024-07-03T08:00:00,19.09,72.77,0.01,9.179364787956673e-05
2024-07-03T08:00:00,19.09,72.79,0.01,9.179364787956673e-05
2024-07-03T08:00:00,19.09,72.81,0.0,0.0
2024-07-03T08:00:00,19.09,72.83,0.01,9.179364787956673e-05
2024-07-03T08:00:00,19.09,72.85,0.01,9.179364787956673e-05
2024-07-03T08:00:00,19.09,72.87,0.0,0.0
2024-07-03T08:00:00,19.09,72.89,0.0,0.0
2024-07-03T08:00:00,19.09,72.91,0.0,0.0
2024-07-03T08:00:00,19.09,72.93,0.01,9.179364787956673e-05
2024-07-03T08:00:00,19.09,72.95,0.0,0.0
2024-07-03T08:00:00,19.09,72.97,0.01,9.179364787956673e-05
2024-07-03T08:00:00,19.09,72.99,0.0,0.0
2024-07-03T08:00:00,19.11,72.77,0.0,0.0
2024-07-03T08:00:00,19.11,72.79,0.01,9.179364787956673e-05
2024-07-03T08:00:00,19.11,72.81,0.01,9.179364787956673e-05
2024-07-03T08:00:00,19.11,72.83,0.01,9.179364787956673e-05
2024-07-03T08:00:00,19.11,72.85,0.0,0.0
2024-07-03T08:00:00,19.11,72.87,0.01,9.179364787956673e-05
2024-07-03T08:00:00,19.11,72.89,0.01,9.179364787956673e-05
2024-07-03T08:00:00,19.11,72.91,0.01,9.179364787956673e-05
2024-07-03T08:00:00,19.11,72.93,0.0,0.0
2024-07-03T08:00:00,19.11,72.95,0.01,9.179364787956673e-05
2024-07-03T08:00:00,19.11,72.97,0.01,9.179364787956673e-05
2024-07-03T08:00:00,19.11,72.99,0.01,9.179364787956673e-05
2024-07-03T08:00:00,19.13,72.77,0.0,0.0
2024-07-03T08:00:00,19.13,72.79,0.01,9.179364787956673e-05
2024-07-03T08:00:00,19.13,72.81,0.01,9.179364787956673e-05
2024-07-03T08:00:00,19.13,72.83,0.01,9.179364787956673e-05
2024-07-03T08:00:00,19.13,72.85,0.01,9.179364787956673e-05
2024-07-03T08:00:00,19.13,72.87,0.01,9.179364787956673e-05
2024-07-03T08:00:00,19.13,72.89,0.0,0.0
2024-07-03T08:00:00,19.13,72.91,0.01,9.179364787956673e-05
2024-07-03T08:00:00,19.13,72.93,0.01,9.179364787956673e-05
2024-07-03T08:00:00,19.13,72.95,0.0,0.0
2024-07-03T08:00:00,19.13,72.97,0.0,0.0
2024-07-03T08:00:00,19.13,72.99,0.01,9.179364787956673e-05
2024-07-03T08:00:00,19.15,72.77,0.0,0.0
2024-07-03T08:00:00,19.15,72.79,0.0,0.0
2024-07-03T08:00:00,19.15,72.81,0.01,9.179364787956673e-05
2024-07-03T08:00:00,19.15,72.83,0.01,9.179364787956673e-05
2024-07-03T08:00:00,19.15,72.85,0.01,9.179364787956673e-05
2024-07-03T08:00:00,19.15,72.87,0.01,9.179364787956673e-05
2024-07-03T08:00:00,19.15,72.89,0.0,0.0
2024-07-03T08:00:00,19.15,72.91,0.01,9.179364787956673e-05
2024-07-03T08:00:00,19.15,72.93,0.01,9.179364787956673e-05
2024-07-03T08:00:00,19.15,72.95,0.0,0.0
2024-07-03T08:00:00,19.15,72.97,0.01,9.179364787956673e-05
2024-07-03T08:00:00,19.15,72.99,0.01,9.179364787956673e-05
2024-07-03T08:00:00,19.17,72.77,0.0,0.0
2024-07-03T08:00:00,19.17,72.79,0.01,9.179364787956673e-05
2024-07-03T08:00:00,19.17,72.81,0.02,0.00018358729575913347
2024-07-03T08:00:00,19.17,72.83,0.01,9.179364787956673e-05
2024-07-03T08:00:00,19.17,72.85,0.0,0.0
2024-07-03T08:00:00,19.17,72.87,0.01,9.179364787956673e-05
2024-07-03T08:00:00,19.17,72.89,0.01,9.179364787956673e-05
2024-07-03T08:00:00,19.17,72.91,0.01,9.179364787956673e-05
2024-07-03T08:00:00,19.17,72.93,0.0,0.0
2024-07-03T08:00:00,19.17,72.95,0.01,9.179364787956673e-05
2024-07-03T08:00:00,19.17,72.97,0.01,9.179364787956673e-05
2024-07-03T08:00:00,19.17,72.99,0.0,0.0
2024-07-03T08:00:00,19.19,72.77,0.01,9.179364787956673e-05
2024-07-03T08:00:00,19.19,72.79,0.01,9.179364787956673e-05
2024-07-03T08:00:00,19.19,72.81,0.0,0.0
2024-07-03T08:00:00,19.19,72.83,0.01,9.179364787956673e-05
2024-07-03T08:00:00,19.19,72.85,0.0,0.0
2024-07-03T08:00:00,19.19,72.87,0.01,9.179364787956673e-05
2024-07-03T08:00:00,19.19,72.89,0.0,0.0
2024-07-03T08:00:00,19.19,72.91,0.0,0.0
2024-07-03T08:00:00,19.19,72.93,0.01,9.179364787956673e-05
2024-07-03T08:00:00,19.19,72.95,0.02,0.00018358729575913347
2024-07-03T08:00:00,19.19,72.97,0.0,0.0
2024-07-03T08:00:00,19.19,72.99,0.01,9.179364787956673e-05
2024-07-03T08:00:00,19.21,72.77,0.03,0.0002753809436387002
2024-07-03T08:00:00,19.21,72.79,0.0,0.0
2024-07-03T08:00:00,19.21,72.81,0.0,0.0
2024-07-03T08:00:00,19.21,72.83,0.01,9.179364787956673e-05
2024-07-03T08:00:00,19.21,72.85,0.01,9.179364787956673e-05
2024-07-03T08:00:00,19.21,72.87,0.01,9.179364787956673e-05
2024-07-03T08:00:00,19.21,72.89,0.01,9.179364787956673e-05
2024-07-03T08:00:00,19.21,72.91,0.01,9.179364787956673e-05
2024-07-03T08:00:00,19.21,72.93,0.01,9.179364787956673e-05
2024-07-03T08:00:00,19.21,72.95,0.0,0.0
2024-07-03T08:00:00,19.21,72.97,0.0,0.0
2024-07-03T08:00:00,19.21,72.99,0.01,9.179364787956673e-05
2024-07-03T08:00:00,19.23,72.77,0.01,9.179364787956673e-05
2024-07-03T08:00:00,19.23,72.79,0.01,9.179364787956673e-05
2024-07-03T08:00:00,19.23,72.81,0.01,9.179364787956673e-05
2024-07-03T08:00:00,19.23,72.83,0.0,0.0
2024-07-03T08:00:00,19.23,72.85,0.0,0.0
2024-07-03T08:00:00,19.23,72.87,0.01,9.179364787956673e-05
2024-07-03T08:00:00,19.23,72.89,0.01,9.179364787956673e-05
2024-07-03T08:00:00,19.23,72.91,0.0,0.0
2024-07-03T08:00:00,19.23,72.93,0.01,9.179364787956673e-05
2024-07-03T08:00:00,19.23,72.95,0.01,9.179364787956673e-05
2024-07-03T08:00:00,19.23,72.97,0.01,9.179364787956673e-05
2024-07-03T08:00:00,19.23,72.99,0.01,9.179364787956673e-05
2024-07-03T08:00:00,19.25,72.77,0.02,0.00018358729575913347
2024-07-03T08:00:00,19.25,72.79,0.01,9.179364787956673e-05
2024-07-03T08:00:00,19.25,72.81,0.02,0.00018358729575913347
2024-07-03T08:00:00,19.25,72.83,0.0,0.0
2024-07-03T08:00:00,19.25,72.85,0.01,9.179364787956673e-05
2024-07-03T08:00:00,19.25,72.87,0.01,9.179364787956673e-05
2024-07-03T08:00:00,19.25,72.89,0.01,9.179364787956673e-05
2024-07-03T08:00:00,19.25,72.91,0.01,9.179364787956673e-05
2024-07-03T08:00:00,19.25,72.93,0.01,9.179364787956673e-05
2024-07-03T08:00:00,19.25,72.95,0.01,9.179364787956673e-05
2024-07-03T08:00:00,19.25,72.97,0.02,0.00018358729575913347
2024-07-03T08:00:00,19.25,72.99,0.01,9.179364787956673e-05
2024-07-03T09:00:00,18.87,72.77,0.01,9.179364787956673e-05
2024-07-03T09:00:00,18.87,72.79,0.0,0.0
2024-07-03T09:00:00,18.87,72.81,0.0,0.0
2024-07-03T09:00:00,18.87,72.83,0.0,0.0
2024-07-03T09:00:00,18.87,72.85,0.0,0.0
2024-07-03T09:00:00,18.87,72.87,0.01,9.179364787956673e-05
2024-07-03T09:00:00,18.87,72.89,0.0,0.0
2024-07-03T09:00:00,18.87,72.91,0.0,0.0
2024-07-03T09:00:00,18.87,72.93,0.01,9.179364787956673e-05
2024-07-03T09:00:00,18.87,72.95,0.01,9.179364787956673e-05
2024-07-03T09:00:00,18.87,72.97,0.0,0.0
2024-07-03T09:00:00,18.87,72.99,0.0,0.0
2024-07-03T09:00:00,18.89,72.77,0.0,0.0
2024-07-03T09:00:00,18.89,72.79,0.0,0.0
2024-07-03T09:00:00,18.89,72.81,0.0,0.0
2024-07-03T09:00:00,18.89,72.83,0.01,9.179364787956673e-05
2024-07-03T09:00:00,18.89,72.85,0.01,9.179364787956673e-05
2024-07-03T09:00:00,18.89,72.87,0.0,0.0
2024-07-03T09:00:00,18.89,72.89,0.01,9.179364787956673e-05
2024-07-03T09:00:00,18.89,72.91,0.0,0.0
2024-07-03T09:00:00,18.89,72.93,0.0,0.0
2024-07-03T09:00:00,18.89,72.95,0.0,0.0
2024-07-03T09:00:00,18.89,72.97,0.0,0.0
2024-07-03T09:00:00,18.89,72.99,0.0,0.0
2024-07-03T09:00:00,18.91,72.77,0.01,9.179364787956673e-05
2024-07-03T09:00:00,18.91,72.79,0.0,0.0
2024-07-03T09:00:00,18.91,72.81,0.0,0.0
2024-07-03T09:00:00,18.91,72.83,0.0,0.0
2024-07-03T09:00:00,18.91,72.85,0.01,9.179364787956673e-05
2024-07-03T09:00:00,18.91,72.87,0.0,0.0
2024-07-03T09:00:00,18.91,72.89,0.0,0.0
2024-07-03T09:00:00,18.91,72.91,0.0,0.0
2024-07-03T09:00:00,18.91,72.93,0.01,9.179364787956673e-05
2024-07-03T09:00:00,18.91,72.95,0.0,0.0
2024-07-03T09:00:00,18.91,72.97,0.0,0.0
2024-07-03T09:00:00,18.91,72.99,0.0,0.0
2024-07-03T09:00:00,18.93,72.77,0.0,0.0
2024-07-03T09:00:00,18.93,72.79,0.0,0.0
2024-07-03T09:00:00,18.93,72.81,0.0,0.0
2024-07-03T09:00:00,18.93,72.83,0.0,0.0
2024-07-03T09:00:00,18.93,72.85,0.0,0.0
2024-07-03T09:00:00,18.93,72.87,0.0,0.0
2024-07-03T09:00:00,18.93,72.89,0.01,9.179364787956673e-05
2024-07-03T09:00:00,18.93,72.91,0.0,0.0
2024-07-03T09:00:00,18.93,72.93,0.0,0.0
2024-07-03T09:00:00,18.93,72.95,0.0,0.0
2024-07-03T09:00:00,18.93,72.97,0.01,9.179364787956673e-05
2024-07-03T09:00:00,18.93,72.99,0.0,0.0
2024-07-03T09:00:00,18.95,72.77,0.01,9.179364787956673e-05
2024-07-03T09:00:00,18.95,72.79,0.0,0.0
2024-07-03T09:00:00,18.95,72.81,0.01,9.179364787956673e-05
2024-07-03T09:00:00,18.95,72.83,0.01,9.179364787956673e-05
2024-07-03T09:00:00,18.95,72.85,0.0,0.0
2024-07-03T09:00:00,18.95,72.87,0.0,0.0
2024-07-03T09:00:00,18.95,72.89,0.0,0.0
2024-07-03T09:00:00,18.95,72.91,0.0,0.0
2024-07-03T09:00:00,18.95,72.93,0.01,9.179364787956673e-05
2024-07-03T09:00:00,18.95,72.95,0.0,0.0
2024-07-03T09:00:00,18.95,72.97,0.0,0.0
2024-07-03T09:00:00,18.95,72.99,0.0,0.0
2024-07-03T09:00:00,18.97,72.77,0.0,0.0
2024-07-03T09:00:00,18.97,72.79,0.0,0.0
2024-07-03T09:00:00,18.97,72.81,0.0,0.0
2024-07-03T09:00:00,18.97,72.83,0.01,9.179364787956673e-05
2024-07-03T09:00:00,18.97,72.85,0.0,0.0
2024-07-03T09:00:00,18.97,72.87,0.0,0.0
2024-07-03T09:00:00,18.97,72.89,0.0,0.0
2024-07-03T09:00:00,18.97,72.91,0.0,0.0
2024-07-03T09:00:00,18.97,72.93,0.0,0.0
2024-07-03T09:00:00,18.97,72.95,0.0,0.0
2024-07-03T09:00:00,18.97,72.97,0.0,0.0
2024-07-03T09:00:00,18.97,72.99,0.0,0.0
2024-07-03T09:00:00,18.99,72.77,0.0,0.0
2024-07-03T09:00:00,18.99,72.79,0.01,9.179364787956673e-05
2024-07-03T09:00:00,18.99,72.81,0.0,0.0
2024-07-03T09:00:00,18.99,72.83,0.01,9.179364787956673e-05
2024-07-03T09:00:00,18.99,72.85,0.0,0.0
2024-07-03T09:00:00,18.99,72.87,0.0,0.0
2024-07-03T09:00:00,18.99,72.89,0.0,0.0
2024-07-03T09:00:00,18.99,72.91,0.01,9.179364787956673e-05
2024-07-03T09:00:00,18.99,72.93,0.0,0.0
2024-07-03T09:00:00,18.99,72.95,0.0,0.0
2024-07-03T09:00:00,18.99,72.97,0.0,0.0
2024-07-03T09:00:00,18.99,72.99,0.01,9.179364787956673e-05
2024-07-03T09:00:00,19.01,72.77,0.01,9.179364787956673e-05
2024-07-03T09:00:00,19.01,72.79,0.01,9.179364787956673e-05
2024-07-03T09:00:00,19.01,72.81,0.0,0.0
2024-07-03T09:00:00,19.01,72.83,0.0,0.0
2024-07-03T09:00:00,19.01,72.85,0.01,9.179364787956673e-05
2024-07-03T09:00:00,19.01,72.87,0.0,0.0
2024-07-03T09:00:00,19.01,72.89,0.0,0.0
2024-07-03T09:00:00,19.01,72.91,0.01,9.179364787956673e-05
2024-07-03T09:00:00,19.01,72.93,0.0,0.0
2024-07-03T09:00:00,19.01,72.95,0.0,0.0
2024-07-03T09:00:00,19.01,72.97,0.01,9.179364787956673e-05
2024-07-03T09:00:00,19.01,72.99,0.0,0.0
2024-07-03T09:00:00,19.03,72.77,0.0,0.0
2024-07-03T09:00:00,19.03,72.79,0.01,9.179364787956673e-05
2024-07-03T09:00:00,19.03,72.81,0.0,0.0
2024-07-03T09:00:00,19.03,72.83,0.0,0.0
2024-07-03T09:00:00,19.03,72.85,0.01,9.179364787956673e-05
2024-07-03T09:00:00,19.03,72.87,0.0,0.0
2024-07-03T09:00:00,19.03,72.89,0.0,0.0
2024-07-03T09:00:00,19.03,72.91,0.0,0.0
2024-07-03T09:00:00,19.03,72.93,0.0,0.0
2024-07-03T09:00:00,19.03,72.95,0.01,9.179364787956673e-05
2024-07-03T09:00:00,19.03,72.97,0.0,0.0
2024-07-03T09:00:00,19.03,72.99,0.01,9.179364787956673e-05
2024-07-03T09:00:00,19.05,72.77,0.0,0.0
2024-07-03T09:00:00,19.05,72.79,0.0,0.0
2024-07-03T09:00:00,19.05,72.81,0.0,0.0
2024-07-03T09:00:00,19.05,72.83,0.0,0.0
2024-07-03T09:00:00,19.05,72.85,0.0,0.0
2024-07-03T09:00:00,19.05,72.87,0.01,9.179364787956673e-05
2024-07-03T09:00:00,19.05,72.89,0.0,0.0
2024-07-03T09:00:00,19.05,72.91,0.0,0.0
2024-07-03T09:00:00,19.05,72.93,0.0,0.0
2024-07-03T09:00:00,19.05,72.95,0.0,0.0
2024-07-03T09:00:00,19.05,72.97,0.0,0.0
2024-07-03T09:00:00,19.05,72.99,0.0,0.0
2024-07-03T09:00:00,19.07,72.77,0.01,9.179364787956673e-05
2024-07-03T09:00:00,19.07,72.79,0.0,0.0
2024-07-03T09:00:00,19.07,72.81,0.0,0.0
2024-07-03T09:00:00,19.07,72.83,0.01,9.179364787956673e-05
2024-07-03T09:00:00,19.07,72.85,0.0,0.0
2024-07-03T09:00:00,19.07,72.87,0.0,0.0
2024-07-03T09:00:00,19.07,72.89,0.0,0.0
2024-07-03T09:00:00,19.07,72.91,0.0,0.0
2024-07-03T09:00:00,19.07,72.93,0.01,9.179364787956673e-05
2024-07-03T09:00:00,19.07,72.95,0.0,0.0
2024-07-03T09:00:00,19.07,72.97,0.0,0.0
2024-07-03T09:00:00,19.07,72.99,0.0,0.0
2024-07-03T09:00:00,19.09,72.77,0.0,0.0
2024-07-03T09:00:00,19.09,72.79,0.0,0.0
2024-07-03T09:00:00,19.09,72.81,0.0,0.0
2024-07-03T09:00:00,19.09,72.83,0.0,0.0
2024-07-03T09:00:00,19.09,72.85,0.0,0.0
2024-07-03T09:00:00,19.09,72.87,0.0,0.0
2024-07-03T09:00:00,19.09,72.89,0.0,0.0
2024-07-03T09:00:00,19.09,72.91,0.0,0.0
2024-07-03T09:00:00,19.09,72.93,0.0,0.0
2024-07-03T09:00:00,19.09,72.95,0.0,0.0
2024-07-03T09:00:00,19.09,72.97,0.0,0.0
2024-07-03T09:00:00,19.09,72.99,0.0,0.0
2024-07-03T09:00:00,19.11,72.77,0.0,0.0
2024-07-03T09:00:00,19.11,72.79,0.01,9.179364787956673e-05
2024-07-03T09:00:00,19.11,72.81,0.01,9.179364787956673e-05
2024-07-03T09:00:00,19.11,72.83,0.01,9.179364787956673e-05
2024-07-03T09:00:00,19.11,72.85,0.0,0.0
2024-07-03T09:00:00,19.11,72.87,0.0,0.0
2024-07-03T09:00:00,19.11,72.89,0.01,9.179364787956673e-05
2024-07-03T09:00:00,19.11,72.91,0.0,0.0
2024-07-03T09:00:00,19.11,72.93,0.0,0.0
2024-07-03T09:00:00,19.11,72.95,0.0,0.0
2024-07-03T09:00:00,19.11,72.97,0.0,0.0
2024-07-03T09:00:00,19.11,72.99,0.0,0.0
2024-07-03T09:00:00,19.13,72.77,0.0,0.0
2024-07-03T09:00:00,19.13,72.79,0.0,0.0
2024-07-03T09:00:00,19.13,72.81,0.01,9.179364787956673e-05
2024-07-03T09:00:00,19.13,72.83,0.01,9.179364787956673e-05
2024-07-03T09:00:00,19.13,72.85,0.0,0.0
2024-07-03T09:00:00,19.13,72.87,0.0,0.0
2024-07-03T09:00:00,19.13,72.89,0.0,0.0
2024-07-03T09:00:00,19.13,72.91,0.0,0.0
2024-07-03T09:00:00,19.13,72.93,0.0,0.0
2024-07-03T09:00:00,19.13,72.95,0.0,0.0
2024-07-03T09:00:00,19.13,72.97,0.01,9.179364787956673e-05
2024-07-03T09:00:00,19.13,72.99,0.0,0.0
2024-07-03T09:00:00,19.15,72.77,0.01,9.179364787956673e-05
2024-07-03T09:00:00,19.15,72.79,0.0,0.0
2024-07-03T09:00:00,19.15,72.81,0.0,0.0
2024-07-03T09:00:00,19.15,72.83,0.0,0.0
2024-07-03T09:00:00,19.15,72.85,0.01,9.179364787956673e-05
2024-07-03T09:00:00,19.15,72.87,0.0,0.0
2024-07-03T09:00:00,19.15,72.89,0.01,9.179364787956673e-05
2024-07-03T09:00:00,19.15,72.91,0.01,9.179364787956673e-05
2024-07-03T09:00:00,19.15,72.93,0.0,0.0
2024-07-03T09:00:00,19.15,72.95,0.01,9.179364787956673e-05
2024-07-03T09:00:00,19.15,72.97,0.0,0.0
2024-07-03T09:00:00,19.15,72.99,0.0,0.0
2024-07-03T09:00:00,19.17,72.77,0.0,0.0
2024-07-03T09:00:00,19.17,72.79,0.0,0.0
2024-07-03T09:00:00,19.17,72.81,0.01,9.179364787956673e-05
2024-07-03T09:00:00,19.17,72.83,0.0,0.0
2024-07-03T09:00:00,19.17,72.85,0.0,0.0
2024-07-03T09:00:00,19.17,72.87,0.0,0.0
2024-07-03T09:00:00,19.17,72.89,0.0,0.0
2024-07-03T09:00:00,19.17,72.91,0.0,0.0
2024-07-03T09:00:00,19.17,72.93,0.01,9.179364787956673e-05
2024-07-03T09:00:00,19.17,72.95,0.0,0.0
2024-07-03T09:00:00,19.17,72.97,0.0,0.0
2024-07-03T09:00:00,19.17,72.99,0.0,0.0
2024-07-03T09:00:00,19.19,72.77,0.01,9.179364787956673e-05
2024-07-03T09:00:00,19.19,72.79,0.01,9.179364787956673e-05
2024-07-03T09:00:00,19.19,72.81,0.0,0.0
2024-07-03T09:00:00,19.19,72.83,0.0,0.0
2024-07-03T09:00:00,19.19,72.85,0.01,9.179364787956673e-05
2024-07-03T09:00:00,19.19,72.87,0.0,0.0
2024-07-03T09:00:00,19.19,72.89,0.0,0.0
2024-07-03T09:00:00,19.19,72.91,0.0,0.0
2024-07-03T09:00:00,19.19,72.93,0.0,0.0
2024-07-03T09:00:00,19.19,72.95,0.0,0.0
2024-07-03T09:00:00,19.19,72.97,0.0,0.0
2024-07-03T09:00:00,19.19,72.99,0.01,9.179364787956673e-05
2024-07-03T09:00:00,19.21,72.77,0.0,0.0
2024-07-03T09:00:00,19.21,72.79,0.01,9.179364787956673e-05
2024-07-03T09:00:00,19.21,72.81,0.0,0.0
2024-07-03T09:00:00,19.21,72.83,0.01,9.179364787956673e-05
2024-07-03T09:00:00,19.21,72.85,0.0,0.0
2024-07-03T09:00:00,19.21,72.87,0.0,0.0
2024-07-03T09:00:00,19.21,72.89,0.01,9.179364787956673e-05
2024-07-03T09:00:00,19.21,72.91,0.01,9.179364787956673e-05
2024-07-03T09:00:00,19.21,72.93,0.01,9.179364787956673e-05
2024-07-03T09:00:00,19.21,72.95,0.0,0.0
2024-07-03T09:00:00,19.21,72.97,0.0,0.0
2024-07-03T09:00:00,19.21,72.99,0.0,0.0
2024-07-03T09:00:00,19.23,72.77,0.02,0.00018358729575913347
2024-07-03T09:00:00,19.23,72.79,0.0,0.0
2024-07-03T09:00:00,19.23,72.81,0.0,0.0
2024-07-03T09:00:00,19.23,72.83,0.0,0.0
2024-07-03T09:00:00,19.23,72.85,0.0,0.0
2024-07-03T09:00:00,19.23,72.87,0.0,0.0
2024-07-03T09:00:00,19.23,72.89,0.0,0.0
2024-07-03T09:00:00,19.23,72.91,0.0,0.0
2024-07-03T09:00:00,19.23,72.93,0.0,0.0
2024-07-03T09:00:00,19.23,72.95,0.0,0.0
2024-07-03T09:00:00,19.23,72.97,0.0,0.0
2024-07-03T09:00:00,19.23,72.99,0.0,0.0
2024-07-03T09:00:00,19.25,72.77,0.0,0.0
2024-07-03T09:00:00,19.25,72.79,0.0,0.0
2024-07-03T09:00:00,19.25,72.81,0.0,0.0
2024-07-03T09:00:00,19.25,72.83,0.0,0.0
2024-07-03T09:00:00,19.25,72.85,0.0,0.0
2024-07-03T09:00:00,19.25,72.87,0.0,0.0
2024-07-03T09:00:00,19.25,72.89,0.0,0.0
2024-07-03T09:00:00,19.25,72.91,0.0,0.0
2024-07-03T09:00:00,19.25,72.93,0.0,0.0
2024-07-03T09:00:00,19.25,72.95,0.01,9.179364787956673e-05
2024-07-03T09:00:00,19.25,72.97,0.0,0.0
2024-07-03T09:00:00,19.25,72.99,0.01,9.179364787956673e-05
2024-07-03T10:00:00,18.87,72.77,0.0,0.0
2024-07-03T10:00:00,18.87,72.79,0.0,0.0
2024-07-03T10:00:00,18.87,72.81,0.0,0.0
2024-07-03T10:00:00,18.87,72.83,0.01,9.179364787956673e-05
2024-07-03T10:00:00,18.87,72.85,0.0,0.0
2024-07-03T10:00:00,18.87,72.87,0.0,0.0
2024-07-03T10:00:00,18.87,72.89,0.0,0.0
2024-07-03T10:00:00,18.87,72.91,0.0,0.0
2024-07-03T10:00:00,18.87,72.93,0.0,0.0
2024-07-03T10:00:00,18.87,72.95,0.0,0.0
2024-07-03T10:00:00,18.87,72.97,0.0,0.0
2024-07-03T10:00:00,18.87,72.99,0.0,0.0
2024-07-03T10:00:00,18.89,72.77,0.01,9.179364787956673e-05
2024-07-03T10:00:00,18.89,72.79,0.0,0.0
2024-07-03T10:00:00,18.89,72.81,0.0,0.0
2024-07-03T10:00:00,18.89,72.83,0.0,0.0
2024-07-03T10:00:00,18.89,72.85,0.0,0.0
2024-07-03T10:00:00,18.89,72.87,0.0,0.0
2024-07-03T10:00:00,18.89,72.89,0.0,0.0
2024-07-03T10:00:00,18.89,72.91,0.0,0.0
2024-07-03T10:00:00,18.89,72.93,0.0,0.0
2024-07-03T10:00:00,18.89,72.95,0.0,0.0
2024-07-03T10:00:00,18.89,72.97,0.0,0.0
2024-07-03T10:00:00,18.89,72.99,0.0,0.0
2024-07-03T10:00:00,18.91,72.77,0.0,0.0
2024-07-03T10:00:00,18.91,72.79,0.0,0.0
2024-07-03T10:00:00,18.91,72.81,0.0,0.0
2024-07-03T10:00:00,18.91,72.83,0.0,0.0
2024-07-03T10:00:00,18.91,72.85,0.0,0.0
2024-07-03T10:00:00,18.91,72.87,0.0,0.0
2024-07-03T10:00:00,18.91,72.89,0.0,0.0
2024-07-03T10:00:00,18.91,72.91,0.0,0.0
2024-07-03T10:00:00,18.91,72.93,0.0,0.0
2024-07-03T10:00:00,18.91,72.95,0.0,0.0
2024-07-03T10:00:00,18.91,72.97,0.0,0.0
2024-07-03T10:00:00,18.91,72.99,0.0,0.0
2024-07-03T10:00:00,18.93,72.77,0.01,9.179364787956673e-05
2024-07-03T10:00:00,18.93,72.79,0.0,0.0
2024-07-03T10:00:00,18.93,72.81,0.0,0.0
2024-07-03T10:00:00,18.93,72.83,0.0,0.0
2024-07-03T10:00:00,18.93,72.85,0.0,0.0
2024-07-03T10:00:00,18.93,72.87,0.0,0.0
2024-07-03T10:00:00,18.93,72.89,0.0,0.0
2024-07-03T10:00:00,18.93,72.91,0.0,0.0
2024-07-03T10:00:00,18.93,72.93,0.0,0.0
2024-07-03T10:00:00,18.93,72.95,0.0,0.0
2024-07-03T10:00:00,18.93,72.97,0.0,0.0
2024-07-03T10:00:00,18.93,72.99,0.0,0.0
2024-07-03T10:00:00,18.95,72.77,0.01,9.179364787956673e-05
2024-07-03T10:00:00,18.95,72.79,0.0,0.0
2024-07-03T10:00:00,18.95,72.81,0.0,0.0
2024-07-03T10:00:00,18.95,72.83,0.0,0.0
2024-07-03T10:00:00,18.95,72.85,0.0,0.0
2024-07-03T10:00:00,18.95,72.87,0.0,0.0
2024-07-03T10:00:00,18.95,72.89,0.0,0.0
2024-07-03T10:00:00,18.95,72.91,0.0,0.0
2024-07-03T10:00:00,18.95,72.93,0.0,0.0
2024-07-03T10:00:00,18.95,72.95,0.01,9.179364787956673e-05
2024-07-03T10:00:00,18.95,72.97,0.0,0.0
2024-07-03T10:00:00,18.95,72.99,0.01,9.179364787956673e-05
2024-07-03T10:00:00,18.97,72.77,0.0,0.0
2024-07-03T10:00:00,18.97,72.79,0.0,0.0
2024-07-03T10:00:00,18.97,72.81,0.0,0.0
2024-07-03T10:00:00,18.97,72.83,0.0,0.0
2024-07-03T10:00:00,18.97,72.85,0.0,0.0
2024-07-03T10:00:00,18.97,72.87,0.0,0.0
2024-07-03T10:00:00,18.97,72.89,0.0,0.0
2024-07-03T10:00:00,18.97,72.91,0.01,9.179364787956673e-05
2024-07-03T10:00:00,18.97,72.93,0.0,0.0
2024-07-03T10:00:00,18.97,72.95,0.0,0.0
2024-07-03T10:00:00,18.97,72.97,0.01,9.179364787956673e-05
2024-07-03T10:00:00,18.97,72.99,0.0,0.0
2024-07-03T10:00:00,18.99,72.77,0.0,0.0
2024-07-03T10:00:00,18.99,72.79,0.0,0.0
2024-07-03T10:00:00,18.99,72.81,0.0,0.0
2024-07-03T10:00:00,18.99,72.83,0.0,0.0
2024-07-03T10:00:00,18.99,72.85,0.01,9.179364787956673e-05
2024-07-03T10:00:00,18.99,72.87,0.0,0.0
2024-07-03T10:00:00,18.99,72.89,0.0,0.0
2024-07-03T10:00:00,18.99,72.91,0.0,0.0
2024-07-03T10:00:00,18.99,72.93,0.0,0.0
2024-07-03T10:00:00,18.99,72.95,0.0,0.0
2024-07-03T10:00:00,18.99,72.97,0.0,0.0
2024-07-03T10:00:00,18.99,72.99,0.0,0.0
2024-07-03T10:00:00,19.01,72.77,0.0,0.0
2024-07-03T10:00:00,19.01,72.79,0.0,0.0
2024-07-03T10:00:00,19.01,72.81,0.0,0.0
2024-07-03T10:00:00,19.01,72.83,0.01,9.179364787956673e-05
2024-07-03T10:00:00,19.01,72.85,0.0,0.0
2024-07-03T10:00:00,19.01,72.87,0.0,0.0
2024-07-03T10:00:00,19.01,72.89,0.0,0.0
2024-07-03T10:00:00,19.01,72.91,0.0,0.0
2024-07-03T10:00:00,19.01,72.93,0.0,0.0
2024-07-03T10:00:00,19.01,72.95,0.0,0.0
2024-07-03T10:00:00,19.01,72.97,0.0,0.0
2024-07-03T10:00:00,19.01,72.99,0.0,0.0
2024-07-03T10:00:00,19.03,72.77,0.0,0.0
2024-07-03T10:00:00,19.03,72.79,0.0,0.0
2024-07-03T10:00:00,19.03,72.81,0.01,9.179364787956673e-05
2024-07-03T10:00:00,19.03,72.83,0.0,0.0
2024-07-03T10:00:00,19.03,72.85,0.0,0.0
2024-07-03T10:00:00,19.03,72.87,0.0,0.0
2024-07-03T10:00:00,19.03,72.89,0.0,0.0
2024-07-03T10:00:00,19.03,72.91,0.0,0.0
2024-07-03T10:00:00,19.03,72.93,0.01,9.179364787956673e-05
2024-07-03T10:00:00,19.03,72.95,0.0,0.0
2024-07-03T10:00:00,19.03,72.97,0.01,9.179364787956673e-05
2024-07-03T10:00:00,19.03,72.99,0.0,0.0
2024-07-03T10:00:00,19.05,72.77,0.0,0.0
2024-07-03T10:00:00,19.05,72.79,0.01,9.179364787956673e-05
2024-07-03T10:00:00,19.05,72.81,0.0,0.0
2024-07-03T10:00:00,19.05,72.83,0.01,9.179364787956673e-05
2024-07-03T10:00:00,19.05,72.85,0.0,0.0
2024-07-03T10:00:00,19.05,72.87,0.0,0.0
2024-07-03T10:00:00,19.05,72.89,0.0,0.0
2024-07-03T10:00:00,19.05,72.91,0.0,0.0
2024-07-03T10:00:00,19.05,72.93,0.0,0.0
2024-07-03T10:00:00,19.05,72.95,0.0,0.0
2024-07-03T10:00:00,19.05,72.97,0.0,0.0
2024-07-03T10:00:00,19.05,72.99,0.0,0.0
2024-07-03T10:00:00,19.07,72.77,0.0,0.0
2024-07-03T10:00:00,19.07,72.79,0.0,0.0
2024-07-03T10:00:00,19.07,72.81,0.0,0.0
2024-07-03T10:00:00,19.07,72.83,0.0,0.0
2024-07-03T10:00:00,19.07,72.85,0.0,0.0
2024-07-03T10:00:00,19.07,72.87,0.0,0.0
2024-07-03T10:00:00,19.07,72.89,0.0,0.0
2024-07-03T10:00:00,19.07,72.91,0.0,0.0
2024-07-03T10:00:00,19.07,72.93,0.0,0.0
2024-07-03T10:00:00,19.07,72.95,0.0,0.0
2024-07-03T10:00:00,19.07,72.97,0.0,0.0
2024-07-03T10:00:00,19.07,72.99,0.0,0.0
2024-07-03T10:00:00,19.09,72.77,0.0,0.0
2024-07-03T10:00:00,19.09,72.79,0.0,0.0
2024-07-03T10:00:00,19.09,72.81,0.0,0.0
2024-07-03T10:00:00,19.09,72.83,0.0,0.0
2024-07-03T10:00:00,19.09,72.85,0.0,0.0
2024-07-03T10:00:00,19.09,72.87,0.0,0.0
2024-07-03T10:00:00,19.09,72.89,0.0,0.0
2024-07-03T10:00:00,19.09,72.91,0.0,0.0
2024-07-03T10:00:00,19.09,72.93,0.0,0.0
2024-07-03T10:00:00,19.09,72.95,0.0,0.0
2024-07-03T10:00:00,19.09,72.97,0.0,0.0
2024-07-03T10:00:00,19.09,72.99,0.0,0.0
2024-07-03T10:00:00,19.11,72.77,0.01,9.179364787956673e-05
2024-07-03T10:00:00,19.11,72.79,0.0,0.0
2024-07-03T10:00:00,19.11,72.81,0.01,9.179364787956673e-05
2024-07-03T10:00:00,19.11,72.83,0.0,0.0
2024-07-03T10:00:00,19.11,72.85,0.0,0.0
2024-07-03T10:00:00,19.11,72.87,0.0,0.0
2024-07-03T10:00:00,19.11,72.89,0.0,0.0
2024-07-03T10:00:00,19.11,72.91,0.0,0.0
2024-07-03T10:00:00,19.11,72.93,0.01,9.179364787956673e-05
2024-07-03T10:00:00,19.11,72.95,0.0,0.0
2024-07-03T10:00:00,19.11,72.97,0.0,0.0
2024-07-03T10:00:00,19.11,72.99,0.0,0.0
2024-07-03T10:00:00,19.13,72.77,0.0,0.0
2024-07-03T10:00:00,19.13,72.79,0.0,0.0
2024-07-03T10:00:00,19.13,72.81,0.0,0.0
2024-07-03T10:00:00,19.13,72.83,0.0,0.0
2024-07-03T10:00:00,19.13,72.85,0.01,9.179364787956673e-05
2024-07-03T10:00:00,19.13,72.87,0.0,0.0
2024-07-03T10:00:00,19.13,72.89,0.01,9.179364787956673e-05
2024-07-03T10:00:00,19.13,72.91,0.0,0.0
2024-07-03T10:00:00,19.13,72.93,0.0,0.0
2024-07-03T10:00:00,19.13,72.95,0.0,0.0
2024-07-03T10:00:00,19.13,72.97,0.01,9.179364787956673e-05
2024-07-03T10:00:00,19.13,72.99,0.0,0.0
2024-07-03T10:00:00,19.15,72.77,0.0,0.0
2024-07-03T10:00:00,19.15,72.79,0.0,0.0
2024-07-03T10:00:00,19.15,72.81,0.01,9.179364787956673e-05
2024-07-03T10:00:00,19.15,72.83,0.0,0.0
2024-07-03T10:00:00,19.15,72.85,0.0,0.0
2024-07-03T10:00:00,19.15,72.87,0.0,0.0
2024-07-03T10:00:00,19.15,72.89,0.0,0.0
2024-07-03T10:00:00,19.15,72.91,0.0,0.0
2024-07-03T10:00:00,19.15,72.93,0.0,0.0
2024-07-03T10:00:00,19.15,72.95,0.0,0.0
2024-07-03T10:00:00,19.15,72.97,0.01,9.179364787956673e-05
2024-07-03T10:00:00,19.15,72.99,0.0,0.0
2024-07-03T10:00:00,19.17,72.77,0.0,0.0
2024-07-03T10:00:00,19.17,72.79,0.0,0.0
2024-07-03T10:00:00,19.17,72.81,0.01,9.179364787956673e-05
2024-07-03T10:00:00,19.17,72.83,0.0,0.0
2024-07-03T10:00:00,19.17,72.85,0.0,0.0
2024-07-03T10:00:00,19.17,72.87,0.0,0.0
2024-07-03T10:00:00,19.17,72.89,0.0,0.0
2024-07-03T10:00:00,19.17,72.91,0.0,0.0
2024-07-03T10:00:00,19.17,72.93,0.0,0.0
2024-07-03T10:00:00,19.17,72.95,0.0,0.0
2024-07-03T10:00:00,19.17,72.97,0.0,0.0
2024-07-03T10:00:00,19.17,72.99,0.0,0.0
2024-07-03T10:00:00,19.19,72.77,0.0,0.0
2024-07-03T10:00:00,19.19,72.79,0.0,0.0
2024-07-03T10:00:00,19.19,72.81,0.0,0.0
2024-07-03T10:00:00,19.19,72.83,0.0,0.0
2024-07-03T10:00:00,19.19,72.85,0.0,0.0
2024-07-03T10:00:00,19.19,72.87,0.0,0.0
2024-07-03T10:00:00,19.19,72.89,0.01,9.179364787956673e-05
2024-07-03T10:00:00,19.19,72.91,0.0,0.0
2024-07-03T10:00:00,19.19,72.93,0.0,0.0
2024-07-03T10:00:00,19.19,72.95,0.0,0.0
2024-07-03T10:00:00,19.19,72.97,0.0,0.0
2024-07-03T10:00:00,19.19,72.99,0.0,0.0
2024-07-03T10:00:00,19.21,72.77,0.0,0.0
2024-07-03T10:00:00,19.21,72.79,0.0,0.0
2024-07-03T10:00:00,19.21,72.81,0.0,0.0
2024-07-03T10:00:00,19.21,72.83,0.0,0.0
2024-07-03T10:00:00,19.21,72.85,0.0,0.0
2024-07-03T10:00:00,19.21,72.87,0.0,0.0
2024-07-03T10:00:00,19.21,72.89,0.0,0.0
2024-07-03T10:00:00,19.21,72.91,0.0,0.0
2024-07-03T10:00:00,19.21,72.93,0.0,0.0
2024-07-03T10:00:00,19.21,72.95,0.0,0.0
2024-07-03T10:00:00,19.21,72.97,0.0,0.0
2024-07-03T10:00:00,19.21,72.99,0.0,0.0
2024-07-03T10:00:00,19.23,72.77,0.01,9.179364787956673e-05
2024-07-03T10:00:00,19.23,72.79,0.0,0.0
2024-07-03T10:00:00,19.23,72.81,0.0,0.0
2024-07-03T10:00:00,19.23,72.83,0.0,0.0
2024-07-03T10:00:00,19.23,72.85,0.0,0.0
2024-07-03T10:00:00,19.23,72.87,0.01,9.179364787956673e-05
2024-07-03T10:00:00,19.23,72.89,0.0,0.0
2024-07-03T10:00:00,19.23,72.91,0.0,0.0
2024-07-03T10:00:00,19.23,72.93,0.01,9.179364787956673e-05
2024-07-03T10:00:00,19.23,72.95,0.0,0.0
2024-07-03T10:00:00,19.23,72.97,0.0,0.0
2024-07-03T10:00:00,19.23,72.99,0.0,0.0
2024-07-03T10:00:00,19.25,72.77,0.0,0.0
2024-07-03T10:00:00,19.25,72.79,0.0,0.0
2024-07-03T10:00:00,19.25,72.81,0.0,0.0
2024-07-03T10:00:00,19.25,72.83,0.0,0.0
2024-07-03T10:00:00,19.25,72.85,0.0,0.0
2024-07-03T10:00:00,19.25,72.87,0.0,0.0
2024-07-03T10:00:00,19.25,72.89,0.0,0.0
2024-07-03T10:00:00,19.25,72.91,0.0,0.0
2024-07-03T10:00:00,19.25,72.93,0.0,0.0
2024-07-03T10:00:00,19.25,72.95,0.0,0.0
2024-07-03T10:00:00,19.25,72.97,0.0,0.0
2024-07-03T10:00:00,19.25,72.99,0.01,9.179364787956673e-05
2024-07-03T11:00:00,18.87,72.77,0.0,0.0
2024-07-03T11:00:00,18.87,72.79,0.0,0.0
2024-07-03T11:00:00,18.87,72.81,0.0,0.0
2024-07-03T11:00:00,18.87,72.83,0.0,0.0
2024-07-03T11:00:00,18.87,72.85,0.0,0.0
2024-07-03T11:00:00,18.87,72.87,0.0,0.0
2024-07-03T11:00:00,18.87,72.89,0.0,0.0
2024-07-03T11:00:00,18.87,72.91,0.0,0.0
2024-07-03T11:00:00,18.87,72.93,0.0,0.0
2024-07-03T11:00:00,18.87,72.95,0.0,0.0
2024-07-03T11:00:00,18.87,72.97,0.0,0.0
2024-07-03T11:00:00,18.87,72.99,0.01,9.179364787956673e-05
2024-07-03T11:00:00,18.89,72.77,0.0,0.0
2024-07-03T11:00:00,18.89,72.79,0.0,0.0
2024-07-03T11:00:00,18.89,72.81,0.0,0.0
2024-07-03T11:00:00,18.89,72.83,0.0,0.0
2024-07-03T11:00:00,18.89,72.85,0.0,0.0
2024-07-03T11:00:00,18.89,72.87,0.0,0.0
2024-07-03T11:00:00,18.89,72.89,0.0,0.0
2024-07-03T11:00:00,18.89,72.91,0.0,0.0
2024-07-03T11:00:00,18.89,72.93,0.0,0.0
2024-07-03T11:00:00,18.89,72.95,0.0,0.0
2024-07-03T11:00:00,18.89,72.97,0.0,0.0
2024-07-03T11:00:00,18.89,72.99,0.0,0.0
2024-07-03T11:00:00,18.91,72.77,0.0,0.0
2024-07-03T11:00:00,18.91,72.79,0.0,0.0
2024-07-03T11:00:00,18.91,72.81,0.0,0.0
2024-07-03T11:00:00,18.91,72.83,0.0,0.0
2024-07-03T11:00:00,18.91,72.85,0.0,0.0
2024-07-03T11:00:00,18.91,72.87,0.0,0.0
2024-07-03T11:00:00,18.91,72.89,0.0,0.0
2024-07-03T11:00:00,18.91,72.91,0.0,0.0
2024-07-03T11:00:00,18.91,72.93,0.0,0.0
2024-07-03T11:00:00,18.91,72.95,0.0,0.0
2024-07-03T11:00:00,18.91,72.97,0.0,0.0
2024-07-03T11:00:00,18.91,72.99,0.0,0.0
2024-07-03T11:00:00,18.93,72.77,0.0,0.0
2024-07-03T11:00:00,18.93,72.79,0.0,0.0
2024-07-03T11:00:00,18.93,72.81,0.0,0.0
2024-07-03T11:00:00,18.93,72.83,0.0,0.0
2024-07-03T11:00:00,18.93,72.85,0.0,0.0
2024-07-03T11:00:00,18.93,72.87,0.0,0.0
2024-07-03T11:00:00,18.93,72.89,0.0,0.0
2024-07-03T11:00:00,18.93,72.91,0.0,0.0
2024-07-03T11:00:00,18.93,72.93,0.0,0.0
2024-07-03T11:00:00,18.93,72.95,0.0,0.0
2024-07-03T11:00:00,18.93,72.97,0.0,0.0
2024-07-03T11:00:00,18.93,72.99,0.0,0.0
2024-07-03T11:00:00,18.95,72.77,0.0,0.0
2024-07-03T11:00:00,18.95,72.79,0.0,0.0
2024-07-03T11:00:00,18.95,72.81,0.0,0.0
2024-07-03T11:00:00,18.95,72.83,0.0,0.0
2024-07-03T11:00:00,18.95,72.85,0.0,0.0
2024-07-03T11:00:00,18.95,72.87,0.0,0.0
2024-07-03T11:00:00,18.95,72.89,0.0,0.0
2024-07-03T11:00:00,18.95,72.91,0.0,0.0
2024-07-03T11:00:00,18.95,72.93,0.0,0.0
2024-07-03T11:00:00,18.95,72.95,0.0,0.0
2024-07-03T11:00:00,18.95,72.97,0.0,0.0
2024-07-03T11:00:00,18.95,72.99,0.0,0.0
2024-07-03T11:00:00,18.97,72.77,0.0,0.0
2024-07-03T11:00:00,18.97,72.79,0.0,0.0
2024-07-03T11:00:00,18.97,72.81,0.0,0.0
2024-07-03T11:00:00,18.97,72.83,0.0,0.0
2024-07-03T11:00:00,18.97,72.85,0.0,0.0
2024-07-03T11:00:00,18.97,72.87,0.0,0.0
2024-07-03T11:00:00,18.97,72.89,0.0,0.0
2024-07-03T11:00:00,18.97,72.91,0.0,0.0
2024-07-03T11:00:00,18.97,72.93,0.0,0.0
2024-07-03T11:00:00,18.97,72.95,0.0,0.0
2024-07-03T11:00:00,18.97,72.97,0.0,0.0
2024-07-03T11:00:00,18.97,72.99,0.0,0.0
2024-07-03T11:00:00,18.99,72.77,0.0,0.0
2024-07-03T11:00:00,18.99,72.79,0.0,0.0
2024-07-03T11:00:00,18.99,72.81,0.0,0.0
2024-07-03T11:00:00,18.99,72.83,0.0,0.0
2024-07-03T11:00:00,18.99,72.85,0.0,0.0
2024-07-03T11:00:00,18.99,72.87,0.0,0.0
2024-07-03T11:00:00,18.99,72.89,0.0,0.0
2024-07-03T11:00:00,18.99,72.91,0.0,0.0
2024-07-03T11:00:00,18.99,72.93,0.0,0.0
2024-07-03T11:00:00,18.99,72.95,0.0,0.0
2024-07-03T11:00:00,18.99,72.97,0.0,0.0
2024-07-03T11:00:00,18.99,72.99,0.0,0.0
2024-07-03T11:00:00,19.01,72.77,0.0,0.0
2024-07-03T11:00:00,19.01,72.79,0.0,0.0
2024-07-03T11:00:00,19.01,72.81,0.0,0.0
2024-07-03T11:00:00,19.01,72.83,0.0,0.0
2024-07-03T11:00:00,19.01,72.85,0.0,0.0
2024-07-03T11:00:00,19.01,72.87,0.0,0.0
2024-07-03T11:00:00,19.01,72.89,0.0,0.0
2024-07-03T11:00:00,19.01,72.91,0.0,0.0
2024-07-03T11:00:00,19.01,72.93,0.0,0.0
2024-07-03T11:00:00,19.01,72.95,0.0,0.0
2024-07-03T11:00:00,19.01,72.97,0.0,0.0
2024-07-03T11:00:00,19.01,72.99,0.0,0.0
2024-07-03T11:00:00,19.03,72.77,0.0,0.0
2024-07-03T11:00:00,19.03,72.79,0.0,0.0
2024-07-03T11:00:00,19.03,72.81,0.0,0.0
2024-07-03T11:00:00,19.03,72.83,0.0,0.0
2024-07-03T11:00:00,19.03,72.85,0.0,0.0
2024-07-03T11:00:00,19.03,72.87,0.0,0.0
2024-07-03T11:00:00,19.03,72.89,0.0,0.0
2024-07-03T11:00:00,19.03,72.91,0.0,0.0
2024-07-03T11:00:00,19.03,72.93,0.0,0.0
2024-07-03T11:00:00,19.03,72.95,0.0,0.0
2024-07-03T11:00:00,19.03,72.97,0.0,0.0
2024-07-03T11:00:00,19.03,72.99,0.0,0.0
2024-07-03T11:00:00,19.05,72.77,0.0,0.0
2024-07-03T11:00:00,19.05,72.79,0.0,0.0
2024-07-03T11:00:00,19.05,72.81,0.0,0.0
2024-07-03T11:00:00,19.05,72.83,0.0,0.0
2024-07-03T11:00:00,19.05,72.85,0.0,0.0
2024-07-03T11:00:00,19.05,72.87,0.0,0.0
2024-07-03T11:00:00,19.05,72.89,0.0,0.0
2024-07-03T11:00:00,19.05,72.91,0.0,0.0
2024-07-03T11:00:00,19.05,72.93,0.0,0.0
2024-07-03T11:00:00,19.05,72.95,0.0,0.0
2024-07-03T11:00:00,19.05,72.97,0.0,0.0
2024-07-03T11:00:00,19.05,72.99,0.0,0.0
2024-07-03T11:00:00,19.07,72.77,0.0,0.0
2024-07-03T11:00:00,19.07,72.79,0.01,9.179364787956673e-05
2024-07-03T11:00:00,19.07,72.81,0.01,9.179364787956673e-05
2024-07-03T11:00:00,19.07,72.83,0.0,0.0
2024-07-03T11:00:00,19.07,72.85,0.0,0.0
2024-07-03T11:00:00,19.07,72.87,0.01,9.179364787956673e-05
2024-07-03T11:00:00,19.07,72.89,0.0,0.0
2024-07-03T11:00:00,19.07,72.91,0.0,0.0
2024-07-03T11:00:00,19.07,72.93,0.0,0.0
2024-07-03T11:00:00,19.07,72.95,0.01,9.179364787956673e-05
2024-07-03T11:00:00,19.07,72.97,0.0,0.0
2024-07-03T11:00:00,19.07,72.99,0.0,0.0
2024-07-03T11:00:00,19.09,72.77,0.0,0.0
2024-07-03T11:00:00,19.09,72.79,0.0,0.0
2024-07-03T11:00:00,19.09,72.81,0.0,0.0
2024-07-03T11:00:00,19.09,72.83,0.0,0.0
2024-07-03T11:00:00,19.09,72.85,0.0,0.0
2024-07-03T11:00:00,19.09,72.87,0.0,0.0
2024-07-03T11:00:00,19.09,72.89,0.0,0.0
2024-07-03T11:00:00,19.09,72.91,0.0,0.0
2024-07-03T11:00:00,19.09,72.93,0.0,0.0
2024-07-03T11:00:00,19.09,72.95,0.0,0.0
2024-07-03T11:00:00,19.09,72.97,0.0,0.0
2024-07-03T11:00:00,19.09,72.99,0.0,0.0
2024-07-03T11:00:00,19.11,72.77,0.0,0.0
2024-07-03T11:00:00,19.11,72.79,0.0,0.0
2024-07-03T11:00:00,19.11,72.81,0.0,0.0
2024-07-03T11:00:00,19.11,72.83,0.0,0.0
2024-07-03T11:00:00,19.11,72.85,0.0,0.0
2024-07-03T11:00:00,19.11,72.87,0.0,0.0
2024-07-03T11:00:00,19.11,72.89,0.0,0.0
2024-07-03T11:00:00,19.11,72.91,0.0,0.0
2024-07-03T11:00:00,19.11,72.93,0.0,0.0
2024-07-03T11:00:00,19.11,72.95,0.0,0.0
2024-07-03T11:00:00,19.11,72.97,0.0,0.0
2024-07-03T11:00:00,19.11,72.99,0.0,0.0
2024-07-03T11:00:00,19.13,72.77,0.0,0.0
2024-07-03T11:00:00,19.13,72.79,0.0,0.0
2024-07-03T11:00:00,19.13,72.81,0.0,0.0
2024-07-03T11:00:00,19.13,72.83,0.0,0.0
2024-07-03T11:00:00,19.13,72.85,0.0,0.0
2024-07-03T11:00:00,19.13,72.87,0.0,0.0
2024-07-03T11:00:00,19.13,72.89,0.0,0.0
2024-07-03T11:00:00,19.13,72.91,0.0,0.0
2024-07-03T11:00:00,19.13,72.93,0.0,0.0
2024-07-03T11:00:00,19.13,72.95,0.0,0.0
2024-07-03T11:00:00,19.13,72.97,0.0,0.0
2024-07-03T11:00:00,19.13,72.99,0.0,0.0
2024-07-03T11:00:00,19.15,72.77,0.0,0.0
2024-07-03T11:00:00,19.15,72.79,0.0,0.0
2024-07-03T11:00:00,19.15,72.81,0.0,0.0
2024-07-03T11:00:00,19.15,72.83,0.0,0.0
2024-07-03T11:00:00,19.15,72.85,0.0,0.0
2024-07-03T11:00:00,19.15,72.87,0.0,0.0
2024-07-03T11:00:00,19.15,72.89,0.0,0.0
2024-07-03T11:00:00,19.15,72.91,0.0,0.0
2024-07-03T11:00:00,19.15,72.93,0.0,0.0
2024-07-03T11:00:00,19.15,72.95,0.0,0.0
2024-07-03T11:00:00,19.15,72.97,0.0,0.0
2024-07-03T11:00:00,19.15,72.99,0.0,0.0
2024-07-03T11:00:00,19.17,72.77,0.0,0.0
2024-07-03T11:00:00,19.17,72.79,0.0,0.0
2024-07-03T11:00:00,19.17,72.81,0.0,0.0
2024-07-03T11:00:00,19.17,72.83,0.01,9.179364787956673e-05
2024-07-03T11:00:00,19.17,72.85,0.0,0.0
2024-07-03T11:00:00,19.17,72.87,0.0,0.0
2024-07-03T11:00:00,19.17,72.89,0.0,0.0
2024-07-03T11:00:00,19.17,72.91,0.0,0.0
2024-07-03T11:00:00,19.17,72.93,0.0,0.0
2024-07-03T11:00:00,19.17,72.95,0.0,0.0
2024-07-03T11:00:00,19.17,72.97,0.0,0.0
2024-07-03T11:00:00,19.17,72.99,0.0,0.0
2024-07-03T11:00:00,19.19,72.77,0.0,0.0
2024-07-03T11:00:00,19.19,72.79,0.0,0.0
2024-07-03T11:00:00,19.19,72.81,0.0,0.0
2024-07-03T11:00:00,19.19,72.83,0.0,0.0
2024-07-03T11:00:00,19.19,72.85,0.0,0.0
2024-07-03T11:00:00,19.19,72.87,0.0,0.0
2024-07-03T11:00:00,19.19,72.89,0.0,0.0
2024-07-03T11:00:00,19.19,72.91,0.0,0.0
2024-07-03T11:00:00,19.19,72.93,0.0,0.0
2024-07-03T11:00:00,19.19,72.95,0.0,0.0
2024-07-03T11:00:00,19.19,72.97,0.0,0.0
2024-07-03T11:00:00,19.19,72.99,0.0,0.0
2024-07-03T11:00:00,19.21,72.77,0.0,0.0
2024-07-03T11:00:00,19.21,72.79,0.0,0.0
2024-07-03T11:00:00,19.21,72.81,0.0,0.0
2024-07-03T11:00:00,19.21,72.83,0.0,0.0
2024-07-03T11:00:00,19.21,72.85,0.0,0.0
2024-07-03T11:00:00,19.21,72.87,0.0,0.0
2024-07-03T11:00:00,19.21,72.89,0.0,0.0
2024-07-03T11:00:00,19.21,72.91,0.0,0.0
2024-07-03T11:00:00,19.21,72.93,0.0,0.0
2024-07-03T11:00:00,19.21,72.95,0.0,0.0
2024-07-03T11:00:00,19.21,72.97,0.0,0.0
2024-07-03T11:00:00,19.21,72.99,0.0,0.0
2024-07-03T11:00:00,19.23,72.77,0.0,0.0
2024-07-03T11:00:00,19.23,72.79,0.0,0.0
2024-07-03T11:00:00,19.23,72.81,0.0,0.0
2024-07-03T11:00:00,19.23,72.83,0.0,0.0
2024-07-03T11:00:00,19.23,72.85,0.0,0.0
2024-07-03T11:00:00,19.23,72.87,0.0,0.0
2024-07-03T11:00:00,19.23,72.89,0.0,0.0
2024-07-03T11:00:00,19.23,72.91,0.0,0.0
2024-07-03T11:00:00,19.23,72.93,0.0,0.0
2024-07-03T11:00:00,19.23,72.95,0.0,0.0
2024-07-03T11:00:00,19.23,72.97,0.0,0.0
2024-07-03T11:00:00,19.23,72.99,0.0,0.0
2024-07-03T11:00:00,19.25,72.77,0.0,0.0
2024-07-03T11:00:00,19.25,72.79,0.0,0.0
2024-07-03T11:00:00,19.25,72.81,0.0,0.0
2024-07-03T11:00:00,19.25,72.83,0.0,0.0
2024-07-03T11:00:00,19.25,72.85,0.0,0.0
2024-07-03T11:00:00,19.25,72.87,0.0,0.0
2024-07-03T11:00:00,19.25,72.89,0.0,0.0
2024-07-03T11:00:00,19.25,72.91,0.0,0.0
2024-07-03T11:00:00,19.25,72.93,0.0,0.0
2024-07-03T11:00:00,19.25,72.95,0.0,0.0
2024-07-03T11:00:00,19.25,72.97,0.0,0.0
2024-07-03T11:00:00,19.25,72.99,0.0,0.0
2024-07-03T12:00:00,18.87,72.77,0.0,0.0
2024-07-03T12:00:00,18.87,72.79,0.0,0.0
2024-07-03T12:00:00,18.87,72.81,0.0,0.0
2024-07-03T12:00:00,18.87,72.83,0.0,0.0
2024-07-03T12:00:00,18.87,72.85,0.0,0.0
2024-07-03T12:00:00,18.87,72.87,0.0,0.0
2024-07-03T12:00:00,18.87,72.89,0.0,0.0
2024-07-03T12:00:00,18.87,72.91,0.0,0.0
2024-07-03T12:00:00,18.87,72.93,0.0,0.0
2024-07-03T12:00:00,18.87,72.95,0.0,0.0
2024-07-03T12:00:00,18.87,72.97,0.0,0.0
2024-07-03T12:00:00,18.87,72.99,0.0,0.0
2024-07-03T12:00:00,18.89,72.77,0.0,0.0
2024-07-03T12:00:00,18.89,72.79,0.0,0.0
2024-07-03T12:00:00,18.89,72.81,0.0,0.0
2024-07-03T12:00:00,18.89,72.83,0.0,0.0
2024-07-03T12:00:00,18.89,72.85,0.0,0.0
2024-07-03T12:00:00,18.89,72.87,0.0,0.0
2024-07-03T12:00:00,18.89,72.89,0.0,0.0
2024-07-03T12:00:00,18.89,72.91,0.0,0.0
2024-07-03T12:00:00,18.89,72.93,0.0,0.0
2024-07-03T12:00:00,18.89,72.95,0.0,0.0
2024-07-03T12:00:00,18.89,72.97,0.0,0.0
2024-07-03T12:00:00,18.89,72.99,0.0,0.0
2024-07-03T12:00:00,18.91,72.77,0.0,0.0
2024-07-03T12:00:00,18.91,72.79,0.0,0.0
2024-07-03T12:00:00,18.91,72.81,0.0,0.0
2024-07-03T12:00:00,18.91,72.83,0.0,0.0
2024-07-03T12:00:00,18.91,72.85,0.0,0.0
2024-07-03T12:00:00,18.91,72.87,0.0,0.0
2024-07-03T12:00:00,18.91,72.89,0.0,0.0
2024-07-03T12:00:00,18.91,72.91,0.0,0.0
2024-07-03T12:00:00,18.91,72.93,0.0,0.0
2024-07-03T12:00:00,18.91,72.95,0.0,0.0
2024-07-03T12:00:00,18.91,72.97,0.0,0.0
2024-07-03T12:00:00,18.91,72.99,0.0,0.0
2024-07-03T12:00:00,18.93,72.77,0.0,0.0
2024-07-03T12:00:00,18.93,72.79,0.0,0.0
2024-07-03T12:00:00,18.93,72.81,0.0,0.0
2024-07-03T12:00:00,18.93,72.83,0.0,0.0
2024-07-03T12:00:00,18.93,72.85,0.0,0.0
2024-07-03T12:00:00,18.93,72.87,0.0,0.0
2024-07-03T12:00:00,18.93,72.89,0.0,0.0
2024-07-03T12:00:00,18.93,72.91,0.0,0.0
2024-07-03T12:00:00,18.93,72.93,0.0,0.0
2024-07-03T12:00:00,18.93,72.95,0.0,0.0
2024-07-03T12:00:00,18.93,72.97,0.0,0.0
2024-07-03T12:00:00,18.93,72.99,0.0,0.0
2024-07-03T12:00:00,18.95,72.77,0.0,0.0
2024-07-03T12:00:00,18.95,72.79,0.0,0.0
2024-07-03T12:00:00,18.95,72.81,0.0,0.0
2024-07-03T12:00:00,18.95,72.83,0.0,0.0
2024-07-03T12:00:00,18.95,72.85,0.0,0.0
2024-07-03T12:00:00,18.95,72.87,0.0,0.0
2024-07-03T12:00:00,18.95,72.89,0.0,0.0
2024-07-03T12:00:00,18.95,72.91,0.0,0.0
2024-07-03T12:00:00,18.95,72.93,0.0,0.0
2024-07-03T12:00:00,18.95,72.95,0.0,0.0
2024-07-03T12:00:00,18.95,72.97,0.0,0.0
2024-07-03T12:00:00,18.95,72.99,0.0,0.0
2024-07-03T12:00:00,18.97,72.77,0.0,0.0
2024-07-03T12:00:00,18.97,72.79,0.0,0.0
2024-07-03T12:00:00,18.97,72.81,0.0,0.0
2024-07-03T12:00:00,18.97,72.83,0.0,0.0
2024-07-03T12:00:00,18.97,72.85,0.0,0.0
2024-07-03T12:00:00,18.97,72.87,0.0,0.0
2024-07-03T12:00:00,18.97,72.89,0.0,0.0
2024-07-03T12:00:00,18.97,72.91,0.0,0.0
2024-07-03T12:00:00,18.97,72.93,0.0,0.0
2024-07-03T12:00:00,18.97,72.95,0.0,0.0
2024-07-03T12:00:00,18.97,72.97,0.0,0.0
2024-07-03T12:00:00,18.97,72.99,0.0,0.0
2024-07-03T12:00:00,18.99,72.77,0.0,0.0
2024-07-03T12:00:00,18.99,72.79,0.0,0.0
2024-07-03T12:00:00,18.99,72.81,0.0,0.0
2024-07-03T12:00:00,18.99,72.83,0.0,0.0
2024-07-03T12:00:00,18.99,72.85,0.0,0.0
2024-07-03T12:00:00,18.99,72.87,0.0,0.0
2024-07-03T12:00:00,18.99,72.89,0.0,0.0
2024-07-03T12:00:00,18.99,72.91,0.0,0.0
2024-07-03T12:00:00,18.99,72.93,0.0,0.0
2024-07-03T12:00:00,18.99,72.95,0.0,0.0
2024-07-03T12:00:00,18.99,72.97,0.0,0.0
2024-07-03T12:00:00,18.99,72.99,0.0,0.0
2024-07-03T12:00:00,19.01,72.77,0.0,0.0
2024-07-03T12:00:00,19.01,72.79,0.0,0.0
2024-07-03T12:00:00,19.01,72.81,0.0,0.0
2024-07-03T12:00:00,19.01,72.83,0.0,0.0
2024-07-03T12:00:00,19.01,72.85,0.0,0.0
2024-07-03T12:00:00,19.01,72.87,0.0,0.0
2024-07-03T12:00:00,19.01,72.89,0.0,0.0
2024-07-03T12:00:00,19.01,72.91,0.0,0.0
2024-07-03T12:00:00,19.01,72.93,0.0,0.0
2024-07-03T12:00:00,19.01,72.95,0.0,0.0
2024-07-03T12:00:00,19.01,72.97,0.0,0.0
2024-07-03T12:00:00,19.01,72.99,0.0,0.0
2024-07-03T12:00:00,19.03,72.77,0.0,0.0
2024-07-03T12:00:00,19.03,72.79,0.0,0.0
2024-07-03T12:00:00,19.03,72.81,0.0,0.0
2024-07-03T12:00:00,19.03,72.83,0.0,0.0
2024-07-03T12:00:00,19.03,72.85,0.0,0.0
2024-07-03T12:00:00,19.03,72.87,0.0,0.0
2024-07-03T12:00:00,19.03,72.89,0.0,0.0
2024-07-03T12:00:00,19.03,72.91,0.0,0.0
2024-07-03T12:00:00,19.03,72.93,0.0,0.0
2024-07-03T12:00:00,19.03,72.95,0.0,0.0
2024-07-03T12:00:00,19.03,72.97,0.0,0.0
2024-07-03T12:00:00,19.03,72.99,0.0,0.0
2024-07-03T12:00:00,19.05,72.77,0.0,0.0
2024-07-03T12:00:00,19.05,72.79,0.0,0.0
2024-07-03T12:00:00,19.05,72.81,0.0,0.0
2024-07-03T12:00:00,19.05,72.83,0.0,0.0
2024-07-03T12:00:00,19.05,72.85,0.0,0.0
2024-07-03T12:00:00,19.05,72.87,0.0,0.0
2024-07-03T12:00:00,19.05,72.89,0.0,0.0
2024-07-03T12:00:00,19.05,72.91,0.0,0.0
2024-07-03T12:00:00,19.05,72.93,0.0,0.0
2024-07-03T12:00:00,19.05,72.95,0.0,0.0
2024-07-03T12:00:00,19.05,72.97,0.0,0.0
2024-07-03T12:00:00,19.05,72.99,0.0,0.0
2024-07-03T12:00:00,19.07,72.77,0.0,0.0
2024-07-03T12:00:00,19.07,72.79,0.0,0.0
2024-07-03T12:00:00,19.07,72.81,0.0,0.0
2024-07-03T12:00:00,19.07,72.83,0.0,0.0
2024-07-03T12:00:00,19.07,72.85,0.0,0.0
2024-07-03T12:00:00,19.07,72.87,0.0,0.0
2024-07-03T12:00:00,19.07,72.89,0.0,0.0
2024-07-03T12:00:00,19.07,72.91,0.0,0.0
2024-07-03T12:00:00,19.07,72.93,0.0,0.0
2024-07-03T12:00:00,19.07,72.95,0.0,0.0
2024-07-03T12:00:00,19.07,72.97,0.0,0.0
2024-07-03T12:00:00,19.07,72.99,0.0,0.0
2024-07-03T12:00:00,19.09,72.77,0.0,0.0
2024-07-03T12:00:00,19.09,72.79,0.0,0.0
2024-07-03T12:00:00,19.09,72.81,0.0,0.0
2024-07-03T12:00:00,19.09,72.83,0.0,0.0
2024-07-03T12:00:00,19.09,72.85,0.0,0.0
2024-07-03T12:00:00,19.09,72.87,0.0,0.0
2024-07-03T12:00:00,19.09,72.89,0.0,0.0
2024-07-03T12:00:00,19.09,72.91,0.0,0.0
2024-07-03T12:00:00,19.09,72.93,0.0,0.0
2024-07-03T12:00:00,19.09,72.95,0.0,0.0
2024-07-03T12:00:00,19.09,72.97,0.0,0.0
2024-07-03T12:00:00,19.09,72.99,0.0,0.0
2024-07-03T12:00:00,19.11,72.77,0.0,0.0
2024-07-03T12:00:00,19.11,72.79,0.0,0.0
2024-07-03T12:00:00,19.11,72.81,0.0,0.0
2024-07-03T12:00:00,19.11,72.83,0.0,0.0
2024-07-03T12:00:00,19.11,72.85,0.0,0.0
2024-07-03T12:00:00,19.11,72.87,0.0,0.0
2024-07-03T12:00:00,19.11,72.89,0.0,0.0
2024-07-03T12:00:00,19.11,72.91,0.0,0.0
2024-07-03T12:00:00,19.11,72.93,0.0,0.0
2024-07-03T12:00:00,19.11,72.95,0.0,0.0
2024-07-03T12:00:00,19.11,72.97,0.0,0.0
2024-07-03T12:00:00,19.11,72.99,0.0,0.0
2024-07-03T12:00:00,19.13,72.77,0.0,0.0
2024-07-03T12:00:00,19.13,72.79,0.0,0.0
2024-07-03T12:00:00,19.13,72.81,0.0,0.0
2024-07-03T12:00:00,19.13,72.83,0.0,0.0
2024-07-03T12:00:00,19.13,72.85,0.0,0.0
2024-07-03T12:00:00,19.13,72.87,0.0,0.0
2024-07-03T12:00:00,19.13,72.89,0.0,0.0
2024-07-03T12:00:00,19.13,72.91,0.0,0.0
2024-07-03T12:00:00,19.13,72.93,0.0,0.0
2024-07-03T12:00:00,19.13,72.95,0.0,0.0
2024-07-03T12:00:00,19.13,72.97,0.0,0.0
2024-07-03T12:00:00,19.13,72.99,0.0,0.0
2024-07-03T12:00:00,19.15,72.77,0.0,0.0
2024-07-03T12:00:00,19.15,72.79,0.0,0.0
2024-07-03T12:00:00,19.15,72.81,0.0,0.0
2024-07-03T12:00:00,19.15,72.83,0.0,0.0
2024-07-03T12:00:00,19.15,72.85,0.0,0.0
2024-07-03T12:00:00,19.15,72.87,0.0,0.0
2024-07-03T12:00:00,19.15,72.89,0.0,0.0
2024-07-03T12:00:00,19.15,72.91,0.0,0.0
2024-07-03T12:00:00,19.15,72.93,0.0,0.0
2024-07-03T12:00:00,19.15,72.95,0.0,0.0
2024-07-03T12:00:00,19.15,72.97,0.0,0.0
2024-07-03T12:00:00,19.15,72.99,0.0,0.0
2024-07-03T12:00:00,19.17,72.77,0.0,0.0
2024-07-03T12:00:00,19.17,72.79,0.0,0.0
2024-07-03T12:00:00,19.17,72.81,0.0,0.0
2024-07-03T12:00:00,19.17,72.83,0.0,0.0
2024-07-03T12:00:00,19.17,72.85,0.0,0.0
2024-07-03T12:00:00,19.17,72.87,0.0,0.0
2024-07-03T12:00:00,19.17,72.89,0.0,0.0
2024-07-03T12:00:00,19.17,72.91,0.0,0.0
2024-07-03T12:00:00,19.17,72.93,0.0,0.0
2024-07-03T12:00:00,19.17,72.95,0.0,0.0
2024-07-03T12:00:00,19.17,72.97,0.0,0.0
2024-07-03T12:00:00,19.17,72.99,0.0,0.0
2024-07-03T12:00:00,19.19,72.77,0.0,0.0
2024-07-03T12:00:00,19.19,72.79,0.0,0.0
2024-07-03T12:00:00,19.19,72.81,0.0,0.0
2024-07-03T12:00:00,19.19,72.83,0.0,0.0
2024-07-03T12:00:00,19.19,72.85,0.0,0.0
2024-07-03T12:00:00,19.19,72.87,0.0,0.0
2024-07-03T12:00:00,19.19,72.89,0.0,0.0
2024-07-03T12:00:00,19.19,72.91,0.0,0.0
2024-07-03T12:00:00,19.19,72.93,0.0,0.0
2024-07-03T12:00:00,19.19,72.95,0.0,0.0
2024-07-03T12:00:00,19.19,72.97,0.0,0.0
2024-07-03T12:00:00,19.19,72.99,0.0,0.0
2024-07-03T12:00:00,19.21,72.77,0.0,0.0
2024-07-03T12:00:00,19.21,72.79,0.0,0.0
2024-07-03T12:00:00,19.21,72.81,0.0,0.0
2024-07-03T12:00:00,19.21,72.83,0.0,0.0
2024-07-03T12:00:00,19.21,72.85,0.0,0.0
2024-07-03T12:00:00,19.21,72.87,0.0,0.0
2024-07-03T12:00:00,19.21,72.89,0.0,0.0
2024-07-03T12:00:00,19.21,72.91,0.0,0.0
2024-07-03T12:00:00,19.21,72.93,0.0,0.0
2024-07-03T12:00:00,19.21,72.95,0.0,0.0
2024-07-03T12:00:00,19.21,72.97,0.0,0.0
2024-07-03T12:00:00,19.21,72.99,0.0,0.0
2024-07-03T12:00:00,19.23,72.77,0.0,0.0
2024-07-03T12:00:00,19.23,72.79,0.0,0.0
2024-07-03T12:00:00,19.23,72.81,0.0,0.0
2024-07-03T12:00:00,19.23,72.83,0.0,0.0
2024-07-03T12:00:00,19.23,72.85,0.0,0.0
2024-07-03T12:00:00,19.23,72.87,0.0,0.0
2024-07-03T12:00:00,19.23,72.89,0.0,0.0
2024-07-03T12:00:00,19.23,72.91,0.0,0.0
2024-07-03T12:00:00,19.23,72.93,0.0,0.0
2024-07-03T12:00:00,19.23,72.95,0.0,0.0
2024-07-03T12:00:00,19.23,72.97,0.0,0.0
2024-07-03T12:00:00,19.23,72.99,0.0,0.0
2024-07-03T12:00:00,19.25,72.77,0.0,0.0
2024-07-03T12:00:00,19.25,72.79,0.0,0.0
2024-07-03T12:00:00,19.25,72.81,0.0,0.0
2024-07-03T12:00:00,19.25,72.83,0.0,0.0
2024-07-03T12:00:00,19.25,72.85,0.0,0.0
2024-07-03T12:00:00,19.25,72.87,0.0,0.0
2024-07-03T12:00:00,19.25,72.89,0.0,0.0
2024-07-03T12:00:00,19.25,72.91,0.0,0.0
2024-07-03T12:00:00,19.25,72.93,0.0,0.0
2024-07-03T12:00:00,19.25,72.95,0.0,0.0
2024-07-03T12:00:00,19.25,72.97,0.0,0.0
2024-07-03T12:00:00,19.25,72.99,0.0,0.0
2024-07-03T13:00:00,18.87,72.77,0.0,0.0
2024-07-03T13:00:00,18.87,72.79,0.0,0.0
2024-07-03T13:00:00,18.87,72.81,0.0,0.0
2024-07-03T13:00:00,18.87,72.83,0.0,0.0
2024-07-03T13:00:00,18.87,72.85,0.0,0.0
2024-07-03T13:00:00,18.87,72.87,0.0,0.0
2024-07-03T13:00:00,18.87,72.89,0.0,0.0
2024-07-03T13:00:00,18.87,72.91,0.0,0.0
2024-07-03T13:00:00,18.87,72.93,0.0,0.0
2024-07-03T13:00:00,18.87,72.95,0.0,0.0
2024-07-03T13:00:00,18.87,72.97,0.0,0.0
2024-07-03T13:00:00,18.87,72.99,0.0,0.0
2024-07-03T13:00:00,18.89,72.77,0.0,0.0
2024-07-03T13:00:00,18.89,72.79,0.0,0.0
2024-07-03T13:00:00,18.89,72.81,0.0,0.0
2024-07-03T13:00:00,18.89,72.83,0.0,0.0
2024-07-03T13:00:00,18.89,72.85,0.0,0.0
2024-07-03T13:00:00,18.89,72.87,0.0,0.0
2024-07-03T13:00:00,18.89,72.89,0.0,0.0
2024-07-03T13:00:00,18.89,72.91,0.0,0.0
2024-07-03T13:00:00,18.89,72.93,0.0,0.0
2024-07-03T13:00:00,18.89,72.95,0.0,0.0
2024-07-03T13:00:00,18.89,72.97,0.0,0.0
2024-07-03T13:00:00,18.89,72.99,0.0,0.0
2024-07-03T13:00:00,18.91,72.77,0.0,0.0
2024-07-03T13:00:00,18.91,72.79,0.0,0.0
2024-07-03T13:00:00,18.91,72.81,0.0,0.0
2024-07-03T13:00:00,18.91,72.83,0.0,0.0
2024-07-03T13:00:00,18.91,72.85,0.0,0.0
2024-07-03T13:00:00,18.91,72.87,0.0,0.0
2024-07-03T13:00:00,18.91,72.89,0.0,0.0
2024-07-03T13:00:00,18.91,72.91,0.0,0.0
2024-07-03T13:00:00,18.91,72.93,0.0,0.0
2024-07-03T13:00:00,18.91,72.95,0.0,0.0
2024-07-03T13:00:00,18.91,72.97,0.0,0.0
2024-07-03T13:00:00,18.91,72.99,0.0,0.0
2024-07-03T13:00:00,18.93,72.77,0.0,0.0
2024-07-03T13:00:00,18.93,72.79,0.0,0.0
2024-07-03T13:00:00,18.93,72.81,0.0,0.0
2024-07-03T13:00:00,18.93,72.83,0.0,0.0
2024-07-03T13:00:00,18.93,72.85,0.0,0.0
2024-07-03T13:00:00,18.93,72.87,0.0,0.0
2024-07-03T13:00:00,18.93,72.89,0.0,0.0
2024-07-03T13:00:00,18.93,72.91,0.0,0.0
2024-07-03T13:00:00,18.93,72.93,0.0,0.0
2024-07-03T13:00:00,18.93,72.95,0.0,0.0
2024-07-03T13:00:00,18.93,72.97,0.0,0.0
2024-07-03T13:00:00,18.93,72.99,0.0,0.0
2024-07-03T13:00:00,18.95,72.77,0.0,0.0
2024-07-03T13:00:00,18.95,72.79,0.0,0.0
2024-07-03T13:00:00,18.95,72.81,0.0,0.0
2024-07-03T13:00:00,18.95,72.83,0.0,0.0
2024-07-03T13:00:00,18.95,72.85,0.0,0.0
2024-07-03T13:00:00,18.95,72.87,0.0,0.0
2024-07-03T13:00:00,18.95,72.89,0.0,0.0
2024-07-03T13:00:00,18.95,72.91,0.0,0.0
2024-07-03T13:00:00,18.95,72.93,0.0,0.0
2024-07-03T13:00:00,18.95,72.95,0.0,0.0
2024-07-03T13:00:00,18.95,72.97,0.0,0.0
2024-07-03T13:00:00,18.95,72.99,0.0,0.0
2024-07-03T13:00:00,18.97,72.77,0.0,0.0
2024-07-03T13:00:00,18.97,72.79,0.0,0.0
2024-07-03T13:00:00,18.97,72.81,0.0,0.0
2024-07-03T13:00:00,18.97,72.83,0.0,0.0
2024-07-03T13:00:00,18.97,72.85,0.0,0.0
2024-07-03T13:00:00,18.97,72.87,0.0,0.0
2024-07-03T13:00:00,18.97,72.89,0.0,0.0
2024-07-03T13:00:00,18.97,72.91,0.0,0.0
2024-07-03T13:00:00,18.97,72.93,0.0,0.0
2024-07-03T13:00:00,18.97,72.95,0.0,0.0
2024-07-03T13:00:00,18.97,72.97,0.0,0.0
2024-07-03T13:00:00,18.97,72.99,0.0,0.0
2024-07-03T13:00:00,18.99,72.77,0.0,0.0
2024-07-03T13:00:00,18.99,72.79,0.0,0.0
2024-07-03T13:00:00,18.99,72.81,0.0,0.0
2024-07-03T13:00:00,18.99,72.83,0.0,0.0
2024-07-03T13:00:00,18.99,72.85,0.0,0.0
2024-07-03T13:00:00,18.99,72.87,0.0,0.0
2024-07-03T13:00:00,18.99,72.89,0.0,0.0
2024-07-03T13:00:00,18.99,72.91,0.0,0.0
2024-07-03T13:00:00,18.99,72.93,0.0,0.0
2024-07-03T13:00:00,18.99,72.95,0.0,0.0
2024-07-03T13:00:00,18.99,72.97,0.0,0.0
2024-07-03T13:00:00,18.99,72.99,0.0,0.0
2024-07-03T13:00:00,19.01,72.77,0.0,0.0
2024-07-03T13:00:00,19.01,72.79,0.0,0.0
2024-07-03T13:00:00,19.01,72.81,0.0,0.0
2024-07-03T13:00:00,19.01,72.83,0.0,0.0
2024-07-03T13:00:00,19.01,72.85,0.0,0.0
2024-07-03T13:00:00,19.01,72.87,0.0,0.0
2024-07-03T13:00:00,19.01,72.89,0.0,0.0
2024-07-03T13:00:00,19.01,72.91,0.0,0.0
2024-07-03T13:00:00,19.01,72.93,0.0,0.0
2024-07-03T13:00:00,19.01,72.95,0.0,0.0
2024-07-03T13:00:00,19.01,72.97,0.0,0.0
2024-07-03T13:00:00,19.01,72.99,0.0,0.0
2024-07-03T13:00:00,19.03,72.77,0.0,0.0
2024-07-03T13:00:00,19.03,72.79,0.0,0.0
2024-07-03T13:00:00,19.03,72.81,0.0,0.0
2024-07-03T13:00:00,19.03,72.83,0.0,0.0
2024-07-03T13:00:00,19.03,72.85,0.0,0.0
2024-07-03T13:00:00,19.03,72.87,0.0,0.0
2024-07-03T13:00:00,19.03,72.89,0.0,0.0
2024-07-03T13:00:00,19.03,72.91,0.0,0.0
2024-07-03T13:00:00,19.03,72.93,0.0,0.0
2024-07-03T13:00:00,19.03,72.95,0.0,0.0
2024-07-03T13:00:00,19.03,72.97,0.0,0.0
2024-07-03T13:00:00,19.03,72.99,0.0,0.0
2024-07-03T13:00:00,19.05,72.77,0.0,0.0
2024-07-03T13:00:00,19.05,72.79,0.0,0.0
2024-07-03T13:00:00,19.05,72.81,0.0,0.0
2024-07-03T13:00:00,19.05,72.83,0.0,0.0
2024-07-03T13:00:00,19.05,72.85,0.0,0.0
2024-07-03T13:00:00,19.05,72.87,0.0,0.0
2024-07-03T13:00:00,19.05,72.89,0.0,0.0
2024-07-03T13:00:00,19.05,72.91,0.0,0.0
2024-07-03T13:00:00,19.05,72.93,0.0,0.0
2024-07-03T13:00:00,19.05,72.95,0.0,0.0
2024-07-03T13:00:00,19.05,72.97,0.0,0.0
2024-07-03T13:00:00,19.05,72.99,0.0,0.0
2024-07-03T13:00:00,19.07,72.77,0.0,0.0
2024-07-03T13:00:00,19.07,72.79,0.0,0.0
2024-07-03T13:00:00,19.07,72.81,0.0,0.0
2024-07-03T13:00:00,19.07,72.83,0.0,0.0
2024-07-03T13:00:00,19.07,72.85,0.0,0.0
2024-07-03T13:00:00,19.07,72.87,0.0,0.0
2024-07-03T13:00:00,19.07,72.89,0.0,0.0
2024-07-03T13:00:00,19.07,72.91,0.0,0.0
2024-07-03T13:00:00,19.07,72.93,0.0,0.0
2024-07-03T13:00:00,19.07,72.95,0.0,0.0
2024-07-03T13:00:00,19.07,72.97,0.0,0.0
2024-07-03T13:00:00,19.07,72.99,0.0,0.0
2024-07-03T13:00:00,19.09,72.77,0.0,0.0
2024-07-03T13:00:00,19.09,72.79,0.0,0.0
2024-07-03T13:00:00,19.09,72.81,0.0,0.0
2024-07-03T13:00:00,19.09,72.83,0.0,0.0
2024-07-03T13:00:00,19.09,72.85,0.0,0.0
2024-07-03T13:00:00,19.09,72.87,0.0,0.0
2024-07-03T13:00:00,19.09,72.89,0.0,0.0
2024-07-03T13:00:00,19.09,72.91,0.0,0.0
2024-07-03T13:00:00,19.09,72.93,0.0,0.0
2024-07-03T13:00:00,19.09,72.95,0.0,0.0
2024-07-03T13:00:00,19.09,72.97,0.0,0.0
2024-07-03T13:00:00,19.09,72.99,0.0,0.0
2024-07-03T13:00:00,19.11,72.77,0.0,0.0
2024-07-03T13:00:00,19.11,72.79,0.0,0.0
2024-07-03T13:00:00,19.11,72.81,0.0,0.0
2024-07-03T13:00:00,19.11,72.83,0.0,0.0
2024-07-03T13:00:00,19.11,72.85,0.0,0.0
2024-07-03T13:00:00,19.11,72.87,0.0,0.0
2024-07-03T13:00:00,19.11,72.89,0.0,0.0
2024-07-03T13:00:00,19.11,72.91,0.0,0.0
2024-07-03T13:00:00,19.11,72.93,0.0,0.0
2024-07-03T13:00:00,19.11,72.95,0.0,0.0
2024-07-03T13:00:00,19.11,72.97,0.0,0.0
2024-07-03T13:00:00,19.11,72.99,0.0,0.0
2024-07-03T13:00:00,19.13,72.77,0.0,0.0
2024-07-03T13:00:00,19.13,72.79,0.0,0.0
2024-07-03T13:00:00,19.13,72.81,0.0,0.0
2024-07-03T13:00:00,19.13,72.83,0.0,0.0
2024-07-03T13:00:00,19.13,72.85,0.0,0.0
2024-07-03T13:00:00,19.13,72.87,0.0,0.0
2024-07-03T13:00:00,19.13,72.89,0.0,0.0
2024-07-03T13:00:00,19.13,72.91,0.0,0.0
2024-07-03T13:00:00,19.13,72.93,0.0,0.0
2024-07-03T13:00:00,19.13,72.95,0.0,0.0
2024-07-03T13:00:00,19.13,72.97,0.0,0.0
2024-07-03T13:00:00,19.13,72.99,0.0,0.0
2024-07-03T13:00:00,19.15,72.77,0.0,0.0
2024-07-03T13:00:00,19.15,72.79,0.0,0.0
2024-07-03T13:00:00,19.15,72.81,0.0,0.0
2024-07-03T13:00:00,19.15,72.83,0.0,0.0
2024-07-03T13:00:00,19.15,72.85,0.0,0.0
2024-07-03T13:00:00,19.15,72.87,0.0,0.0
2024-07-03T13:00:00,19.15,72.89,0.0,0.0
2024-07-03T13:00:00,19.15,72.91,0.0,0.0
2024-07-03T13:00:00,19.15,72.93,0.0,0.0
2024-07-03T13:00:00,19.15,72.95,0.0,0.0
2024-07-03T13:00:00,19.15,72.97,0.0,0.0
2024-07-03T13:00:00,19.15,72.99,0.0,0.0
2024-07-03T13:00:00,19.17,72.77,0.0,0.0
2024-07-03T13:00:00,19.17,72.79,0.0,0.0
2024-07-03T13:00:00,19.17,72.81,0.0,0.0
2024-07-03T13:00:00,19.17,72.83,0.0,0.0
2024-07-03T13:00:00,19.17,72.85,0.0,0.0
2024-07-03T13:00:00,19.17,72.87,0.0,0.0
2024-07-03T13:00:00,19.17,72.89,0.0,0.0
2024-07-03T13:00:00,19.17,72.91,0.0,0.0
2024-07-03T13:00:00,19.17,72.93,0.0,0.0
2024-07-03T13:00:00,19.17,72.95,0.0,0.0
2024-07-03T13:00:00,19.17,72.97,0.0,0.0
2024-07-03T13:00:00,19.17,72.99,0.0,0.0
2024-07-03T13:00:00,19.19,72.77,0.0,0.0
2024-07-03T13:00:00,19.19,72.79,0.0,0.0
2024-07-03T13:00:00,19.19,72.81,0.0,0.0
2024-07-03T13:00:00,19.19,72.83,0.0,0.0
2024-07-03T13:00:00,19.19,72.85,0.0,0.0
2024-07-03T13:00:00,19.19,72.87,0.0,0.0
2024-07-03T13:00:00,19.19,72.89,0.0,0.0
2024-07-03T13:00:00,19.19,72.91,0.0,0.0
2024-07-03T13:00:00,19.19,72.93,0.0,0.0
2024-07-03T13:00:00,19.19,72.95,0.0,0.0
2024-07-03T13:00:00,19.19,72.97,0.0,0.0
2024-07-03T13:00:00,19.19,72.99,0.0,0.0
2024-07-03T13:00:00,19.21,72.77,0.0,0.0
2024-07-03T13:00:00,19.21,72.79,0.0,0.0
2024-07-03T13:00:00,19.21,72.81,0.0,0.0
2024-07-03T13:00:00,19.21,72.83,0.0,0.0
2024-07-03T13:00:00,19.21,72.85,0.0,0.0
2024-07-03T13:00:00,19.21,72.87,0.0,0.0
2024-07-03T13:00:00,19.21,72.89,0.0,0.0
2024-07-03T13:00:00,19.21,72.91,0.0,0.0
2024-07-03T13:00:00,19.21,72.93,0.0,0.0
2024-07-03T13:00:00,19.21,72.95,0.0,0.0
2024-07-03T13:00:00,19.21,72.97,0.0,0.0
2024-07-03T13:00:00,19.21,72.99,0.0,0.0
2024-07-03T13:00:00,19.23,72.77,0.0,0.0
2024-07-03T13:00:00,19.23,72.79,0.0,0.0
2024-07-03T13:00:00,19.23,72.81,0.0,0.0
2024-07-03T13:00:00,19.23,72.83,0.0,0.0
2024-07-03T13:00:00,19.23,72.85,0.0,0.0
2024-07-03T13:00:00,19.23,72.87,0.0,0.0
2024-07-03T13:00:00,19.23,72.89,0.0,0.0
2024-07-03T13:00:00,19.23,72.91,0.0,0.0
2024-07-03T13:00:00,19.23,72.93,0.0,0.0
2024-07-03T13:00:00,19.23,72.95,0.0,0.0
2024-07-03T13:00:00,19.23,72.97,0.0,0.0
2024-07-03T13:00:00,19.23,72.99,0.0,0.0
2024-07-03T13:00:00,19.25,72.77,0.0,0.0
2024-07-03T13:00:00,19.25,72.79,0.0,0.0
2024-07-03T13:00:00,19.25,72.81,0.0,0.0
2024-07-03T13:00:00,19.25,72.83,0.0,0.0
2024-07-03T13:00:00,19.25,72.85,0.0,0.0
2024-07-03T13:00:00,19.25,72.87,0.0,0.0
2024-07-03T13:00:00,19.25,72.89,0.0,0.0
2024-07-03T13:00:00,19.25,72.91,0.0,0.0
2024-07-03T13:00:00,19.25,72.93,0.0,0.0
2024-07-03T13:00:00,19.25,72.95,0.0,0.0
2024-07-03T13:00:00,19.25,72.97,0.0,0.0
2024-07-03T13:00:00,19.25,72.99,0.0,0.0
2024-07-03T14:00:00,18.87,72.77,0.0,0.0
2024-07-03T14:00:00,18.87,72.79,0.0,0.0
2024-07-03T14:00:00,18.87,72.81,0.0,0.0
2024-07-03T14:00:00,18.87,72.83,0.0,0.0
2024-07-03T14:00:00,18.87,72.85,0.0,0.0
2024-07-03T14:00:00,18.87,72.87,0.0,0.0
2024-07-03T14:00:00,18.87,72.89,0.0,0.0
2024-07-03T14:00:00,18.87,72.91,0.0,0.0
2024-07-03T14:00:00,18.87,72.93,0.0,0.0
2024-07-03T14:00:00,18.87,72.95,0.0,0.0
2024-07-03T14:00:00,18.87,72.97,0.0,0.0
2024-07-03T14:00:00,18.87,72.99,0.0,0.0
2024-07-03T14:00:00,18.89,72.77,0.0,0.0
2024-07-03T14:00:00,18.89,72.79,0.0,0.0
2024-07-03T14:00:00,18.89,72.81,0.0,0.0
2024-07-03T14:00:00,18.89,72.83,0.0,0.0
2024-07-03T14:00:00,18.89,72.85,0.0,0.0
2024-07-03T14:00:00,18.89,72.87,0.0,0.0
2024-07-03T14:00:00,18.89,72.89,0.0,0.0
2024-07-03T14:00:00,18.89,72.91,0.0,0.0
2024-07-03T14:00:00,18.89,72.93,0.0,0.0
2024-07-03T14:00:00,18.89,72.95,0.0,0.0
2024-07-03T14:00:00,18.89,72.97,0.0,0.0
2024-07-03T14:00:00,18.89,72.99,0.0,0.0
2024-07-03T14:00:00,18.91,72.77,0.0,0.0
2024-07-03T14:00:00,18.91,72.79,0.0,0.0
2024-07-03T14:00:00,18.91,72.81,0.0,0.0
2024-07-03T14:00:00,18.91,72.83,0.0,0.0
2024-07-03T14:00:00,18.91,72.85,0.0,0.0
2024-07-03T14:00:00,18.91,72.87,0.0,0.0
2024-07-03T14:00:00,18.91,72.89,0.0,0.0
2024-07-03T14:00:00,18.91,72.91,0.0,0.0
2024-07-03T14:00:00,18.91,72.93,0.0,0.0
2024-07-03T14:00:00,18.91,72.95,0.0,0.0
2024-07-03T14:00:00,18.91,72.97,0.0,0.0
2024-07-03T14:00:00,18.91,72.99,0.0,0.0
2024-07-03T14:00:00,18.93,72.77,0.0,0.0
2024-07-03T14:00:00,18.93,72.79,0.0,0.0
2024-07-03T14:00:00,18.93,72.81,0.0,0.0
2024-07-03T14:00:00,18.93,72.83,0.0,0.0
2024-07-03T14:00:00,18.93,72.85,0.0,0.0
2024-07-03T14:00:00,18.93,72.87,0.0,0.0
2024-07-03T14:00:00,18.93,72.89,0.0,0.0
2024-07-03T14:00:00,18.93,72.91,0.0,0.0
2024-07-03T14:00:00,18.93,72.93,0.0,0.0
2024-07-03T14:00:00,18.93,72.95,0.0,0.0
2024-07-03T14:00:00,18.93,72.97,0.0,0.0
2024-07-03T14:00:00,18.93,72.99,0.0,0.0
2024-07-03T14:00:00,18.95,72.77,0.0,0.0
2024-07-03T14:00:00,18.95,72.79,0.0,0.0
2024-07-03T14:00:00,18.95,72.81,0.0,0.0
2024-07-03T14:00:00,18.95,72.83,0.0,0.0
2024-07-03T14:00:00,18.95,72.85,0.0,0.0
2024-07-03T14:00:00,18.95,72.87,0.0,0.0
2024-07-03T14:00:00,18.95,72.89,0.0,0.0
2024-07-03T14:00:00,18.95,72.91,0.0,0.0
2024-07-03T14:00:00,18.95,72.93,0.0,0.0
2024-07-03T14:00:00,18.95,72.95,0.0,0.0
2024-07-03T14:00:00,18.95,72.97,0.0,0.0
2024-07-03T14:00:00,18.95,72.99,0.0,0.0
2024-07-03T14:00:00,18.97,72.77,0.0,0.0
2024-07-03T14:00:00,18.97,72.79,0.0,0.0
2024-07-03T14:00:00,18.97,72.81,0.0,0.0
2024-07-03T14:00:00,18.97,72.83,0.0,0.0
2024-07-03T14:00:00,18.97,72.85,0.0,0.0
2024-07-03T14:00:00,18.97,72.87,0.0,0.0
2024-07-03T14:00:00,18.97,72.89,0.0,0.0
2024-07-03T14:00:00,18.97,72.91,0.0,0.0
2024-07-03T14:00:00,18.97,72.93,0.0,0.0
2024-07-03T14:00:00,18.97,72.95,0.0,0.0
2024-07-03T14:00:00,18.97,72.97,0.0,0.0
2024-07-03T14:00:00,18.97,72.99,0.0,0.0
2024-07-03T14:00:00,18.99,72.77,0.0,0.0
2024-07-03T14:00:00,18.99,72.79,0.0,0.0
2024-07-03T14:00:00,18.99,72.81,0.0,0.0
2024-07-03T14:00:00,18.99,72.83,0.0,0.0
2024-07-03T14:00:00,18.99,72.85,0.0,0.0
2024-07-03T14:00:00,18.99,72.87,0.0,0.0
2024-07-03T14:00:00,18.99,72.89,0.0,0.0
2024-07-03T14:00:00,18.99,72.91,0.0,0.0
2024-07-03T14:00:00,18.99,72.93,0.0,0.0
2024-07-03T14:00:00,18.99,72.95,0.0,0.0
2024-07-03T14:00:00,18.99,72.97,0.0,0.0
2024-07-03T14:00:00,18.99,72.99,0.0,0.0
2024-07-03T14:00:00,19.01,72.77,0.0,0.0
2024-07-03T14:00:00,19.01,72.79,0.0,0.0
2024-07-03T14:00:00,19.01,72.81,0.0,0.0
2024-07-03T14:00:00,19.01,72.83,0.0,0.0
2024-07-03T14:00:00,19.01,72.85,0.0,0.0
2024-07-03T14:00:00,19.01,72.87,0.0,0.0
2024-07-03T14:00:00,19.01,72.89,0.0,0.0
2024-07-03T14:00:00,19.01,72.91,0.0,0.0
2024-07-03T14:00:00,19.01,72.93,0.0,0.0
2024-07-03T14:00:00,19.01,72.95,0.0,0.0
2024-07-03T14:00:00,19.01,72.97,0.0,0.0
2024-07-03T14:00:00,19.01,72.99,0.0,0.0
2024-07-03T14:00:00,19.03,72.77,0.0,0.0
2024-07-03T14:00:00,19.03,72.79,0.0,0.0
2024-07-03T14:00:00,19.03,72.81,0.0,0.0
2024-07-03T14:00:00,19.03,72.83,0.0,0.0
2024-07-03T14:00:00,19.03,72.85,0.0,0.0
2024-07-03T14:00:00,19.03,72.87,0.0,0.0
2024-07-03T14:00:00,19.03,72.89,0.0,0.0
2024-07-03T14:00:00,19.03,72.91,0.0,0.0
2024-07-03T14:00:00,19.03,72.93,0.0,0.0
2024-07-03T14:00:00,19.03,72.95,0.0,0.0
2024-07-03T14:00:00,19.03,72.97,0.0,0.0
2024-07-03T14:00:00,19.03,72.99,0.0,0.0
2024-07-03T14:00:00,19.05,72.77,0.0,0.0
2024-07-03T14:00:00,19.05,72.79,0.0,0.0
2024-07-03T14:00:00,19.05,72.81,0.0,0.0
2024-07-03T14:00:00,19.05,72.83,0.0,0.0
2024-07-03T14:00:00,19.05,72.85,0.0,0.0
2024-07-03T14:00:00,19.05,72.87,0.0,0.0
2024-07-03T14:00:00,19.05,72.89,0.0,0.0
2024-07-03T14:00:00,19.05,72.91,0.0,0.0
2024-07-03T14:00:00,19.05,72.93,0.0,0.0
2024-07-03T14:00:00,19.05,72.95,0.0,0.0
2024-07-03T14:00:00,19.05,72.97,0.0,0.0
2024-07-03T14:00:00,19.05,72.99,0.0,0.0
2024-07-03T14:00:00,19.07,72.77,0.0,0.0
2024-07-03T14:00:00,19.07,72.79,0.0,0.0
2024-07-03T14:00:00,19.07,72.81,0.0,0.0
2024-07-03T14:00:00,19.07,72.83,0.0,0.0
2024-07-03T14:00:00,19.07,72.85,0.0,0.0
2024-07-03T14:00:00,19.07,72.87,0.0,0.0
2024-07-03T14:00:00,19.07,72.89,0.0,0.0
2024-07-03T14:00:00,19.07,72.91,0.0,0.0
2024-07-03T14:00:00,19.07,72.93,0.0,0.0
2024-07-03T14:00:00,19.07,72.95,0.0,0.0
2024-07-03T14:00:00,19.07,72.97,0.0,0.0
2024-07-03T14:00:00,19.07,72.99,0.0,0.0
2024-07-03T14:00:00,19.09,72.77,0.0,0.0
2024-07-03T14:00:00,19.09,72.79,0.0,0.0
2024-07-03T14:00:00,19.09,72.81,0.0,0.0
2024-07-03T14:00:00,19.09,72.83,0.0,0.0
2024-07-03T14:00:00,19.09,72.85,0.0,0.0
2024-07-03T14:00:00,19.09,72.87,0.0,0.0
2024-07-03T14:00:00,19.09,72.89,0.0,0.0
2024-07-03T14:00:00,19.09,72.91,0.0,0.0
2024-07-03T14:00:00,19.09,72.93,0.0,0.0
2024-07-03T14:00:00,19.09,72.95,0.0,0.0
2024-07-03T14:00:00,19.09,72.97,0.0,0.0
2024-07-03T14:00:00,19.09,72.99,0.0,0.0
2024-07-03T14:00:00,19.11,72.77,0.0,0.0
2024-07-03T14:00:00,19.11,72.79,0.0,0.0
2024-07-03T14:00:00,19.11,72.81,0.0,0.0
2024-07-03T14:00:00,19.11,72.83,0.0,0.0
2024-07-03T14:00:00,19.11,72.85,0.0,0.0
2024-07-03T14:00:00,19.11,72.87,0.0,0.0
2024-07-03T14:00:00,19.11,72.89,0.0,0.0
2024-07-03T14:00:00,19.11,72.91,0.0,0.0
2024-07-03T14:00:00,19.11,72.93,0.0,0.0
2024-07-03T14:00:00,19.11,72.95,0.0,0.0
2024-07-03T14:00:00,19.11,72.97,0.0,0.0
2024-07-03T14:00:00,19.11,72.99,0.0,0.0
2024-07-03T14:00:00,19.13,72.77,0.0,0.0
2024-07-03T14:00:00,19.13,72.79,0.0,0.0
2024-07-03T14:00:00,19.13,72.81,0.0,0.0
2024-07-03T14:00:00,19.13,72.83,0.0,0.0
2024-07-03T14:00:00,19.13,72.85,0.0,0.0
2024-07-03T14:00:00,19.13,72.87,0.0,0.0
2024-07-03T14:00:00,19.13,72.89,0.0,0.0
2024-07-03T14:00:00,19.13,72.91,0.0,0.0
2024-07-03T14:00:00,19.13,72.93,0.0,0.0
2024-07-03T14:00:00,19.13,72.95,0.0,0.0
2024-07-03T14:00:00,19.13,72.97,0.0,0.0
2024-07-03T14:00:00,19.13,72.99,0.0,0.0
2024-07-03T14:00:00,19.15,72.77,0.0,0.0
2024-07-03T14:00:00,19.15,72.79,0.0,0.0
2024-07-03T14:00:00,19.15,72.81,0.0,0.0
2024-07-03T14:00:00,19.15,72.83,0.0,0.0
2024-07-03T14:00:00,19.15,72.85,0.0,0.0
2024-07-03T14:00:00,19.15,72.87,0.0,0.0
2024-07-03T14:00:00,19.15,72.89,0.0,0.0
2024-07-03T14:00:00,19.15,72.91,0.0,0.0
2024-07-03T14:00:00,19.15,72.93,0.0,0.0
2024-07-03T14:00:00,19.15,72.95,0.0,0.0
2024-07-03T14:00:00,19.15,72.97,0.0,0.0
2024-07-03T14:00:00,19.15,72.99,0.0,0.0
2024-07-03T14:00:00,19.17,72.77,0.0,0.0
2024-07-03T14:00:00,19.17,72.79,0.0,0.0
2024-07-03T14:00:00,19.17,72.81,0.0,0.0
2024-07-03T14:00:00,19.17,72.83,0.0,0.0
2024-07-03T14:00:00,19.17,72.85,0.0,0.0
2024-07-03T14:00:00,19.17,72.87,0.0,0.0
2024-07-03T14:00:00,19.17,72.89,0.0,0.0
2024-07-03T14:00:00,19.17,72.91,0.0,0.0
2024-07-03T14:00:00,19.17,72.93,0.0,0.0
2024-07-03T14:00:00,19.17,72.95,0.0,0.0
2024-07-03T14:00:00,19.17,72.97,0.0,0.0
2024-07-03T14:00:00,19.17,72.99,0.0,0.0
2024-07-03T14:00:00,19.19,72.77,0.0,0.0
2024-07-03T14:00:00,19.19,72.79,0.0,0.0
2024-07-03T14:00:00,19.19,72.81,0.0,0.0
2024-07-03T14:00:00,19.19,72.83,0.0,0.0
2024-07-03T14:00:00,19.19,72.85,0.0,0.0
2024-07-03T14:00:00,19.19,72.87,0.0,0.0
2024-07-03T14:00:00,19.19,72.89,0.0,0.0
2024-07-03T14:00:00,19.19,72.91,0.0,0.0
2024-07-03T14:00:00,19.19,72.93,0.0,0.0
2024-07-03T14:00:00,19.19,72.95,0.0,0.0
2024-07-03T14:00:00,19.19,72.97,0.0,0.0
2024-07-03T14:00:00,19.19,72.99,0.0,0.0
2024-07-03T14:00:00,19.21,72.77,0.0,0.0
2024-07-03T14:00:00,19.21,72.79,0.0,0.0
2024-07-03T14:00:00,19.21,72.81,0.0,0.0
2024-07-03T14:00:00,19.21,72.83,0.0,0.0
2024-07-03T14:00:00,19.21,72.85,0.0,0.0
2024-07-03T14:00:00,19.21,72.87,0.0,0.0
2024-07-03T14:00:00,19.21,72.89,0.0,0.0
2024-07-03T14:00:00,19.21,72.91,0.0,0.0
2024-07-03T14:00:00,19.21,72.93,0.0,0.0
2024-07-03T14:00:00,19.21,72.95,0.0,0.0
2024-07-03T14:00:00,19.21,72.97,0.0,0.0
2024-07-03T14:00:00,19.21,72.99,0.0,0.0
2024-07-03T14:00:00,19.23,72.77,0.0,0.0
2024-07-03T14:00:00,19.23,72.79,0.0,0.0
2024-07-03T14:00:00,19.23,72.81,0.0,0.0
2024-07-03T14:00:00,19.23,72.83,0.0,0.0
2024-07-03T14:00:00,19.23,72.85,0.0,0.0
2024-07-03T14:00:00,19.23,72.87,0.0,0.0
2024-07-03T14:00:00,19.23,72.89,0.0,0.0
2024-07-03T14:00:00,19.23,72.91,0.0,0.0
2024-07-03T14:00:00,19.23,72.93,0.0,0.0
2024-07-03T14:00:00,19.23,72.95,0.0,0.0
2024-07-03T14:00:00,19.23,72.97,0.0,0.0
2024-07-03T14:00:00,19.23,72.99,0.0,0.0
2024-07-03T14:00:00,19.25,72.77,0.0,0.0
2024-07-03T14:00:00,19.25,72.79,0.0,0.0
2024-07-03T14:00:00,19.25,72.81,0.0,0.0
2024-07-03T14:00:00,19.25,72.83,0.0,0.0
2024-07-03T14:00:00,19.25,72.85,0.0,0.0
2024-07-03T14:00:00,19.25,72.87,0.0,0.0
2024-07-03T14:00:00,19.25,72.89,0.0,0.0
2024-07-03T14:00:00,19.25,72.91,0.0,0.0
2024-07-03T14:00:00,19.25,72.93,0.0,0.0
2024-07-03T14:00:00,19.25,72.95,0.0,0.0
2024-07-03T14:00:00,19.25,72.97,0.0,0.0
2024-07-03T14:00:00,19.25,72.99,0.0,0.0
2024-07-03T15:00:00,18.87,72.77,0.0,0.0
2024-07-03T15:00:00,18.87,72.79,0.0,0.0
2024-07-03T15:00:00,18.87,72.81,0.0,0.0
2024-07-03T15:00:00,18.87,72.83,0.0,0.0
2024-07-03T15:00:00,18.87,72.85,0.0,0.0
2024-07-03T15:00:00,18.87,72.87,0.0,0.0
2024-07-03T15:00:00,18.87,72.89,0.0,0.0
2024-07-03T15:00:00,18.87,72.91,0.0,0.0
2024-07-03T15:00:00,18.87,72.93,0.0,0.0
2024-07-03T15:00:00,18.87,72.95,0.0,0.0
2024-07-03T15:00:00,18.87,72.97,0.0,0.0
2024-07-03T15:00:00,18.87,72.99,0.0,0.0
2024-07-03T15:00:00,18.89,72.77,0.0,0.0
2024-07-03T15:00:00,18.89,72.79,0.0,0.0
2024-07-03T15:00:00,18.89,72.81,0.0,0.0
2024-07-03T15:00:00,18.89,72.83,0.0,0.0
2024-07-03T15:00:00,18.89,72.85,0.0,0.0
2024-07-03T15:00:00,18.89,72.87,0.0,0.0
2024-07-03T15:00:00,18.89,72.89,0.0,0.0
2024-07-03T15:00:00,18.89,72.91,0.0,0.0
2024-07-03T15:00:00,18.89,72.93,0.0,0.0
2024-07-03T15:00:00,18.89,72.95,0.0,0.0
2024-07-03T15:00:00,18.89,72.97,0.0,0.0
2024-07-03T15:00:00,18.89,72.99,0.0,0.0
2024-07-03T15:00:00,18.91,72.77,0.0,0.0
2024-07-03T15:00:00,18.91,72.79,0.0,0.0
2024-07-03T15:00:00,18.91,72.81,0.0,0.0
2024-07-03T15:00:00,18.91,72.83,0.0,0.0
2024-07-03T15:00:00,18.91,72.85,0.0,0.0
2024-07-03T15:00:00,18.91,72.87,0.0,0.0
2024-07-03T15:00:00,18.91,72.89,0.0,0.0
2024-07-03T15:00:00,18.91,72.91,0.0,0.0
2024-07-03T15:00:00,18.91,72.93,0.0,0.0
2024-07-03T15:00:00,18.91,72.95,0.0,0.0
2024-07-03T15:00:00,18.91,72.97,0.0,0.0
2024-07-03T15:00:00,18.91,72.99,0.0,0.0
2024-07-03T15:00:00,18.93,72.77,0.0,0.0
2024-07-03T15:00:00,18.93,72.79,0.0,0.0
2024-07-03T15:00:00,18.93,72.81,0.0,0.0
2024-07-03T15:00:00,18.93,72.83,0.0,0.0
2024-07-03T15:00:00,18.93,72.85,0.0,0.0
2024-07-03T15:00:00,18.93,72.87,0.0,0.0
2024-07-03T15:00:00,18.93,72.89,0.0,0.0
2024-07-03T15:00:00,18.93,72.91,0.0,0.0
2024-07-03T15:00:00,18.93,72.93,0.0,0.0
2024-07-03T15:00:00,18.93,72.95,0.0,0.0
2024-07-03T15:00:00,18.93,72.97,0.0,0.0
2024-07-03T15:00:00,18.93,72.99,0.0,0.0
2024-07-03T15:00:00,18.95,72.77,0.0,0.0
2024-07-03T15:00:00,18.95,72.79,0.0,0.0
2024-07-03T15:00:00,18.95,72.81,0.0,0.0
2024-07-03T15:00:00,18.95,72.83,0.0,0.0
2024-07-03T15:00:00,18.95,72.85,0.0,0.0
2024-07-03T15:00:00,18.95,72.87,0.0,0.0
2024-07-03T15:00:00,18.95,72.89,0.0,0.0
2024-07-03T15:00:00,18.95,72.91,0.0,0.0
2024-07-03T15:00:00,18.95,72.93,0.0,0.0
2024-07-03T15:00:00,18.95,72.95,0.0,0.0
2024-07-03T15:00:00,18.95,72.97,0.0,0.0
2024-07-03T15:00:00,18.95,72.99,0.0,0.0
2024-07-03T15:00:00,18.97,72.77,0.0,0.0
2024-07-03T15:00:00,18.97,72.79,0.0,0.0
2024-07-03T15:00:00,18.97,72.81,0.0,0.0
2024-07-03T15:00:00,18.97,72.83,0.0,0.0
2024-07-03T15:00:00,18.97,72.85,0.0,0.0
2024-07-03T15:00:00,18.97,72.87,0.0,0.0
2024-07-03T15:00:00,18.97,72.89,0.0,0.0
2024-07-03T15:00:00,18.97,72.91,0.0,0.0
2024-07-03T15:00:00,18.97,72.93,0.0,0.0
2024-07-03T15:00:00,18.97,72.95,0.0,0.0
2024-07-03T15:00:00,18.97,72.97,0.0,0.0
2024-07-03T15:00:00,18.97,72.99,0.0,0.0
2024-07-03T15:00:00,18.99,72.77,0.0,0.0
2024-07-03T15:00:00,18.99,72.79,0.0,0.0
2024-07-03T15:00:00,18.99,72.81,0.0,0.0
2024-07-03T15:00:00,18.99,72.83,0.0,0.0
2024-07-03T15:00:00,18.99,72.85,0.0,0.0
2024-07-03T15:00:00,18.99,72.87,0.0,0.0
2024-07-03T15:00:00,18.99,72.89,0.0,0.0
2024-07-03T15:00:00,18.99,72.91,0.0,0.0
2024-07-03T15:00:00,18.99,72.93,0.0,0.0
2024-07-03T15:00:00,18.99,72.95,0.0,0.0
2024-07-03T15:00:00,18.99,72.97,0.0,0.0
2024-07-03T15:00:00,18.99,72.99,0.0,0.0
2024-07-03T15:00:00,19.01,72.77,0.0,0.0
2024-07-03T15:00:00,19.01,72.79,0.0,0.0
2024-07-03T15:00:00,19.01,72.81,0.0,0.0
2024-07-03T15:00:00,19.01,72.83,0.0,0.0
2024-07-03T15:00:00,19.01,72.85,0.0,0.0
2024-07-03T15:00:00,19.01,72.87,0.0,0.0
2024-07-03T15:00:00,19.01,72.89,0.0,0.0
2024-07-03T15:00:00,19.01,72.91,0.0,0.0
2024-07-03T15:00:00,19.01,72.93,0.0,0.0
2024-07-03T15:00:00,19.01,72.95,0.0,0.0
2024-07-03T15:00:00,19.01,72.97,0.0,0.0
2024-07-03T15:00:00,19.01,72.99,0.0,0.0
2024-07-03T15:00:00,19.03,72.77,0.0,0.0
2024-07-03T15:00:00,19.03,72.79,0.0,0.0
2024-07-03T15:00:00,19.03,72.81,0.0,0.0
2024-07-03T15:00:00,19.03,72.83,0.0,0.0
2024-07-03T15:00:00,19.03,72.85,0.0,0.0
2024-07-03T15:00:00,19.03,72.87,0.0,0.0
2024-07-03T15:00:00,19.03,72.89,0.0,0.0
2024-07-03T15:00:00,19.03,72.91,0.0,0.0
2024-07-03T15:00:00,19.03,72.93,0.0,0.0
2024-07-03T15:00:00,19.03,72.95,0.0,0.0
2024-07-03T15:00:00,19.03,72.97,0.0,0.0
2024-07-03T15:00:00,19.03,72.99,0.0,0.0
2024-07-03T15:00:00,19.05,72.77,0.0,0.0
2024-07-03T15:00:00,19.05,72.79,0.0,0.0
2024-07-03T15:00:00,19.05,72.81,0.0,0.0
2024-07-03T15:00:00,19.05,72.83,0.0,0.0
2024-07-03T15:00:00,19.05,72.85,0.0,0.0
2024-07-03T15:00:00,19.05,72.87,0.0,0.0
2024-07-03T15:00:00,19.05,72.89,0.0,0.0
2024-07-03T15:00:00,19.05,72.91,0.0,0.0
2024-07-03T15:00:00,19.05,72.93,0.0,0.0
2024-07-03T15:00:00,19.05,72.95,0.0,0.0
2024-07-03T15:00:00,19.05,72.97,0.0,0.0
2024-07-03T15:00:00,19.05,72.99,0.0,0.0
2024-07-03T15:00:00,19.07,72.77,0.0,0.0
2024-07-03T15:00:00,19.07,72.79,0.0,0.0
2024-07-03T15:00:00,19.07,72.81,0.0,0.0
2024-07-03T15:00:00,19.07,72.83,0.0,0.0
2024-07-03T15:00:00,19.07,72.85,0.0,0.0
2024-07-03T15:00:00,19.07,72.87,0.0,0.0
2024-07-03T15:00:00,19.07,72.89,0.0,0.0
2024-07-03T15:00:00,19.07,72.91,0.0,0.0
2024-07-03T15:00:00,19.07,72.93,0.0,0.0
2024-07-03T15:00:00,19.07,72.95,0.0,0.0
2024-07-03T15:00:00,19.07,72.97,0.0,0.0
2024-07-03T15:00:00,19.07,72.99,0.0,0.0
2024-07-03T15:00:00,19.09,72.77,0.0,0.0
2024-07-03T15:00:00,19.09,72.79,0.0,0.0
2024-07-03T15:00:00,19.09,72.81,0.0,0.0
2024-07-03T15:00:00,19.09,72.83,0.0,0.0
2024-07-03T15:00:00,19.09,72.85,0.0,0.0
2024-07-03T15:00:00,19.09,72.87,0.0,0.0
2024-07-03T15:00:00,19.09,72.89,0.0,0.0
2024-07-03T15:00:00,19.09,72.91,0.0,0.0
2024-07-03T15:00:00,19.09,72.93,0.0,0.0
2024-07-03T15:00:00,19.09,72.95,0.0,0.0
2024-07-03T15:00:00,19.09,72.97,0.0,0.0
2024-07-03T15:00:00,19.09,72.99,0.0,0.0
2024-07-03T15:00:00,19.11,72.77,0.0,0.0
2024-07-03T15:00:00,19.11,72.79,0.0,0.0
2024-07-03T15:00:00,19.11,72.81,0.0,0.0
2024-07-03T15:00:00,19.11,72.83,0.0,0.0
2024-07-03T15:00:00,19.11,72.85,0.0,0.0
2024-07-03T15:00:00,19.11,72.87,0.0,0.0
2024-07-03T15:00:00,19.11,72.89,0.0,0.0
2024-07-03T15:00:00,19.11,72.91,0.0,0.0
2024-07-03T15:00:00,19.11,72.93,0.0,0.0
2024-07-03T15:00:00,19.11,72.95,0.0,0.0
2024-07-03T15:00:00,19.11,72.97,0.0,0.0
2024-07-03T15:00:00,19.11,72.99,0.0,0.0
2024-07-03T15:00:00,19.13,72.77,0.0,0.0
2024-07-03T15:00:00,19.13,72.79,0.0,0.0
2024-07-03T15:00:00,19.13,72.81,0.0,0.0
2024-07-03T15:00:00,19.13,72.83,0.0,0.0
2024-07-03T15:00:00,19.13,72.85,0.0,0.0
2024-07-03T15:00:00,19.13,72.87,0.0,0.0
2024-07-03T15:00:00,19.13,72.89,0.0,0.0
2024-07-03T15:00:00,19.13,72.91,0.0,0.0
2024-07-03T15:00:00,19.13,72.93,0.0,0.0
2024-07-03T15:00:00,19.13,72.95,0.0,0.0
2024-07-03T15:00:00,19.13,72.97,0.0,0.0
2024-07-03T15:00:00,19.13,72.99,0.0,0.0
2024-07-03T15:00:00,19.15,72.77,0.0,0.0
2024-07-03T15:00:00,19.15,72.79,0.0,0.0
2024-07-03T15:00:00,19.15,72.81,0.0,0.0
2024-07-03T15:00:00,19.15,72.83,0.0,0.0
2024-07-03T15:00:00,19.15,72.85,0.0,0.0
2024-07-03T15:00:00,19.15,72.87,0.0,0.0
2024-07-03T15:00:00,19.15,72.89,0.0,0.0
2024-07-03T15:00:00,19.15,72.91,0.0,0.0
2024-07-03T15:00:00,19.15,72.93,0.0,0.0
2024-07-03T15:00:00,19.15,72.95,0.0,0.0
2024-07-03T15:00:00,19.15,72.97,0.0,0.0
2024-07-03T15:00:00,19.15,72.99,0.0,0.0
2024-07-03T15:00:00,19.17,72.77,0.0,0.0
2024-07-03T15:00:00,19.17,72.79,0.0,0.0
2024-07-03T15:00:00,19.17,72.81,0.0,0.0
2024-07-03T15:00:00,19.17,72.83,0.0,0.0
2024-07-03T15:00:00,19.17,72.85,0.0,0.0
2024-07-03T15:00:00,19.17,72.87,0.0,0.0
2024-07-03T15:00:00,19.17,72.89,0.0,0.0
2024-07-03T15:00:00,19.17,72.91,0.0,0.0
2024-07-03T15:00:00,19.17,72.93,0.0,0.0
2024-07-03T15:00:00,19.17,72.95,0.0,0.0
2024-07-03T15:00:00,19.17,72.97,0.0,0.0
2024-07-03T15:00:00,19.17,72.99,0.0,0.0
2024-07-03T15:00:00,19.19,72.77,0.0,0.0
2024-07-03T15:00:00,19.19,72.79,0.0,0.0
2024-07-03T15:00:00,19.19,72.81,0.0,0.0
2024-07-03T15:00:00,19.19,72.83,0.0,0.0
2024-07-03T15:00:00,19.19,72.85,0.0,0.0
2024-07-03T15:00:00,19.19,72.87,0.0,0.0
2024-07-03T15:00:00,19.19,72.89,0.0,0.0
2024-07-03T15:00:00,19.19,72.91,0.0,0.0
2024-07-03T15:00:00,19.19,72.93,0.0,0.0
2024-07-03T15:00:00,19.19,72.95,0.0,0.0
2024-07-03T15:00:00,19.19,72.97,0.0,0.0
2024-07-03T15:00:00,19.19,72.99,0.0,0.0
2024-07-03T15:00:00,19.21,72.77,0.0,0.0
2024-07-03T15:00:00,19.21,72.79,0.0,0.0
2024-07-03T15:00:00,19.21,72.81,0.0,0.0
2024-07-03T15:00:00,19.21,72.83,0.0,0.0
2024-07-03T15:00:00,19.21,72.85,0.0,0.0
2024-07-03T15:00:00,19.21,72.87,0.0,0.0
2024-07-03T15:00:00,19.21,72.89,0.0,0.0
2024-07-03T15:00:00,19.21,72.91,0.0,0.0
2024-07-03T15:00:00,19.21,72.93,0.0,0.0
2024-07-03T15:00:00,19.21,72.95,0.0,0.0
2024-07-03T15:00:00,19.21,72.97,0.0,0.0
2024-07-03T15:00:00,19.21,72.99,0.0,0.0
2024-07-03T15:00:00,19.23,72.77,0.0,0.0
2024-07-03T15:00:00,19.23,72.79,0.0,0.0
2024-07-03T15:00:00,19.23,72.81,0.0,0.0
2024-07-03T15:00:00,19.23,72.83,0.0,0.0
2024-07-03T15:00:00,19.23,72.85,0.0,0.0
2024-07-03T15:00:00,19.23,72.87,0.0,0.0
2024-07-03T15:00:00,19.23,72.89,0.0,0.0
2024-07-03T15:00:00,19.23,72.91,0.0,0.0
2024-07-03T15:00:00,19.23,72.93,0.0,0.0
2024-07-03T15:00:00,19.23,72.95,0.0,0.0
2024-07-03T15:00:00,19.23,72.97,0.0,0.0
2024-07-03T15:00:00,19.23,72.99,0.0,0.0
2024-07-03T15:00:00,19.25,72.77,0.0,0.0
2024-07-03T15:00:00,19.25,72.79,0.0,0.0
2024-07-03T15:00:00,19.25,72.81,0.0,0.0
2024-07-03T15:00:00,19.25,72.83,0.0,0.0
2024-07-03T15:00:00,19.25,72.85,0.0,0.0
2024-07-03T15:00:00,19.25,72.87,0.0,0.0
2024-07-03T15:00:00,19.25,72.89,0.0,0.0
2024-07-03T15:00:00,19.25,72.91,0.0,0.0
2024-07-03T15:00:00,19.25,72.93,0.0,0.0
2024-07-03T15:00:00,19.25,72.95,0.0,0.0
2024-07-03T15:00:00,19.25,72.97,0.0,0.0
2024-07-03T15:00:00,19.25,72.99,0.0,0.0
2024-07-03T16:00:00,18.87,72.77,0.0,0.0
2024-07-03T16:00:00,18.87,72.79,0.0,0.0
2024-07-03T16:00:00,18.87,72.81,0.0,0.0
2024-07-03T16:00:00,18.87,72.83,0.0,0.0
2024-07-03T16:00:00,18.87,72.85,0.0,0.0
2024-07-03T16:00:00,18.87,72.87,0.0,0.0
2024-07-03T16:00:00,18.87,72.89,0.0,0.0
2024-07-03T16:00:00,18.87,72.91,0.0,0.0
2024-07-03T16:00:00,18.87,72.93,0.0,0.0
2024-07-03T16:00:00,18.87,72.95,0.0,0.0
2024-07-03T16:00:00,18.87,72.97,0.0,0.0
2024-07-03T16:00:00,18.87,72.99,0.0,0.0
2024-07-03T16:00:00,18.89,72.77,0.0,0.0
2024-07-03T16:00:00,18.89,72.79,0.0,0.0
2024-07-03T16:00:00,18.89,72.81,0.0,0.0
2024-07-03T16:00:00,18.89,72.83,0.0,0.0
2024-07-03T16:00:00,18.89,72.85,0.0,0.0
2024-07-03T16:00:00,18.89,72.87,0.0,0.0
2024-07-03T16:00:00,18.89,72.89,0.0,0.0
2024-07-03T16:00:00,18.89,72.91,0.0,0.0
2024-07-03T16:00:00,18.89,72.93,0.0,0.0
2024-07-03T16:00:00,18.89,72.95,0.0,0.0
2024-07-03T16:00:00,18.89,72.97,0.0,0.0
2024-07-03T16:00:00,18.89,72.99,0.0,0.0
2024-07-03T16:00:00,18.91,72.77,0.0,0.0
2024-07-03T16:00:00,18.91,72.79,0.0,0.0
2024-07-03T16:00:00,18.91,72.81,0.0,0.0
2024-07-03T16:00:00,18.91,72.83,0.0,0.0
2024-07-03T16:00:00,18.91,72.85,0.0,0.0
2024-07-03T16:00:00,18.91,72.87,0.0,0.0
2024-07-03T16:00:00,18.91,72.89,0.0,0.0
2024-07-03T16:00:00,18.91,72.91,0.0,0.0
2024-07-03T16:00:00,18.91,72.93,0.0,0.0
2024-07-03T16:00:00,18.91,72.95,0.0,0.0
2024-07-03T16:00:00,18.91,72.97,0.0,0.0
2024-07-03T16:00:00,18.91,72.99,0.0,0.0
2024-07-03T16:00:00,18.93,72.77,0.0,0.0
2024-07-03T16:00:00,18.93,72.79,0.0,0.0
2024-07-03T16:00:00,18.93,72.81,0.0,0.0
2024-07-03T16:00:00,18.93,72.83,0.0,0.0
2024-07-03T16:00:00,18.93,72.85,0.0,0.0
2024-07-03T16:00:00,18.93,72.87,0.0,0.0
2024-07-03T16:00:00,18.93,72.89,0.0,0.0
2024-07-03T16:00:00,18.93,72.91,0.0,0.0
2024-07-03T16:00:00,18.93,72.93,0.0,0.0
2024-07-03T16:00:00,18.93,72.95,0.0,0.0
2024-07-03T16:00:00,18.93,72.97,0.0,0.0
2024-07-03T16:00:00,18.93,72.99,0.0,0.0
2024-07-03T16:00:00,18.95,72.77,0.0,0.0
2024-07-03T16:00:00,18.95,72.79,0.0,0.0
2024-07-03T16:00:00,18.95,72.81,0.0,0.0
2024-07-03T16:00:00,18.95,72.83,0.0,0.0
2024-07-03T16:00:00,18.95,72.85,0.0,0.0
2024-07-03T16:00:00,18.95,72.87,0.0,0.0
2024-07-03T16:00:00,18.95,72.89,0.0,0.0
2024-07-03T16:00:00,18.95,72.91,0.0,0.0
2024-07-03T16:00:00,18.95,72.93,0.0,0.0
2024-07-03T16:00:00,18.95,72.95,0.0,0.0
2024-07-03T16:00:00,18.95,72.97,0.0,0.0
2024-07-03T16:00:00,18.95,72.99,0.0,0.0
2024-07-03T16:00:00,18.97,72.77,0.0,0.0
2024-07-03T16:00:00,18.97,72.79,0.0,0.0
2024-07-03T16:00:00,18.97,72.81,0.0,0.0
2024-07-03T16:00:00,18.97,72.83,0.0,0.0
2024-07-03T16:00:00,18.97,72.85,0.0,0.0
2024-07-03T16:00:00,18.97,72.87,0.0,0.0
2024-07-03T16:00:00,18.97,72.89,0.0,0.0
2024-07-03T16:00:00,18.97,72.91,0.0,0.0
2024-07-03T16:00:00,18.97,72.93,0.0,0.0
2024-07-03T16:00:00,18.97,72.95,0.0,0.0
2024-07-03T16:00:00,18.97,72.97,0.0,0.0
2024-07-03T16:00:00,18.97,72.99,0.0,0.0
2024-07-03T16:00:00,18.99,72.77,0.0,0.0
2024-07-03T16:00:00,18.99,72.79,0.0,0.0
2024-07-03T16:00:00,18.99,72.81,0.0,0.0
2024-07-03T16:00:00,18.99,72.83,0.0,0.0
2024-07-03T16:00:00,18.99,72.85,0.0,0.0
2024-07-03T16:00:00,18.99,72.87,0.0,0.0
2024-07-03T16:00:00,18.99,72.89,0.0,0.0
2024-07-03T16:00:00,18.99,72.91,0.0,0.0
2024-07-03T16:00:00,18.99,72.93,0.0,0.0
2024-07-03T16:00:00,18.99,72.95,0.0,0.0
2024-07-03T16:00:00,18.99,72.97,0.0,0.0
2024-07-03T16:00:00,18.99,72.99,0.0,0.0
2024-07-03T16:00:00,19.01,72.77,0.0,0.0
2024-07-03T16:00:00,19.01,72.79,0.0,0.0
2024-07-03T16:00:00,19.01,72.81,0.0,0.0
2024-07-03T16:00:00,19.01,72.83,0.0,0.0
2024-07-03T16:00:00,19.01,72.85,0.0,0.0
2024-07-03T16:00:00,19.01,72.87,0.0,0.0
2024-07-03T16:00:00,19.01,72.89,0.0,0.0
2024-07-03T16:00:00,19.01,72.91,0.0,0.0
2024-07-03T16:00:00,19.01,72.93,0.0,0.0
2024-07-03T16:00:00,19.01,72.95,0.0,0.0
2024-07-03T16:00:00,19.01,72.97,0.0,0.0
2024-07-03T16:00:00,19.01,72.99,0.0,0.0
2024-07-03T16:00:00,19.03,72.77,0.0,0.0
2024-07-03T16:00:00,19.03,72.79,0.0,0.0
2024-07-03T16:00:00,19.03,72.81,0.0,0.0
2024-07-03T16:00:00,19.03,72.83,0.0,0.0
2024-07-03T16:00:00,19.03,72.85,0.0,0.0
2024-07-03T16:00:00,19.03,72.87,0.0,0.0
2024-07-03T16:00:00,19.03,72.89,0.0,0.0
2024-07-03T16:00:00,19.03,72.91,0.0,0.0
2024-07-03T16:00:00,19.03,72.93,0.0,0.0
2024-07-03T16:00:00,19.03,72.95,0.0,0.0
2024-07-03T16:00:00,19.03,72.97,0.0,0.0
2024-07-03T16:00:00,19.03,72.99,0.0,0.0
2024-07-03T16:00:00,19.05,72.77,0.0,0.0
2024-07-03T16:00:00,19.05,72.79,0.0,0.0
2024-07-03T16:00:00,19.05,72.81,0.0,0.0
2024-07-03T16:00:00,19.05,72.83,0.0,0.0
2024-07-03T16:00:00,19.05,72.85,0.0,0.0
2024-07-03T16:00:00,19.05,72.87,0.0,0.0
2024-07-03T16:00:00,19.05,72.89,0.0,0.0
2024-07-03T16:00:00,19.05,72.91,0.0,0.0
2024-07-03T16:00:00,19.05,72.93,0.0,0.0
2024-07-03T16:00:00,19.05,72.95,0.0,0.0
2024-07-03T16:00:00,19.05,72.97,0.0,0.0
2024-07-03T16:00:00,19.05,72.99,0.0,0.0
2024-07-03T16:00:00,19.07,72.77,0.0,0.0
2024-07-03T16:00:00,19.07,72.79,0.0,0.0
2024-07-03T16:00:00,19.07,72.81,0.0,0.0
2024-07-03T16:00:00,19.07,72.83,0.0,0.0
2024-07-03T16:00:00,19.07,72.85,0.0,0.0
2024-07-03T16:00:00,19.07,72.87,0.0,0.0
2024-07-03T16:00:00,19.07,72.89,0.0,0.0
2024-07-03T16:00:00,19.07,72.91,0.0,0.0
2024-07-03T16:00:00,19.07,72.93,0.0,0.0
2024-07-03T16:00:00,19.07,72.95,0.0,0.0
2024-07-03T16:00:00,19.07,72.97,0.0,0.0
2024-07-03T16:00:00,19.07,72.99,0.0,0.0
2024-07-03T16:00:00,19.09,72.77,0.0,0.0
2024-07-03T16:00:00,19.09,72.79,0.0,0.0
2024-07-03T16:00:00,19.09,72.81,0.0,0.0
2024-07-03T16:00:00,19.09,72.83,0.0,0.0
2024-07-03T16:00:00,19.09,72.85,0.0,0.0
2024-07-03T16:00:00,19.09,72.87,0.0,0.0
2024-07-03T16:00:00,19.09,72.89,0.0,0.0
2024-07-03T16:00:00,19.09,72.91,0.0,0.0
2024-07-03T16:00:00,19.09,72.93,0.0,0.0
2024-07-03T16:00:00,19.09,72.95,0.0,0.0
2024-07-03T16:00:00,19.09,72.97,0.0,0.0
2024-07-03T16:00:00,19.09,72.99,0.0,0.0
2024-07-03T16:00:00,19.11,72.77,0.0,0.0
2024-07-03T16:00:00,19.11,72.79,0.0,0.0
2024-07-03T16:00:00,19.11,72.81,0.0,0.0
2024-07-03T16:00:00,19.11,72.83,0.0,0.0
2024-07-03T16:00:00,19.11,72.85,0.0,0.0
2024-07-03T16:00:00,19.11,72.87,0.0,0.0
2024-07-03T16:00:00,19.11,72.89,0.0,0.0
2024-07-03T16:00:00,19.11,72.91,0.0,0.0
2024-07-03T16:00:00,19.11,72.93,0.0,0.0
2024-07-03T16:00:00,19.11,72.95,0.0,0.0
2024-07-03T16:00:00,19.11,72.97,0.0,0.0
2024-07-03T16:00:00,19.11,72.99,0.0,0.0
2024-07-03T16:00:00,19.13,72.77,0.0,0.0
2024-07-03T16:00:00,19.13,72.79,0.0,0.0
2024-07-03T16:00:00,19.13,72.81,0.0,0.0
2024-07-03T16:00:00,19.13,72.83,0.0,0.0
2024-07-03T16:00:00,19.13,72.85,0.0,0.0
2024-07-03T16:00:00,19.13,72.87,0.0,0.0
2024-07-03T16:00:00,19.13,72.89,0.0,0.0
2024-07-03T16:00:00,19.13,72.91,0.0,0.0
2024-07-03T16:00:00,19.13,72.93,0.0,0.0
2024-07-03T16:00:00,19.13,72.95,0.0,0.0
2024-07-03T16:00:00,19.13,72.97,0.0,0.0
2024-07-03T16:00:00,19.13,72.99,0.0,0.0
2024-07-03T16:00:00,19.15,72.77,0.0,0.0
2024-07-03T16:00:00,19.15,72.79,0.0,0.0
2024-07-03T16:00:00,19.15,72.81,0.0,0.0
2024-07-03T16:00:00,19.15,72.83,0.0,0.0
2024-07-03T16:00:00,19.15,72.85,0.0,0.0
2024-07-03T16:00:00,19.15,72.87,0.0,0.0
2024-07-03T16:00:00,19.15,72.89,0.0,0.0
2024-07-03T16:00:00,19.15,72.91,0.0,0.0
2024-07-03T16:00:00,19.15,72.93,0.0,0.0
2024-07-03T16:00:00,19.15,72.95,0.0,0.0
2024-07-03T16:00:00,19.15,72.97,0.0,0.0
2024-07-03T16:00:00,19.15,72.99,0.0,0.0
2024-07-03T16:00:00,19.17,72.77,0.0,0.0
2024-07-03T16:00:00,19.17,72.79,0.0,0.0
2024-07-03T16:00:00,19.17,72.81,0.0,0.0
2024-07-03T16:00:00,19.17,72.83,0.0,0.0
2024-07-03T16:00:00,19.17,72.85,0.0,0.0
2024-07-03T16:00:00,19.17,72.87,0.0,0.0
2024-07-03T16:00:00,19.17,72.89,0.0,0.0
2024-07-03T16:00:00,19.17,72.91,0.0,0.0
2024-07-03T16:00:00,19.17,72.93,0.0,0.0
2024-07-03T16:00:00,19.17,72.95,0.0,0.0
2024-07-03T16:00:00,19.17,72.97,0.0,0.0
2024-07-03T16:00:00,19.17,72.99,0.0,0.0
2024-07-03T16:00:00,19.19,72.77,0.0,0.0
2024-07-03T16:00:00,19.19,72.79,0.0,0.0
2024-07-03T16:00:00,19.19,72.81,0.0,0.0
2024-07-03T16:00:00,19.19,72.83,0.0,0.0
2024-07-03T16:00:00,19.19,72.85,0.0,0.0
2024-07-03T16:00:00,19.19,72.87,0.0,0.0
2024-07-03T16:00:00,19.19,72.89,0.0,0.0
2024-07-03T16:00:00,19.19,72.91,0.0,0.0
2024-07-03T16:00:00,19.19,72.93,0.0,0.0
2024-07-03T16:00:00,19.19,72.95,0.0,0.0
2024-07-03T16:00:00,19.19,72.97,0.0,0.0
2024-07-03T16:00:00,19.19,72.99,0.0,0.0
2024-07-03T16:00:00,19.21,72.77,0.0,0.0
2024-07-03T16:00:00,19.21,72.79,0.0,0.0
2024-07-03T16:00:00,19.21,72.81,0.0,0.0
2024-07-03T16:00:00,19.21,72.83,0.0,0.0
2024-07-03T16:00:00,19.21,72.85,0.0,0.0
2024-07-03T16:00:00,19.21,72.87,0.0,0.0
2024-07-03T16:00:00,19.21,72.89,0.0,0.0
2024-07-03T16:00:00,19.21,72.91,0.0,0.0
2024-07-03T16:00:00,19.21,72.93,0.0,0.0
2024-07-03T16:00:00,19.21,72.95,0.0,0.0
2024-07-03T16:00:00,19.21,72.97,0.0,0.0
2024-07-03T16:00:00,19.21,72.99,0.0,0.0
2024-07-03T16:00:00,19.23,72.77,0.0,0.0
2024-07-03T16:00:00,19.23,72.79,0.0,0.0
2024-07-03T16:00:00,19.23,72.81,0.0,0.0
2024-07-03T16:00:00,19.23,72.83,0.0,0.0
2024-07-03T16:00:00,19.23,72.85,0.0,0.0
2024-07-03T16:00:00,19.23,72.87,0.0,0.0
2024-07-03T16:00:00,19.23,72.89,0.0,0.0
2024-07-03T16:00:00,19.23,72.91,0.0,0.0
2024-07-03T16:00:00,19.23,72.93,0.0,0.0
2024-07-03T16:00:00,19.23,72.95,0.0,0.0
2024-07-03T16:00:00,19.23,72.97,0.0,0.0
2024-07-03T16:00:00,19.23,72.99,0.0,0.0
2024-07-03T16:00:00,19.25,72.77,0.0,0.0
2024-07-03T16:00:00,19.25,72.79,0.0,0.0
2024-07-03T16:00:00,19.25,72.81,0.0,0.0
2024-07-03T16:00:00,19.25,72.83,0.0,0.0
2024-07-03T16:00:00,19.25,72.85,0.0,0.0
2024-07-03T16:00:00,19.25,72.87,0.0,0.0
2024-07-03T16:00:00,19.25,72.89,0.0,0.0
2024-07-03T16:00:00,19.25,72.91,0.0,0.0
2024-07-03T16:00:00,19.25,72.93,0.0,0.0
2024-07-03T16:00:00,19.25,72.95,0.0,0.0
2024-07-03T16:00:00,19.25,72.97,0.0,0.0
2024-07-03T16:00:00,19.25,72.99,0.0,0.0
2024-07-03T17:00:00,18.87,72.77,0.0,0.0
2024-07-03T17:00:00,18.87,72.79,0.0,0.0
2024-07-03T17:00:00,18.87,72.81,0.0,0.0
2024-07-03T17:00:00,18.87,72.83,0.0,0.0
2024-07-03T17:00:00,18.87,72.85,0.0,0.0
2024-07-03T17:00:00,18.87,72.87,0.0,0.0
2024-07-03T17:00:00,18.87,72.89,0.0,0.0
2024-07-03T17:00:00,18.87,72.91,0.0,0.0
2024-07-03T17:00:00,18.87,72.93,0.0,0.0
2024-07-03T17:00:00,18.87,72.95,0.0,0.0
2024-07-03T17:00:00,18.87,72.97,0.0,0.0
2024-07-03T17:00:00,18.87,72.99,0.0,0.0
2024-07-03T17:00:00,18.89,72.77,0.0,0.0
2024-07-03T17:00:00,18.89,72.79,0.0,0.0
2024-07-03T17:00:00,18.89,72.81,0.0,0.0
2024-07-03T17:00:00,18.89,72.83,0.0,0.0
2024-07-03T17:00:00,18.89,72.85,0.0,0.0
2024-07-03T17:00:00,18.89,72.87,0.0,0.0
2024-07-03T17:00:00,18.89,72.89,0.0,0.0
2024-07-03T17:00:00,18.89,72.91,0.0,0.0
2024-07-03T17:00:00,18.89,72.93,0.0,0.0
2024-07-03T17:00:00,18.89,72.95,0.0,0.0
2024-07-03T17:00:00,18.89,72.97,0.0,0.0
2024-07-03T17:00:00,18.89,72.99,0.0,0.0
2024-07-03T17:00:00,18.91,72.77,0.0,0.0
2024-07-03T17:00:00,18.91,72.79,0.0,0.0
2024-07-03T17:00:00,18.91,72.81,0.0,0.0
2024-07-03T17:00:00,18.91,72.83,0.0,0.0
2024-07-03T17:00:00,18.91,72.85,0.0,0.0
2024-07-03T17:00:00,18.91,72.87,0.0,0.0
2024-07-03T17:00:00,18.91,72.89,0.0,0.0
2024-07-03T17:00:00,18.91,72.91,0.0,0.0
2024-07-03T17:00:00,18.91,72.93,0.0,0.0
2024-07-03T17:00:00,18.91,72.95,0.0,0.0
2024-07-03T17:00:00,18.91,72.97,0.0,0.0
2024-07-03T17:00:00,18.91,72.99,0.0,0.0
2024-07-03T17:00:00,18.93,72.77,0.0,0.0
2024-07-03T17:00:00,18.93,72.79,0.0,0.0
2024-07-03T17:00:00,18.93,72.81,0.0,0.0
2024-07-03T17:00:00,18.93,72.83,0.0,0.0
2024-07-03T17:00:00,18.93,72.85,0.0,0.0
2024-07-03T17:00:00,18.93,72.87,0.0,0.0
2024-07-03T17:00:00,18.93,72.89,0.0,0.0
2024-07-03T17:00:00,18.93,72.91,0.0,0.0
2024-07-03T17:00:00,18.93,72.93,0.0,0.0
2024-07-03T17:00:00,18.93,72.95,0.0,0.0
2024-07-03T17:00:00,18.93,72.97,0.0,0.0
2024-07-03T17:00:00,18.93,72.99,0.0,0.0
2024-07-03T17:00:00,18.95,72.77,0.0,0.0
2024-07-03T17:00:00,18.95,72.79,0.0,0.0
2024-07-03T17:00:00,18.95,72.81,0.0,0.0
2024-07-03T17:00:00,18.95,72.83,0.0,0.0
2024-07-03T17:00:00,18.95,72.85,0.0,0.0
2024-07-03T17:00:00,18.95,72.87,0.0,0.0
2024-07-03T17:00:00,18.95,72.89,0.0,0.0
2024-07-03T17:00:00,18.95,72.91,0.0,0.0
2024-07-03T17:00:00,18.95,72.93,0.0,0.0
2024-07-03T17:00:00,18.95,72.95,0.0,0.0
2024-07-03T17:00:00,18.95,72.97,0.0,0.0
2024-07-03T17:00:00,18.95,72.99,0.0,0.0
2024-07-03T17:00:00,18.97,72.77,0.0,0.0
2024-07-03T17:00:00,18.97,72.79,0.0,0.0
2024-07-03T17:00:00,18.97,72.81,0.0,0.0
2024-07-03T17:00:00,18.97,72.83,0.0,0.0
2024-07-03T17:00:00,18.97,72.85,0.0,0.0
2024-07-03T17:00:00,18.97,72.87,0.0,0.0
2024-07-03T17:00:00,18.97,72.89,0.0,0.0
2024-07-03T17:00:00,18.97,72.91,0.0,0.0
2024-07-03T17:00:00,18.97,72.93,0.0,0.0
2024-07-03T17:00:00,18.97,72.95,0.0,0.0
2024-07-03T17:00:00,18.97,72.97,0.0,0.0
2024-07-03T17:00:00,18.97,72.99,0.0,0.0
2024-07-03T17:00:00,18.99,72.77,0.0,0.0
2024-07-03T17:00:00,18.99,72.79,0.0,0.0
2024-07-03T17:00:00,18.99,72.81,0.0,0.0
2024-07-03T17:00:00,18.99,72.83,0.0,0.0
2024-07-03T17:00:00,18.99,72.85,0.0,0.0
2024-07-03T17:00:00,18.99,72.87,0.0,0.0
2024-07-03T17:00:00,18.99,72.89,0.0,0.0
2024-07-03T17:00:00,18.99,72.91,0.0,0.0
2024-07-03T17:00:00,18.99,72.93,0.0,0.0
2024-07-03T17:00:00,18.99,72.95,0.0,0.0
2024-07-03T17:00:00,18.99,72.97,0.0,0.0
2024-07-03T17:00:00,18.99,72.99,0.0,0.0
2024-07-03T17:00:00,19.01,72.77,0.0,0.0
2024-07-03T17:00:00,19.01,72.79,0.0,0.0
2024-07-03T17:00:00,19.01,72.81,0.0,0.0
2024-07-03T17:00:00,19.01,72.83,0.0,0.0
2024-07-03T17:00:00,19.01,72.85,0.0,0.0
2024-07-03T17:00:00,19.01,72.87,0.0,0.0
2024-07-03T17:00:00,19.01,72.89,0.0,0.0
2024-07-03T17:00:00,19.01,72.91,0.0,0.0
2024-07-03T17:00:00,19.01,72.93,0.0,0.0
2024-07-03T17:00:00,19.01,72.95,0.0,0.0
2024-07-03T17:00:00,19.01,72.97,0.0,0.0
2024-07-03T17:00:00,19.01,72.99,0.0,0.0
2024-07-03T17:00:00,19.03,72.77,0.0,0.0
2024-07-03T17:00:00,19.03,72.79,0.0,0.0
2024-07-03T17:00:00,19.03,72.81,0.0,0.0
2024-07-03T17:00:00,19.03,72.83,0.0,0.0
2024-07-03T17:00:00,19.03,72.85,0.0,0.0
2024-07-03T17:00:00,19.03,72.87,0.0,0.0
2024-07-03T17:00:00,19.03,72.89,0.0,0.0
2024-07-03T17:00:00,19.03,72.91,0.0,0.0
2024-07-03T17:00:00,19.03,72.93,0.0,0.0
2024-07-03T17:00:00,19.03,72.95,0.0,0.0
2024-07-03T17:00:00,19.03,72.97,0.0,0.0
2024-07-03T17:00:00,19.03,72.99,0.0,0.0
2024-07-03T17:00:00,19.05,72.77,0.0,0.0
2024-07-03T17:00:00,19.05,72.79,0.0,0.0
2024-07-03T17:00:00,19.05,72.81,0.0,0.0
2024-07-03T17:00:00,19.05,72.83,0.0,0.0
2024-07-03T17:00:00,19.05,72.85,0.0,0.0
2024-07-03T17:00:00,19.05,72.87,0.0,0.0
2024-07-03T17:00:00,19.05,72.89,0.0,0.0
2024-07-03T17:00:00,19.05,72.91,0.0,0.0
2024-07-03T17:00:00,19.05,72.93,0.0,0.0
2024-07-03T17:00:00,19.05,72.95,0.0,0.0
2024-07-03T17:00:00,19.05,72.97,0.0,0.0
2024-07-03T17:00:00,19.05,72.99,0.0,0.0
2024-07-03T17:00:00,19.07,72.77,0.0,0.0
2024-07-03T17:00:00,19.07,72.79,0.0,0.0
2024-07-03T17:00:00,19.07,72.81,0.0,0.0
2024-07-03T17:00:00,19.07,72.83,0.0,0.0
2024-07-03T17:00:00,19.07,72.85,0.0,0.0
2024-07-03T17:00:00,19.07,72.87,0.0,0.0
2024-07-03T17:00:00,19.07,72.89,0.0,0.0
2024-07-03T17:00:00,19.07,72.91,0.0,0.0
2024-07-03T17:00:00,19.07,72.93,0.0,0.0
2024-07-03T17:00:00,19.07,72.95,0.0,0.0
2024-07-03T17:00:00,19.07,72.97,0.0,0.0
2024-07-03T17:00:00,19.07,72.99,0.0,0.0
2024-07-03T17:00:00,19.09,72.77,0.0,0.0
2024-07-03T17:00:00,19.09,72.79,0.0,0.0
2024-07-03T17:00:00,19.09,72.81,0.0,0.0
2024-07-03T17:00:00,19.09,72.83,0.0,0.0
2024-07-03T17:00:00,19.09,72.85,0.0,0.0
2024-07-03T17:00:00,19.09,72.87,0.0,0.0
2024-07-03T17:00:00,19.09,72.89,0.0,0.0
2024-07-03T17:00:00,19.09,72.91,0.0,0.0
2024-07-03T17:00:00,19.09,72.93,0.0,0.0
2024-07-03T17:00:00,19.09,72.95,0.0,0.0
2024-07-03T17:00:00,19.09,72.97,0.0,0.0
2024-07-03T17:00:00,19.09,72.99,0.0,0.0
2024-07-03T17:00:00,19.11,72.77,0.0,0.0
2024-07-03T17:00:00,19.11,72.79,0.0,0.0
2024-07-03T17:00:00,19.11,72.81,0.0,0.0
2024-07-03T17:00:00,19.11,72.83,0.0,0.0
2024-07-03T17:00:00,19.11,72.85,0.0,0.0
2024-07-03T17:00:00,19.11,72.87,0.0,0.0
2024-07-03T17:00:00,19.11,72.89,0.0,0.0
2024-07-03T17:00:00,19.11,72.91,0.0,0.0
2024-07-03T17:00:00,19.11,72.93,0.0,0.0
2024-07-03T17:00:00,19.11,72.95,0.0,0.0
2024-07-03T17:00:00,19.11,72.97,0.0,0.0
2024-07-03T17:00:00,19.11,72.99,0.0,0.0
2024-07-03T17:00:00,19.13,72.77,0.0,0.0
2024-07-03T17:00:00,19.13,72.79,0.0,0.0
2024-07-03T17:00:00,19.13,72.81,0.0,0.0
2024-07-03T17:00:00,19.13,72.83,0.0,0.0
2024-07-03T17:00:00,19.13,72.85,0.0,0.0
2024-07-03T17:00:00,19.13,72.87,0.0,0.0
2024-07-03T17:00:00,19.13,72.89,0.0,0.0
2024-07-03T17:00:00,19.13,72.91,0.0,0.0
2024-07-03T17:00:00,19.13,72.93,0.0,0.0
2024-07-03T17:00:00,19.13,72.95,0.0,0.0
2024-07-03T17:00:00,19.13,72.97,0.0,0.0
2024-07-03T17:00:00,19.13,72.99,0.0,0.0
2024-07-03T17:00:00,19.15,72.77,0.0,0.0
2024-07-03T17:00:00,19.15,72.79,0.0,0.0
2024-07-03T17:00:00,19.15,72.81,0.0,0.0
2024-07-03T17:00:00,19.15,72.83,0.0,0.0
2024-07-03T17:00:00,19.15,72.85,0.0,0.0
2024-07-03T17:00:00,19.15,72.87,0.0,0.0
2024-07-03T17:00:00,19.15,72.89,0.0,0.0
2024-07-03T17:00:00,19.15,72.91,0.0,0.0
2024-07-03T17:00:00,19.15,72.93,0.0,0.0
2024-07-03T17:00:00,19.15,72.95,0.0,0.0
2024-07-03T17:00:00,19.15,72.97,0.0,0.0
2024-07-03T17:00:00,19.15,72.99,0.0,0.0
2024-07-03T17:00:00,19.17,72.77,0.0,0.0
2024-07-03T17:00:00,19.17,72.79,0.0,0.0
2024-07-03T17:00:00,19.17,72.81,0.0,0.0
2024-07-03T17:00:00,19.17,72.83,0.0,0.0
2024-07-03T17:00:00,19.17,72.85,0.0,0.0
2024-07-03T17:00:00,19.17,72.87,0.0,0.0
2024-07-03T17:00:00,19.17,72.89,0.0,0.0
2024-07-03T17:00:00,19.17,72.91,0.0,0.0
2024-07-03T17:00:00,19.17,72.93,0.0,0.0
2024-07-03T17:00:00,19.17,72.95,0.0,0.0
2024-07-03T17:00:00,19.17,72.97,0.0,0.0
2024-07-03T17:00:00,19.17,72.99,0.0,0.0
2024-07-03T17:00:00,19.19,72.77,0.0,0.0
2024-07-03T17:00:00,19.19,72.79,0.0,0.0
2024-07-03T17:00:00,19.19,72.81,0.0,0.0
2024-07-03T17:00:00,19.19,72.83,0.0,0.0
2024-07-03T17:00:00,19.19,72.85,0.0,0.0
2024-07-03T17:00:00,19.19,72.87,0.0,0.0
2024-07-03T17:00:00,19.19,72.89,0.0,0.0
2024-07-03T17:00:00,19.19,72.91,0.0,0.0
2024-07-03T17:00:00,19.19,72.93,0.0,0.0
2024-07-03T17:00:00,19.19,72.95,0.0,0.0
2024-07-03T17:00:00,19.19,72.97,0.0,0.0
2024-07-03T17:00:00,19.19,72.99,0.0,0.0
2024-07-03T17:00:00,19.21,72.77,0.0,0.0
2024-07-03T17:00:00,19.21,72.79,0.0,0.0
2024-07-03T17:00:00,19.21,72.81,0.0,0.0
2024-07-03T17:00:00,19.21,72.83,0.0,0.0
2024-07-03T17:00:00,19.21,72.85,0.0,0.0
2024-07-03T17:00:00,19.21,72.87,0.0,0.0
2024-07-03T17:00:00,19.21,72.89,0.0,0.0
2024-07-03T17:00:00,19.21,72.91,0.0,0.0
2024-07-03T17:00:00,19.21,72.93,0.0,0.0
2024-07-03T17:00:00,19.21,72.95,0.0,0.0
2024-07-03T17:00:00,19.21,72.97,0.0,0.0
2024-07-03T17:00:00,19.21,72.99,0.0,0.0
2024-07-03T17:00:00,19.23,72.77,0.0,0.0
2024-07-03T17:00:00,19.23,72.79,0.0,0.0
2024-07-03T17:00:00,19.23,72.81,0.0,0.0
2024-07-03T17:00:00,19.23,72.83,0.0,0.0
2024-07-03T17:00:00,19.23,72.85,0.0,0.0
2024-07-03T17:00:00,19.23,72.87,0.0,0.0
2024-07-03T17:00:00,19.23,72.89,0.0,0.0
2024-07-03T17:00:00,19.23,72.91,0.0,0.0
2024-07-03T17:00:00,19.23,72.93,0.0,0.0
2024-07-03T17:00:00,19.23,72.95,0.0,0.0
2024-07-03T17:00:00,19.23,72.97,0.0,0.0
2024-07-03T17:00:00,19.23,72.99,0.0,0.0
2024-07-03T17:00:00,19.25,72.77,0.0,0.0
2024-07-03T17:00:00,19.25,72.79,0.0,0.0
2024-07-03T17:00:00,19.25,72.81,0.0,0.0
2024-07-03T17:00:00,19.25,72.83,0.0,0.0
2024-07-03T17:00:00,19.25,72.85,0.0,0.0
2024-07-03T17:00:00,19.25,72.87,0.0,0.0
2024-07-03T17:00:00,19.25,72.89,0.0,0.0
2024-07-03T17:00:00,19.25,72.91,0.0,0.0
2024-07-03T17:00:00,19.25,72.93,0.0,0.0
2024-07-03T17:00:00,19.25,72.95,0.0,0.0
2024-07-03T17:00:00,19.25,72.97,0.0,0.0
2024-07-03T17:00:00,19.25,72.99,0.0,0.0
2024-07-03T18:00:00,18.87,72.77,0.0,0.0
2024-07-03T18:00:00,18.87,72.79,0.0,0.0
2024-07-03T18:00:00,18.87,72.81,0.0,0.0
2024-07-03T18:00:00,18.87,72.83,0.0,0.0
2024-07-03T18:00:00,18.87,72.85,0.0,0.0
2024-07-03T18:00:00,18.87,72.87,0.0,0.0
2024-07-03T18:00:00,18.87,72.89,0.0,0.0
2024-07-03T18:00:00,18.87,72.91,0.0,0.0
2024-07-03T18:00:00,18.87,72.93,0.0,0.0
2024-07-03T18:00:00,18.87,72.95,0.0,0.0
2024-07-03T18:00:00,18.87,72.97,0.0,0.0
2024-07-03T18:00:00,18.87,72.99,0.0,0.0
2024-07-03T18:00:00,18.89,72.77,0.0,0.0
2024-07-03T18:00:00,18.89,72.79,0.0,0.0
2024-07-03T18:00:00,18.89,72.81,0.0,0.0
2024-07-03T18:00:00,18.89,72.83,0.0,0.0
2024-07-03T18:00:00,18.89,72.85,0.0,0.0
2024-07-03T18:00:00,18.89,72.87,0.0,0.0
2024-07-03T18:00:00,18.89,72.89,0.0,0.0
2024-07-03T18:00:00,18.89,72.91,0.0,0.0
2024-07-03T18:00:00,18.89,72.93,0.0,0.0
2024-07-03T18:00:00,18.89,72.95,0.0,0.0
2024-07-03T18:00:00,18.89,72.97,0.0,0.0
2024-07-03T18:00:00,18.89,72.99,0.0,0.0
2024-07-03T18:00:00,18.91,72.77,0.0,0.0
2024-07-03T18:00:00,18.91,72.79,0.0,0.0
2024-07-03T18:00:00,18.91,72.81,0.0,0.0
2024-07-03T18:00:00,18.91,72.83,0.0,0.0
2024-07-03T18:00:00,18.91,72.85,0.0,0.0
2024-07-03T18:00:00,18.91,72.87,0.0,0.0
2024-07-03T18:00:00,18.91,72.89,0.0,0.0
2024-07-03T18:00:00,18.91,72.91,0.0,0.0
2024-07-03T18:00:00,18.91,72.93,0.0,0.0
2024-07-03T18:00:00,18.91,72.95,0.0,0.0
2024-07-03T18:00:00,18.91,72.97,0.0,0.0
2024-07-03T18:00:00,18.91,72.99,0.0,0.0
2024-07-03T18:00:00,18.93,72.77,0.0,0.0
2024-07-03T18:00:00,18.93,72.79,0.0,0.0
2024-07-03T18:00:00,18.93,72.81,0.0,0.0
2024-07-03T18:00:00,18.93,72.83,0.0,0.0
2024-07-03T18:00:00,18.93,72.85,0.0,0.0
2024-07-03T18:00:00,18.93,72.87,0.0,0.0
2024-07-03T18:00:00,18.93,72.89,0.0,0.0
2024-07-03T18:00:00,18.93,72.91,0.0,0.0
2024-07-03T18:00:00,18.93,72.93,0.0,0.0
2024-07-03T18:00:00,18.93,72.95,0.0,0.0
2024-07-03T18:00:00,18.93,72.97,0.0,0.0
2024-07-03T18:00:00,18.93,72.99,0.0,0.0
2024-07-03T18:00:00,18.95,72.77,0.0,0.0
2024-07-03T18:00:00,18.95,72.79,0.0,0.0
2024-07-03T18:00:00,18.95,72.81,0.0,0.0
2024-07-03T18:00:00,18.95,72.83,0.0,0.0
2024-07-03T18:00:00,18.95,72.85,0.0,0.0
2024-07-03T18:00:00,18.95,72.87,0.0,0.0
2024-07-03T18:00:00,18.95,72.89,0.0,0.0
2024-07-03T18:00:00,18.95,72.91,0.0,0.0
2024-07-03T18:00:00,18.95,72.93,0.0,0.0
2024-07-03T18:00:00,18.95,72.95,0.0,0.0
2024-07-03T18:00:00,18.95,72.97,0.0,0.0
2024-07-03T18:00:00,18.95,72.99,0.0,0.0
2024-07-03T18:00:00,18.97,72.77,0.0,0.0
2024-07-03T18:00:00,18.97,72.79,0.0,0.0
2024-07-03T18:00:00,18.97,72.81,0.0,0.0
2024-07-03T18:00:00,18.97,72.83,0.0,0.0
2024-07-03T18:00:00,18.97,72.85,0.0,0.0
2024-07-03T18:00:00,18.97,72.87,0.0,0.0
2024-07-03T18:00:00,18.97,72.89,0.0,0.0
2024-07-03T18:00:00,18.97,72.91,0.0,0.0
2024-07-03T18:00:00,18.97,72.93,0.0,0.0
2024-07-03T18:00:00,18.97,72.95,0.0,0.0
2024-07-03T18:00:00,18.97,72.97,0.0,0.0
2024-07-03T18:00:00,18.97,72.99,0.0,0.0
2024-07-03T18:00:00,18.99,72.77,0.0,0.0
2024-07-03T18:00:00,18.99,72.79,0.0,0.0
2024-07-03T18:00:00,18.99,72.81,0.0,0.0
2024-07-03T18:00:00,18.99,72.83,0.0,0.0
2024-07-03T18:00:00,18.99,72.85,0.0,0.0
2024-07-03T18:00:00,18.99,72.87,0.0,0.0
2024-07-03T18:00:00,18.99,72.89,0.0,0.0
2024-07-03T18:00:00,18.99,72.91,0.0,0.0
2024-07-03T18:00:00,18.99,72.93,0.0,0.0
2024-07-03T18:00:00,18.99,72.95,0.0,0.0
2024-07-03T18:00:00,18.99,72.97,0.0,0.0
2024-07-03T18:00:00,18.99,72.99,0.0,0.0
2024-07-03T18:00:00,19.01,72.77,0.0,0.0
2024-07-03T18:00:00,19.01,72.79,0.0,0.0
2024-07-03T18:00:00,19.01,72.81,0.0,0.0
2024-07-03T18:00:00,19.01,72.83,0.0,0.0
2024-07-03T18:00:00,19.01,72.85,0.0,0.0
2024-07-03T18:00:00,19.01,72.87,0.0,0.0
2024-07-03T18:00:00,19.01,72.89,0.0,0.0
2024-07-03T18:00:00,19.01,72.91,0.0,0.0
2024-07-03T18:00:00,19.01,72.93,0.0,0.0
2024-07-03T18:00:00,19.01,72.95,0.0,0.0
2024-07-03T18:00:00,19.01,72.97,0.0,0.0
2024-07-03T18:00:00,19.01,72.99,0.0,0.0
2024-07-03T18:00:00,19.03,72.77,0.0,0.0
2024-07-03T18:00:00,19.03,72.79,0.0,0.0
2024-07-03T18:00:00,19.03,72.81,0.0,0.0
2024-07-03T18:00:00,19.03,72.83,0.0,0.0
2024-07-03T18:00:00,19.03,72.85,0.0,0.0
2024-07-03T18:00:00,19.03,72.87,0.0,0.0
2024-07-03T18:00:00,19.03,72.89,0.0,0.0
2024-07-03T18:00:00,19.03,72.91,0.0,0.0
2024-07-03T18:00:00,19.03,72.93,0.0,0.0
2024-07-03T18:00:00,19.03,72.95,0.0,0.0
2024-07-03T18:00:00,19.03,72.97,0.0,0.0
2024-07-03T18:00:00,19.03,72.99,0.0,0.0
2024-07-03T18:00:00,19.05,72.77,0.0,0.0
2024-07-03T18:00:00,19.05,72.79,0.0,0.0
2024-07-03T18:00:00,19.05,72.81,0.0,0.0
2024-07-03T18:00:00,19.05,72.83,0.0,0.0
2024-07-03T18:00:00,19.05,72.85,0.0,0.0
2024-07-03T18:00:00,19.05,72.87,0.0,0.0
2024-07-03T18:00:00,19.05,72.89,0.0,0.0
2024-07-03T18:00:00,19.05,72.91,0.0,0.0
2024-07-03T18:00:00,19.05,72.93,0.0,0.0
2024-07-03T18:00:00,19.05,72.95,0.0,0.0
2024-07-03T18:00:00,19.05,72.97,0.0,0.0
2024-07-03T18:00:00,19.05,72.99,0.0,0.0
2024-07-03T18:00:00,19.07,72.77,0.0,0.0
2024-07-03T18:00:00,19.07,72.79,0.0,0.0
2024-07-03T18:00:00,19.07,72.81,0.0,0.0
2024-07-03T18:00:00,19.07,72.83,0.0,0.0
2024-07-03T18:00:00,19.07,72.85,0.0,0.0
2024-07-03T18:00:00,19.07,72.87,0.0,0.0
2024-07-03T18:00:00,19.07,72.89,0.0,0.0
2024-07-03T18:00:00,19.07,72.91,0.0,0.0
2024-07-03T18:00:00,19.07,72.93,0.0,0.0
2024-07-03T18:00:00,19.07,72.95,0.0,0.0
2024-07-03T18:00:00,19.07,72.97,0.0,0.0
2024-07-03T18:00:00,19.07,72.99,0.0,0.0
2024-07-03T18:00:00,19.09,72.77,0.0,0.0
2024-07-03T18:00:00,19.09,72.79,0.0,0.0
2024-07-03T18:00:00,19.09,72.81,0.0,0.0
2024-07-03T18:00:00,19.09,72.83,0.0,0.0
2024-07-03T18:00:00,19.09,72.85,0.0,0.0
2024-07-03T18:00:00,19.09,72.87,0.0,0.0
2024-07-03T18:00:00,19.09,72.89,0.0,0.0
2024-07-03T18:00:00,19.09,72.91,0.0,0.0
2024-07-03T18:00:00,19.09,72.93,0.0,0.0
2024-07-03T18:00:00,19.09,72.95,0.0,0.0
2024-07-03T18:00:00,19.09,72.97,0.0,0.0
2024-07-03T18:00:00,19.09,72.99,0.0,0.0
2024-07-03T18:00:00,19.11,72.77,0.0,0.0
2024-07-03T18:00:00,19.11,72.79,0.0,0.0
2024-07-03T18:00:00,19.11,72.81,0.0,0.0
2024-07-03T18:00:00,19.11,72.83,0.0,0.0
2024-07-03T18:00:00,19.11,72.85,0.0,0.0
2024-07-03T18:00:00,19.11,72.87,0.0,0.0
2024-07-03T18:00:00,19.11,72.89,0.0,0.0
2024-07-03T18:00:00,19.11,72.91,0.0,0.0
2024-07-03T18:00:00,19.11,72.93,0.0,0.0
2024-07-03T18:00:00,19.11,72.95,0.0,0.0
2024-07-03T18:00:00,19.11,72.97,0.0,0.0
2024-07-03T18:00:00,19.11,72.99,0.0,0.0
2024-07-03T18:00:00,19.13,72.77,0.0,0.0
2024-07-03T18:00:00,19.13,72.79,0.0,0.0
2024-07-03T18:00:00,19.13,72.81,0.0,0.0
2024-07-03T18:00:00,19.13,72.83,0.0,0.0
2024-07-03T18:00:00,19.13,72.85,0.0,0.0
2024-07-03T18:00:00,19.13,72.87,0.0,0.0
2024-07-03T18:00:00,19.13,72.89,0.0,0.0
2024-07-03T18:00:00,19.13,72.91,0.0,0.0
2024-07-03T18:00:00,19.13,72.93,0.0,0.0
2024-07-03T18:00:00,19.13,72.95,0.0,0.0
2024-07-03T18:00:00,19.13,72.97,0.0,0.0
2024-07-03T18:00:00,19.13,72.99,0.0,0.0
2024-07-03T18:00:00,19.15,72.77,0.0,0.0
2024-07-03T18:00:00,19.15,72.79,0.0,0.0
2024-07-03T18:00:00,19.15,72.81,0.0,0.0
2024-07-03T18:00:00,19.15,72.83,0.0,0.0
2024-07-03T18:00:00,19.15,72.85,0.0,0.0
2024-07-03T18:00:00,19.15,72.87,0.0,0.0
2024-07-03T18:00:00,19.15,72.89,0.0,0.0
2024-07-03T18:00:00,19.15,72.91,0.0,0.0
2024-07-03T18:00:00,19.15,72.93,0.0,0.0
2024-07-03T18:00:00,19.15,72.95,0.0,0.0
2024-07-03T18:00:00,19.15,72.97,0.0,0.0
2024-07-03T18:00:00,19.15,72.99,0.0,0.0
2024-07-03T18:00:00,19.17,72.77,0.0,0.0
2024-07-03T18:00:00,19.17,72.79,0.0,0.0
2024-07-03T18:00:00,19.17,72.81,0.0,0.0
2024-07-03T18:00:00,19.17,72.83,0.0,0.0
2024-07-03T18:00:00,19.17,72.85,0.0,0.0
2024-07-03T18:00:00,19.17,72.87,0.0,0.0
2024-07-03T18:00:00,19.17,72.89,0.0,0.0
2024-07-03T18:00:00,19.17,72.91,0.0,0.0
2024-07-03T18:00:00,19.17,72.93,0.0,0.0
2024-07-03T18:00:00,19.17,72.95,0.0,0.0
2024-07-03T18:00:00,19.17,72.97,0.0,0.0
2024-07-03T18:00:00,19.17,72.99,0.0,0.0
2024-07-03T18:00:00,19.19,72.77,0.0,0.0
2024-07-03T18:00:00,19.19,72.79,0.0,0.0
2024-07-03T18:00:00,19.19,72.81,0.0,0.0
2024-07-03T18:00:00,19.19,72.83,0.0,0.0
2024-07-03T18:00:00,19.19,72.85,0.0,0.0
2024-07-03T18:00:00,19.19,72.87,0.0,0.0
2024-07-03T18:00:00,19.19,72.89,0.0,0.0
2024-07-03T18:00:00,19.19,72.91,0.0,0.0
2024-07-03T18:00:00,19.19,72.93,0.0,0.0
2024-07-03T18:00:00,19.19,72.95,0.0,0.0
2024-07-03T18:00:00,19.19,72.97,0.0,0.0
2024-07-03T18:00:00,19.19,72.99,0.0,0.0
2024-07-03T18:00:00,19.21,72.77,0.0,0.0
2024-07-03T18:00:00,19.21,72.79,0.0,0.0
2024-07-03T18:00:00,19.21,72.81,0.0,0.0
2024-07-03T18:00:00,19.21,72.83,0.0,0.0
2024-07-03T18:00:00,19.21,72.85,0.0,0.0
2024-07-03T18:00:00,19.21,72.87,0.0,0.0
2024-07-03T18:00:00,19.21,72.89,0.0,0.0
2024-07-03T18:00:00,19.21,72.91,0.0,0.0
2024-07-03T18:00:00,19.21,72.93,0.0,0.0
2024-07-03T18:00:00,19.21,72.95,0.0,0.0
2024-07-03T18:00:00,19.21,72.97,0.0,0.0
2024-07-03T18:00:00,19.21,72.99,0.0,0.0
2024-07-03T18:00:00,19.23,72.77,0.0,0.0
2024-07-03T18:00:00,19.23,72.79,0.0,0.0
2024-07-03T18:00:00,19.23,72.81,0.0,0.0
2024-07-03T18:00:00,19.23,72.83,0.0,0.0
2024-07-03T18:00:00,19.23,72.85,0.0,0.0
2024-07-03T18:00:00,19.23,72.87,0.0,0.0
2024-07-03T18:00:00,19.23,72.89,0.0,0.0
2024-07-03T18:00:00,19.23,72.91,0.0,0.0
2024-07-03T18:00:00,19.23,72.93,0.0,0.0
2024-07-03T18:00:00,19.23,72.95,0.0,0.0
2024-07-03T18:00:00,19.23,72.97,0.0,0.0
2024-07-03T18:00:00,19.23,72.99,0.0,0.0
2024-07-03T18:00:00,19.25,72.77,0.0,0.0
2024-07-03T18:00:00,19.25,72.79,0.0,0.0
2024-07-03T18:00:00,19.25,72.81,0.0,0.0
2024-07-03T18:00:00,19.25,72.83,0.0,0.0
2024-07-03T18:00:00,19.25,72.85,0.0,0.0
2024-07-03T18:00:00,19.25,72.87,0.0,0.0
2024-07-03T18:00:00,19.25,72.89,0.0,0.0
2024-07-03T18:00:00,19.25,72.91,0.0,0.0
2024-07-03T18:00:00,19.25,72.93,0.0,0.0
2024-07-03T18:00:00,19.25,72.95,0.0,0.0
2024-07-03T18:00:00,19.25,72.97,0.0,0.0
2024-07-03T18:00:00,19.25,72.99,0.0,0.0
2024-07-03T19:00:00,18.87,72.77,0.0,0.0
2024-07-03T19:00:00,18.87,72.79,0.0,0.0
2024-07-03T19:00:00,18.87,72.81,0.0,0.0
2024-07-03T19:00:00,18.87,72.83,0.0,0.0
2024-07-03T19:00:00,18.87,72.85,0.0,0.0
2024-07-03T19:00:00,18.87,72.87,0.0,0.0
2024-07-03T19:00:00,18.87,72.89,0.0,0.0
2024-07-03T19:00:00,18.87,72.91,0.0,0.0
2024-07-03T19:00:00,18.87,72.93,0.0,0.0
2024-07-03T19:00:00,18.87,72.95,0.0,0.0
2024-07-03T19:00:00,18.87,72.97,0.0,0.0
2024-07-03T19:00:00,18.87,72.99,0.0,0.0
2024-07-03T19:00:00,18.89,72.77,0.0,0.0
2024-07-03T19:00:00,18.89,72.79,0.0,0.0
2024-07-03T19:00:00,18.89,72.81,0.0,0.0
2024-07-03T19:00:00,18.89,72.83,0.0,0.0
2024-07-03T19:00:00,18.89,72.85,0.0,0.0
2024-07-03T19:00:00,18.89,72.87,0.0,0.0
2024-07-03T19:00:00,18.89,72.89,0.0,0.0
2024-07-03T19:00:00,18.89,72.91,0.0,0.0
2024-07-03T19:00:00,18.89,72.93,0.0,0.0
2024-07-03T19:00:00,18.89,72.95,0.0,0.0
2024-07-03T19:00:00,18.89,72.97,0.0,0.0
2024-07-03T19:00:00,18.89,72.99,0.0,0.0
2024-07-03T19:00:00,18.91,72.77,0.0,0.0
2024-07-03T19:00:00,18.91,72.79,0.0,0.0
2024-07-03T19:00:00,18.91,72.81,0.0,0.0
2024-07-03T19:00:00,18.91,72.83,0.0,0.0
2024-07-03T19:00:00,18.91,72.85,0.0,0.0
2024-07-03T19:00:00,18.91,72.87,0.0,0.0
2024-07-03T19:00:00,18.91,72.89,0.0,0.0
2024-07-03T19:00:00,18.91,72.91,0.0,0.0
2024-07-03T19:00:00,18.91,72.93,0.0,0.0
2024-07-03T19:00:00,18.91,72.95,0.0,0.0
2024-07-03T19:00:00,18.91,72.97,0.0,0.0
2024-07-03T19:00:00,18.91,72.99,0.0,0.0
2024-07-03T19:00:00,18.93,72.77,0.0,0.0
2024-07-03T19:00:00,18.93,72.79,0.0,0.0
2024-07-03T19:00:00,18.93,72.81,0.0,0.0
2024-07-03T19:00:00,18.93,72.83,0.0,0.0
2024-07-03T19:00:00,18.93,72.85,0.0,0.0
2024-07-03T19:00:00,18.93,72.87,0.0,0.0
2024-07-03T19:00:00,18.93,72.89,0.0,0.0
2024-07-03T19:00:00,18.93,72.91,0.0,0.0
2024-07-03T19:00:00,18.93,72.93,0.0,0.0
2024-07-03T19:00:00,18.93,72.95,0.0,0.0
2024-07-03T19:00:00,18.93,72.97,0.0,0.0
2024-07-03T19:00:00,18.93,72.99,0.0,0.0
2024-07-03T19:00:00,18.95,72.77,0.0,0.0
2024-07-03T19:00:00,18.95,72.79,0.0,0.0
2024-07-03T19:00:00,18.95,72.81,0.0,0.0
2024-07-03T19:00:00,18.95,72.83,0.0,0.0
2024-07-03T19:00:00,18.95,72.85,0.0,0.0
2024-07-03T19:00:00,18.95,72.87,0.0,0.0
2024-07-03T19:00:00,18.95,72.89,0.0,0.0
2024-07-03T19:00:00,18.95,72.91,0.0,0.0
2024-07-03T19:00:00,18.95,72.93,0.0,0.0
2024-07-03T19:00:00,18.95,72.95,0.0,0.0
2024-07-03T19:00:00,18.95,72.97,0.0,0.0
2024-07-03T19:00:00,18.95,72.99,0.0,0.0
2024-07-03T19:00:00,18.97,72.77,0.0,0.0
2024-07-03T19:00:00,18.97,72.79,0.0,0.0
2024-07-03T19:00:00,18.97,72.81,0.0,0.0
2024-07-03T19:00:00,18.97,72.83,0.0,0.0
2024-07-03T19:00:00,18.97,72.85,0.0,0.0
2024-07-03T19:00:00,18.97,72.87,0.0,0.0
2024-07-03T19:00:00,18.97,72.89,0.0,0.0
2024-07-03T19:00:00,18.97,72.91,0.0,0.0
2024-07-03T19:00:00,18.97,72.93,0.0,0.0
2024-07-03T19:00:00,18.97,72.95,0.0,0.0
2024-07-03T19:00:00,18.97,72.97,0.0,0.0
2024-07-03T19:00:00,18.97,72.99,0.0,0.0
2024-07-03T19:00:00,18.99,72.77,0.0,0.0
2024-07-03T19:00:00,18.99,72.79,0.0,0.0
2024-07-03T19:00:00,18.99,72.81,0.0,0.0
2024-07-03T19:00:00,18.99,72.83,0.0,0.0
2024-07-03T19:00:00,18.99,72.85,0.0,0.0
2024-07-03T19:00:00,18.99,72.87,0.0,0.0
2024-07-03T19:00:00,18.99,72.89,0.0,0.0
2024-07-03T19:00:00,18.99,72.91,0.0,0.0
2024-07-03T19:00:00,18.99,72.93,0.0,0.0
2024-07-03T19:00:00,18.99,72.95,0.0,0.0
2024-07-03T19:00:00,18.99,72.97,0.0,0.0
2024-07-03T19:00:00,18.99,72.99,0.0,0.0
2024-07-03T19:00:00,19.01,72.77,0.0,0.0
2024-07-03T19:00:00,19.01,72.79,0.0,0.0
2024-07-03T19:00:00,19.01,72.81,0.0,0.0
2024-07-03T19:00:00,19.01,72.83,0.0,0.0
2024-07-03T19:00:00,19.01,72.85,0.0,0.0
2024-07-03T19:00:00,19.01,72.87,0.0,0.0
2024-07-03T19:00:00,19.01,72.89,0.0,0.0
2024-07-03T19:00:00,19.01,72.91,0.0,0.0
2024-07-03T19:00:00,19.01,72.93,0.0,0.0
2024-07-03T19:00:00,19.01,72.95,0.0,0.0
2024-07-03T19:00:00,19.01,72.97,0.0,0.0
2024-07-03T19:00:00,19.01,72.99,0.0,0.0
2024-07-03T19:00:00,19.03,72.77,0.0,0.0
2024-07-03T19:00:00,19.03,72.79,0.0,0.0
2024-07-03T19:00:00,19.03,72.81,0.0,0.0
2024-07-03T19:00:00,19.03,72.83,0.0,0.0
2024-07-03T19:00:00,19.03,72.85,0.0,0.0
2024-07-03T19:00:00,19.03,72.87,0.0,0.0
2024-07-03T19:00:00,19.03,72.89,0.0,0.0
2024-07-03T19:00:00,19.03,72.91,0.0,0.0
2024-07-03T19:00:00,19.03,72.93,0.0,0.0
2024-07-03T19:00:00,19.03,72.95,0.0,0.0
2024-07-03T19:00:00,19.03,72.97,0.0,0.0
2024-07-03T19:00:00,19.03,72.99,0.0,0.0
2024-07-03T19:00:00,19.05,72.77,0.0,0.0
2024-07-03T19:00:00,19.05,72.79,0.0,0.0
2024-07-03T19:00:00,19.05,72.81,0.0,0.0
2024-07-03T19:00:00,19.05,72.83,0.0,0.0
2024-07-03T19:00:00,19.05,72.85,0.0,0.0
2024-07-03T19:00:00,19.05,72.87,0.0,0.0
2024-07-03T19:00:00,19.05,72.89,0.0,0.0
2024-07-03T19:00:00,19.05,72.91,0.0,0.0
2024-07-03T19:00:00,19.05,72.93,0.0,0.0
2024-07-03T19:00:00,19.05,72.95,0.0,0.0
2024-07-03T19:00:00,19.05,72.97,0.0,0.0
2024-07-03T19:00:00,19.05,72.99,0.0,0.0
2024-07-03T19:00:00,19.07,72.77,0.0,0.0
2024-07-03T19:00:00,19.07,72.79,0.0,0.0
2024-07-03T19:00:00,19.07,72.81,0.0,0.0
2024-07-03T19:00:00,19.07,72.83,0.0,0.0
2024-07-03T19:00:00,19.07,72.85,0.0,0.0
2024-07-03T19:00:00,19.07,72.87,0.0,0.0
2024-07-03T19:00:00,19.07,72.89,0.0,0.0
2024-07-03T19:00:00,19.07,72.91,0.0,0.0
2024-07-03T19:00:00,19.07,72.93,0.0,0.0
2024-07-03T19:00:00,19.07,72.95,0.0,0.0
2024-07-03T19:00:00,19.07,72.97,0.0,0.0
2024-07-03T19:00:00,19.07,72.99,0.0,0.0
2024-07-03T19:00:00,19.09,72.77,0.0,0.0
2024-07-03T19:00:00,19.09,72.79,0.0,0.0
2024-07-03T19:00:00,19.09,72.81,0.0,0.0
2024-07-03T19:00:00,19.09,72.83,0.0,0.0
2024-07-03T19:00:00,19.09,72.85,0.0,0.0
2024-07-03T19:00:00,19.09,72.87,0.0,0.0
2024-07-03T19:00:00,19.09,72.89,0.0,0.0
2024-07-03T19:00:00,19.09,72.91,0.0,0.0
2024-07-03T19:00:00,19.09,72.93,0.0,0.0
2024-07-03T19:00:00,19.09,72.95,0.0,0.0
2024-07-03T19:00:00,19.09,72.97,0.0,0.0
2024-07-03T19:00:00,19.09,72.99,0.0,0.0
2024-07-03T19:00:00,19.11,72.77,0.0,0.0
2024-07-03T19:00:00,19.11,72.79,0.0,0.0
2024-07-03T19:00:00,19.11,72.81,0.0,0.0
2024-07-03T19:00:00,19.11,72.83,0.0,0.0
2024-07-03T19:00:00,19.11,72.85,0.0,0.0
2024-07-03T19:00:00,19.11,72.87,0.0,0.0
2024-07-03T19:00:00,19.11,72.89,0.0,0.0
2024-07-03T19:00:00,19.11,72.91,0.0,0.0
2024-07-03T19:00:00,19.11,72.93,0.0,0.0
2024-07-03T19:00:00,19.11,72.95,0.0,0.0
2024-07-03T19:00:00,19.11,72.97,0.0,0.0
2024-07-03T19:00:00,19.11,72.99,0.0,0.0
2024-07-03T19:00:00,19.13,72.77,0.0,0.0
2024-07-03T19:00:00,19.13,72.79,0.0,0.0
2024-07-03T19:00:00,19.13,72.81,0.0,0.0
2024-07-03T19:00:00,19.13,72.83,0.0,0.0
2024-07-03T19:00:00,19.13,72.85,0.0,0.0
2024-07-03T19:00:00,19.13,72.87,0.0,0.0
2024-07-03T19:00:00,19.13,72.89,0.0,0.0
2024-07-03T19:00:00,19.13,72.91,0.0,0.0
2024-07-03T19:00:00,19.13,72.93,0.0,0.0
2024-07-03T19:00:00,19.13,72.95,0.0,0.0
2024-07-03T19:00:00,19.13,72.97,0.0,0.0
2024-07-03T19:00:00,19.13,72.99,0.0,0.0
2024-07-03T19:00:00,19.15,72.77,0.0,0.0
2024-07-03T19:00:00,19.15,72.79,0.0,0.0
2024-07-03T19:00:00,19.15,72.81,0.0,0.0
2024-07-03T19:00:00,19.15,72.83,0.0,0.0
2024-07-03T19:00:00,19.15,72.85,0.0,0.0
2024-07-03T19:00:00,19.15,72.87,0.0,0.0
2024-07-03T19:00:00,19.15,72.89,0.0,0.0
2024-07-03T19:00:00,19.15,72.91,0.0,0.0
2024-07-03T19:00:00,19.15,72.93,0.0,0.0
2024-07-03T19:00:00,19.15,72.95,0.0,0.0
2024-07-03T19:00:00,19.15,72.97,0.0,0.0
2024-07-03T19:00:00,19.15,72.99,0.0,0.0
2024-07-03T19:00:00,19.17,72.77,0.0,0.0
2024-07-03T19:00:00,19.17,72.79,0.0,0.0
2024-07-03T19:00:00,19.17,72.81,0.0,0.0
2024-07-03T19:00:00,19.17,72.83,0.0,0.0
2024-07-03T19:00:00,19.17,72.85,0.0,0.0
2024-07-03T19:00:00,19.17,72.87,0.0,0.0
2024-07-03T19:00:00,19.17,72.89,0.0,0.0
2024-07-03T19:00:00,19.17,72.91,0.0,0.0
2024-07-03T19:00:00,19.17,72.93,0.0,0.0
2024-07-03T19:00:00,19.17,72.95,0.0,0.0
2024-07-03T19:00:00,19.17,72.97,0.0,0.0
2024-07-03T19:00:00,19.17,72.99,0.0,0.0
2024-07-03T19:00:00,19.19,72.77,0.0,0.0
2024-07-03T19:00:00,19.19,72.79,0.0,0.0
2024-07-03T19:00:00,19.19,72.81,0.0,0.0
2024-07-03T19:00:00,19.19,72.83,0.0,0.0
2024-07-03T19:00:00,19.19,72.85,0.0,0.0
2024-07-03T19:00:00,19.19,72.87,0.0,0.0
2024-07-03T19:00:00,19.19,72.89,0.0,0.0
2024-07-03T19:00:00,19.19,72.91,0.0,0.0
2024-07-03T19:00:00,19.19,72.93,0.0,0.0
2024-07-03T19:00:00,19.19,72.95,0.0,0.0
2024-07-03T19:00:00,19.19,72.97,0.0,0.0
2024-07-03T19:00:00,19.19,72.99,0.0,0.0
2024-07-03T19:00:00,19.21,72.77,0.0,0.0
2024-07-03T19:00:00,19.21,72.79,0.0,0.0
2024-07-03T19:00:00,19.21,72.81,0.0,0.0
2024-07-03T19:00:00,19.21,72.83,0.0,0.0
2024-07-03T19:00:00,19.21,72.85,0.0,0.0
2024-07-03T19:00:00,19.21,72.87,0.0,0.0
2024-07-03T19:00:00,19.21,72.89,0.0,0.0
2024-07-03T19:00:00,19.21,72.91,0.0,0.0
2024-07-03T19:00:00,19.21,72.93,0.0,0.0
2024-07-03T19:00:00,19.21,72.95,0.0,0.0
2024-07-03T19:00:00,19.21,72.97,0.0,0.0
2024-07-03T19:00:00,19.21,72.99,0.0,0.0
2024-07-03T19:00:00,19.23,72.77,0.0,0.0
2024-07-03T19:00:00,19.23,72.79,0.0,0.0
2024-07-03T19:00:00,19.23,72.81,0.0,0.0
2024-07-03T19:00:00,19.23,72.83,0.0,0.0
2024-07-03T19:00:00,19.23,72.85,0.0,0.0
2024-07-03T19:00:00,19.23,72.87,0.0,0.0
2024-07-03T19:00:00,19.23,72.89,0.0,0.0
2024-07-03T19:00:00,19.23,72.91,0.0,0.0
2024-07-03T19:00:00,19.23,72.93,0.0,0.0
2024-07-03T19:00:00,19.23,72.95,0.0,0.0
2024-07-03T19:00:00,19.23,72.97,0.0,0.0
2024-07-03T19:00:00,19.23,72.99,0.0,0.0
2024-07-03T19:00:00,19.25,72.77,0.0,0.0
2024-07-03T19:00:00,19.25,72.79,0.0,0.0
2024-07-03T19:00:00,19.25,72.81,0.0,0.0
2024-07-03T19:00:00,19.25,72.83,0.0,0.0
2024-07-03T19:00:00,19.25,72.85,0.0,0.0
2024-07-03T19:00:00,19.25,72.87,0.0,0.0
2024-07-03T19:00:00,19.25,72.89,0.0,0.0
2024-07-03T19:00:00,19.25,72.91,0.0,0.0
2024-07-03T19:00:00,19.25,72.93,0.0,0.0
2024-07-03T19:00:00,19.25,72.95,0.0,0.0
2024-07-03T19:00:00,19.25,72.97,0.0,0.0
2024-07-03T19:00:00,19.25,72.99,0.0,0.0
2024-07-03T20:00:00,18.87,72.77,0.0,0.0
2024-07-03T20:00:00,18.87,72.79,0.0,0.0
2024-07-03T20:00:00,18.87,72.81,0.0,0.0
2024-07-03T20:00:00,18.87,72.83,0.0,0.0
2024-07-03T20:00:00,18.87,72.85,0.0,0.0
2024-07-03T20:00:00,18.87,72.87,0.0,0.0
2024-07-03T20:00:00,18.87,72.89,0.0,0.0
2024-07-03T20:00:00,18.87,72.91,0.0,0.0
2024-07-03T20:00:00,18.87,72.93,0.0,0.0
2024-07-03T20:00:00,18.87,72.95,0.0,0.0
2024-07-03T20:00:00,18.87,72.97,0.0,0.0
2024-07-03T20:00:00,18.87,72.99,0.0,0.0
2024-07-03T20:00:00,18.89,72.77,0.0,0.0
2024-07-03T20:00:00,18.89,72.79,0.0,0.0
2024-07-03T20:00:00,18.89,72.81,0.0,0.0
2024-07-03T20:00:00,18.89,72.83,0.0,0.0
2024-07-03T20:00:00,18.89,72.85,0.0,0.0
2024-07-03T20:00:00,18.89,72.87,0.0,0.0
2024-07-03T20:00:00,18.89,72.89,0.0,0.0
2024-07-03T20:00:00,18.89,72.91,0.0,0.0
2024-07-03T20:00:00,18.89,72.93,0.0,0.0
2024-07-03T20:00:00,18.89,72.95,0.0,0.0
2024-07-03T20:00:00,18.89,72.97,0.0,0.0
2024-07-03T20:00:00,18.89,72.99,0.0,0.0
2024-07-03T20:00:00,18.91,72.77,0.0,0.0
2024-07-03T20:00:00,18.91,72.79,0.0,0.0
2024-07-03T20:00:00,18.91,72.81,0.0,0.0
2024-07-03T20:00:00,18.91,72.83,0.0,0.0
2024-07-03T20:00:00,18.91,72.85,0.0,0.0
2024-07-03T20:00:00,18.91,72.87,0.0,0.0
2024-07-03T20:00:00,18.91,72.89,0.0,0.0
2024-07-03T20:00:00,18.91,72.91,0.0,0.0
2024-07-03T20:00:00,18.91,72.93,0.0,0.0
2024-07-03T20:00:00,18.91,72.95,0.0,0.0
2024-07-03T20:00:00,18.91,72.97,0.0,0.0
2024-07-03T20:00:00,18.91,72.99,0.0,0.0
2024-07-03T20:00:00,18.93,72.77,0.0,0.0
2024-07-03T20:00:00,18.93,72.79,0.0,0.0
2024-07-03T20:00:00,18.93,72.81,0.0,0.0
2024-07-03T20:00:00,18.93,72.83,0.0,0.0
2024-07-03T20:00:00,18.93,72.85,0.0,0.0
2024-07-03T20:00:00,18.93,72.87,0.0,0.0
2024-07-03T20:00:00,18.93,72.89,0.0,0.0
2024-07-03T20:00:00,18.93,72.91,0.0,0.0
2024-07-03T20:00:00,18.93,72.93,0.0,0.0
2024-07-03T20:00:00,18.93,72.95,0.0,0.0
2024-07-03T20:00:00,18.93,72.97,0.0,0.0
2024-07-03T20:00:00,18.93,72.99,0.0,0.0
2024-07-03T20:00:00,18.95,72.77,0.0,0.0
2024-07-03T20:00:00,18.95,72.79,0.0,0.0
2024-07-03T20:00:00,18.95,72.81,0.0,0.0
2024-07-03T20:00:00,18.95,72.83,0.0,0.0
2024-07-03T20:00:00,18.95,72.85,0.0,0.0
2024-07-03T20:00:00,18.95,72.87,0.0,0.0
2024-07-03T20:00:00,18.95,72.89,0.0,0.0
2024-07-03T20:00:00,18.95,72.91,0.0,0.0
2024-07-03T20:00:00,18.95,72.93,0.0,0.0
2024-07-03T20:00:00,18.95,72.95,0.0,0.0
2024-07-03T20:00:00,18.95,72.97,0.0,0.0
2024-07-03T20:00:00,18.95,72.99,0.0,0.0
2024-07-03T20:00:00,18.97,72.77,0.0,0.0
2024-07-03T20:00:00,18.97,72.79,0.0,0.0
2024-07-03T20:00:00,18.97,72.81,0.0,0.0
2024-07-03T20:00:00,18.97,72.83,0.0,0.0
2024-07-03T20:00:00,18.97,72.85,0.0,0.0
2024-07-03T20:00:00,18.97,72.87,0.0,0.0
2024-07-03T20:00:00,18.97,72.89,0.0,0.0
2024-07-03T20:00:00,18.97,72.91,0.0,0.0
2024-07-03T20:00:00,18.97,72.93,0.0,0.0
2024-07-03T20:00:00,18.97,72.95,0.0,0.0
2024-07-03T20:00:00,18.97,72.97,0.0,0.0
2024-07-03T20:00:00,18.97,72.99,0.0,0.0
2024-07-03T20:00:00,18.99,72.77,0.0,0.0
2024-07-03T20:00:00,18.99,72.79,0.0,0.0
2024-07-03T20:00:00,18.99,72.81,0.0,0.0
2024-07-03T20:00:00,18.99,72.83,0.0,0.0
2024-07-03T20:00:00,18.99,72.85,0.0,0.0
2024-07-03T20:00:00,18.99,72.87,0.0,0.0
2024-07-03T20:00:00,18.99,72.89,0.0,0.0
2024-07-03T20:00:00,18.99,72.91,0.0,0.0
2024-07-03T20:00:00,18.99,72.93,0.0,0.0
2024-07-03T20:00:00,18.99,72.95,0.0,0.0
2024-07-03T20:00:00,18.99,72.97,0.0,0.0
2024-07-03T20:00:00,18.99,72.99,0.0,0.0
2024-07-03T20:00:00,19.01,72.77,0.0,0.0
2024-07-03T20:00:00,19.01,72.79,0.0,0.0
2024-07-03T20:00:00,19.01,72.81,0.0,0.0
2024-07-03T20:00:00,19.01,72.83,0.0,0.0
2024-07-03T20:00:00,19.01,72.85,0.0,0.0
2024-07-03T20:00:00,19.01,72.87,0.0,0.0
2024-07-03T20:00:00,19.01,72.89,0.0,0.0
2024-07-03T20:00:00,19.01,72.91,0.0,0.0
2024-07-03T20:00:00,19.01,72.93,0.0,0.0
2024-07-03T20:00:00,19.01,72.95,0.0,0.0
2024-07-03T20:00:00,19.01,72.97,0.0,0.0
2024-07-03T20:00:00,19.01,72.99,0.0,0.0
2024-07-03T20:00:00,19.03,72.77,0.0,0.0
2024-07-03T20:00:00,19.03,72.79,0.0,0.0
2024-07-03T20:00:00,19.03,72.81,0.0,0.0
2024-07-03T20:00:00,19.03,72.83,0.0,0.0
2024-07-03T20:00:00,19.03,72.85,0.0,0.0
2024-07-03T20:00:00,19.03,72.87,0.0,0.0
2024-07-03T20:00:00,19.03,72.89,0.0,0.0
2024-07-03T20:00:00,19.03,72.91,0.0,0.0
2024-07-03T20:00:00,19.03,72.93,0.0,0.0
2024-07-03T20:00:00,19.03,72.95,0.0,0.0
2024-07-03T20:00:00,19.03,72.97,0.0,0.0
2024-07-03T20:00:00,19.03,72.99,0.0,0.0
2024-07-03T20:00:00,19.05,72.77,0.0,0.0
2024-07-03T20:00:00,19.05,72.79,0.0,0.0
2024-07-03T20:00:00,19.05,72.81,0.0,0.0
2024-07-03T20:00:00,19.05,72.83,0.0,0.0
2024-07-03T20:00:00,19.05,72.85,0.0,0.0
2024-07-03T20:00:00,19.05,72.87,0.0,0.0
2024-07-03T20:00:00,19.05,72.89,0.0,0.0
2024-07-03T20:00:00,19.05,72.91,0.0,0.0
2024-07-03T20:00:00,19.05,72.93,0.0,0.0
2024-07-03T20:00:00,19.05,72.95,0.0,0.0
2024-07-03T20:00:00,19.05,72.97,0.0,0.0
2024-07-03T20:00:00,19.05,72.99,0.0,0.0
2024-07-03T20:00:00,19.07,72.77,0.0,0.0
2024-07-03T20:00:00,19.07,72.79,0.0,0.0
2024-07-03T20:00:00,19.07,72.81,0.0,0.0
2024-07-03T20:00:00,19.07,72.83,0.0,0.0
2024-07-03T20:00:00,19.07,72.85,0.0,0.0
2024-07-03T20:00:00,19.07,72.87,0.0,0.0
2024-07-03T20:00:00,19.07,72.89,0.0,0.0
2024-07-03T20:00:00,19.07,72.91,0.0,0.0
2024-07-03T20:00:00,19.07,72.93,0.0,0.0
2024-07-03T20:00:00,19.07,72.95,0.0,0.0
2024-07-03T20:00:00,19.07,72.97,0.0,0.0
2024-07-03T20:00:00,19.07,72.99,0.0,0.0
2024-07-03T20:00:00,19.09,72.77,0.0,0.0
2024-07-03T20:00:00,19.09,72.79,0.0,0.0
2024-07-03T20:00:00,19.09,72.81,0.0,0.0
2024-07-03T20:00:00,19.09,72.83,0.0,0.0
2024-07-03T20:00:00,19.09,72.85,0.0,0.0
2024-07-03T20:00:00,19.09,72.87,0.0,0.0
2024-07-03T20:00:00,19.09,72.89,0.0,0.0
2024-07-03T20:00:00,19.09,72.91,0.0,0.0
2024-07-03T20:00:00,19.09,72.93,0.0,0.0
2024-07-03T20:00:00,19.09,72.95,0.0,0.0
2024-07-03T20:00:00,19.09,72.97,0.0,0.0
2024-07-03T20:00:00,19.09,72.99,0.0,0.0
2024-07-03T20:00:00,19.11,72.77,0.0,0.0
2024-07-03T20:00:00,19.11,72.79,0.0,0.0
2024-07-03T20:00:00,19.11,72.81,0.0,0.0
2024-07-03T20:00:00,19.11,72.83,0.0,0.0
2024-07-03T20:00:00,19.11,72.85,0.0,0.0
2024-07-03T20:00:00,19.11,72.87,0.0,0.0
2024-07-03T20:00:00,19.11,72.89,0.0,0.0
2024-07-03T20:00:00,19.11,72.91,0.0,0.0
2024-07-03T20:00:00,19.11,72.93,0.0,0.0
2024-07-03T20:00:00,19.11,72.95,0.0,0.0
2024-07-03T20:00:00,19.11,72.97,0.0,0.0
2024-07-03T20:00:00,19.11,72.99,0.0,0.0
2024-07-03T20:00:00,19.13,72.77,0.0,0.0
2024-07-03T20:00:00,19.13,72.79,0.0,0.0
2024-07-03T20:00:00,19.13,72.81,0.0,0.0
2024-07-03T20:00:00,19.13,72.83,0.0,0.0
2024-07-03T20:00:00,19.13,72.85,0.0,0.0
2024-07-03T20:00:00,19.13,72.87,0.0,0.0
2024-07-03T20:00:00,19.13,72.89,0.0,0.0
2024-07-03T20:00:00,19.13,72.91,0.0,0.0
2024-07-03T20:00:00,19.13,72.93,0.0,0.0
2024-07-03T20:00:00,19.13,72.95,0.0,0.0
2024-07-03T20:00:00,19.13,72.97,0.0,0.0
2024-07-03T20:00:00,19.13,72.99,0.0,0.0
2024-07-03T20:00:00,19.15,72.77,0.0,0.0
2024-07-03T20:00:00,19.15,72.79,0.0,0.0
2024-07-03T20:00:00,19.15,72.81,0.0,0.0
2024-07-03T20:00:00,19.15,72.83,0.0,0.0
2024-07-03T20:00:00,19.15,72.85,0.0,0.0
2024-07-03T20:00:00,19.15,72.87,0.0,0.0
2024-07-03T20:00:00,19.15,72.89,0.0,0.0
2024-07-03T20:00:00,19.15,72.91,0.0,0.0
2024-07-03T20:00:00,19.15,72.93,0.0,0.0
2024-07-03T20:00:00,19.15,72.95,0.0,0.0
2024-07-03T20:00:00,19.15,72.97,0.0,0.0
2024-07-03T20:00:00,19.15,72.99,0.0,0.0
2024-07-03T20:00:00,19.17,72.77,0.0,0.0
2024-07-03T20:00:00,19.17,72.79,0.0,0.0
2024-07-03T20:00:00,19.17,72.81,0.0,0.0
2024-07-03T20:00:00,19.17,72.83,0.0,0.0
2024-07-03T20:00:00,19.17,72.85,0.0,0.0
2024-07-03T20:00:00,19.17,72.87,0.0,0.0
2024-07-03T20:00:00,19.17,72.89,0.0,0.0
2024-07-03T20:00:00,19.17,72.91,0.0,0.0
2024-07-03T20:00:00,19.17,72.93,0.0,0.0
2024-07-03T20:00:00,19.17,72.95,0.0,0.0
2024-07-03T20:00:00,19.17,72.97,0.0,0.0
2024-07-03T20:00:00,19.17,72.99,0.0,0.0
2024-07-03T20:00:00,19.19,72.77,0.0,0.0
2024-07-03T20:00:00,19.19,72.79,0.0,0.0
2024-07-03T20:00:00,19.19,72.81,0.0,0.0
2024-07-03T20:00:00,19.19,72.83,0.0,0.0
2024-07-03T20:00:00,19.19,72.85,0.0,0.0
2024-07-03T20:00:00,19.19,72.87,0.0,0.0
2024-07-03T20:00:00,19.19,72.89,0.0,0.0
2024-07-03T20:00:00,19.19,72.91,0.0,0.0
2024-07-03T20:00:00,19.19,72.93,0.0,0.0
2024-07-03T20:00:00,19.19,72.95,0.0,0.0
2024-07-03T20:00:00,19.19,72.97,0.0,0.0
2024-07-03T20:00:00,19.19,72.99,0.0,0.0
2024-07-03T20:00:00,19.21,72.77,0.0,0.0
2024-07-03T20:00:00,19.21,72.79,0.0,0.0
2024-07-03T20:00:00,19.21,72.81,0.0,0.0
2024-07-03T20:00:00,19.21,72.83,0.0,0.0
2024-07-03T20:00:00,19.21,72.85,0.0,0.0
2024-07-03T20:00:00,19.21,72.87,0.0,0.0
2024-07-03T20:00:00,19.21,72.89,0.0,0.0
2024-07-03T20:00:00,19.21,72.91,0.0,0.0
2024-07-03T20:00:00,19.21,72.93,0.0,0.0
2024-07-03T20:00:00,19.21,72.95,0.0,0.0
2024-07-03T20:00:00,19.21,72.97,0.0,0.0
2024-07-03T20:00:00,19.21,72.99,0.0,0.0
2024-07-03T20:00:00,19.23,72.77,0.0,0.0
2024-07-03T20:00:00,19.23,72.79,0.0,0.0
2024-07-03T20:00:00,19.23,72.81,0.0,0.0
2024-07-03T20:00:00,19.23,72.83,0.0,0.0
2024-07-03T20:00:00,19.23,72.85,0.0,0.0
2024-07-03T20:00:00,19.23,72.87,0.0,0.0
2024-07-03T20:00:00,19.23,72.89,0.0,0.0
2024-07-03T20:00:00,19.23,72.91,0.0,0.0
2024-07-03T20:00:00,19.23,72.93,0.0,0.0
2024-07-03T20:00:00,19.23,72.95,0.0,0.0
2024-07-03T20:00:00,19.23,72.97,0.0,0.0
2024-07-03T20:00:00,19.23,72.99,0.0,0.0
2024-07-03T20:00:00,19.25,72.77,0.0,0.0
2024-07-03T20:00:00,19.25,72.79,0.0,0.0
2024-07-03T20:00:00,19.25,72.81,0.0,0.0
2024-07-03T20:00:00,19.25,72.83,0.0,0.0
2024-07-03T20:00:00,19.25,72.85,0.0,0.0
2024-07-03T20:00:00,19.25,72.87,0.0,0.0
2024-07-03T20:00:00,19.25,72.89,0.0,0.0
2024-07-03T20:00:00,19.25,72.91,0.0,0.0
2024-07-03T20:00:00,19.25,72.93,0.0,0.0
2024-07-03T20:00:00,19.25,72.95,0.0,0.0
2024-07-03T20:00:00,19.25,72.97,0.0,0.0
2024-07-03T20:00:00,19.25,72.99,0.0,0.0
2024-07-03T21:00:00,18.87,72.77,0.0,0.0
2024-07-03T21:00:00,18.87,72.79,0.0,0.0
2024-07-03T21:00:00,18.87,72.81,0.0,0.0
2024-07-03T21:00:00,18.87,72.83,0.0,0.0
2024-07-03T21:00:00,18.87,72.85,0.0,0.0
2024-07-03T21:00:00,18.87,72.87,0.0,0.0
2024-07-03T21:00:00,18.87,72.89,0.0,0.0
2024-07-03T21:00:00,18.87,72.91,0.0,0.0
2024-07-03T21:00:00,18.87,72.93,0.0,0.0
2024-07-03T21:00:00,18.87,72.95,0.0,0.0
2024-07-03T21:00:00,18.87,72.97,0.0,0.0
2024-07-03T21:00:00,18.87,72.99,0.0,0.0
2024-07-03T21:00:00,18.89,72.77,0.0,0.0
2024-07-03T21:00:00,18.89,72.79,0.0,0.0
2024-07-03T21:00:00,18.89,72.81,0.0,0.0
2024-07-03T21:00:00,18.89,72.83,0.0,0.0
2024-07-03T21:00:00,18.89,72.85,0.0,0.0
2024-07-03T21:00:00,18.89,72.87,0.0,0.0
2024-07-03T21:00:00,18.89,72.89,0.0,0.0
2024-07-03T21:00:00,18.89,72.91,0.0,0.0
2024-07-03T21:00:00,18.89,72.93,0.0,0.0
2024-07-03T21:00:00,18.89,72.95,0.0,0.0
2024-07-03T21:00:00,18.89,72.97,0.0,0.0
2024-07-03T21:00:00,18.89,72.99,0.0,0.0
2024-07-03T21:00:00,18.91,72.77,0.0,0.0
2024-07-03T21:00:00,18.91,72.79,0.0,0.0
2024-07-03T21:00:00,18.91,72.81,0.0,0.0
2024-07-03T21:00:00,18.91,72.83,0.0,0.0
2024-07-03T21:00:00,18.91,72.85,0.0,0.0
2024-07-03T21:00:00,18.91,72.87,0.0,0.0
2024-07-03T21:00:00,18.91,72.89,0.0,0.0
2024-07-03T21:00:00,18.91,72.91,0.0,0.0
2024-07-03T21:00:00,18.91,72.93,0.0,0.0
2024-07-03T21:00:00,18.91,72.95,0.0,0.0
2024-07-03T21:00:00,18.91,72.97,0.0,0.0
2024-07-03T21:00:00,18.91,72.99,0.0,0.0
2024-07-03T21:00:00,18.93,72.77,0.0,0.0
2024-07-03T21:00:00,18.93,72.79,0.0,0.0
2024-07-03T21:00:00,18.93,72.81,0.0,0.0
2024-07-03T21:00:00,18.93,72.83,0.0,0.0
2024-07-03T21:00:00,18.93,72.85,0.0,0.0
2024-07-03T21:00:00,18.93,72.87,0.0,0.0
2024-07-03T21:00:00,18.93,72.89,0.0,0.0
2024-07-03T21:00:00,18.93,72.91,0.0,0.0
2024-07-03T21:00:00,18.93,72.93,0.0,0.0
2024-07-03T21:00:00,18.93,72.95,0.0,0.0
2024-07-03T21:00:00,18.93,72.97,0.0,0.0
2024-07-03T21:00:00,18.93,72.99,0.0,0.0
2024-07-03T21:00:00,18.95,72.77,0.0,0.0
2024-07-03T21:00:00,18.95,72.79,0.0,0.0
2024-07-03T21:00:00,18.95,72.81,0.0,0.0
2024-07-03T21:00:00,18.95,72.83,0.0,0.0
2024-07-03T21:00:00,18.95,72.85,0.0,0.0
2024-07-03T21:00:00,18.95,72.87,0.0,0.0
2024-07-03T21:00:00,18.95,72.89,0.0,0.0
2024-07-03T21:00:00,18.95,72.91,0.0,0.0
2024-07-03T21:00:00,18.95,72.93,0.0,0.0
2024-07-03T21:00:00,18.95,72.95,0.0,0.0
2024-07-03T21:00:00,18.95,72.97,0.0,0.0
2024-07-03T21:00:00,18.95,72.99,0.0,0.0
2024-07-03T21:00:00,18.97,72.77,0.0,0.0
2024-07-03T21:00:00,18.97,72.79,0.0,0.0
2024-07-03T21:00:00,18.97,72.81,0.0,0.0
2024-07-03T21:00:00,18.97,72.83,0.0,0.0
2024-07-03T21:00:00,18.97,72.85,0.0,0.0
2024-07-03T21:00:00,18.97,72.87,0.0,0.0
2024-07-03T21:00:00,18.97,72.89,0.0,0.0
2024-07-03T21:00:00,18.97,72.91,0.0,0.0
2024-07-03T21:00:00,18.97,72.93,0.0,0.0
2024-07-03T21:00:00,18.97,72.95,0.0,0.0
2024-07-03T21:00:00,18.97,72.97,0.0,0.0
2024-07-03T21:00:00,18.97,72.99,0.0,0.0
2024-07-03T21:00:00,18.99,72.77,0.0,0.0
2024-07-03T21:00:00,18.99,72.79,0.0,0.0
2024-07-03T21:00:00,18.99,72.81,0.0,0.0
2024-07-03T21:00:00,18.99,72.83,0.0,0.0
2024-07-03T21:00:00,18.99,72.85,0.0,0.0
2024-07-03T21:00:00,18.99,72.87,0.0,0.0
2024-07-03T21:00:00,18.99,72.89,0.0,0.0
2024-07-03T21:00:00,18.99,72.91,0.0,0.0
2024-07-03T21:00:00,18.99,72.93,0.0,0.0
2024-07-03T21:00:00,18.99,72.95,0.0,0.0
2024-07-03T21:00:00,18.99,72.97,0.0,0.0
2024-07-03T21:00:00,18.99,72.99,0.0,0.0
2024-07-03T21:00:00,19.01,72.77,0.0,0.0
2024-07-03T21:00:00,19.01,72.79,0.0,0.0
2024-07-03T21:00:00,19.01,72.81,0.0,0.0
2024-07-03T21:00:00,19.01,72.83,0.0,0.0
2024-07-03T21:00:00,19.01,72.85,0.0,0.0
2024-07-03T21:00:00,19.01,72.87,0.0,0.0
2024-07-03T21:00:00,19.01,72.89,0.0,0.0
2024-07-03T21:00:00,19.01,72.91,0.0,0.0
2024-07-03T21:00:00,19.01,72.93,0.0,0.0
2024-07-03T21:00:00,19.01,72.95,0.0,0.0
2024-07-03T21:00:00,19.01,72.97,0.0,0.0
2024-07-03T21:00:00,19.01,72.99,0.0,0.0
2024-07-03T21:00:00,19.03,72.77,0.0,0.0
2024-07-03T21:00:00,19.03,72.79,0.0,0.0
2024-07-03T21:00:00,19.03,72.81,0.0,0.0
2024-07-03T21:00:00,19.03,72.83,0.0,0.0
2024-07-03T21:00:00,19.03,72.85,0.0,0.0
2024-07-03T21:00:00,19.03,72.87,0.0,0.0
2024-07-03T21:00:00,19.03,72.89,0.0,0.0
2024-07-03T21:00:00,19.03,72.91,0.0,0.0
2024-07-03T21:00:00,19.03,72.93,0.0,0.0
2024-07-03T21:00:00,19.03,72.95,0.0,0.0
2024-07-03T21:00:00,19.03,72.97,0.0,0.0
2024-07-03T21:00:00,19.03,72.99,0.0,0.0
2024-07-03T21:00:00,19.05,72.77,0.0,0.0
2024-07-03T21:00:00,19.05,72.79,0.0,0.0
2024-07-03T21:00:00,19.05,72.81,0.0,0.0
2024-07-03T21:00:00,19.05,72.83,0.0,0.0
2024-07-03T21:00:00,19.05,72.85,0.0,0.0
2024-07-03T21:00:00,19.05,72.87,0.0,0.0
2024-07-03T21:00:00,19.05,72.89,0.0,0.0
2024-07-03T21:00:00,19.05,72.91,0.0,0.0
2024-07-03T21:00:00,19.05,72.93,0.0,0.0
2024-07-03T21:00:00,19.05,72.95,0.0,0.0
2024-07-03T21:00:00,19.05,72.97,0.0,0.0
2024-07-03T21:00:00,19.05,72.99,0.0,0.0
2024-07-03T21:00:00,19.07,72.77,0.0,0.0
2024-07-03T21:00:00,19.07,72.79,0.0,0.0
2024-07-03T21:00:00,19.07,72.81,0.0,0.0
2024-07-03T21:00:00,19.07,72.83,0.0,0.0
2024-07-03T21:00:00,19.07,72.85,0.0,0.0
2024-07-03T21:00:00,19.07,72.87,0.0,0.0
2024-07-03T21:00:00,19.07,72.89,0.0,0.0
2024-07-03T21:00:00,19.07,72.91,0.0,0.0
2024-07-03T21:00:00,19.07,72.93,0.0,0.0
2024-07-03T21:00:00,19.07,72.95,0.0,0.0
2024-07-03T21:00:00,19.07,72.97,0.0,0.0
2024-07-03T21:00:00,19.07,72.99,0.0,0.0
2024-07-03T21:00:00,19.09,72.77,0.0,0.0
2024-07-03T21:00:00,19.09,72.79,0.0,0.0
2024-07-03T21:00:00,19.09,72.81,0.0,0.0
2024-07-03T21:00:00,19.09,72.83,0.0,0.0
2024-07-03T21:00:00,19.09,72.85,0.0,0.0
2024-07-03T21:00:00,19.09,72.87,0.0,0.0
2024-07-03T21:00:00,19.09,72.89,0.0,0.0
2024-07-03T21:00:00,19.09,72.91,0.0,0.0
2024-07-03T21:00:00,19.09,72.93,0.0,0.0
2024-07-03T21:00:00,19.09,72.95,0.0,0.0
2024-07-03T21:00:00,19.09,72.97,0.0,0.0
2024-07-03T21:00:00,19.09,72.99,0.0,0.0
2024-07-03T21:00:00,19.11,72.77,0.0,0.0
2024-07-03T21:00:00,19.11,72.79,0.0,0.0
2024-07-03T21:00:00,19.11,72.81,0.0,0.0
2024-07-03T21:00:00,19.11,72.83,0.0,0.0
2024-07-03T21:00:00,19.11,72.85,0.0,0.0
2024-07-03T21:00:00,19.11,72.87,0.0,0.0
2024-07-03T21:00:00,19.11,72.89,0.0,0.0
2024-07-03T21:00:00,19.11,72.91,0.0,0.0
2024-07-03T21:00:00,19.11,72.93,0.0,0.0
2024-07-03T21:00:00,19.11,72.95,0.0,0.0
2024-07-03T21:00:00,19.11,72.97,0.0,0.0
2024-07-03T21:00:00,19.11,72.99,0.0,0.0
2024-07-03T21:00:00,19.13,72.77,0.0,0.0
2024-07-03T21:00:00,19.13,72.79,0.0,0.0
2024-07-03T21:00:00,19.13,72.81,0.0,0.0
2024-07-03T21:00:00,19.13,72.83,0.0,0.0
2024-07-03T21:00:00,19.13,72.85,0.0,0.0
2024-07-03T21:00:00,19.13,72.87,0.0,0.0
2024-07-03T21:00:00,19.13,72.89,0.0,0.0
2024-07-03T21:00:00,19.13,72.91,0.0,0.0
2024-07-03T21:00:00,19.13,72.93,0.0,0.0
2024-07-03T21:00:00,19.13,72.95,0.0,0.0
2024-07-03T21:00:00,19.13,72.97,0.0,0.0
2024-07-03T21:00:00,19.13,72.99,0.0,0.0
2024-07-03T21:00:00,19.15,72.77,0.0,0.0
2024-07-03T21:00:00,19.15,72.79,0.0,0.0
2024-07-03T21:00:00,19.15,72.81,0.0,0.0
2024-07-03T21:00:00,19.15,72.83,0.0,0.0
2024-07-03T21:00:00,19.15,72.85,0.0,0.0
2024-07-03T21:00:00,19.15,72.87,0.0,0.0
2024-07-03T21:00:00,19.15,72.89,0.0,0.0
2024-07-03T21:00:00,19.15,72.91,0.0,0.0
2024-07-03T21:00:00,19.15,72.93,0.0,0.0
2024-07-03T21:00:00,19.15,72.95,0.0,0.0
2024-07-03T21:00:00,19.15,72.97,0.0,0.0
2024-07-03T21:00:00,19.15,72.99,0.0,0.0
2024-07-03T21:00:00,19.17,72.77,0.0,0.0
2024-07-03T21:00:00,19.17,72.79,0.0,0.0
2024-07-03T21:00:00,19.17,72.81,0.0,0.0
2024-07-03T21:00:00,19.17,72.83,0.0,0.0
2024-07-03T21:00:00,19.17,72.85,0.0,0.0
2024-07-03T21:00:00,19.17,72.87,0.0,0.0
2024-07-03T21:00:00,19.17,72.89,0.0,0.0
2024-07-03T21:00:00,19.17,72.91,0.0,0.0
2024-07-03T21:00:00,19.17,72.93,0.0,0.0
2024-07-03T21:00:00,19.17,72.95,0.0,0.0
2024-07-03T21:00:00,19.17,72.97,0.0,0.0
2024-07-03T21:00:00,19.17,72.99,0.0,0.0
2024-07-03T21:00:00,19.19,72.77,0.0,0.0
2024-07-03T21:00:00,19.19,72.79,0.0,0.0
2024-07-03T21:00:00,19.19,72.81,0.0,0.0
2024-07-03T21:00:00,19.19,72.83,0.0,0.0
2024-07-03T21:00:00,19.19,72.85,0.0,0.0
2024-07-03T21:00:00,19.19,72.87,0.0,0.0
2024-07-03T21:00:00,19.19,72.89,0.0,0.0
2024-07-03T21:00:00,19.19,72.91,0.0,0.0
2024-07-03T21:00:00,19.19,72.93,0.0,0.0
2024-07-03T21:00:00,19.19,72.95,0.0,0.0
2024-07-03T21:00:00,19.19,72.97,0.0,0.0
2024-07-03T21:00:00,19.19,72.99,0.0,0.0
2024-07-03T21:00:00,19.21,72.77,0.0,0.0
2024-07-03T21:00:00,19.21,72.79,0.0,0.0
2024-07-03T21:00:00,19.21,72.81,0.0,0.0
2024-07-03T21:00:00,19.21,72.83,0.0,0.0
2024-07-03T21:00:00,19.21,72.85,0.0,0.0
2024-07-03T21:00:00,19.21,72.87,0.0,0.0
2024-07-03T21:00:00,19.21,72.89,0.0,0.0
2024-07-03T21:00:00,19.21,72.91,0.0,0.0
2024-07-03T21:00:00,19.21,72.93,0.0,0.0
2024-07-03T21:00:00,19.21,72.95,0.0,0.0
2024-07-03T21:00:00,19.21,72.97,0.0,0.0
2024-07-03T21:00:00,19.21,72.99,0.0,0.0
2024-07-03T21:00:00,19.23,72.77,0.0,0.0
2024-07-03T21:00:00,19.23,72.79,0.0,0.0
2024-07-03T21:00:00,19.23,72.81,0.0,0.0
2024-07-03T21:00:00,19.23,72.83,0.0,0.0
2024-07-03T21:00:00,19.23,72.85,0.0,0.0
2024-07-03T21:00:00,19.23,72.87,0.0,0.0
2024-07-03T21:00:00,19.23,72.89,0.0,0.0
2024-07-03T21:00:00,19.23,72.91,0.0,0.0
2024-07-03T21:00:00,19.23,72.93,0.0,0.0
2024-07-03T21:00:00,19.23,72.95,0.0,0.0
2024-07-03T21:00:00,19.23,72.97,0.0,0.0
2024-07-03T21:00:00,19.23,72.99,0.0,0.0
2024-07-03T21:00:00,19.25,72.77,0.0,0.0
2024-07-03T21:00:00,19.25,72.79,0.0,0.0
2024-07-03T21:00:00,19.25,72.81,0.0,0.0
2024-07-03T21:00:00,19.25,72.83,0.0,0.0
2024-07-03T21:00:00,19.25,72.85,0.0,0.0
2024-07-03T21:00:00,19.25,72.87,0.0,0.0
2024-07-03T21:00:00,19.25,72.89,0.0,0.0
2024-07-03T21:00:00,19.25,72.91,0.0,0.0
2024-07-03T21:00:00,19.25,72.93,0.0,0.0
2024-07-03T21:00:00,19.25,72.95,0.0,0.0
2024-07-03T21:00:00,19.25,72.97,0.0,0.0
2024-07-03T21:00:00,19.25,72.99,0.0,0.0
2024-07-03T22:00:00,18.87,72.77,0.0,0.0
2024-07-03T22:00:00,18.87,72.79,0.0,0.0
2024-07-03T22:00:00,18.87,72.81,0.0,0.0
2024-07-03T22:00:00,18.87,72.83,0.0,0.0
2024-07-03T22:00:00,18.87,72.85,0.0,0.0
2024-07-03T22:00:00,18.87,72.87,0.0,0.0
2024-07-03T22:00:00,18.87,72.89,0.0,0.0
2024-07-03T22:00:00,18.87,72.91,0.0,0.0
2024-07-03T22:00:00,18.87,72.93,0.0,0.0
2024-07-03T22:00:00,18.87,72.95,0.0,0.0
2024-07-03T22:00:00,18.87,72.97,0.0,0.0
2024-07-03T22:00:00,18.87,72.99,0.0,0.0
2024-07-03T22:00:00,18.89,72.77,0.0,0.0
2024-07-03T22:00:00,18.89,72.79,0.0,0.0
2024-07-03T22:00:00,18.89,72.81,0.0,0.0
2024-07-03T22:00:00,18.89,72.83,0.0,0.0
2024-07-03T22:00:00,18.89,72.85,0.0,0.0
2024-07-03T22:00:00,18.89,72.87,0.0,0.0
2024-07-03T22:00:00,18.89,72.89,0.0,0.0
2024-07-03T22:00:00,18.89,72.91,0.0,0.0
2024-07-03T22:00:00,18.89,72.93,0.0,0.0
2024-07-03T22:00:00,18.89,72.95,0.0,0.0
2024-07-03T22:00:00,18.89,72.97,0.0,0.0
2024-07-03T22:00:00,18.89,72.99,0.0,0.0
2024-07-03T22:00:00,18.91,72.77,0.0,0.0
2024-07-03T22:00:00,18.91,72.79,0.0,0.0
2024-07-03T22:00:00,18.91,72.81,0.0,0.0
2024-07-03T22:00:00,18.91,72.83,0.0,0.0
2024-07-03T22:00:00,18.91,72.85,0.0,0.0
2024-07-03T22:00:00,18.91,72.87,0.0,0.0
2024-07-03T22:00:00,18.91,72.89,0.0,0.0
2024-07-03T22:00:00,18.91,72.91,0.0,0.0
2024-07-03T22:00:00,18.91,72.93,0.0,0.0
2024-07-03T22:00:00,18.91,72.95,0.0,0.0
2024-07-03T22:00:00,18.91,72.97,0.0,0.0
2024-07-03T22:00:00,18.91,72.99,0.0,0.0
2024-07-03T22:00:00,18.93,72.77,0.0,0.0
2024-07-03T22:00:00,18.93,72.79,0.0,0.0
2024-07-03T22:00:00,18.93,72.81,0.0,0.0
2024-07-03T22:00:00,18.93,72.83,0.0,0.0
2024-07-03T22:00:00,18.93,72.85,0.0,0.0
2024-07-03T22:00:00,18.93,72.87,0.0,0.0
2024-07-03T22:00:00,18.93,72.89,0.0,0.0
2024-07-03T22:00:00,18.93,72.91,0.0,0.0
2024-07-03T22:00:00,18.93,72.93,0.0,0.0
2024-07-03T22:00:00,18.93,72.95,0.0,0.0
2024-07-03T22:00:00,18.93,72.97,0.0,0.0
2024-07-03T22:00:00,18.93,72.99,0.0,0.0
2024-07-03T22:00:00,18.95,72.77,0.0,0.0
2024-07-03T22:00:00,18.95,72.79,0.0,0.0
2024-07-03T22:00:00,18.95,72.81,0.0,0.0
2024-07-03T22:00:00,18.95,72.83,0.0,0.0
2024-07-03T22:00:00,18.95,72.85,0.0,0.0
2024-07-03T22:00:00,18.95,72.87,0.0,0.0
2024-07-03T22:00:00,18.95,72.89,0.0,0.0
2024-07-03T22:00:00,18.95,72.91,0.0,0.0
2024-07-03T22:00:00,18.95,72.93,0.0,0.0
2024-07-03T22:00:00,18.95,72.95,0.0,0.0
2024-07-03T22:00:00,18.95,72.97,0.0,0.0
2024-07-03T22:00:00,18.95,72.99,0.0,0.0
2024-07-03T22:00:00,18.97,72.77,0.0,0.0
2024-07-03T22:00:00,18.97,72.79,0.0,0.0
2024-07-03T22:00:00,18.97,72.81,0.0,0.0
2024-07-03T22:00:00,18.97,72.83,0.0,0.0
2024-07-03T22:00:00,18.97,72.85,0.0,0.0
2024-07-03T22:00:00,18.97,72.87,0.0,0.0
2024-07-03T22:00:00,18.97,72.89,0.0,0.0
2024-07-03T22:00:00,18.97,72.91,0.0,0.0
2024-07-03T22:00:00,18.97,72.93,0.0,0.0
2024-07-03T22:00:00,18.97,72.95,0.0,0.0
2024-07-03T22:00:00,18.97,72.97,0.0,0.0
2024-07-03T22:00:00,18.97,72.99,0.0,0.0
2024-07-03T22:00:00,18.99,72.77,0.0,0.0
2024-07-03T22:00:00,18.99,72.79,0.0,0.0
2024-07-03T22:00:00,18.99,72.81,0.0,0.0
2024-07-03T22:00:00,18.99,72.83,0.0,0.0
2024-07-03T22:00:00,18.99,72.85,0.0,0.0
2024-07-03T22:00:00,18.99,72.87,0.0,0.0
2024-07-03T22:00:00,18.99,72.89,0.0,0.0
2024-07-03T22:00:00,18.99,72.91,0.0,0.0
2024-07-03T22:00:00,18.99,72.93,0.0,0.0
2024-07-03T22:00:00,18.99,72.95,0.0,0.0
2024-07-03T22:00:00,18.99,72.97,0.0,0.0
2024-07-03T22:00:00,18.99,72.99,0.0,0.0
2024-07-03T22:00:00,19.01,72.77,0.0,0.0
2024-07-03T22:00:00,19.01,72.79,0.0,0.0
2024-07-03T22:00:00,19.01,72.81,0.0,0.0
2024-07-03T22:00:00,19.01,72.83,0.0,0.0
2024-07-03T22:00:00,19.01,72.85,0.0,0.0
2024-07-03T22:00:00,19.01,72.87,0.0,0.0
2024-07-03T22:00:00,19.01,72.89,0.0,0.0
2024-07-03T22:00:00,19.01,72.91,0.0,0.0
2024-07-03T22:00:00,19.01,72.93,0.0,0.0
2024-07-03T22:00:00,19.01,72.95,0.0,0.0
2024-07-03T22:00:00,19.01,72.97,0.0,0.0
2024-07-03T22:00:00,19.01,72.99,0.0,0.0
2024-07-03T22:00:00,19.03,72.77,0.0,0.0
2024-07-03T22:00:00,19.03,72.79,0.0,0.0
2024-07-03T22:00:00,19.03,72.81,0.0,0.0
2024-07-03T22:00:00,19.03,72.83,0.0,0.0
2024-07-03T22:00:00,19.03,72.85,0.0,0.0
2024-07-03T22:00:00,19.03,72.87,0.0,0.0
2024-07-03T22:00:00,19.03,72.89,0.0,0.0
2024-07-03T22:00:00,19.03,72.91,0.0,0.0
2024-07-03T22:00:00,19.03,72.93,0.0,0.0
2024-07-03T22:00:00,19.03,72.95,0.0,0.0
2024-07-03T22:00:00,19.03,72.97,0.0,0.0
2024-07-03T22:00:00,19.03,72.99,0.0,0.0
2024-07-03T22:00:00,19.05,72.77,0.0,0.0
2024-07-03T22:00:00,19.05,72.79,0.0,0.0
2024-07-03T22:00:00,19.05,72.81,0.0,0.0
2024-07-03T22:00:00,19.05,72.83,0.0,0.0
2024-07-03T22:00:00,19.05,72.85,0.0,0.0
2024-07-03T22:00:00,19.05,72.87,0.0,0.0
2024-07-03T22:00:00,19.05,72.89,0.0,0.0
2024-07-03T22:00:00,19.05,72.91,0.0,0.0
2024-07-03T22:00:00,19.05,72.93,0.0,0.0
2024-07-03T22:00:00,19.05,72.95,0.0,0.0
2024-07-03T22:00:00,19.05,72.97,0.0,0.0
2024-07-03T22:00:00,19.05,72.99,0.0,0.0
2024-07-03T22:00:00,19.07,72.77,0.0,0.0
2024-07-03T22:00:00,19.07,72.79,0.0,0.0
2024-07-03T22:00:00,19.07,72.81,0.0,0.0
2024-07-03T22:00:00,19.07,72.83,0.0,0.0
2024-07-03T22:00:00,19.07,72.85,0.0,0.0
2024-07-03T22:00:00,19.07,72.87,0.0,0.0
2024-07-03T22:00:00,19.07,72.89,0.0,0.0
2024-07-03T22:00:00,19.07,72.91,0.0,0.0
2024-07-03T22:00:00,19.07,72.93,0.0,0.0
2024-07-03T22:00:00,19.07,72.95,0.0,0.0
2024-07-03T22:00:00,19.07,72.97,0.0,0.0
2024-07-03T22:00:00,19.07,72.99,0.0,0.0
2024-07-03T22:00:00,19.09,72.77,0.0,0.0
2024-07-03T22:00:00,19.09,72.79,0.0,0.0
2024-07-03T22:00:00,19.09,72.81,0.0,0.0
2024-07-03T22:00:00,19.09,72.83,0.0,0.0
2024-07-03T22:00:00,19.09,72.85,0.0,0.0
2024-07-03T22:00:00,19.09,72.87,0.0,0.0
2024-07-03T22:00:00,19.09,72.89,0.0,0.0
2024-07-03T22:00:00,19.09,72.91,0.0,0.0
2024-07-03T22:00:00,19.09,72.93,0.0,0.0
2024-07-03T22:00:00,19.09,72.95,0.0,0.0
2024-07-03T22:00:00,19.09,72.97,0.0,0.0
2024-07-03T22:00:00,19.09,72.99,0.0,0.0
2024-07-03T22:00:00,19.11,72.77,0.0,0.0
2024-07-03T22:00:00,19.11,72.79,0.0,0.0
2024-07-03T22:00:00,19.11,72.81,0.0,0.0
2024-07-03T22:00:00,19.11,72.83,0.0,0.0
2024-07-03T22:00:00,19.11,72.85,0.0,0.0
2024-07-03T22:00:00,19.11,72.87,0.0,0.0
2024-07-03T22:00:00,19.11,72.89,0.0,0.0
2024-07-03T22:00:00,19.11,72.91,0.0,0.0
2024-07-03T22:00:00,19.11,72.93,0.0,0.0
2024-07-03T22:00:00,19.11,72.95,0.0,0.0
2024-07-03T22:00:00,19.11,72.97,0.0,0.0
2024-07-03T22:00:00,19.11,72.99,0.0,0.0
2024-07-03T22:00:00,19.13,72.77,0.0,0.0
2024-07-03T22:00:00,19.13,72.79,0.0,0.0
2024-07-03T22:00:00,19.13,72.81,0.0,0.0
2024-07-03T22:00:00,19.13,72.83,0.0,0.0
2024-07-03T22:00:00,19.13,72.85,0.0,0.0
2024-07-03T22:00:00,19.13,72.87,0.0,0.0
2024-07-03T22:00:00,19.13,72.89,0.0,0.0
2024-07-03T22:00:00,19.13,72.91,0.0,0.0
2024-07-03T22:00:00,19.13,72.93,0.0,0.0
2024-07-03T22:00:00,19.13,72.95,0.0,0.0
2024-07-03T22:00:00,19.13,72.97,0.0,0.0
2024-07-03T22:00:00,19.13,72.99,0.0,0.0
2024-07-03T22:00:00,19.15,72.77,0.0,0.0
2024-07-03T22:00:00,19.15,72.79,0.0,0.0
2024-07-03T22:00:00,19.15,72.81,0.0,0.0
2024-07-03T22:00:00,19.15,72.83,0.0,0.0
2024-07-03T22:00:00,19.15,72.85,0.0,0.0
2024-07-03T22:00:00,19.15,72.87,0.0,0.0
2024-07-03T22:00:00,19.15,72.89,0.0,0.0
2024-07-03T22:00:00,19.15,72.91,0.0,0.0
2024-07-03T22:00:00,19.15,72.93,0.0,0.0
2024-07-03T22:00:00,19.15,72.95,0.0,0.0
2024-07-03T22:00:00,19.15,72.97,0.0,0.0
2024-07-03T22:00:00,19.15,72.99,0.0,0.0
2024-07-03T22:00:00,19.17,72.77,0.0,0.0
2024-07-03T22:00:00,19.17,72.79,0.0,0.0
2024-07-03T22:00:00,19.17,72.81,0.0,0.0
2024-07-03T22:00:00,19.17,72.83,0.0,0.0
2024-07-03T22:00:00,19.17,72.85,0.0,0.0
2024-07-03T22:00:00,19.17,72.87,0.0,0.0
2024-07-03T22:00:00,19.17,72.89,0.0,0.0
2024-07-03T22:00:00,19.17,72.91,0.0,0.0
2024-07-03T22:00:00,19.17,72.93,0.0,0.0
2024-07-03T22:00:00,19.17,72.95,0.0,0.0
2024-07-03T22:00:00,19.17,72.97,0.0,0.0
2024-07-03T22:00:00,19.17,72.99,0.0,0.0
2024-07-03T22:00:00,19.19,72.77,0.0,0.0
2024-07-03T22:00:00,19.19,72.79,0.0,0.0
2024-07-03T22:00:00,19.19,72.81,0.0,0.0
2024-07-03T22:00:00,19.19,72.83,0.0,0.0
2024-07-03T22:00:00,19.19,72.85,0.0,0.0
2024-07-03T22:00:00,19.19,72.87,0.0,0.0
2024-07-03T22:00:00,19.19,72.89,0.0,0.0
2024-07-03T22:00:00,19.19,72.91,0.0,0.0
2024-07-03T22:00:00,19.19,72.93,0.0,0.0
2024-07-03T22:00:00,19.19,72.95,0.0,0.0
2024-07-03T22:00:00,19.19,72.97,0.0,0.0
2024-07-03T22:00:00,19.19,72.99,0.0,0.0
2024-07-03T22:00:00,19.21,72.77,0.0,0.0
2024-07-03T22:00:00,19.21,72.79,0.0,0.0
2024-07-03T22:00:00,19.21,72.81,0.0,0.0
2024-07-03T22:00:00,19.21,72.83,0.0,0.0
2024-07-03T22:00:00,19.21,72.85,0.0,0.0
2024-07-03T22:00:00,19.21,72.87,0.0,0.0
2024-07-03T22:00:00,19.21,72.89,0.0,0.0
2024-07-03T22:00:00,19.21,72.91,0.0,0.0
2024-07-03T22:00:00,19.21,72.93,0.0,0.0
2024-07-03T22:00:00,19.21,72.95,0.0,0.0
2024-07-03T22:00:00,19.21,72.97,0.0,0.0
2024-07-03T22:00:00,19.21,72.99,0.0,0.0
2024-07-03T22:00:00,19.23,72.77,0.0,0.0
2024-07-03T22:00:00,19.23,72.79,0.0,0.0
2024-07-03T22:00:00,19.23,72.81,0.0,0.0
2024-07-03T22:00:00,19.23,72.83,0.0,0.0
2024-07-03T22:00:00,19.23,72.85,0.0,0.0
2024-07-03T22:00:00,19.23,72.87,0.0,0.0
2024-07-03T22:00:00,19.23,72.89,0.0,0.0
2024-07-03T22:00:00,19.23,72.91,0.0,0.0
2024-07-03T22:00:00,19.23,72.93,0.0,0.0
2024-07-03T22:00:00,19.23,72.95,0.0,0.0
2024-07-03T22:00:00,19.23,72.97,0.0,0.0
2024-07-03T22:00:00,19.23,72.99,0.0,0.0
2024-07-03T22:00:00,19.25,72.77,0.0,0.0
2024-07-03T22:00:00,19.25,72.79,0.0,0.0
2024-07-03T22:00:00,19.25,72.81,0.0,0.0
2024-07-03T22:00:00,19.25,72.83,0.0,0.0
2024-07-03T22:00:00,19.25,72.85,0.0,0.0
2024-07-03T22:00:00,19.25,72.87,0.0,0.0
2024-07-03T22:00:00,19.25,72.89,0.0,0.0
2024-07-03T22:00:00,19.25,72.91,0.0,0.0
2024-07-03T22:00:00,19.25,72.93,0.0,0.0
2024-07-03T22:00:00,19.25,72.95,0.0,0.0
2024-07-03T22:00:00,19.25,72.97,0.0,0.0
2024-07-03T22:00:00,19.25,72.99,0.0,0.0
2024-07-03T23:00:00,18.87,72.77,0.0,0.0
2024-07-03T23:00:00,18.87,72.79,0.0,0.0
2024-07-03T23:00:00,18.87,72.81,0.0,0.0
2024-07-03T23:00:00,18.87,72.83,0.0,0.0
2024-07-03T23:00:00,18.87,72.85,0.0,0.0
2024-07-03T23:00:00,18.87,72.87,0.0,0.0
2024-07-03T23:00:00,18.87,72.89,0.0,0.0
2024-07-03T23:00:00,18.87,72.91,0.0,0.0
2024-07-03T23:00:00,18.87,72.93,0.0,0.0
2024-07-03T23:00:00,18.87,72.95,0.0,0.0
2024-07-03T23:00:00,18.87,72.97,0.0,0.0
2024-07-03T23:00:00,18.87,72.99,0.0,0.0
2024-07-03T23:00:00,18.89,72.77,0.0,0.0
2024-07-03T23:00:00,18.89,72.79,0.0,0.0
2024-07-03T23:00:00,18.89,72.81,0.0,0.0
2024-07-03T23:00:00,18.89,72.83,0.0,0.0
2024-07-03T23:00:00,18.89,72.85,0.0,0.0
2024-07-03T23:00:00,18.89,72.87,0.0,0.0
2024-07-03T23:00:00,18.89,72.89,0.0,0.0
2024-07-03T23:00:00,18.89,72.91,0.0,0.0
2024-07-03T23:00:00,18.89,72.93,0.0,0.0
2024-07-03T23:00:00,18.89,72.95,0.0,0.0
2024-07-03T23:00:00,18.89,72.97,0.0,0.0
2024-07-03T23:00:00,18.89,72.99,0.0,0.0
2024-07-03T23:00:00,18.91,72.77,0.0,0.0
2024-07-03T23:00:00,18.91,72.79,0.0,0.0
2024-07-03T23:00:00,18.91,72.81,0.0,0.0
2024-07-03T23:00:00,18.91,72.83,0.0,0.0
2024-07-03T23:00:00,18.91,72.85,0.0,0.0
2024-07-03T23:00:00,18.91,72.87,0.0,0.0
2024-07-03T23:00:00,18.91,72.89,0.0,0.0
2024-07-03T23:00:00,18.91,72.91,0.0,0.0
2024-07-03T23:00:00,18.91,72.93,0.0,0.0
2024-07-03T23:00:00,18.91,72.95,0.0,0.0
2024-07-03T23:00:00,18.91,72.97,0.0,0.0
2024-07-03T23:00:00,18.91,72.99,0.0,0.0
2024-07-03T23:00:00,18.93,72.77,0.0,0.0
2024-07-03T23:00:00,18.93,72.79,0.0,0.0
2024-07-03T23:00:00,18.93,72.81,0.0,0.0
2024-07-03T23:00:00,18.93,72.83,0.0,0.0
2024-07-03T23:00:00,18.93,72.85,0.0,0.0
2024-07-03T23:00:00,18.93,72.87,0.0,0.0
2024-07-03T23:00:00,18.93,72.89,0.0,0.0
2024-07-03T23:00:00,18.93,72.91,0.0,0.0
2024-07-03T23:00:00,18.93,72.93,0.0,0.0
2024-07-03T23:00:00,18.93,72.95,0.0,0.0
2024-07-03T23:00:00,18.93,72.97,0.0,0.0
2024-07-03T23:00:00,18.93,72.99,0.0,0.0
2024-07-03T23:00:00,18.95,72.77,0.0,0.0
2024-07-03T23:00:00,18.95,72.79,0.0,0.0
2024-07-03T23:00:00,18.95,72.81,0.0,0.0
2024-07-03T23:00:00,18.95,72.83,0.0,0.0
2024-07-03T23:00:00,18.95,72.85,0.0,0.0
2024-07-03T23:00:00,18.95,72.87,0.0,0.0
2024-07-03T23:00:00,18.95,72.89,0.0,0.0
2024-07-03T23:00:00,18.95,72.91,0.0,0.0
2024-07-03T23:00:00,18.95,72.93,0.0,0.0
2024-07-03T23:00:00,18.95,72.95,0.0,0.0
2024-07-03T23:00:00,18.95,72.97,0.0,0.0
2024-07-03T23:00:00,18.95,72.99,0.0,0.0
2024-07-03T23:00:00,18.97,72.77,0.0,0.0
2024-07-03T23:00:00,18.97,72.79,0.0,0.0
2024-07-03T23:00:00,18.97,72.81,0.0,0.0
2024-07-03T23:00:00,18.97,72.83,0.0,0.0
2024-07-03T23:00:00,18.97,72.85,0.0,0.0
2024-07-03T23:00:00,18.97,72.87,0.0,0.0
2024-07-03T23:00:00,18.97,72.89,0.0,0.0
2024-07-03T23:00:00,18.97,72.91,0.0,0.0
2024-07-03T23:00:00,18.97,72.93,0.0,0.0
2024-07-03T23:00:00,18.97,72.95,0.0,0.0
2024-07-03T23:00:00,18.97,72.97,0.0,0.0
2024-07-03T23:00:00,18.97,72.99,0.0,0.0
2024-07-03T23:00:00,18.99,72.77,0.0,0.0
2024-07-03T23:00:00,18.99,72.79,0.0,0.0
2024-07-03T23:00:00,18.99,72.81,0.0,0.0
2024-07-03T23:00:00,18.99,72.83,0.0,0.0
2024-07-03T23:00:00,18.99,72.85,0.0,0.0
2024-07-03T23:00:00,18.99,72.87,0.0,0.0
2024-07-03T23:00:00,18.99,72.89,0.0,0.0
2024-07-03T23:00:00,18.99,72.91,0.0,0.0
2024-07-03T23:00:00,18.99,72.93,0.0,0.0
2024-07-03T23:00:00,18.99,72.95,0.0,0.0
2024-07-03T23:00:00,18.99,72.97,0.0,0.0
2024-07-03T23:00:00,18.99,72.99,0.0,0.0
2024-07-03T23:00:00,19.01,72.77,0.0,0.0
2024-07-03T23:00:00,19.01,72.79,0.0,0.0
2024-07-03T23:00:00,19.01,72.81,0.0,0.0
2024-07-03T23:00:00,19.01,72.83,0.0,0.0
2024-07-03T23:00:00,19.01,72.85,0.0,0.0
2024-07-03T23:00:00,19.01,72.87,0.0,0.0
2024-07-03T23:00:00,19.01,72.89,0.0,0.0
2024-07-03T23:00:00,19.01,72.91,0.0,0.0
2024-07-03T23:00:00,19.01,72.93,0.0,0.0
2024-07-03T23:00:00,19.01,72.95,0.0,0.0
2024-07-03T23:00:00,19.01,72.97,0.0,0.0
2024-07-03T23:00:00,19.01,72.99,0.0,0.0
2024-07-03T23:00:00,19.03,72.77,0.0,0.0
2024-07-03T23:00:00,19.03,72.79,0.0,0.0
2024-07-03T23:00:00,19.03,72.81,0.0,0.0
2024-07-03T23:00:00,19.03,72.83,0.0,0.0
2024-07-03T23:00:00,19.03,72.85,0.0,0.0
2024-07-03T23:00:00,19.03,72.87,0.0,0.0
2024-07-03T23:00:00,19.03,72.89,0.0,0.0
2024-07-03T23:00:00,19.03,72.91,0.0,0.0
2024-07-03T23:00:00,19.03,72.93,0.0,0.0
2024-07-03T23:00:00,19.03,72.95,0.0,0.0
2024-07-03T23:00:00,19.03,72.97,0.0,0.0
2024-07-03T23:00:00,19.03,72.99,0.0,0.0
2024-07-03T23:00:00,19.05,72.77,0.0,0.0
2024-07-03T23:00:00,19.05,72.79,0.0,0.0
2024-07-03T23:00:00,19.05,72.81,0.0,0.0
2024-07-03T23:00:00,19.05,72.83,0.0,0.0
2024-07-03T23:00:00,19.05,72.85,0.0,0.0
2024-07-03T23:00:00,19.05,72.87,0.0,0.0
2024-07-03T23:00:00,19.05,72.89,0.0,0.0
2024-07-03T23:00:00,19.05,72.91,0.0,0.0
2024-07-03T23:00:00,19.05,72.93,0.0,0.0
2024-07-03T23:00:00,19.05,72.95,0.0,0.0
2024-07-03T23:00:00,19.05,72.97,0.0,0.0
2024-07-03T23:00:00,19.05,72.99,0.0,0.0
2024-07-03T23:00:00,19.07,72.77,0.0,0.0
2024-07-03T23:00:00,19.07,72.79,0.0,0.0
2024-07-03T23:00:00,19.07,72.81,0.0,0.0
2024-07-03T23:00:00,19.07,72.83,0.0,0.0
2024-07-03T23:00:00,19.07,72.85,0.0,0.0
2024-07-03T23:00:00,19.07,72.87,0.0,0.0
2024-07-03T23:00:00,19.07,72.89,0.0,0.0
2024-07-03T23:00:00,19.07,72.91,0.0,0.0
2024-07-03T23:00:00,19.07,72.93,0.0,0.0
2024-07-03T23:00:00,19.07,72.95,0.0,0.0
2024-07-03T23:00:00,19.07,72.97,0.0,0.0
2024-07-03T23:00:00,19.07,72.99,0.0,0.0
2024-07-03T23:00:00,19.09,72.77,0.0,0.0
2024-07-03T23:00:00,19.09,72.79,0.0,0.0
2024-07-03T23:00:00,19.09,72.81,0.0,0.0
2024-07-03T23:00:00,19.09,72.83,0.0,0.0
2024-07-03T23:00:00,19.09,72.85,0.0,0.0
2024-07-03T23:00:00,19.09,72.87,0.0,0.0
2024-07-03T23:00:00,19.09,72.89,0.0,0.0
2024-07-03T23:00:00,19.09,72.91,0.0,0.0
2024-07-03T23:00:00,19.09,72.93,0.0,0.0
2024-07-03T23:00:00,19.09,72.95,0.0,0.0
2024-07-03T23:00:00,19.09,72.97,0.0,0.0
2024-07-03T23:00:00,19.09,72.99,0.0,0.0
2024-07-03T23:00:00,19.11,72.77,0.0,0.0
2024-07-03T23:00:00,19.11,72.79,0.0,0.0
2024-07-03T23:00:00,19.11,72.81,0.0,0.0
2024-07-03T23:00:00,19.11,72.83,0.0,0.0
2024-07-03T23:00:00,19.11,72.85,0.0,0.0
2024-07-03T23:00:00,19.11,72.87,0.0,0.0
2024-07-03T23:00:00,19.11,72.89,0.0,0.0
2024-07-03T23:00:00,19.11,72.91,0.0,0.0
2024-07-03T23:00:00,19.11,72.93,0.0,0.0
2024-07-03T23:00:00,19.11,72.95,0.0,0.0
2024-07-03T23:00:00,19.11,72.97,0.0,0.0
2024-07-03T23:00:00,19.11,72.99,0.0,0.0
2024-07-03T23:00:00,19.13,72.77,0.0,0.0
2024-07-03T23:00:00,19.13,72.79,0.0,0.0
2024-07-03T23:00:00,19.13,72.81,0.0,0.0
2024-07-03T23:00:00,19.13,72.83,0.0,0.0
2024-07-03T23:00:00,19.13,72.85,0.0,0.0
2024-07-03T23:00:00,19.13,72.87,0.0,0.0
2024-07-03T23:00:00,19.13,72.89,0.0,0.0
2024-07-03T23:00:00,19.13,72.91,0.0,0.0
2024-07-03T23:00:00,19.13,72.93,0.0,0.0
2024-07-03T23:00:00,19.13,72.95,0.0,0.0
2024-07-03T23:00:00,19.13,72.97,0.0,0.0
2024-07-03T23:00:00,19.13,72.99,0.0,0.0
2024-07-03T23:00:00,19.15,72.77,0.0,0.0
2024-07-03T23:00:00,19.15,72.79,0.0,0.0
2024-07-03T23:00:00,19.15,72.81,0.0,0.0
2024-07-03T23:00:00,19.15,72.83,0.0,0.0
2024-07-03T23:00:00,19.15,72.85,0.0,0.0
2024-07-03T23:00:00,19.15,72.87,0.0,0.0
2024-07-03T23:00:00,19.15,72.89,0.0,0.0
2024-07-03T23:00:00,19.15,72.91,0.0,0.0
2024-07-03T23:00:00,19.15,72.93,0.0,0.0
2024-07-03T23:00:00,19.15,72.95,0.0,0.0
2024-07-03T23:00:00,19.15,72.97,0.0,0.0
2024-07-03T23:00:00,19.15,72.99,0.0,0.0
2024-07-03T23:00:00,19.17,72.77,0.0,0.0
2024-07-03T23:00:00,19.17,72.79,0.0,0.0
2024-07-03T23:00:00,19.17,72.81,0.0,0.0
2024-07-03T23:00:00,19.17,72.83,0.0,0.0
2024-07-03T23:00:00,19.17,72.85,0.0,0.0
2024-07-03T23:00:00,19.17,72.87,0.0,0.0
2024-07-03T23:00:00,19.17,72.89,0.0,0.0
2024-07-03T23:00:00,19.17,72.91,0.0,0.0
2024-07-03T23:00:00,19.17,72.93,0.0,0.0
2024-07-03T23:00:00,19.17,72.95,0.0,0.0
2024-07-03T23:00:00,19.17,72.97,0.0,0.0
2024-07-03T23:00:00,19.17,72.99,0.0,0.0
2024-07-03T23:00:00,19.19,72.77,0.0,0.0
2024-07-03T23:00:00,19.19,72.79,0.0,0.0
2024-07-03T23:00:00,19.19,72.81,0.0,0.0
2024-07-03T23:00:00,19.19,72.83,0.0,0.0
2024-07-03T23:00:00,19.19,72.85,0.0,0.0
2024-07-03T23:00:00,19.19,72.87,0.0,0.0
2024-07-03T23:00:00,19.19,72.89,0.0,0.0
2024-07-03T23:00:00,19.19,72.91,0.0,0.0
2024-07-03T23:00:00,19.19,72.93,0.0,0.0
2024-07-03T23:00:00,19.19,72.95,0.0,0.0
2024-07-03T23:00:00,19.19,72.97,0.0,0.0
2024-07-03T23:00:00,19.19,72.99,0.0,0.0
2024-07-03T23:00:00,19.21,72.77,0.0,0.0
2024-07-03T23:00:00,19.21,72.79,0.0,0.0
2024-07-03T23:00:00,19.21,72.81,0.0,0.0
2024-07-03T23:00:00,19.21,72.83,0.0,0.0
2024-07-03T23:00:00,19.21,72.85,0.0,0.0
2024-07-03T23:00:00,19.21,72.87,0.0,0.0
2024-07-03T23:00:00,19.21,72.89,0.0,0.0
2024-07-03T23:00:00,19.21,72.91,0.0,0.0
2024-07-03T23:00:00,19.21,72.93,0.0,0.0
2024-07-03T23:00:00,19.21,72.95,0.0,0.0
2024-07-03T23:00:00,19.21,72.97,0.0,0.0
2024-07-03T23:00:00,19.21,72.99,0.0,0.0
2024-07-03T23:00:00,19.23,72.77,0.0,0.0
2024-07-03T23:00:00,19.23,72.79,0.0,0.0
2024-07-03T23:00:00,19.23,72.81,0.0,0.0
2024-07-03T23:00:00,19.23,72.83,0.0,0.0
2024-07-03T23:00:00,19.23,72.85,0.0,0.0
2024-07-03T23:00:00,19.23,72.87,0.0,0.0
2024-07-03T23:00:00,19.23,72.89,0.0,0.0
2024-07-03T23:00:00,19.23,72.91,0.0,0.0
2024-07-03T23:00:00,19.23,72.93,0.0,0.0
2024-07-03T23:00:00,19.23,72.95,0.0,0.0
2024-07-03T23:00:00,19.23,72.97,0.0,0.0
2024-07-03T23:00:00,19.23,72.99,0.0,0.0
2024-07-03T23:00:00,19.25,72.77,0.0,0.0
2024-07-03T23:00:00,19.25,72.79,0.0,0.0
2024-07-03T23:00:00,19.25,72.81,0.0,0.0
2024-07-03T23:00:00,19.25,72.83,0.0,0.0
2024-07-03T23:00:00,19.25,72.85,0.0,0.0
2024-07-03T23:00:00,19.25,72.87,0.0,0.0
2024-07-03T23:00:00,19.25,72.89,0.0,0.0
2024-07-03T23:00:00,19.25,72.91,0.0,0.0
2024-07-03T23:00:00,19.25,72.93,0.0,0.0
2024-07-03T23:00:00,19.25,72.95,0.0,0.0
2024-07-03T23:00:00,19.25,72.97,0.0,0.0
2024-07-03T23:00:00,19.25,72.99,0.0,0.0
