{
  "type": "FeatureCollection",
  "features": [
    {
      "type": "Feature",
      "geometry": {
        "type": "LineString",
        "coordinates": [
          [
            72.905807,
            18.89457
          ],
          [
            72.890943,
            18.875646
          ]
        ]
      },
      "properties": {
        "pipe_id": "P0000_0057",
        "from_node": "N0000",
        "to_node": "N0057",
        "diameter_m": 0.6,
        "length_m": 2671.1,
        "capacity_m3s": 0.3706,
        "material": "RCC",
        "age_years": 55
      }
    },
    {
      "type": "Feature",
      "geometry": {
        "type": "LineString",
        "coordinates": [
          [
            72.945995,
            19.103587
          ],
          [
            72.94913,
            19.093587
          ]
        ]
      },
      "properties": {
        "pipe_id": "P0001_0167",
        "from_node": "N0001",
        "to_node": "N0167",
        "diameter_m": 1.2,
        "length_m": 1163.3,
        "capacity_m3s": 2.1816,
        "material": "Cast Iron",
        "age_years": 33
      }
    },
    {
      "type": "Feature",
      "geometry": {
        "type": "LineString",
        "coordinates": [
          [
            72.852194,
            19.008057
          ],
          [
            72.86238,
            19.005321
          ]
        ]
      },
      "properties": {
        "pipe_id": "P0002_0146",
        "from_node": "N0002",
        "to_node": "N0146",
        "diameter_m": 0.3,
        "length_m": 1170.7,
        "capacity_m3s": 0.1215,
        "material": "Cast Iron",
        "age_years": 23
      }
    },
    {
      "type": "Feature",
      "geometry": {
        "type": "LineString",
        "coordinates": [
          [
            72.841783,
            18.963849
          ],
          [
            72.829299,
            18.959638
          ]
        ]
      },
      "properties": {
        "pipe_id": "P0003_0132",
        "from_node": "N0003",
        "to_node": "N0132",
        "diameter_m": 0.3,
        "length_m": 1462.4,
        "capacity_m3s": 0.0417,
        "material": "PVC",
        "age_years": 22
      }
    },
    {
      "type": "Feature",
      "geometry": {
        "type": "LineString",
        "coordinates": [
          [
            72.809049,
            18.915789
          ],
          [
            72.804183,
            18.891289
          ]
        ]
      },
      "properties": {
        "pipe_id": "P0004_0075",
        "from_node": "N0004",
        "to_node": "N0075",
        "diameter_m": 0.9,
        "length_m": 2772.6,
        "capacity_m3s": 1.2716,
        "material": "Cast Iron",
        "age_years": 18
      }
    },
    {
      "type": "Feature",
      "geometry": {
        "type": "LineString",
        "coordinates": [
          [
            72.809049,
            18.915789
          ],
          [
            72.783513,
            18.908112
          ]
        ]
      },
      "properties": {
        "pipe_id": "P0004_0065",
        "from_node": "N0004",
        "to_node": "N0065",
        "diameter_m": 1.2,
        "length_m": 2959.8,
        "capacity_m3s": 1.9917,
        "material": "PVC",
        "age_years": 7
      }
    },
    {
      "type": "Feature",
      "geometry": {
        "type": "LineString",
        "coordinates": [
          [
            72.900651,
            19.215347
          ],
          [
            72.893242,
            19.206152
          ]
        ]
      },
      "properties": {
        "pipe_id": "P0005_0010",
        "from_node": "N0005",
        "to_node": "N0010",
        "diameter_m": 1.2,
        "length_m": 1310.7,
        "capacity_m3s": 1.5207,
        "material": "PVC",
        "age_years": 10
      }
    },
    {
      "type": "Feature",
      "geometry": {
        "type": "LineString",
        "coordinates": [
          [
            72.775114,
            19.05788
          ],
          [
            72.803567,
            19.03341
          ]
        ]
      },
      "properties": {
        "pipe_id": "P0006_0061",
        "from_node": "N0006",
        "to_node": "N0061",
        "diameter_m": 0.3,
        "length_m": 4165.6,
        "capacity_m3s": 0.1234,
        "material": "Cast Iron",
        "age_years": 40
      }
    },
    {
      "type": "Feature",
      "geometry": {
        "type": "LineString",
        "coordinates": [
          [
            72.955915,
            19.099015
          ],
          [
            72.94913,
            19.093587
          ]
        ]
      },
      "properties": {
        "pipe_id": "P0007_0167",
        "from_node": "N0007",
        "to_node": "N0167",
        "diameter_m": 0.9,
        "length_m": 964.5,
        "capacity_m3s": 0.5193,
        "material": "Cast Iron",
        "age_years": 56
      }
    },
    {
      "type": "Feature",
      "geometry": {
        "type": "LineString",
        "coordinates": [
          [
            72.956635,
            19.068693
          ],
          [
            72.951977,
            19.06437
          ]
        ]
      },
      "properties": {
        "pipe_id": "P0008_0174",
        "from_node": "N0008",
        "to_node": "N0174",
        "diameter_m": 0.6,
        "length_m": 705.4,
        "capacity_m3s": 0.4108,
        "material": "Cast Iron",
        "age_years": 33
      }
    },
    {
      "type": "Feature",
      "geometry": {
        "type": "LineString",
        "coordinates": [
          [
            72.956635,
            19.068693
          ],
          [
            72.967753,
            19.058596
          ]
        ]
      },
      "properties": {
        "pipe_id": "P0008_0115",
        "from_node": "N0008",
        "to_node": "N0115",
        "diameter_m": 0.6,
        "length_m": 1667.1,
        "capacity_m3s": 0.2457,
        "material": "PVC",
        "age_years": 26
      }
    },
    {
      "type": "Feature",
      "geometry": {
        "type": "LineString",
        "coordinates": [
          [
            72.870278,
            19.015334
          ],
          [
            72.86892,
            19.014237
          ]
        ]
      },
      "properties": {
        "pipe_id": "P0009_0072",
        "from_node": "N0009",
        "to_node": "N0072",
        "diameter_m": 0.9,
        "length_m": 193.8,
        "capacity_m3s": 1.2332,
        "material": "PVC",
        "age_years": 6
      }
    },
    {
      "type": "Feature",
      "geometry": {
        "type": "LineString",
        "coordinates": [
          [
            72.893242,
            19.206152
          ],
          [
            72.869569,
            19.191651
          ]
        ]
      },
      "properties": {
        "pipe_id": "P0010_0014",
        "from_node": "N0010",
        "to_node": "N0014",
        "diameter_m": 0.3,
        "length_m": 3081.5,
        "capacity_m3s": 0.0999,
        "material": "RCC",
        "age_years": 5
      }
    },
    {
      "type": "Feature",
      "geometry": {
        "type": "LineString",
        "coordinates": [
          [
            72.821954,
            19.030811
          ],
          [
            72.806479,
            19.012818
          ]
        ]
      },
      "properties": {
        "pipe_id": "P0011_0130",
        "from_node": "N0011",
        "to_node": "N0130",
        "diameter_m": 0.9,
        "length_m": 2634.3,
        "capacity_m3s": 0.8485,
        "material": "Cast Iron",
        "age_years": 50
      }
    },
    {
      "type": "Feature",
      "geometry": {
        "type": "LineString",
        "coordinates": [
          [
            72.847473,
            18.907893
          ],
          [
            72.855785,
            18.893978
          ]
        ]
      },
      "properties": {
        "pipe_id": "P0012_0158",
        "from_node": "N0012",
        "to_node": "N0158",
        "diameter_m": 0.9,
        "length_m": 1799.1,
        "capacity_m3s": 0.8316,
        "material": "Cast Iron",
        "age_years": 46
      }
    },
    {
      "type": "Feature",
      "geometry": {
        "type": "LineString",
        "coordinates": [
          [
            72.847473,
            18.907893
          ],
          [
            72.852,
            18.886317
          ]
        ]
      },
      "properties": {
        "pipe_id": "P0012_0077",
        "from_node": "N0012",
        "to_node": "N0077",
        "diameter_m": 0.3,
        "length_m": 2447.1,
        "capacity_m3s": 0.0925,
        "material": "Cast Iron",
        "age_years": 33
      }
    },
    {
      "type": "Feature",
      "geometry": {
        "type": "LineString",
        "coordinates": [
          [
            72.849883,
            19.040842
          ],
          [
            72.864772,
            19.040277
          ]
        ]
      },
      "properties": {
        "pipe_id": "P0013_0165",
        "from_node": "N0013",
        "to_node": "N0165",
        "diameter_m": 0.6,
        "length_m": 1653.9,
        "capacity_m3s": 0.5536,
        "material": "PVC",
        "age_years": 57
      }
    },
    {
      "type": "Feature",
      "geometry": {
        "type": "LineString",
        "coordinates": [
          [
            72.869569,
            19.191651
          ],
          [
            72.898115,
            19.178038
          ]
        ]
      },
      "properties": {
        "pipe_id": "P0014_0133",
        "from_node": "N0014",
        "to_node": "N0133",
        "diameter_m": 0.9,
        "length_m": 3510.5,
        "capacity_m3s": 0.4872,
        "material": "Cast Iron",
        "age_years": 5
      }
    },
    {
      "type": "Feature",
      "geometry": {
        "type": "LineString",
        "coordinates": [
          [
            72.869569,
            19.191651
          ],
          [
            72.895977,
            19.161693
          ]
        ]
      },
      "properties": {
        "pipe_id": "P0014_0046",
        "from_node": "N0014",
        "to_node": "N0046",
        "diameter_m": 0.3,
        "length_m": 4432.9,
        "capacity_m3s": 0.0844,
        "material": "RCC",
        "age_years": 33
      }
    },
    {
      "type": "Feature",
      "geometry": {
        "type": "LineString",
        "coordinates": [
          [
            72.888535,
            18.970506
          ],
          [
            72.897127,
            18.96587
          ]
        ]
      },
      "properties": {
        "pipe_id": "P0015_0038",
        "from_node": "N0015",
        "to_node": "N0038",
        "diameter_m": 0.45,
        "length_m": 1083.7,
        "capacity_m3s": 0.2568,
        "material": "PVC",
        "age_years": 48
      }
    },
    {
      "type": "Feature",
      "geometry": {
        "type": "LineString",
        "coordinates": [
          [
            72.888732,
            19.121138
          ],
          [
            72.890122,
            19.120703
          ]
        ]
      },
      "properties": {
        "pipe_id": "P0016_0019",
        "from_node": "N0016",
        "to_node": "N0019",
        "diameter_m": 0.45,
        "length_m": 161.7,
        "capacity_m3s": 0.101,
        "material": "Cast Iron",
        "age_years": 45
      }
    },
    {
      "type": "Feature",
      "geometry": {
        "type": "LineString",
        "coordinates": [
          [
            72.888732,
            19.121138
          ],
          [
            72.883385,
            19.104412
          ]
        ]
      },
      "properties": {
        "pipe_id": "P0016_0195",
        "from_node": "N0016",
        "to_node": "N0195",
        "diameter_m": 0.6,
        "length_m": 1949.1,
        "capacity_m3s": 0.4842,
        "material": "RCC",
        "age_years": 19
      }
    },
    {
      "type": "Feature",
      "geometry": {
        "type": "LineString",
        "coordinates": [
          [
            72.940708,
            19.254847
          ],
          [
            72.953318,
            19.232751
          ]
        ]
      },
      "properties": {
        "pipe_id": "P0017_0087",
        "from_node": "N0017",
        "to_node": "N0087",
        "diameter_m": 0.6,
        "length_m": 2824.0,
        "capacity_m3s": 0.157,
        "material": "PVC",
        "age_years": 50
      }
    },
    {
      "type": "Feature",
      "geometry": {
        "type": "LineString",
        "coordinates": [
          [
            72.940708,
            19.254847
          ],
          [
            72.927607,
            19.231263
          ]
        ]
      },
      "properties": {
        "pipe_id": "P0017_0039",
        "from_node": "N0017",
        "to_node": "N0039",
        "diameter_m": 1.2,
        "length_m": 2994.6,
        "capacity_m3s": 0.9202,
        "material": "RCC",
        "age_years": 57
      }
    },
    {
      "type": "Feature",
      "geometry": {
        "type": "LineString",
        "coordinates": [
          [
            72.966138,
            19.193573
          ],
          [
            72.987898,
            19.182863
          ]
        ]
      },
      "properties": {
        "pipe_id": "P0018_0136",
        "from_node": "N0018",
        "to_node": "N0136",
        "diameter_m": 0.3,
        "length_m": 2692.1,
        "capacity_m3s": 0.1276,
        "material": "Cast Iron",
        "age_years": 37
      }
    },
    {
      "type": "Feature",
      "geometry": {
        "type": "LineString",
        "coordinates": [
          [
            72.966138,
            19.193573
          ],
          [
            72.986509,
            19.172624
          ]
        ]
      },
      "properties": {
        "pipe_id": "P0018_0159",
        "from_node": "N0018",
        "to_node": "N0159",
        "diameter_m": 0.9,
        "length_m": 3243.5,
        "capacity_m3s": 0.4808,
        "material": "RCC",
        "age_years": 47
      }
    },
    {
      "type": "Feature",
      "geometry": {
        "type": "LineString",
        "coordinates": [
          [
            72.890122,
            19.120703
          ],
          [
            72.883385,
            19.104412
          ]
        ]
      },
      "properties": {
        "pipe_id": "P0019_0195",
        "from_node": "N0019",
        "to_node": "N0195",
        "diameter_m": 0.3,
        "length_m": 1956.8,
        "capacity_m3s": 0.0977,
        "material": "Cast Iron",
        "age_years": 9
      }
    },
    {
      "type": "Feature",
      "geometry": {
        "type": "LineString",
        "coordinates": [
          [
            72.946072,
            19.168573
          ],
          [
            72.955344,
            19.164895
          ]
        ]
      },
      "properties": {
        "pipe_id": "P0020_0032",
        "from_node": "N0020",
        "to_node": "N0032",
        "diameter_m": 0.6,
        "length_m": 1107.2,
        "capacity_m3s": 0.5373,
        "material": "RCC",
        "age_years": 38
      }
    },
    {
      "type": "Feature",
      "geometry": {
        "type": "LineString",
        "coordinates": [
          [
            72.964572,
            19.123571
          ],
          [
            72.947467,
            19.122044
          ]
        ]
      },
      "properties": {
        "pipe_id": "P0021_0183",
        "from_node": "N0021",
        "to_node": "N0183",
        "diameter_m": 0.45,
        "length_m": 1906.2,
        "capacity_m3s": 0.2817,
        "material": "RCC",
        "age_years": 49
      }
    },
    {
      "type": "Feature",
      "geometry": {
        "type": "LineString",
        "coordinates": [
          [
            72.964572,
            19.123571
          ],
          [
            72.959254,
            19.102948
          ]
        ]
      },
      "properties": {
        "pipe_id": "P0021_0164",
        "from_node": "N0021",
        "to_node": "N0164",
        "diameter_m": 1.2,
        "length_m": 2364.0,
        "capacity_m3s": 1.6079,
        "material": "Cast Iron",
        "age_years": 40
      }
    },
    {
      "type": "Feature",
      "geometry": {
        "type": "LineString",
        "coordinates": [
          [
            72.908283,
            18.972579
          ],
          [
            72.901324,
            18.964416
          ]
        ]
      },
      "properties": {
        "pipe_id": "P0022_0029",
        "from_node": "N0022",
        "to_node": "N0029",
        "diameter_m": 0.3,
        "length_m": 1190.7,
        "capacity_m3s": 0.1348,
        "material": "Cast Iron",
        "age_years": 48
      }
    },
    {
      "type": "Feature",
      "geometry": {
        "type": "LineString",
        "coordinates": [
          [
            72.908283,
            18.972579
          ],
          [
            72.897127,
            18.96587
          ]
        ]
      },
      "properties": {
        "pipe_id": "P0022_0038",
        "from_node": "N0022",
        "to_node": "N0038",
        "diameter_m": 0.3,
        "length_m": 1445.0,
        "capacity_m3s": 0.1259,
        "material": "PVC",
        "age_years": 32
      }
    },
    {
      "type": "Feature",
      "geometry": {
        "type": "LineString",
        "coordinates": [
          [
            72.978301,
            19.038808
          ],
          [
            72.97373,
            19.037722
          ]
        ]
      },
      "properties": {
        "pipe_id": "P0024_0149",
        "from_node": "N0024",
        "to_node": "N0149",
        "diameter_m": 0.3,
        "length_m": 521.5,
        "capacity_m3s": 0.1075,
        "material": "PVC",
        "age_years": 36
      }
    },
    {
      "type": "Feature",
      "geometry": {
        "type": "LineString",
        "coordinates": [
          [
            72.978301,
            19.038808
          ],
          [
            72.979251,
            19.025388
          ]
        ]
      },
      "properties": {
        "pipe_id": "P0024_0040",
        "from_node": "N0024",
        "to_node": "N0040",
        "diameter_m": 0.6,
        "length_m": 1493.3,
        "capacity_m3s": 0.3607,
        "material": "RCC",
        "age_years": 51
      }
    },
    {
      "type": "Feature",
      "geometry": {
        "type": "LineString",
        "coordinates": [
          [
            72.954814,
            18.973359
          ],
          [
            72.95954,
            18.956227
          ]
        ]
      },
      "properties": {
        "pipe_id": "P0025_0060",
        "from_node": "N0025",
        "to_node": "N0060",
        "diameter_m": 0.3,
        "length_m": 1972.7,
        "capacity_m3s": 0.0648,
        "material": "PVC",
        "age_years": 39
      }
    },
    {
      "type": "Feature",
      "geometry": {
        "type": "LineString",
        "coordinates": [
          [
            72.881744,
            19.255515
          ],
          [
            72.888716,
            19.250736
          ]
        ]
      },
      "properties": {
        "pipe_id": "P0026_0144",
        "from_node": "N0026",
        "to_node": "N0144",
        "diameter_m": 0.6,
        "length_m": 938.2,
        "capacity_m3s": 0.1436,
        "material": "RCC",
        "age_years": 26
      }
    },
    {
      "type": "Feature",
      "geometry": {
        "type": "LineString",
        "coordinates": [
          [
            72.881744,
            19.255515
          ],
          [
            72.890003,
            19.252917
          ]
        ]
      },
      "properties": {
        "pipe_id": "P0026_0185",
        "from_node": "N0026",
        "to_node": "N0185",
        "diameter_m": 0.3,
        "length_m": 961.0,
        "capacity_m3s": 0.1287,
        "material": "RCC",
        "age_years": 52
      }
    },
    {
      "type": "Feature",
      "geometry": {
        "type": "LineString",
        "coordinates": [
          [
            72.838535,
            18.995562
          ],
          [
            72.843217,
            18.977715
          ]
        ]
      },
      "properties": {
        "pipe_id": "P0027_0196",
        "from_node": "N0027",
        "to_node": "N0196",
        "diameter_m": 0.9,
        "length_m": 2048.1,
        "capacity_m3s": 1.2321,
        "material": "RCC",
        "age_years": 17
      }
    },
    {
      "type": "Feature",
      "geometry": {
        "type": "LineString",
        "coordinates": [
          [
            72.973715,
            19.138669
          ],
          [
            72.961372,
            19.136208
          ]
        ]
      },
      "properties": {
        "pipe_id": "P0028_0093",
        "from_node": "N0028",
        "to_node": "N0093",
        "diameter_m": 0.6,
        "length_m": 1397.0,
        "capacity_m3s": 0.2732,
        "material": "Cast Iron",
        "age_years": 45
      }
    },
    {
      "type": "Feature",
      "geometry": {
        "type": "LineString",
        "coordinates": [
          [
            72.901324,
            18.964416
          ],
          [
            72.911329,
            18.937676
          ]
        ]
      },
      "properties": {
        "pipe_id": "P0029_0192",
        "from_node": "N0029",
        "to_node": "N0192",
        "diameter_m": 0.3,
        "length_m": 3169.1,
        "capacity_m3s": 0.0862,
        "material": "RCC",
        "age_years": 42
      }
    },
    {
      "type": "Feature",
      "geometry": {
        "type": "LineString",
        "coordinates": [
          [
            72.988425,
            19.201593
          ],
          [
            72.987898,
            19.182863
          ]
        ]
      },
      "properties": {
        "pipe_id": "P0030_0136",
        "from_node": "N0030",
        "to_node": "N0136",
        "diameter_m": 0.6,
        "length_m": 2079.9,
        "capacity_m3s": 0.2462,
        "material": "PVC",
        "age_years": 20
      }
    },
    {
      "type": "Feature",
      "geometry": {
        "type": "LineString",
        "coordinates": [
          [
            72.988425,
            19.201593
          ],
          [
            72.966138,
            19.193573
          ]
        ]
      },
      "properties": {
        "pipe_id": "P0030_0018",
        "from_node": "N0030",
        "to_node": "N0018",
        "diameter_m": 0.6,
        "length_m": 2629.2,
        "capacity_m3s": 0.4945,
        "material": "PVC",
        "age_years": 38
      }
    },
    {
      "type": "Feature",
      "geometry": {
        "type": "LineString",
        "coordinates": [
          [
            72.798124,
            18.965231
          ],
          [
            72.805952,
            18.939316
          ]
        ]
      },
      "properties": {
        "pipe_id": "P0031_0128",
        "from_node": "N0031",
        "to_node": "N0128",
        "diameter_m": 0.3,
        "length_m": 3004.9,
        "capacity_m3s": 0.1176,
        "material": "Cast Iron",
        "age_years": 33
      }
    },
    {
      "type": "Feature",
      "geometry": {
        "type": "LineString",
        "coordinates": [
          [
            72.955344,
            19.164895
          ],
          [
            72.96982,
            19.146722
          ]
        ]
      },
      "properties": {
        "pipe_id": "P0032_0108",
        "from_node": "N0032",
        "to_node": "N0108",
        "diameter_m": 0.9,
        "length_m": 2579.0,
        "capacity_m3s": 0.8705,
        "material": "RCC",
        "age_years": 8
      }
    },
    {
      "type": "Feature",
      "geometry": {
        "type": "LineString",
        "coordinates": [
          [
            72.810285,
            18.927711
          ],
          [
            72.809049,
            18.915789
          ]
        ]
      },
      "properties": {
        "pipe_id": "P0033_0004",
        "from_node": "N0033",
        "to_node": "N0004",
        "diameter_m": 0.9,
        "length_m": 1330.4,
        "capacity_m3s": 0.617,
        "material": "Cast Iron",
        "age_years": 9
      }
    },
    {
      "type": "Feature",
      "geometry": {
        "type": "LineString",
        "coordinates": [
          [
            72.782863,
            19.21516
          ],
          [
            72.78041,
            19.207164
          ]
        ]
      },
      "properties": {
        "pipe_id": "P0034_0103",
        "from_node": "N0034",
        "to_node": "N0103",
        "diameter_m": 0.3,
        "length_m": 928.4,
        "capacity_m3s": 0.1328,
        "material": "PVC",
        "age_years": 8
      }
    },
    {
      "type": "Feature",
      "geometry": {
        "type": "LineString",
        "coordinates": [
          [
            72.86747,
            18.996596
          ],
          [
            72.871549,
            18.986849
          ]
        ]
      },
      "properties": {
        "pipe_id": "P0035_0138",
        "from_node": "N0035",
        "to_node": "N0138",
        "diameter_m": 1.2,
        "length_m": 1172.8,
        "capacity_m3s": 1.6278,
        "material": "RCC",
        "age_years": 11
      }
    },
    {
      "type": "Feature",
      "geometry": {
        "type": "LineString",
        "coordinates": [
          [
            72.86747,
            18.996596
          ],
          [
            72.883659,
            18.985185
          ]
        ]
      },
      "properties": {
        "pipe_id": "P0035_0059",
        "from_node": "N0035",
        "to_node": "N0059",
        "diameter_m": 0.3,
        "length_m": 2198.5,
        "capacity_m3s": 0.0946,
        "material": "PVC",
        "age_years": 59
      }
    },
    {
      "type": "Feature",
      "geometry": {
        "type": "LineString",
        "coordinates": [
          [
            72.934604,
            19.015199
          ],
          [
            72.922949,
            19.014257
          ]
        ]
      },
      "properties": {
        "pipe_id": "P0036_0142",
        "from_node": "N0036",
        "to_node": "N0142",
        "diameter_m": 0.9,
        "length_m": 1297.9,
        "capacity_m3s": 0.4095,
        "material": "PVC",
        "age_years": 19
      }
    },
    {
      "type": "Feature",
      "geometry": {
        "type": "LineString",
        "coordinates": [
          [
            72.934604,
            19.015199
          ],
          [
            72.953957,
            19.000087
          ]
        ]
      },
      "properties": {
        "pipe_id": "P0036_0180",
        "from_node": "N0036",
        "to_node": "N0180",
        "diameter_m": 1.2,
        "length_m": 2725.5,
        "capacity_m3s": 1.9014,
        "material": "Cast Iron",
        "age_years": 5
      }
    },
    {
      "type": "Feature",
      "geometry": {
        "type": "LineString",
        "coordinates": [
          [
            72.940073,
            18.883924
          ],
          [
            72.95332,
            18.881082
          ]
        ]
      },
      "properties": {
        "pipe_id": "P0037_0023",
        "from_node": "N0037",
        "to_node": "N0023",
        "diameter_m": 0.9,
        "length_m": 1503.9,
        "capacity_m3s": 0.7611,
        "material": "PVC",
        "age_years": 44
      }
    },
    {
      "type": "Feature",
      "geometry": {
        "type": "LineString",
        "coordinates": [
          [
            72.897127,
            18.96587
          ],
          [
            72.901324,
            18.964416
          ]
        ]
      },
      "properties": {
        "pipe_id": "P0038_0029",
        "from_node": "N0038",
        "to_node": "N0029",
        "diameter_m": 0.6,
        "length_m": 493.0,
        "capacity_m3s": 0.4174,
        "material": "Cast Iron",
        "age_years": 55
      }
    },
    {
      "type": "Feature",
      "geometry": {
        "type": "LineString",
        "coordinates": [
          [
            72.927607,
            19.231263
          ],
          [
            72.927723,
            19.208784
          ]
        ]
      },
      "properties": {
        "pipe_id": "P0039_0050",
        "from_node": "N0039",
        "to_node": "N0050",
        "diameter_m": 0.9,
        "length_m": 2495.2,
        "capacity_m3s": 0.8116,
        "material": "Cast Iron",
        "age_years": 17
      }
    },
    {
      "type": "Feature",
      "geometry": {
        "type": "LineString",
        "coordinates": [
          [
            72.979251,
            19.025388
          ],
          [
            72.981166,
            19.006534
          ]
        ]
      },
      "properties": {
        "pipe_id": "P0040_0105",
        "from_node": "N0040",
        "to_node": "N0105",
        "diameter_m": 0.3,
        "length_m": 2103.6,
        "capacity_m3s": 0.0366,
        "material": "Cast Iron",
        "age_years": 9
      }
    },
    {
      "type": "Feature",
      "geometry": {
        "type": "LineString",
        "coordinates": [
          [
            72.985354,
            18.990355
          ],
          [
            72.965921,
            18.974713
          ]
        ]
      },
      "properties": {
        "pipe_id": "P0041_0055",
        "from_node": "N0041",
        "to_node": "N0055",
        "diameter_m": 1.2,
        "length_m": 2769.0,
        "capacity_m3s": 0.7792,
        "material": "Cast Iron",
        "age_years": 21
      }
    },
    {
      "type": "Feature",
      "geometry": {
        "type": "LineString",
        "coordinates": [
          [
            72.915211,
            19.236356
          ],
          [
            72.927607,
            19.231263
          ]
        ]
      },
      "properties": {
        "pipe_id": "P0042_0039",
        "from_node": "N0042",
        "to_node": "N0039",
        "diameter_m": 0.9,
        "length_m": 1487.6,
        "capacity_m3s": 0.7775,
        "material": "Cast Iron",
        "age_years": 33
      }
    },
    {
      "type": "Feature",
      "geometry": {
        "type": "LineString",
        "coordinates": [
          [
            72.915211,
            19.236356
          ],
          [
            72.900651,
            19.215347
          ]
        ]
      },
      "properties": {
        "pipe_id": "P0042_0005",
        "from_node": "N0042",
        "to_node": "N0005",
        "diameter_m": 0.45,
        "length_m": 2837.3,
        "capacity_m3s": 0.1375,
        "material": "RCC",
        "age_years": 8
      }
    },
    {
      "type": "Feature",
      "geometry": {
        "type": "LineString",
        "coordinates": [
          [
            72.833028,
            19.185727
          ],
          [
            72.804791,
            19.17547
          ]
        ]
      },
      "properties": {
        "pipe_id": "P0043_0074",
        "from_node": "N0043",
        "to_node": "N0074",
        "diameter_m": 0.6,
        "length_m": 3334.7,
        "capacity_m3s": 0.3893,
        "material": "Cast Iron",
        "age_years": 46
      }
    },
    {
      "type": "Feature",
      "geometry": {
        "type": "LineString",
        "coordinates": [
          [
            72.864981,
            19.058437
          ],
          [
            72.865622,
            19.045643
          ]
        ]
      },
      "properties": {
        "pipe_id": "P0044_0140",
        "from_node": "N0044",
        "to_node": "N0140",
        "diameter_m": 0.6,
        "length_m": 1421.9,
        "capacity_m3s": 0.3889,
        "material": "Cast Iron",
        "age_years": 54
      }
    },
    {
      "type": "Feature",
      "geometry": {
        "type": "LineString",
        "coordinates": [
          [
            72.864981,
            19.058437
          ],
          [
            72.865608,
            19.042715
          ]
        ]
      },
      "properties": {
        "pipe_id": "P0044_0117",
        "from_node": "N0044",
        "to_node": "N0117",
        "diameter_m": 0.45,
        "length_m": 1746.5,
        "capacity_m3s": 0.1147,
        "material": "PVC",
        "age_years": 43
      }
    },
    {
      "type": "Feature",
      "geometry": {
        "type": "LineString",
        "coordinates": [
          [
            72.930651,
            19.19976
          ],
          [
            72.921841,
            19.173677
          ]
        ]
      },
      "properties": {
        "pipe_id": "P0045_0147",
        "from_node": "N0045",
        "to_node": "N0147",
        "diameter_m": 0.6,
        "length_m": 3055.9,
        "capacity_m3s": 0.2978,
        "material": "RCC",
        "age_years": 38
      }
    },
    {
      "type": "Feature",
      "geometry": {
        "type": "LineString",
        "coordinates": [
          [
            72.895977,
            19.161693
          ],
          [
            72.891511,
            19.155716
          ]
        ]
      },
      "properties": {
        "pipe_id": "P0046_0120",
        "from_node": "N0046",
        "to_node": "N0120",
        "diameter_m": 0.3,
        "length_m": 828.2,
        "capacity_m3s": 0.0605,
        "material": "Cast Iron",
        "age_years": 59
      }
    },
    {
      "type": "Feature",
      "geometry": {
        "type": "LineString",
        "coordinates": [
          [
            72.81226,
            19.126549
          ],
          [
            72.803778,
            19.11416
          ]
        ]
      },
      "properties": {
        "pipe_id": "P0047_0151",
        "from_node": "N0047",
        "to_node": "N0151",
        "diameter_m": 0.9,
        "length_m": 1666.6,
        "capacity_m3s": 0.6462,
        "material": "RCC",
        "age_years": 45
      }
    },
    {
      "type": "Feature",
      "geometry": {
        "type": "LineString",
        "coordinates": [
          [
            72.914508,
            19.030265
          ],
          [
            72.922949,
            19.014257
          ]
        ]
      },
      "properties": {
        "pipe_id": "P0048_0142",
        "from_node": "N0048",
        "to_node": "N0142",
        "diameter_m": 0.3,
        "length_m": 2008.8,
        "capacity_m3s": 0.0716,
        "material": "Cast Iron",
        "age_years": 35
      }
    },
    {
      "type": "Feature",
      "geometry": {
        "type": "LineString",
        "coordinates": [
          [
            72.93412,
            18.969841
          ],
          [
            72.932292,
            18.968115
          ]
        ]
      },
      "properties": {
        "pipe_id": "P0049_0187",
        "from_node": "N0049",
        "to_node": "N0187",
        "diameter_m": 1.2,
        "length_m": 279.1,
        "capacity_m3s": 1.7401,
        "material": "Cast Iron",
        "age_years": 41
      }
    },
    {
      "type": "Feature",
      "geometry": {
        "type": "LineString",
        "coordinates": [
          [
            72.93412,
            18.969841
          ],
          [
            72.95954,
            18.956227
          ]
        ]
      },
      "properties": {
        "pipe_id": "P0049_0060",
        "from_node": "N0049",
        "to_node": "N0060",
        "diameter_m": 0.6,
        "length_m": 3200.8,
        "capacity_m3s": 0.4027,
        "material": "PVC",
        "age_years": 26
      }
    },
    {
      "type": "Feature",
      "geometry": {
        "type": "LineString",
        "coordinates": [
          [
            72.927723,
            19.208784
          ],
          [
            72.924815,
            19.203232
          ]
        ]
      },
      "properties": {
        "pipe_id": "P0050_0126",
        "from_node": "N0050",
        "to_node": "N0126",
        "diameter_m": 0.3,
        "length_m": 695.7,
        "capacity_m3s": 0.0835,
        "material": "RCC",
        "age_years": 36
      }
    },
    {
      "type": "Feature",
      "geometry": {
        "type": "LineString",
        "coordinates": [
          [
            72.800707,
            19.219402
          ],
          [
            72.811551,
            19.217269
          ]
        ]
      },
      "properties": {
        "pipe_id": "P0051_0079",
        "from_node": "N0051",
        "to_node": "N0079",
        "diameter_m": 0.3,
        "length_m": 1226.7,
        "capacity_m3s": 0.1031,
        "material": "Cast Iron",
        "age_years": 19
      }
    },
    {
      "type": "Feature",
      "geometry": {
        "type": "LineString",
        "coordinates": [
          [
            72.815693,
            19.189811
          ],
          [
            72.801739,
            19.184886
          ]
        ]
      },
      "properties": {
        "pipe_id": "P0052_0143",
        "from_node": "N0052",
        "to_node": "N0143",
        "diameter_m": 1.2,
        "length_m": 1642.5,
        "capacity_m3s": 0.9271,
        "material": "PVC",
        "age_years": 52
      }
    },
    {
      "type": "Feature",
      "geometry": {
        "type": "LineString",
        "coordinates": [
          [
            72.815693,
            19.189811
          ],
          [
            72.833028,
            19.185727
          ]
        ]
      },
      "properties": {
        "pipe_id": "P0052_0043",
        "from_node": "N0052",
        "to_node": "N0043",
        "diameter_m": 0.6,
        "length_m": 1976.9,
        "capacity_m3s": 0.4837,
        "material": "PVC",
        "age_years": 18
      }
    },
    {
      "type": "Feature",
      "geometry": {
        "type": "LineString",
        "coordinates": [
          [
            72.973399,
            19.247903
          ],
          [
            72.953318,
            19.232751
          ]
        ]
      },
      "properties": {
        "pipe_id": "P0053_0087",
        "from_node": "N0053",
        "to_node": "N0087",
        "diameter_m": 0.45,
        "length_m": 2792.3,
        "capacity_m3s": 0.2766,
        "material": "RCC",
        "age_years": 28
      }
    },
    {
      "type": "Feature",
      "geometry": {
        "type": "LineString",
        "coordinates": [
          [
            72.914124,
            19.128843
          ],
          [
            72.912183,
            19.119744
          ]
        ]
      },
      "properties": {
        "pipe_id": "P0054_0152",
        "from_node": "N0054",
        "to_node": "N0152",
        "diameter_m": 0.3,
        "length_m": 1032.7,
        "capacity_m3s": 0.0733,
        "material": "Cast Iron",
        "age_years": 12
      }
    },
    {
      "type": "Feature",
      "geometry": {
        "type": "LineString",
        "coordinates": [
          [
            72.965921,
            18.974713
          ],
          [
            72.954814,
            18.973359
          ]
        ]
      },
      "properties": {
        "pipe_id": "P0055_0025",
        "from_node": "N0055",
        "to_node": "N0025",
        "diameter_m": 0.6,
        "length_m": 1242.0,
        "capacity_m3s": 0.3282,
        "material": "Cast Iron",
        "age_years": 42
      }
    },
    {
      "type": "Feature",
      "geometry": {
        "type": "LineString",
        "coordinates": [
          [
            72.790484,
            18.974063
          ],
          [
            72.796368,
            18.972871
          ]
        ]
      },
      "properties": {
        "pipe_id": "P0056_0190",
        "from_node": "N0056",
        "to_node": "N0190",
        "diameter_m": 0.3,
        "length_m": 666.4,
        "capacity_m3s": 0.1388,
        "material": "RCC",
        "age_years": 17
      }
    },
    {
      "type": "Feature",
      "geometry": {
        "type": "LineString",
        "coordinates": [
          [
            72.790484,
            18.974063
          ],
          [
            72.798124,
            18.965231
          ]
        ]
      },
      "properties": {
        "pipe_id": "P0056_0031",
        "from_node": "N0056",
        "to_node": "N0031",
        "diameter_m": 0.6,
        "length_m": 1296.2,
        "capacity_m3s": 0.2152,
        "material": "PVC",
        "age_years": 51
      }
    },
    {
      "type": "Feature",
      "geometry": {
        "type": "LineString",
        "coordinates": [
          [
            72.821631,
            19.06766
          ],
          [
            72.827113,
            19.050391
          ]
        ]
      },
      "properties": {
        "pipe_id": "P0058_0062",
        "from_node": "N0058",
        "to_node": "N0062",
        "diameter_m": 1.2,
        "length_m": 2011.1,
        "capacity_m3s": 0.9828,
        "material": "RCC",
        "age_years": 6
      }
    },
    {
      "type": "Feature",
      "geometry": {
        "type": "LineString",
        "coordinates": [
          [
            72.821631,
            19.06766
          ],
          [
            72.803385,
            19.062447
          ]
        ]
      },
      "properties": {
        "pipe_id": "P0058_0112",
        "from_node": "N0058",
        "to_node": "N0112",
        "diameter_m": 0.45,
        "length_m": 2106.3,
        "capacity_m3s": 0.2806,
        "material": "RCC",
        "age_years": 6
      }
    },
    {
      "type": "Feature",
      "geometry": {
        "type": "LineString",
        "coordinates": [
          [
            72.883659,
            18.985185
          ],
          [
            72.885862,
            18.974117
          ]
        ]
      },
      "properties": {
        "pipe_id": "P0059_0069",
        "from_node": "N0059",
        "to_node": "N0069",
        "diameter_m": 0.9,
        "length_m": 1252.6,
        "capacity_m3s": 0.943,
        "material": "RCC",
        "age_years": 26
      }
    },
    {
      "type": "Feature",
      "geometry": {
        "type": "LineString",
        "coordinates": [
          [
            72.95954,
            18.956227
          ],
          [
            72.94671,
            18.943068
          ]
        ]
      },
      "properties": {
        "pipe_id": "P0060_0191",
        "from_node": "N0060",
        "to_node": "N0191",
        "diameter_m": 0.6,
        "length_m": 2040.0,
        "capacity_m3s": 0.3349,
        "material": "PVC",
        "age_years": 56
      }
    },
    {
      "type": "Feature",
      "geometry": {
        "type": "LineString",
        "coordinates": [
          [
            72.803567,
            19.03341
          ],
          [
            72.815378,
            19.031802
          ]
        ]
      },
      "properties": {
        "pipe_id": "P0061_0153",
        "from_node": "N0061",
        "to_node": "N0153",
        "diameter_m": 0.45,
        "length_m": 1323.1,
        "capacity_m3s": 0.304,
        "material": "Cast Iron",
        "age_years": 32
      }
    },
    {
      "type": "Feature",
      "geometry": {
        "type": "LineString",
        "coordinates": [
          [
            72.803567,
            19.03341
          ],
          [
            72.821954,
            19.030811
          ]
        ]
      },
      "properties": {
        "pipe_id": "P0061_0011",
        "from_node": "N0061",
        "to_node": "N0011",
        "diameter_m": 0.3,
        "length_m": 2061.2,
        "capacity_m3s": 0.0479,
        "material": "RCC",
        "age_years": 55
      }
    },
    {
      "type": "Feature",
      "geometry": {
        "type": "LineString",
        "coordinates": [
          [
            72.827113,
            19.050391
          ],
          [
            72.82376,
            19.032998
          ]
        ]
      },
      "properties": {
        "pipe_id": "P0062_0197",
        "from_node": "N0062",
        "to_node": "N0197",
        "diameter_m": 0.45,
        "length_m": 1966.2,
        "capacity_m3s": 0.2066,
        "material": "Cast Iron",
        "age_years": 28
      }
    },
    {
      "type": "Feature",
      "geometry": {
        "type": "LineString",
        "coordinates": [
          [
            72.858204,
            18.954887
          ],
          [
            72.839211,
            18.946366
          ]
        ]
      },
      "properties": {
        "pipe_id": "P0064_0113",
        "from_node": "N0064",
        "to_node": "N0113",
        "diameter_m": 0.45,
        "length_m": 2310.7,
        "capacity_m3s": 0.2992,
        "material": "Cast Iron",
        "age_years": 42
      }
    },
    {
      "type": "Feature",
      "geometry": {
        "type": "LineString",
        "coordinates": [
          [
            72.858204,
            18.954887
          ],
          [
            72.853659,
            18.931718
          ]
        ]
      },
      "properties": {
        "pipe_id": "P0064_0139",
        "from_node": "N0064",
        "to_node": "N0139",
        "diameter_m": 0.45,
        "length_m": 2620.8,
        "capacity_m3s": 0.2834,
        "material": "PVC",
        "age_years": 55
      }
    },
    {
      "type": "Feature",
      "geometry": {
        "type": "LineString",
        "coordinates": [
          [
            72.783513,
            18.908112
          ],
          [
            72.79941,
            18.887665
          ]
        ]
      },
      "properties": {
        "pipe_id": "P0065_0071",
        "from_node": "N0065",
        "to_node": "N0071",
        "diameter_m": 0.6,
        "length_m": 2874.9,
        "capacity_m3s": 0.2462,
        "material": "Cast Iron",
        "age_years": 55
      }
    },
    {
      "type": "Feature",
      "geometry": {
        "type": "LineString",
        "coordinates": [
          [
            72.986044,
            19.268696
          ],
          [
            72.995411,
            19.261093
          ]
        ]
      },
      "properties": {
        "pipe_id": "P0066_0148",
        "from_node": "N0066",
        "to_node": "N0148",
        "diameter_m": 0.45,
        "length_m": 1339.1,
        "capacity_m3s": 0.2827,
        "material": "Cast Iron",
        "age_years": 36
      }
    },
    {
      "type": "Feature",
      "geometry": {
        "type": "LineString",
        "coordinates": [
          [
            72.986044,
            19.268696
          ],
          [
            72.973399,
            19.247903
          ]
        ]
      },
      "properties": {
        "pipe_id": "P0066_0053",
        "from_node": "N0066",
        "to_node": "N0053",
        "diameter_m": 0.45,
        "length_m": 2701.3,
        "capacity_m3s": 0.253,
        "material": "PVC",
        "age_years": 55
      }
    },
    {
      "type": "Feature",
      "geometry": {
        "type": "LineString",
        "coordinates": [
          [
            72.771233,
            19.193941
          ],
          [
            72.773742,
            19.177459
          ]
        ]
      },
      "properties": {
        "pipe_id": "P0067_0102",
        "from_node": "N0067",
        "to_node": "N0102",
        "diameter_m": 0.45,
        "length_m": 1850.6,
        "capacity_m3s": 0.2009,
        "material": "Cast Iron",
        "age_years": 53
      }
    },
    {
      "type": "Feature",
      "geometry": {
        "type": "LineString",
        "coordinates": [
          [
            72.800415,
            19.138505
          ],
          [
            72.81226,
            19.126549
          ]
        ]
      },
      "properties": {
        "pipe_id": "P0068_0047",
        "from_node": "N0068",
        "to_node": "N0047",
        "diameter_m": 0.9,
        "length_m": 1868.1,
        "capacity_m3s": 0.8132,
        "material": "RCC",
        "age_years": 25
      }
    },
    {
      "type": "Feature",
      "geometry": {
        "type": "LineString",
        "coordinates": [
          [
            72.800415,
            19.138505
          ],
          [
            72.803778,
            19.11416
          ]
        ]
      },
      "properties": {
        "pipe_id": "P0068_0151",
        "from_node": "N0068",
        "to_node": "N0151",
        "diameter_m": 0.6,
        "length_m": 2728.0,
        "capacity_m3s": 0.3642,
        "material": "PVC",
        "age_years": 50
      }
    },
    {
      "type": "Feature",
      "geometry": {
        "type": "LineString",
        "coordinates": [
          [
            72.885862,
            18.974117
          ],
          [
            72.888535,
            18.970506
          ]
        ]
      },
      "properties": {
        "pipe_id": "P0069_0015",
        "from_node": "N0069",
        "to_node": "N0015",
        "diameter_m": 0.9,
        "length_m": 498.7,
        "capacity_m3s": 0.5741,
        "material": "PVC",
        "age_years": 45
      }
    },
    {
      "type": "Feature",
      "geometry": {
        "type": "LineString",
        "coordinates": [
          [
            72.885862,
            18.974117
          ],
          [
            72.897127,
            18.96587
          ]
        ]
      },
      "properties": {
        "pipe_id": "P0069_0038",
        "from_node": "N0069",
        "to_node": "N0038",
        "diameter_m": 1.2,
        "length_m": 1549.7,
        "capacity_m3s": 1.6677,
        "material": "RCC",
        "age_years": 19
      }
    },
    {
      "type": "Feature",
      "geometry": {
        "type": "LineString",
        "coordinates": [
          [
            72.933359,
            18.905859
          ],
          [
            72.940073,
            18.883924
          ]
        ]
      },
      "properties": {
        "pipe_id": "P0070_0037",
        "from_node": "N0070",
        "to_node": "N0037",
        "diameter_m": 0.9,
        "length_m": 2546.3,
        "capacity_m3s": 1.1418,
        "material": "PVC",
        "age_years": 18
      }
    },
    {
      "type": "Feature",
      "geometry": {
        "type": "LineString",
        "coordinates": [
          [
            72.79941,
            18.887665
          ],
          [
            72.800637,
            18.874128
          ]
        ]
      },
      "properties": {
        "pipe_id": "P0071_0063",
        "from_node": "N0071",
        "to_node": "N0063",
        "diameter_m": 0.9,
        "length_m": 1508.8,
        "capacity_m3s": 1.1661,
        "material": "Cast Iron",
        "age_years": 15
      }
    },
    {
      "type": "Feature",
      "geometry": {
        "type": "LineString",
        "coordinates": [
          [
            72.86892,
            19.014237
          ],
          [
            72.86238,
            19.005321
          ]
        ]
      },
      "properties": {
        "pipe_id": "P0072_0146",
        "from_node": "N0072",
        "to_node": "N0146",
        "diameter_m": 0.6,
        "length_m": 1227.4,
        "capacity_m3s": 0.3749,
        "material": "RCC",
        "age_years": 53
      }
    },
    {
      "type": "Feature",
      "geometry": {
        "type": "LineString",
        "coordinates": [
          [
            72.86892,
            19.014237
          ],
          [
            72.86747,
            18.996596
          ]
        ]
      },
      "properties": {
        "pipe_id": "P0072_0035",
        "from_node": "N0072",
        "to_node": "N0035",
        "diameter_m": 0.3,
        "length_m": 1964.8,
        "capacity_m3s": 0.0666,
        "material": "Cast Iron",
        "age_years": 27
      }
    },
    {
      "type": "Feature",
      "geometry": {
        "type": "LineString",
        "coordinates": [
          [
            72.870228,
            19.076789
          ],
          [
            72.872618,
            19.060501
          ]
        ]
      },
      "properties": {
        "pipe_id": "P0073_0166",
        "from_node": "N0073",
        "to_node": "N0166",
        "diameter_m": 1.2,
        "length_m": 1827.3,
        "capacity_m3s": 0.6353,
        "material": "Cast Iron",
        "age_years": 44
      }
    },
    {
      "type": "Feature",
      "geometry": {
        "type": "LineString",
        "coordinates": [
          [
            72.804183,
            18.891289
          ],
          [
            72.79941,
            18.887665
          ]
        ]
      },
      "properties": {
        "pipe_id": "P0075_0071",
        "from_node": "N0075",
        "to_node": "N0071",
        "diameter_m": 0.9,
        "length_m": 665.2,
        "capacity_m3s": 0.7643,
        "material": "PVC",
        "age_years": 28
      }
    },
    {
      "type": "Feature",
      "geometry": {
        "type": "LineString",
        "coordinates": [
          [
            72.804183,
            18.891289
          ],
          [
            72.800637,
            18.874128
          ]
        ]
      },
      "properties": {
        "pipe_id": "P0075_0063",
        "from_node": "N0075",
        "to_node": "N0063",
        "diameter_m": 0.9,
        "length_m": 1945.1,
        "capacity_m3s": 0.6206,
        "material": "PVC",
        "age_years": 6
      }
    },
    {
      "type": "Feature",
      "geometry": {
        "type": "LineString",
        "coordinates": [
          [
            72.877441,
            18.935422
          ],
          [
            72.856863,
            18.925989
          ]
        ]
      },
      "properties": {
        "pipe_id": "P0076_0163",
        "from_node": "N0076",
        "to_node": "N0163",
        "diameter_m": 0.9,
        "length_m": 2512.7,
        "capacity_m3s": 0.5412,
        "material": "Cast Iron",
        "age_years": 9
      }
    },
    {
      "type": "Feature",
      "geometry": {
        "type": "LineString",
        "coordinates": [
          [
            72.852,
            18.886317
          ],
          [
            72.860835,
            18.877166
          ]
        ]
      },
      "properties": {
        "pipe_id": "P0077_0107",
        "from_node": "N0077",
        "to_node": "N0107",
        "diameter_m": 0.3,
        "length_m": 1411.9,
        "capacity_m3s": 0.0666,
        "material": "Cast Iron",
        "age_years": 37
      }
    },
    {
      "type": "Feature",
      "geometry": {
        "type": "LineString",
        "coordinates": [
          [
            72.935546,
            18.914996
          ],
          [
            72.933359,
            18.905859
          ]
        ]
      },
      "properties": {
        "pipe_id": "P0078_0070",
        "from_node": "N0078",
        "to_node": "N0070",
        "diameter_m": 0.6,
        "length_m": 1042.9,
        "capacity_m3s": 0.5344,
        "material": "RCC",
        "age_years": 12
      }
    },
    {
      "type": "Feature",
      "geometry": {
        "type": "LineString",
        "coordinates": [
          [
            72.811551,
            19.217269
          ],
          [
            72.8032,
            19.199525
          ]
        ]
      },
      "properties": {
        "pipe_id": "P0079_0169",
        "from_node": "N0079",
        "to_node": "N0169",
        "diameter_m": 0.6,
        "length_m": 2176.8,
        "capacity_m3s": 0.1576,
        "material": "RCC",
        "age_years": 26
      }
    },
    {
      "type": "Feature",
      "geometry": {
        "type": "LineString",
        "coordinates": [
          [
            72.922522,
            19.095299
          ],
          [
            72.918862,
            19.080911
          ]
        ]
      },
      "properties": {
        "pipe_id": "P0080_0097",
        "from_node": "N0080",
        "to_node": "N0097",
        "diameter_m": 0.6,
        "length_m": 1647.9,
        "capacity_m3s": 0.2474,
        "material": "Cast Iron",
        "age_years": 57
      }
    },
    {
      "type": "Feature",
      "geometry": {
        "type": "LineString",
        "coordinates": [
          [
            72.901281,
            19.080406
          ],
          [
            72.899503,
            19.060576
          ]
        ]
      },
      "properties": {
        "pipe_id": "P0081_0094",
        "from_node": "N0081",
        "to_node": "N0094",
        "diameter_m": 0.45,
        "length_m": 2210.0,
        "capacity_m3s": 0.2479,
        "material": "RCC",
        "age_years": 59
      }
    },
    {
      "type": "Feature",
      "geometry": {
        "type": "LineString",
        "coordinates": [
          [
            72.901281,
            19.080406
          ],
          [
            72.872618,
            19.060501
          ]
        ]
      },
      "properties": {
        "pipe_id": "P0081_0166",
        "from_node": "N0081",
        "to_node": "N0166",
        "diameter_m": 1.2,
        "length_m": 3873.5,
        "capacity_m3s": 2.1133,
        "material": "RCC",
        "age_years": 54
      }
    },
    {
      "type": "Feature",
      "geometry": {
        "type": "LineString",
        "coordinates": [
          [
            72.974095,
            19.140763
          ],
          [
            72.973715,
            19.138669
          ]
        ]
      },
      "properties": {
        "pipe_id": "P0082_0028",
        "from_node": "N0082",
        "to_node": "N0028",
        "diameter_m": 0.6,
        "length_m": 236.2,
        "capacity_m3s": 0.4901,
        "material": "PVC",
        "age_years": 30
      }
    },
    {
      "type": "Feature",
      "geometry": {
        "type": "LineString",
        "coordinates": [
          [
            72.974095,
            19.140763
          ],
          [
            72.961372,
            19.136208
          ]
        ]
      },
      "properties": {
        "pipe_id": "P0082_0093",
        "from_node": "N0082",
        "to_node": "N0093",
        "diameter_m": 1.2,
        "length_m": 1500.0,
        "capacity_m3s": 1.8511,
        "material": "RCC",
        "age_years": 35
      }
    },
    {
      "type": "Feature",
      "geometry": {
        "type": "LineString",
        "coordinates": [
          [
            72.855918,
            18.918796
          ],
          [
            72.847473,
            18.907893
          ]
        ]
      },
      "properties": {
        "pipe_id": "P0083_0012",
        "from_node": "N0083",
        "to_node": "N0012",
        "diameter_m": 0.9,
        "length_m": 1530.8,
        "capacity_m3s": 0.5353,
        "material": "Cast Iron",
        "age_years": 52
      }
    },
    {
      "type": "Feature",
      "geometry": {
        "type": "LineString",
        "coordinates": [
          [
            72.788645,
            18.93151
          ],
          [
            72.772288,
            18.928234
          ]
        ]
      },
      "properties": {
        "pipe_id": "P0084_0145",
        "from_node": "N0084",
        "to_node": "N0145",
        "diameter_m": 0.9,
        "length_m": 1851.7,
        "capacity_m3s": 0.5411,
        "material": "Cast Iron",
        "age_years": 55
      }
    },
    {
      "type": "Feature",
      "geometry": {
        "type": "LineString",
        "coordinates": [
          [
            72.831943,
            19.121343
          ],
          [
            72.834965,
            19.118737
          ]
        ]
      },
      "properties": {
        "pipe_id": "P0085_0127",
        "from_node": "N0085",
        "to_node": "N0127",
        "diameter_m": 0.9,
        "length_m": 442.9,
        "capacity_m3s": 0.6432,
        "material": "RCC",
        "age_years": 25
      }
    },
    {
      "type": "Feature",
      "geometry": {
        "type": "LineString",
        "coordinates": [
          [
            72.831943,
            19.121343
          ],
          [
            72.803778,
            19.11416
          ]
        ]
      },
      "properties": {
        "pipe_id": "P0085_0151",
        "from_node": "N0085",
        "to_node": "N0151",
        "diameter_m": 0.45,
        "length_m": 3226.4,
        "capacity_m3s": 0.1818,
        "material": "Cast Iron",
        "age_years": 31
      }
    },
    {
      "type": "Feature",
      "geometry": {
        "type": "LineString",
        "coordinates": [
          [
            72.988706,
            19.132469
          ],
          [
            72.989519,
            19.128867
          ]
        ]
      },
      "properties": {
        "pipe_id": "P0086_0091",
        "from_node": "N0086",
        "to_node": "N0091",
        "diameter_m": 0.9,
        "length_m": 409.9,
        "capacity_m3s": 0.7475,
        "material": "Cast Iron",
        "age_years": 6
      }
    },
    {
      "type": "Feature",
      "geometry": {
        "type": "LineString",
        "coordinates": [
          [
            72.953318,
            19.232751
          ],
          [
            72.927607,
            19.231263
          ]
        ]
      },
      "properties": {
        "pipe_id": "P0087_0039",
        "from_node": "N0087",
        "to_node": "N0039",
        "diameter_m": 0.45,
        "length_m": 2858.7,
        "capacity_m3s": 0.2173,
        "material": "RCC",
        "age_years": 24
      }
    },
    {
      "type": "Feature",
      "geometry": {
        "type": "LineString",
        "coordinates": [
          [
            72.953318,
            19.232751
          ],
          [
            72.927723,
            19.208784
          ]
        ]
      },
      "properties": {
        "pipe_id": "P0087_0050",
        "from_node": "N0087",
        "to_node": "N0050",
        "diameter_m": 0.3,
        "length_m": 3892.2,
        "capacity_m3s": 0.0883,
        "material": "Cast Iron",
        "age_years": 58
      }
    },
    {
      "type": "Feature",
      "geometry": {
        "type": "LineString",
        "coordinates": [
          [
            72.953574,
            18.983182
          ],
          [
            72.954814,
            18.973359
          ]
        ]
      },
      "properties": {
        "pipe_id": "P0088_0025",
        "from_node": "N0088",
        "to_node": "N0025",
        "diameter_m": 0.6,
        "length_m": 1099.0,
        "capacity_m3s": 0.237,
        "material": "PVC",
        "age_years": 48
      }
    },
    {
      "type": "Feature",
      "geometry": {
        "type": "LineString",
        "coordinates": [
          [
            72.953574,
            18.983182
          ],
          [
            72.965921,
            18.974713
          ]
        ]
      },
      "properties": {
        "pipe_id": "P0088_0055",
        "from_node": "N0088",
        "to_node": "N0055",
        "diameter_m": 0.9,
        "length_m": 1661.9,
        "capacity_m3s": 1.046,
        "material": "Cast Iron",
        "age_years": 39
      }
    },
    {
      "type": "Feature",
      "geometry": {
        "type": "LineString",
        "coordinates": [
          [
            72.861737,
            19.022556
          ],
          [
            72.86892,
            19.014237
          ]
        ]
      },
      "properties": {
        "pipe_id": "P0089_0072",
        "from_node": "N0089",
        "to_node": "N0072",
        "diameter_m": 0.6,
        "length_m": 1220.0,
        "capacity_m3s": 0.3903,
        "material": "Cast Iron",
        "age_years": 55
      }
    },
    {
      "type": "Feature",
      "geometry": {
        "type": "LineString",
        "coordinates": [
          [
            72.861737,
            19.022556
          ],
          [
            72.870278,
            19.015334
          ]
        ]
      },
      "properties": {
        "pipe_id": "P0089_0009",
        "from_node": "N0089",
        "to_node": "N0009",
        "diameter_m": 0.3,
        "length_m": 1241.5,
        "capacity_m3s": 0.1331,
        "material": "RCC",
        "age_years": 26
      }
    },
    {
      "type": "Feature",
      "geometry": {
        "type": "LineString",
        "coordinates": [
          [
            72.96604,
            18.905675
          ],
          [
            72.95332,
            18.881082
          ]
        ]
      },
      "properties": {
        "pipe_id": "P0090_0023",
        "from_node": "N0090",
        "to_node": "N0023",
        "diameter_m": 0.9,
        "length_m": 3073.3,
        "capacity_m3s": 0.513,
        "material": "PVC",
        "age_years": 9
      }
    },
    {
      "type": "Feature",
      "geometry": {
        "type": "LineString",
        "coordinates": [
          [
            72.96604,
            18.905675
          ],
          [
            72.940073,
            18.883924
          ]
        ]
      },
      "properties": {
        "pipe_id": "P0090_0037",
        "from_node": "N0090",
        "to_node": "N0037",
        "diameter_m": 1.2,
        "length_m": 3759.9,
        "capacity_m3s": 1.2211,
        "material": "PVC",
        "age_years": 11
      }
    },
    {
      "type": "Feature",
      "geometry": {
        "type": "LineString",
        "coordinates": [
          [
            72.989519,
            19.128867
          ],
          [
            72.964572,
            19.123571
          ]
        ]
      },
      "properties": {
        "pipe_id": "P0091_0021",
        "from_node": "N0091",
        "to_node": "N0021",
        "diameter_m": 1.2,
        "length_m": 2830.8,
        "capacity_m3s": 2.1974,
        "material": "Cast Iron",
        "age_years": 24
      }
    },
    {
      "type": "Feature",
      "geometry": {
        "type": "LineString",
        "coordinates": [
          [
            72.981991,
            19.164356
          ],
          [
            72.985115,
            19.159846
          ]
        ]
      },
      "properties": {
        "pipe_id": "P0092_0119",
        "from_node": "N0092",
        "to_node": "N0119",
        "diameter_m": 0.45,
        "length_m": 609.0,
        "capacity_m3s": 0.1044,
        "material": "Cast Iron",
        "age_years": 16
      }
    },
    {
      "type": "Feature",
      "geometry": {
        "type": "LineString",
        "coordinates": [
          [
            72.961372,
            19.136208
          ],
          [
            72.964572,
            19.123571
          ]
        ]
      },
      "properties": {
        "pipe_id": "P0093_0021",
        "from_node": "N0093",
        "to_node": "N0021",
        "diameter_m": 1.2,
        "length_m": 1447.0,
        "capacity_m3s": 1.3944,
        "material": "RCC",
        "age_years": 17
      }
    },
    {
      "type": "Feature",
      "geometry": {
        "type": "LineString",
        "coordinates": [
          [
            72.899503,
            19.060576
          ],
          [
            72.872618,
            19.060501
          ]
        ]
      },
      "properties": {
        "pipe_id": "P0094_0166",
        "from_node": "N0094",
        "to_node": "N0166",
        "diameter_m": 0.9,
        "length_m": 2984.2,
        "capacity_m3s": 0.5889,
        "material": "RCC",
        "age_years": 23
      }
    },
    {
      "type": "Feature",
      "geometry": {
        "type": "LineString",
        "coordinates": [
          [
            72.869844,
            19.115547
          ],
          [
            72.863983,
            19.11064
          ]
        ]
      },
      "properties": {
        "pipe_id": "P0095_0172",
        "from_node": "N0095",
        "to_node": "N0172",
        "diameter_m": 0.9,
        "length_m": 848.5,
        "capacity_m3s": 0.3729,
        "material": "Cast Iron",
        "age_years": 5
      }
    },
    {
      "type": "Feature",
      "geometry": {
        "type": "LineString",
        "coordinates": [
          [
            72.925581,
            19.259309
          ],
          [
            72.940708,
            19.254847
          ]
        ]
      },
      "properties": {
        "pipe_id": "P0096_0017",
        "from_node": "N0096",
        "to_node": "N0017",
        "diameter_m": 0.6,
        "length_m": 1750.6,
        "capacity_m3s": 0.506,
        "material": "PVC",
        "age_years": 30
      }
    },
    {
      "type": "Feature",
      "geometry": {
        "type": "LineString",
        "coordinates": [
          [
            72.918862,
            19.080911
          ],
          [
            72.901281,
            19.080406
          ]
        ]
      },
      "properties": {
        "pipe_id": "P0097_0081",
        "from_node": "N0097",
        "to_node": "N0081",
        "diameter_m": 0.3,
        "length_m": 1952.3,
        "capacity_m3s": 0.049,
        "material": "PVC",
        "age_years": 35
      }
    },
    {
      "type": "Feature",
      "geometry": {
        "type": "LineString",
        "coordinates": [
          [
            72.879851,
            19.232883
          ],
          [
            72.900651,
            19.215347
          ]
        ]
      },
      "properties": {
        "pipe_id": "P0098_0005",
        "from_node": "N0098",
        "to_node": "N0005",
        "diameter_m": 0.9,
        "length_m": 3019.8,
        "capacity_m3s": 1.2295,
        "material": "RCC",
        "age_years": 13
      }
    },
    {
      "type": "Feature",
      "geometry": {
        "type": "LineString",
        "coordinates": [
          [
            72.890311,
            19.206615
          ],
          [
            72.893242,
            19.206152
          ]
        ]
      },
      "properties": {
        "pipe_id": "P0099_0010",
        "from_node": "N0099",
        "to_node": "N0010",
        "diameter_m": 0.6,
        "length_m": 329.4,
        "capacity_m3s": 0.3247,
        "material": "Cast Iron",
        "age_years": 47
      }
    },
    {
      "type": "Feature",
      "geometry": {
        "type": "LineString",
        "coordinates": [
          [
            72.888085,
            19.236921
          ],
          [
            72.879851,
            19.232883
          ]
        ]
      },
      "properties": {
        "pipe_id": "P0100_0098",
        "from_node": "N0100",
        "to_node": "N0098",
        "diameter_m": 0.45,
        "length_m": 1018.0,
        "capacity_m3s": 0.2235,
        "material": "PVC",
        "age_years": 42
      }
    },
    {
      "type": "Feature",
      "geometry": {
        "type": "LineString",
        "coordinates": [
          [
            72.888085,
            19.236921
          ],
          [
            72.900651,
            19.215347
          ]
        ]
      },
      "properties": {
        "pipe_id": "P0100_0005",
        "from_node": "N0100",
        "to_node": "N0005",
        "diameter_m": 0.45,
        "length_m": 2771.3,
        "capacity_m3s": 0.1994,
        "material": "Cast Iron",
        "age_years": 34
      }
    },
    {
      "type": "Feature",
      "geometry": {
        "type": "LineString",
        "coordinates": [
          [
            72.90075,
            19.134342
          ],
          [
            72.914124,
            19.128843
          ]
        ]
      },
      "properties": {
        "pipe_id": "P0101_0054",
        "from_node": "N0101",
        "to_node": "N0054",
        "diameter_m": 0.45,
        "length_m": 1605.1,
        "capacity_m3s": 0.0813,
        "material": "RCC",
        "age_years": 33
      }
    },
    {
      "type": "Feature",
      "geometry": {
        "type": "LineString",
        "coordinates": [
          [
            72.90075,
            19.134342
          ],
          [
            72.890122,
            19.120703
          ]
        ]
      },
      "properties": {
        "pipe_id": "P0101_0019",
        "from_node": "N0101",
        "to_node": "N0019",
        "diameter_m": 0.3,
        "length_m": 1919.3,
        "capacity_m3s": 0.1228,
        "material": "Cast Iron",
        "age_years": 56
      }
    },
    {
      "type": "Feature",
      "geometry": {
        "type": "LineString",
        "coordinates": [
          [
            72.78041,
            19.207164
          ],
          [
            72.771233,
            19.193941
          ]
        ]
      },
      "properties": {
        "pipe_id": "P0103_0067",
        "from_node": "N0103",
        "to_node": "N0067",
        "diameter_m": 1.2,
        "length_m": 1786.6,
        "capacity_m3s": 2.0571,
        "material": "PVC",
        "age_years": 34
      }
    },
    {
      "type": "Feature",
      "geometry": {
        "type": "LineString",
        "coordinates": [
          [
            72.78041,
            19.207164
          ],
          [
            72.8032,
            19.199525
          ]
        ]
      },
      "properties": {
        "pipe_id": "P0103_0169",
        "from_node": "N0103",
        "to_node": "N0169",
        "diameter_m": 1.2,
        "length_m": 2668.0,
        "capacity_m3s": 0.6318,
        "material": "RCC",
        "age_years": 23
      }
    },
    {
      "type": "Feature",
      "geometry": {
        "type": "LineString",
        "coordinates": [
          [
            72.87465,
            19.104883
          ],
          [
            72.872576,
            19.097298
          ]
        ]
      },
      "properties": {
        "pipe_id": "P0104_0199",
        "from_node": "N0104",
        "to_node": "N0199",
        "diameter_m": 0.6,
        "length_m": 872.8,
        "capacity_m3s": 0.4384,
        "material": "Cast Iron",
        "age_years": 55
      }
    },
    {
      "type": "Feature",
      "geometry": {
        "type": "LineString",
        "coordinates": [
          [
            72.87465,
            19.104883
          ],
          [
            72.883385,
            19.104412
          ]
        ]
      },
      "properties": {
        "pipe_id": "P0104_0195",
        "from_node": "N0104",
        "to_node": "N0195",
        "diameter_m": 0.6,
        "length_m": 971.0,
        "capacity_m3s": 0.3072,
        "material": "RCC",
        "age_years": 31
      }
    },
    {
      "type": "Feature",
      "geometry": {
        "type": "LineString",
        "coordinates": [
          [
            72.981166,
            19.006534
          ],
          [
            72.985354,
            18.990355
          ]
        ]
      },
      "properties": {
        "pipe_id": "P0105_0041",
        "from_node": "N0105",
        "to_node": "N0041",
        "diameter_m": 0.45,
        "length_m": 1855.1,
        "capacity_m3s": 0.2942,
        "material": "Cast Iron",
        "age_years": 32
      }
    },
    {
      "type": "Feature",
      "geometry": {
        "type": "LineString",
        "coordinates": [
          [
            72.908932,
            19.168812
          ],
          [
            72.918561,
            19.164365
          ]
        ]
      },
      "properties": {
        "pipe_id": "P0106_0182",
        "from_node": "N0106",
        "to_node": "N0182",
        "diameter_m": 0.9,
        "length_m": 1177.3,
        "capacity_m3s": 1.1873,
        "material": "RCC",
        "age_years": 49
      }
    },
    {
      "type": "Feature",
      "geometry": {
        "type": "LineString",
        "coordinates": [
          [
            72.908932,
            19.168812
          ],
          [
            72.895977,
            19.161693
          ]
        ]
      },
      "properties": {
        "pipe_id": "P0106_0046",
        "from_node": "N0106",
        "to_node": "N0046",
        "diameter_m": 1.2,
        "length_m": 1640.8,
        "capacity_m3s": 0.7276,
        "material": "Cast Iron",
        "age_years": 7
      }
    },
    {
      "type": "Feature",
      "geometry": {
        "type": "LineString",
        "coordinates": [
          [
            72.96982,
            19.146722
          ],
          [
            72.974095,
            19.140763
          ]
        ]
      },
      "properties": {
        "pipe_id": "P0108_0082",
        "from_node": "N0108",
        "to_node": "N0082",
        "diameter_m": 0.6,
        "length_m": 814.1,
        "capacity_m3s": 0.5157,
        "material": "Cast Iron",
        "age_years": 23
      }
    },
    {
      "type": "Feature",
      "geometry": {
        "type": "LineString",
        "coordinates": [
          [
            72.95702,
            18.99112
          ],
          [
            72.953574,
            18.983182
          ]
        ]
      },
      "properties": {
        "pipe_id": "P0109_0088",
        "from_node": "N0109",
        "to_node": "N0088",
        "diameter_m": 0.45,
        "length_m": 960.6,
        "capacity_m3s": 0.2963,
        "material": "PVC",
        "age_years": 53
      }
    },
    {
      "type": "Feature",
      "geometry": {
        "type": "LineString",
        "coordinates": [
          [
            72.955067,
            19.140041
          ],
          [
            72.961372,
            19.136208
          ]
        ]
      },
      "properties": {
        "pipe_id": "P0110_0093",
        "from_node": "N0110",
        "to_node": "N0093",
        "diameter_m": 0.6,
        "length_m": 819.0,
        "capacity_m3s": 0.1738,
        "material": "RCC",
        "age_years": 37
      }
    },
    {
      "type": "Feature",
      "geometry": {
        "type": "LineString",
        "coordinates": [
          [
            72.773654,
            18.914765
          ],
          [
            72.783513,
            18.908112
          ]
        ]
      },
      "properties": {
        "pipe_id": "P0111_0065",
        "from_node": "N0111",
        "to_node": "N0065",
        "diameter_m": 0.9,
        "length_m": 1320.2,
        "capacity_m3s": 0.7484,
        "material": "PVC",
        "age_years": 18
      }
    },
    {
      "type": "Feature",
      "geometry": {
        "type": "LineString",
        "coordinates": [
          [
            72.773654,
            18.914765
          ],
          [
            72.79941,
            18.887665
          ]
        ]
      },
      "properties": {
        "pipe_id": "P0111_0071",
        "from_node": "N0111",
        "to_node": "N0071",
        "diameter_m": 1.2,
        "length_m": 4149.9,
        "capacity_m3s": 0.6412,
        "material": "RCC",
        "age_years": 9
      }
    },
    {
      "type": "Feature",
      "geometry": {
        "type": "LineString",
        "coordinates": [
          [
            72.803385,
            19.062447
          ],
          [
            72.827113,
            19.050391
          ]
        ]
      },
      "properties": {
        "pipe_id": "P0112_0062",
        "from_node": "N0112",
        "to_node": "N0062",
        "diameter_m": 0.9,
        "length_m": 2954.3,
        "capacity_m3s": 0.646,
        "material": "PVC",
        "age_years": 59
      }
    },
    {
      "type": "Feature",
      "geometry": {
        "type": "LineString",
        "coordinates": [
          [
            72.803385,
            19.062447
          ],
          [
            72.775114,
            19.05788
          ]
        ]
      },
      "properties": {
        "pipe_id": "P0112_0006",
        "from_node": "N0112",
        "to_node": "N0006",
        "diameter_m": 0.45,
        "length_m": 3178.8,
        "capacity_m3s": 0.1742,
        "material": "RCC",
        "age_years": 21
      }
    },
    {
      "type": "Feature",
      "geometry": {
        "type": "LineString",
        "coordinates": [
          [
            72.839211,
            18.946366
          ],
          [
            72.853659,
            18.931718
          ]
        ]
      },
      "properties": {
        "pipe_id": "P0113_0139",
        "from_node": "N0113",
        "to_node": "N0139",
        "diameter_m": 0.45,
        "length_m": 2283.8,
        "capacity_m3s": 0.1576,
        "material": "Cast Iron",
        "age_years": 34
      }
    },
    {
      "type": "Feature",
      "geometry": {
        "type": "LineString",
        "coordinates": [
          [
            72.977556,
            18.916584
          ],
          [
            72.96604,
            18.905675
          ]
        ]
      },
      "properties": {
        "pipe_id": "P0114_0090",
        "from_node": "N0114",
        "to_node": "N0090",
        "diameter_m": 0.9,
        "length_m": 1760.8,
        "capacity_m3s": 0.3832,
        "material": "Cast Iron",
        "age_years": 47
      }
    },
    {
      "type": "Feature",
      "geometry": {
        "type": "LineString",
        "coordinates": [
          [
            72.967753,
            19.058596
          ],
          [
            72.97313,
            19.057387
          ]
        ]
      },
      "properties": {
        "pipe_id": "P0115_0125",
        "from_node": "N0115",
        "to_node": "N0125",
        "diameter_m": 0.9,
        "length_m": 611.7,
        "capacity_m3s": 0.4519,
        "material": "PVC",
        "age_years": 58
      }
    },
    {
      "type": "Feature",
      "geometry": {
        "type": "LineString",
        "coordinates": [
          [
            72.860099,
            19.20178
          ],
          [
            72.869569,
            19.191651
          ]
        ]
      },
      "properties": {
        "pipe_id": "P0116_0014",
        "from_node": "N0116",
        "to_node": "N0014",
        "diameter_m": 0.45,
        "length_m": 1539.2,
        "capacity_m3s": 0.2796,
        "material": "Cast Iron",
        "age_years": 11
      }
    },
    {
      "type": "Feature",
      "geometry": {
        "type": "LineString",
        "coordinates": [
          [
            72.865608,
            19.042715
          ],
          [
            72.864772,
            19.040277
          ]
        ]
      },
      "properties": {
        "pipe_id": "P0117_0165",
        "from_node": "N0117",
        "to_node": "N0165",
        "diameter_m": 0.6,
        "length_m": 286.1,
        "capacity_m3s": 0.194,
        "material": "Cast Iron",
        "age_years": 30
      }
    },
    {
      "type": "Feature",
      "geometry": {
        "type": "LineString",
        "coordinates": [
          [
            72.836878,
            19.091722
          ],
          [
            72.821631,
            19.06766
          ]
        ]
      },
      "properties": {
        "pipe_id": "P0118_0058",
        "from_node": "N0118",
        "to_node": "N0058",
        "diameter_m": 0.3,
        "length_m": 3161.9,
        "capacity_m3s": 0.1065,
        "material": "RCC",
        "age_years": 48
      }
    },
    {
      "type": "Feature",
      "geometry": {
        "type": "LineString",
        "coordinates": [
          [
            72.985115,
            19.159846
          ],
          [
            72.985634,
            19.155859
          ]
        ]
      },
      "properties": {
        "pipe_id": "P0119_0161",
        "from_node": "N0119",
        "to_node": "N0161",
        "diameter_m": 0.45,
        "length_m": 446.3,
        "capacity_m3s": 0.1846,
        "material": "RCC",
        "age_years": 18
      }
    },
    {
      "type": "Feature",
      "geometry": {
        "type": "LineString",
        "coordinates": [
          [
            72.985115,
            19.159846
          ],
          [
            72.96982,
            19.146722
          ]
        ]
      },
      "properties": {
        "pipe_id": "P0119_0108",
        "from_node": "N0119",
        "to_node": "N0108",
        "diameter_m": 0.3,
        "length_m": 2237.1,
        "capacity_m3s": 0.13,
        "material": "Cast Iron",
        "age_years": 18
      }
    },
    {
      "type": "Feature",
      "geometry": {
        "type": "LineString",
        "coordinates": [
          [
            72.891511,
            19.155716
          ],
          [
            72.90075,
            19.134342
          ]
        ]
      },
      "properties": {
        "pipe_id": "P0120_0101",
        "from_node": "N0120",
        "to_node": "N0101",
        "diameter_m": 0.3,
        "length_m": 2584.7,
        "capacity_m3s": 0.124,
        "material": "Cast Iron",
        "age_years": 46
      }
    },
    {
      "type": "Feature",
      "geometry": {
        "type": "LineString",
        "coordinates": [
          [
            72.891511,
            19.155716
          ],
          [
            72.914124,
            19.128843
          ]
        ]
      },
      "properties": {
        "pipe_id": "P0120_0054",
        "from_node": "N0120",
        "to_node": "N0054",
        "diameter_m": 0.3,
        "length_m": 3898.5,
        "capacity_m3s": 0.0768,
        "material": "PVC",
        "age_years": 33
      }
    },
    {
      "type": "Feature",
      "geometry": {
        "type": "LineString",
        "coordinates": [
          [
            72.919109,
            18.97714
          ],
          [
            72.908283,
            18.972579
          ]
        ]
      },
      "properties": {
        "pipe_id": "P0121_0022",
        "from_node": "N0121",
        "to_node": "N0022",
        "diameter_m": 1.2,
        "length_m": 1304.0,
        "capacity_m3s": 0.5734,
        "material": "PVC",
        "age_years": 54
      }
    },
    {
      "type": "Feature",
      "geometry": {
        "type": "LineString",
        "coordinates": [
          [
            72.849756,
            19.245586
          ],
          [
            72.840188,
            19.244728
          ]
        ]
      },
      "properties": {
        "pipe_id": "P0122_0175",
        "from_node": "N0122",
        "to_node": "N0175",
        "diameter_m": 0.45,
        "length_m": 1066.3,
        "capacity_m3s": 0.1689,
        "material": "RCC",
        "age_years": 17
      }
    },
    {
      "type": "Feature",
      "geometry": {
        "type": "LineString",
        "coordinates": [
          [
            72.877925,
            19.160484
          ],
          [
            72.891511,
            19.155716
          ]
        ]
      },
      "properties": {
        "pipe_id": "P0123_0120",
        "from_node": "N0123",
        "to_node": "N0120",
        "diameter_m": 0.3,
        "length_m": 1598.2,
        "capacity_m3s": 0.0801,
        "material": "RCC",
        "age_years": 26
      }
    },
    {
      "type": "Feature",
      "geometry": {
        "type": "LineString",
        "coordinates": [
          [
            72.848005,
            19.233628
          ],
          [
            72.84797,
            19.230098
          ]
        ]
      },
      "properties": {
        "pipe_id": "P0124_0181",
        "from_node": "N0124",
        "to_node": "N0181",
        "diameter_m": 0.3,
        "length_m": 391.8,
        "capacity_m3s": 0.0587,
        "material": "RCC",
        "age_years": 56
      }
    },
    {
      "type": "Feature",
      "geometry": {
        "type": "LineString",
        "coordinates": [
          [
            72.97313,
            19.057387
          ],
          [
            72.978301,
            19.038808
          ]
        ]
      },
      "properties": {
        "pipe_id": "P0125_0024",
        "from_node": "N0125",
        "to_node": "N0024",
        "diameter_m": 0.45,
        "length_m": 2140.7,
        "capacity_m3s": 0.09,
        "material": "Cast Iron",
        "age_years": 11
      }
    },
    {
      "type": "Feature",
      "geometry": {
        "type": "LineString",
        "coordinates": [
          [
            72.924815,
            19.203232
          ],
          [
            72.930651,
            19.19976
          ]
        ]
      },
      "properties": {
        "pipe_id": "P0126_0045",
        "from_node": "N0126",
        "to_node": "N0045",
        "diameter_m": 0.6,
        "length_m": 753.8,
        "capacity_m3s": 0.3797,
        "material": "RCC",
        "age_years": 44
      }
    },
    {
      "type": "Feature",
      "geometry": {
        "type": "LineString",
        "coordinates": [
          [
            72.924815,
            19.203232
          ],
          [
            72.921841,
            19.173677
          ]
        ]
      },
      "properties": {
        "pipe_id": "P0126_0147",
        "from_node": "N0126",
        "to_node": "N0147",
        "diameter_m": 0.45,
        "length_m": 3297.2,
        "capacity_m3s": 0.3024,
        "material": "PVC",
        "age_years": 32
      }
    },
    {
      "type": "Feature",
      "geometry": {
        "type": "LineString",
        "coordinates": [
          [
            72.834965,
            19.118737
          ],
          [
            72.836878,
            19.091722
          ]
        ]
      },
      "properties": {
        "pipe_id": "P0127_0118",
        "from_node": "N0127",
        "to_node": "N0118",
        "diameter_m": 0.45,
        "length_m": 3006.2,
        "capacity_m3s": 0.1305,
        "material": "PVC",
        "age_years": 25
      }
    },
    {
      "type": "Feature",
      "geometry": {
        "type": "LineString",
        "coordinates": [
          [
            72.805952,
            18.939316
          ],
          [
            72.797154,
            18.936819
          ]
        ]
      },
      "properties": {
        "pipe_id": "P0128_0137",
        "from_node": "N0128",
        "to_node": "N0137",
        "diameter_m": 0.3,
        "length_m": 1015.1,
        "capacity_m3s": 0.078,
        "material": "PVC",
        "age_years": 5
      }
    },
    {
      "type": "Feature",
      "geometry": {
        "type": "LineString",
        "coordinates": [
          [
            72.81817,
            18.991461
          ],
          [
            72.792711,
            18.98921
          ]
        ]
      },
      "properties": {
        "pipe_id": "P0129_0193",
        "from_node": "N0129",
        "to_node": "N0193",
        "diameter_m": 0.45,
        "length_m": 2837.0,
        "capacity_m3s": 0.189,
        "material": "RCC",
        "age_years": 47
      }
    },
    {
      "type": "Feature",
      "geometry": {
        "type": "LineString",
        "coordinates": [
          [
            72.81817,
            18.991461
          ],
          [
            72.791349,
            18.983571
          ]
        ]
      },
      "properties": {
        "pipe_id": "P0129_0155",
        "from_node": "N0129",
        "to_node": "N0155",
        "diameter_m": 0.6,
        "length_m": 3103.3,
        "capacity_m3s": 0.417,
        "material": "PVC",
        "age_years": 7
      }
    },
    {
      "type": "Feature",
      "geometry": {
        "type": "LineString",
        "coordinates": [
          [
            72.806479,
            19.012818
          ],
          [
            72.811517,
            19.005983
          ]
        ]
      },
      "properties": {
        "pipe_id": "P0130_0189",
        "from_node": "N0130",
        "to_node": "N0189",
        "diameter_m": 0.45,
        "length_m": 942.5,
        "capacity_m3s": 0.1776,
        "material": "Cast Iron",
        "age_years": 36
      }
    },
    {
      "type": "Feature",
      "geometry": {
        "type": "LineString",
        "coordinates": [
          [
            72.847679,
            19.192726
          ],
          [
            72.833028,
            19.185727
          ]
        ]
      },
      "properties": {
        "pipe_id": "P0131_0043",
        "from_node": "N0131",
        "to_node": "N0043",
        "diameter_m": 1.2,
        "length_m": 1802.3,
        "capacity_m3s": 1.9078,
        "material": "Cast Iron",
        "age_years": 15
      }
    },
    {
      "type": "Feature",
      "geometry": {
        "type": "LineString",
        "coordinates": [
          [
            72.829299,
            18.959638
          ],
          [
            72.839211,
            18.946366
          ]
        ]
      },
      "properties": {
        "pipe_id": "P0132_0113",
        "from_node": "N0132",
        "to_node": "N0113",
        "diameter_m": 0.3,
        "length_m": 1838.7,
        "capacity_m3s": 0.0989,
        "material": "Cast Iron",
        "age_years": 49
      }
    },
    {
      "type": "Feature",
      "geometry": {
        "type": "LineString",
        "coordinates": [
          [
            72.829299,
            18.959638
          ],
          [
            72.858204,
            18.954887
          ]
        ]
      },
      "properties": {
        "pipe_id": "P0132_0064",
        "from_node": "N0132",
        "to_node": "N0064",
        "diameter_m": 0.9,
        "length_m": 3251.5,
        "capacity_m3s": 0.965,
        "material": "Cast Iron",
        "age_years": 13
      }
    },
    {
      "type": "Feature",
      "geometry": {
        "type": "LineString",
        "coordinates": [
          [
            72.898115,
            19.178038
          ],
          [
            72.908932,
            19.168812
          ]
        ]
      },
      "properties": {
        "pipe_id": "P0133_0106",
        "from_node": "N0133",
        "to_node": "N0106",
        "diameter_m": 0.45,
        "length_m": 1578.1,
        "capacity_m3s": 0.2311,
        "material": "Cast Iron",
        "age_years": 25
      }
    },
    {
      "type": "Feature",
      "geometry": {
        "type": "LineString",
        "coordinates": [
          [
            72.898115,
            19.178038
          ],
          [
            72.895977,
            19.161693
          ]
        ]
      },
      "properties": {
        "pipe_id": "P0133_0046",
        "from_node": "N0133",
        "to_node": "N0046",
        "diameter_m": 0.9,
        "length_m": 1829.8,
        "capacity_m3s": 0.3825,
        "material": "RCC",
        "age_years": 43
      }
    },
    {
      "type": "Feature",
      "geometry": {
        "type": "LineString",
        "coordinates": [
          [
            72.793953,
            19.111716
          ],
          [
            72.814258,
            19.093741
          ]
        ]
      },
      "properties": {
        "pipe_id": "P0134_0184",
        "from_node": "N0134",
        "to_node": "N0184",
        "diameter_m": 0.9,
        "length_m": 3010.1,
        "capacity_m3s": 0.8057,
        "material": "Cast Iron",
        "age_years": 19
      }
    },
    {
      "type": "Feature",
      "geometry": {
        "type": "LineString",
        "coordinates": [
          [
            72.943826,
            19.255059
          ],
          [
            72.940708,
            19.254847
          ]
        ]
      },
      "properties": {
        "pipe_id": "P0135_0017",
        "from_node": "N0135",
        "to_node": "N0017",
        "diameter_m": 0.45,
        "length_m": 346.9,
        "capacity_m3s": 0.0846,
        "material": "RCC",
        "age_years": 24
      }
    },
    {
      "type": "Feature",
      "geometry": {
        "type": "LineString",
        "coordinates": [
          [
            72.987898,
            19.182863
          ],
          [
            72.986509,
            19.172624
          ]
        ]
      },
      "properties": {
        "pipe_id": "P0136_0159",
        "from_node": "N0136",
        "to_node": "N0159",
        "diameter_m": 0.9,
        "length_m": 1146.9,
        "capacity_m3s": 1.0407,
        "material": "Cast Iron",
        "age_years": 10
      }
    },
    {
      "type": "Feature",
      "geometry": {
        "type": "LineString",
        "coordinates": [
          [
            72.797154,
            18.936819
          ],
          [
            72.788645,
            18.93151
          ]
        ]
      },
      "properties": {
        "pipe_id": "P0137_0084",
        "from_node": "N0137",
        "to_node": "N0084",
        "diameter_m": 0.45,
        "length_m": 1113.3,
        "capacity_m3s": 0.1689,
        "material": "PVC",
        "age_years": 17
      }
    },
    {
      "type": "Feature",
      "geometry": {
        "type": "LineString",
        "coordinates": [
          [
            72.871549,
            18.986849
          ],
          [
            72.883659,
            18.985185
          ]
        ]
      },
      "properties": {
        "pipe_id": "P0138_0059",
        "from_node": "N0138",
        "to_node": "N0059",
        "diameter_m": 0.9,
        "length_m": 1356.8,
        "capacity_m3s": 0.5131,
        "material": "RCC",
        "age_years": 20
      }
    },
    {
      "type": "Feature",
      "geometry": {
        "type": "LineString",
        "coordinates": [
          [
            72.853659,
            18.931718
          ],
          [
            72.856863,
            18.925989
          ]
        ]
      },
      "properties": {
        "pipe_id": "P0139_0163",
        "from_node": "N0139",
        "to_node": "N0163",
        "diameter_m": 0.6,
        "length_m": 728.6,
        "capacity_m3s": 0.1983,
        "material": "PVC",
        "age_years": 46
      }
    },
    {
      "type": "Feature",
      "geometry": {
        "type": "LineString",
        "coordinates": [
          [
            72.853659,
            18.931718
          ],
          [
            72.855918,
            18.918796
          ]
        ]
      },
      "properties": {
        "pipe_id": "P0139_0083",
        "from_node": "N0139",
        "to_node": "N0083",
        "diameter_m": 0.3,
        "length_m": 1456.1,
        "capacity_m3s": 0.0906,
        "material": "PVC",
        "age_years": 46
      }
    },
    {
      "type": "Feature",
      "geometry": {
        "type": "LineString",
        "coordinates": [
          [
            72.865622,
            19.045643
          ],
          [
            72.865608,
            19.042715
          ]
        ]
      },
      "properties": {
        "pipe_id": "P0140_0117",
        "from_node": "N0140",
        "to_node": "N0117",
        "diameter_m": 0.3,
        "length_m": 325.0,
        "capacity_m3s": 0.0596,
        "material": "Cast Iron",
        "age_years": 26
      }
    },
    {
      "type": "Feature",
      "geometry": {
        "type": "LineString",
        "coordinates": [
          [
            72.865622,
            19.045643
          ],
          [
            72.864772,
            19.040277
          ]
        ]
      },
      "properties": {
        "pipe_id": "P0140_0165",
        "from_node": "N0140",
        "to_node": "N0165",
        "diameter_m": 0.6,
        "length_m": 603.1,
        "capacity_m3s": 0.2441,
        "material": "Cast Iron",
        "age_years": 8
      }
    },
    {
      "type": "Feature",
      "geometry": {
        "type": "LineString",
        "coordinates": [
          [
            72.886155,
            19.006528
          ],
          [
            72.86747,
            18.996596
          ]
        ]
      },
      "properties": {
        "pipe_id": "P0141_0035",
        "from_node": "N0141",
        "to_node": "N0035",
        "diameter_m": 0.45,
        "length_m": 2348.8,
        "capacity_m3s": 0.2246,
        "material": "PVC",
        "age_years": 38
      }
    },
    {
      "type": "Feature",
      "geometry": {
        "type": "LineString",
        "coordinates": [
          [
            72.801739,
            19.184886
          ],
          [
            72.804791,
            19.17547
          ]
        ]
      },
      "properties": {
        "pipe_id": "P0143_0074",
        "from_node": "N0143",
        "to_node": "N0074",
        "diameter_m": 0.9,
        "length_m": 1098.7,
        "capacity_m3s": 0.9191,
        "material": "RCC",
        "age_years": 60
      }
    },
    {
      "type": "Feature",
      "geometry": {
        "type": "LineString",
        "coordinates": [
          [
            72.888716,
            19.250736
          ],
          [
            72.888085,
            19.236921
          ]
        ]
      },
      "properties": {
        "pipe_id": "P0144_0100",
        "from_node": "N0144",
        "to_node": "N0100",
        "diameter_m": 0.3,
        "length_m": 1535.1,
        "capacity_m3s": 0.1365,
        "material": "RCC",
        "age_years": 45
      }
    },
    {
      "type": "Feature",
      "geometry": {
        "type": "LineString",
        "coordinates": [
          [
            72.888716,
            19.250736
          ],
          [
            72.879851,
            19.232883
          ]
        ]
      },
      "properties": {
        "pipe_id": "P0144_0098",
        "from_node": "N0144",
        "to_node": "N0098",
        "diameter_m": 0.45,
        "length_m": 2212.5,
        "capacity_m3s": 0.3034,
        "material": "RCC",
        "age_years": 10
      }
    },
    {
      "type": "Feature",
      "geometry": {
        "type": "LineString",
        "coordinates": [
          [
            72.772288,
            18.928234
          ],
          [
            72.773654,
            18.914765
          ]
        ]
      },
      "properties": {
        "pipe_id": "P0145_0111",
        "from_node": "N0145",
        "to_node": "N0111",
        "diameter_m": 1.2,
        "length_m": 1502.7,
        "capacity_m3s": 1.4966,
        "material": "RCC",
        "age_years": 20
      }
    },
    {
      "type": "Feature",
      "geometry": {
        "type": "LineString",
        "coordinates": [
          [
            72.86238,
            19.005321
          ],
          [
            72.86747,
            18.996596
          ]
        ]
      },
      "properties": {
        "pipe_id": "P0146_0035",
        "from_node": "N0146",
        "to_node": "N0035",
        "diameter_m": 0.9,
        "length_m": 1121.2,
        "capacity_m3s": 1.0099,
        "material": "PVC",
        "age_years": 15
      }
    },
    {
      "type": "Feature",
      "geometry": {
        "type": "LineString",
        "coordinates": [
          [
            72.921841,
            19.173677
          ],
          [
            72.918561,
            19.164365
          ]
        ]
      },
      "properties": {
        "pipe_id": "P0147_0182",
        "from_node": "N0147",
        "to_node": "N0182",
        "diameter_m": 0.45,
        "length_m": 1095.9,
        "capacity_m3s": 0.1807,
        "material": "Cast Iron",
        "age_years": 20
      }
    },
    {
      "type": "Feature",
      "geometry": {
        "type": "LineString",
        "coordinates": [
          [
            72.995411,
            19.261093
          ],
          [
            72.973399,
            19.247903
          ]
        ]
      },
      "properties": {
        "pipe_id": "P0148_0053",
        "from_node": "N0148",
        "to_node": "N0053",
        "diameter_m": 0.6,
        "length_m": 2848.4,
        "capacity_m3s": 0.3858,
        "material": "Cast Iron",
        "age_years": 17
      }
    },
    {
      "type": "Feature",
      "geometry": {
        "type": "LineString",
        "coordinates": [
          [
            72.97373,
            19.037722
          ],
          [
            72.979251,
            19.025388
          ]
        ]
      },
      "properties": {
        "pipe_id": "P0149_0040",
        "from_node": "N0149",
        "to_node": "N0040",
        "diameter_m": 0.9,
        "length_m": 1500.0,
        "capacity_m3s": 0.3944,
        "material": "PVC",
        "age_years": 30
      }
    },
    {
      "type": "Feature",
      "geometry": {
        "type": "LineString",
        "coordinates": [
          [
            72.97373,
            19.037722
          ],
          [
            72.960381,
            19.020205
          ]
        ]
      },
      "properties": {
        "pipe_id": "P0149_0194",
        "from_node": "N0149",
        "to_node": "N0194",
        "diameter_m": 0.9,
        "length_m": 2444.6,
        "capacity_m3s": 0.4782,
        "material": "PVC",
        "age_years": 32
      }
    },
    {
      "type": "Feature",
      "geometry": {
        "type": "LineString",
        "coordinates": [
          [
            72.979123,
            19.167079
          ],
          [
            72.981991,
            19.164356
          ]
        ]
      },
      "properties": {
        "pipe_id": "P0150_0092",
        "from_node": "N0150",
        "to_node": "N0092",
        "diameter_m": 0.45,
        "length_m": 439.0,
        "capacity_m3s": 0.2751,
        "material": "PVC",
        "age_years": 6
      }
    },
    {
      "type": "Feature",
      "geometry": {
        "type": "LineString",
        "coordinates": [
          [
            72.979123,
            19.167079
          ],
          [
            72.985115,
            19.159846
          ]
        ]
      },
      "properties": {
        "pipe_id": "P0150_0119",
        "from_node": "N0150",
        "to_node": "N0119",
        "diameter_m": 0.9,
        "length_m": 1042.6,
        "capacity_m3s": 0.7259,
        "material": "RCC",
        "age_years": 53
      }
    },
    {
      "type": "Feature",
      "geometry": {
        "type": "LineString",
        "coordinates": [
          [
            72.803778,
            19.11416
          ],
          [
            72.793953,
            19.111716
          ]
        ]
      },
      "properties": {
        "pipe_id": "P0151_0134",
        "from_node": "N0151",
        "to_node": "N0134",
        "diameter_m": 1.2,
        "length_m": 1123.8,
        "capacity_m3s": 1.4768,
        "material": "Cast Iron",
        "age_years": 51
      }
    },
    {
      "type": "Feature",
      "geometry": {
        "type": "LineString",
        "coordinates": [
          [
            72.803778,
            19.11416
          ],
          [
            72.814258,
            19.093741
          ]
        ]
      },
      "properties": {
        "pipe_id": "P0151_0184",
        "from_node": "N0151",
        "to_node": "N0184",
        "diameter_m": 0.45,
        "length_m": 2547.6,
        "capacity_m3s": 0.1409,
        "material": "PVC",
        "age_years": 24
      }
    },
    {
      "type": "Feature",
      "geometry": {
        "type": "LineString",
        "coordinates": [
          [
            72.912183,
            19.119744
          ],
          [
            72.922522,
            19.095299
          ]
        ]
      },
      "properties": {
        "pipe_id": "P0152_0080",
        "from_node": "N0152",
        "to_node": "N0080",
        "diameter_m": 0.6,
        "length_m": 2946.1,
        "capacity_m3s": 0.3005,
        "material": "Cast Iron",
        "age_years": 35
      }
    },
    {
      "type": "Feature",
      "geometry": {
        "type": "LineString",
        "coordinates": [
          [
            72.912183,
            19.119744
          ],
          [
            72.883385,
            19.104412
          ]
        ]
      },
      "properties": {
        "pipe_id": "P0152_0195",
        "from_node": "N0152",
        "to_node": "N0195",
        "diameter_m": 0.3,
        "length_m": 3621.4,
        "capacity_m3s": 0.0707,
        "material": "Cast Iron",
        "age_years": 35
      }
    },
    {
      "type": "Feature",
      "geometry": {
        "type": "LineString",
        "coordinates": [
          [
            72.815378,
            19.031802
          ],
          [
            72.821954,
            19.030811
          ]
        ]
      },
      "properties": {
        "pipe_id": "P0153_0011",
        "from_node": "N0153",
        "to_node": "N0011",
        "diameter_m": 0.45,
        "length_m": 738.2,
        "capacity_m3s": 0.2981,
        "material": "RCC",
        "age_years": 5
      }
    },
    {
      "type": "Feature",
      "geometry": {
        "type": "LineString",
        "coordinates": [
          [
            72.935343,
            19.025997
          ],
          [
            72.934604,
            19.015199
          ]
        ]
      },
      "properties": {
        "pipe_id": "P0154_0036",
        "from_node": "N0154",
        "to_node": "N0036",
        "diameter_m": 0.9,
        "length_m": 1201.4,
        "capacity_m3s": 0.7041,
        "material": "PVC",
        "age_years": 30
      }
    },
    {
      "type": "Feature",
      "geometry": {
        "type": "LineString",
        "coordinates": [
          [
            72.935343,
            19.025997
          ],
          [
            72.922949,
            19.014257
          ]
        ]
      },
      "properties": {
        "pipe_id": "P0154_0142",
        "from_node": "N0154",
        "to_node": "N0142",
        "diameter_m": 0.6,
        "length_m": 1894.9,
        "capacity_m3s": 0.3042,
        "material": "PVC",
        "age_years": 46
      }
    },
    {
      "type": "Feature",
      "geometry": {
        "type": "LineString",
        "coordinates": [
          [
            72.791349,
            18.983571
          ],
          [
            72.790484,
            18.974063
          ]
        ]
      },
      "properties": {
        "pipe_id": "P0155_0056",
        "from_node": "N0155",
        "to_node": "N0056",
        "diameter_m": 0.9,
        "length_m": 1059.7,
        "capacity_m3s": 1.1626,
        "material": "RCC",
        "age_years": 29
      }
    },
    {
      "type": "Feature",
      "geometry": {
        "type": "LineString",
        "coordinates": [
          [
            72.776415,
            18.934011
          ],
          [
            72.772288,
            18.928234
          ]
        ]
      },
      "properties": {
        "pipe_id": "P0156_0145",
        "from_node": "N0156",
        "to_node": "N0145",
        "diameter_m": 0.45,
        "length_m": 788.1,
        "capacity_m3s": 0.2615,
        "material": "PVC",
        "age_years": 54
      }
    },
    {
      "type": "Feature",
      "geometry": {
        "type": "LineString",
        "coordinates": [
          [
            72.839907,
            19.202892
          ],
          [
            72.847679,
            19.192726
          ]
        ]
      },
      "properties": {
        "pipe_id": "P0157_0131",
        "from_node": "N0157",
        "to_node": "N0131",
        "diameter_m": 1.2,
        "length_m": 1420.4,
        "capacity_m3s": 1.7685,
        "material": "Cast Iron",
        "age_years": 49
      }
    },
    {
      "type": "Feature",
      "geometry": {
        "type": "LineString",
        "coordinates": [
          [
            72.839907,
            19.202892
          ],
          [
            72.833028,
            19.185727
          ]
        ]
      },
      "properties": {
        "pipe_id": "P0157_0043",
        "from_node": "N0157",
        "to_node": "N0043",
        "diameter_m": 0.6,
        "length_m": 2052.6,
        "capacity_m3s": 0.4367,
        "material": "Cast Iron",
        "age_years": 29
      }
    },
    {
      "type": "Feature",
      "geometry": {
        "type": "LineString",
        "coordinates": [
          [
            72.855785,
            18.893978
          ],
          [
            72.852,
            18.886317
          ]
        ]
      },
      "properties": {
        "pipe_id": "P0158_0077",
        "from_node": "N0158",
        "to_node": "N0077",
        "diameter_m": 0.45,
        "length_m": 948.5,
        "capacity_m3s": 0.1373,
        "material": "RCC",
        "age_years": 57
      }
    },
    {
      "type": "Feature",
      "geometry": {
        "type": "LineString",
        "coordinates": [
          [
            72.855785,
            18.893978
          ],
          [
            72.860835,
            18.877166
          ]
        ]
      },
      "properties": {
        "pipe_id": "P0158_0107",
        "from_node": "N0158",
        "to_node": "N0107",
        "diameter_m": 0.6,
        "length_m": 1948.5,
        "capacity_m3s": 0.409,
        "material": "Cast Iron",
        "age_years": 6
      }
    },
    {
      "type": "Feature",
      "geometry": {
        "type": "LineString",
        "coordinates": [
          [
            72.986509,
            19.172624
          ],
          [
            72.979123,
            19.167079
          ]
        ]
      },
      "properties": {
        "pipe_id": "P0159_0150",
        "from_node": "N0159",
        "to_node": "N0150",
        "diameter_m": 0.6,
        "length_m": 1025.2,
        "capacity_m3s": 0.3981,
        "material": "Cast Iron",
        "age_years": 14
      }
    },
    {
      "type": "Feature",
      "geometry": {
        "type": "LineString",
        "coordinates": [
          [
            72.996079,
            19.051259
          ],
          [
            72.978301,
            19.038808
          ]
        ]
      },
      "properties": {
        "pipe_id": "P0160_0024",
        "from_node": "N0160",
        "to_node": "N0024",
        "diameter_m": 0.45,
        "length_m": 2409.2,
        "capacity_m3s": 0.2232,
        "material": "Cast Iron",
        "age_years": 58
      }
    },
    {
      "type": "Feature",
      "geometry": {
        "type": "LineString",
        "coordinates": [
          [
            72.996079,
            19.051259
          ],
          [
            72.97373,
            19.037722
          ]
        ]
      },
      "properties": {
        "pipe_id": "P0160_0149",
        "from_node": "N0160",
        "to_node": "N0149",
        "diameter_m": 0.45,
        "length_m": 2900.3,
        "capacity_m3s": 0.0825,
        "material": "RCC",
        "age_years": 46
      }
    },
    {
      "type": "Feature",
      "geometry": {
        "type": "LineString",
        "coordinates": [
          [
            72.985634,
            19.155859
          ],
          [
            72.96982,
            19.146722
          ]
        ]
      },
      "properties": {
        "pipe_id": "P0161_0108",
        "from_node": "N0161",
        "to_node": "N0108",
        "diameter_m": 0.9,
        "length_m": 2027.3,
        "capacity_m3s": 0.9919,
        "material": "RCC",
        "age_years": 38
      }
    },
    {
      "type": "Feature",
      "geometry": {
        "type": "LineString",
        "coordinates": [
          [
            72.985634,
            19.155859
          ],
          [
            72.974095,
            19.140763
          ]
        ]
      },
      "properties": {
        "pipe_id": "P0161_0082",
        "from_node": "N0161",
        "to_node": "N0082",
        "diameter_m": 0.45,
        "length_m": 2109.1,
        "capacity_m3s": 0.2885,
        "material": "RCC",
        "age_years": 58
      }
    },
    {
      "type": "Feature",
      "geometry": {
        "type": "LineString",
        "coordinates": [
          [
            72.835443,
            19.010135
          ],
          [
            72.838535,
            18.995562
          ]
        ]
      },
      "properties": {
        "pipe_id": "P0162_0027",
        "from_node": "N0162",
        "to_node": "N0027",
        "diameter_m": 0.6,
        "length_m": 1653.6,
        "capacity_m3s": 0.4348,
        "material": "Cast Iron",
        "age_years": 39
      }
    },
    {
      "type": "Feature",
      "geometry": {
        "type": "LineString",
        "coordinates": [
          [
            72.835443,
            19.010135
          ],
          [
            72.852194,
            19.008057
          ]
        ]
      },
      "properties": {
        "pipe_id": "P0162_0002",
        "from_node": "N0162",
        "to_node": "N0002",
        "diameter_m": 0.9,
        "length_m": 1873.6,
        "capacity_m3s": 0.8774,
        "material": "Cast Iron",
        "age_years": 31
      }
    },
    {
      "type": "Feature",
      "geometry": {
        "type": "LineString",
        "coordinates": [
          [
            72.856863,
            18.925989
          ],
          [
            72.855918,
            18.918796
          ]
        ]
      },
      "properties": {
        "pipe_id": "P0163_0083",
        "from_node": "N0163",
        "to_node": "N0083",
        "diameter_m": 0.3,
        "length_m": 805.3,
        "capacity_m3s": 0.1028,
        "material": "PVC",
        "age_years": 57
      }
    },
    {
      "type": "Feature",
      "geometry": {
        "type": "LineString",
        "coordinates": [
          [
            72.959254,
            19.102948
          ],
          [
            72.955915,
            19.099015
          ]
        ]
      },
      "properties": {
        "pipe_id": "P0164_0007",
        "from_node": "N0164",
        "to_node": "N0007",
        "diameter_m": 0.6,
        "length_m": 572.7,
        "capacity_m3s": 0.4589,
        "material": "Cast Iron",
        "age_years": 30
      }
    },
    {
      "type": "Feature",
      "geometry": {
        "type": "LineString",
        "coordinates": [
          [
            72.864772,
            19.040277
          ],
          [
            72.871218,
            19.039369
          ]
        ]
      },
      "properties": {
        "pipe_id": "P0165_0168",
        "from_node": "N0165",
        "to_node": "N0168",
        "diameter_m": 0.3,
        "length_m": 722.6,
        "capacity_m3s": 0.14,
        "material": "PVC",
        "age_years": 5
      }
    },
    {
      "type": "Feature",
      "geometry": {
        "type": "LineString",
        "coordinates": [
          [
            72.864772,
            19.040277
          ],
          [
            72.861737,
            19.022556
          ]
        ]
      },
      "properties": {
        "pipe_id": "P0165_0089",
        "from_node": "N0165",
        "to_node": "N0089",
        "diameter_m": 0.3,
        "length_m": 1995.7,
        "capacity_m3s": 0.0427,
        "material": "Cast Iron",
        "age_years": 31
      }
    },
    {
      "type": "Feature",
      "geometry": {
        "type": "LineString",
        "coordinates": [
          [
            72.872618,
            19.060501
          ],
          [
            72.864981,
            19.058437
          ]
        ]
      },
      "properties": {
        "pipe_id": "P0166_0044",
        "from_node": "N0166",
        "to_node": "N0044",
        "diameter_m": 0.6,
        "length_m": 878.1,
        "capacity_m3s": 0.4523,
        "material": "RCC",
        "age_years": 16
      }
    },
    {
      "type": "Feature",
      "geometry": {
        "type": "LineString",
        "coordinates": [
          [
            72.872618,
            19.060501
          ],
          [
            72.865622,
            19.045643
          ]
        ]
      },
      "properties": {
        "pipe_id": "P0166_0140",
        "from_node": "N0166",
        "to_node": "N0140",
        "diameter_m": 0.6,
        "length_m": 1822.9,
        "capacity_m3s": 0.2204,
        "material": "RCC",
        "age_years": 17
      }
    },
    {
      "type": "Feature",
      "geometry": {
        "type": "LineString",
        "coordinates": [
          [
            72.94913,
            19.093587
          ],
          [
            72.956635,
            19.068693
          ]
        ]
      },
      "properties": {
        "pipe_id": "P0167_0008",
        "from_node": "N0167",
        "to_node": "N0008",
        "diameter_m": 0.45,
        "length_m": 2886.1,
        "capacity_m3s": 0.1994,
        "material": "RCC",
        "age_years": 33
      }
    },
    {
      "type": "Feature",
      "geometry": {
        "type": "LineString",
        "coordinates": [
          [
            72.94913,
            19.093587
          ],
          [
            72.951977,
            19.06437
          ]
        ]
      },
      "properties": {
        "pipe_id": "P0167_0174",
        "from_node": "N0167",
        "to_node": "N0174",
        "diameter_m": 1.2,
        "length_m": 3258.4,
        "capacity_m3s": 1.947,
        "material": "RCC",
        "age_years": 17
      }
    },
    {
      "type": "Feature",
      "geometry": {
        "type": "LineString",
        "coordinates": [
          [
            72.871218,
            19.039369
          ],
          [
            72.861737,
            19.022556
          ]
        ]
      },
      "properties": {
        "pipe_id": "P0168_0089",
        "from_node": "N0168",
        "to_node": "N0089",
        "diameter_m": 0.45,
        "length_m": 2142.5,
        "capacity_m3s": 0.2726,
        "material": "RCC",
        "age_years": 21
      }
    },
    {
      "type": "Feature",
      "geometry": {
        "type": "LineString",
        "coordinates": [
          [
            72.8032,
            19.199525
          ],
          [
            72.801739,
            19.184886
          ]
        ]
      },
      "properties": {
        "pipe_id": "P0169_0143",
        "from_node": "N0169",
        "to_node": "N0143",
        "diameter_m": 0.9,
        "length_m": 1633.0,
        "capacity_m3s": 0.9163,
        "material": "Cast Iron",
        "age_years": 11
      }
    },
    {
      "type": "Feature",
      "geometry": {
        "type": "LineString",
        "coordinates": [
          [
            72.8032,
            19.199525
          ],
          [
            72.815693,
            19.189811
          ]
        ]
      },
      "properties": {
        "pipe_id": "P0169_0052",
        "from_node": "N0169",
        "to_node": "N0052",
        "diameter_m": 0.45,
        "length_m": 1756.6,
        "capacity_m3s": 0.0986,
        "material": "RCC",
        "age_years": 29
      }
    },
    {
      "type": "Feature",
      "geometry": {
        "type": "LineString",
        "coordinates": [
          [
            72.888033,
            19.257213
          ],
          [
            72.890003,
            19.252917
          ]
        ]
      },
      "properties": {
        "pipe_id": "P0170_0185",
        "from_node": "N0170",
        "to_node": "N0185",
        "diameter_m": 0.6,
        "length_m": 524.6,
        "capacity_m3s": 0.1686,
        "material": "RCC",
        "age_years": 42
      }
    },
    {
      "type": "Feature",
      "geometry": {
        "type": "LineString",
        "coordinates": [
          [
            72.941694,
            19.059342
          ],
          [
            72.967753,
            19.058596
          ]
        ]
      },
      "properties": {
        "pipe_id": "P0171_0115",
        "from_node": "N0171",
        "to_node": "N0115",
        "diameter_m": 0.9,
        "length_m": 2893.7,
        "capacity_m3s": 0.7811,
        "material": "RCC",
        "age_years": 5
      }
    },
    {
      "type": "Feature",
      "geometry": {
        "type": "LineString",
        "coordinates": [
          [
            72.863983,
            19.11064
          ],
          [
            72.87465,
            19.104883
          ]
        ]
      },
      "properties": {
        "pipe_id": "P0172_0104",
        "from_node": "N0172",
        "to_node": "N0104",
        "diameter_m": 0.6,
        "length_m": 1345.5,
        "capacity_m3s": 0.4602,
        "material": "RCC",
        "age_years": 47
      }
    },
    {
      "type": "Feature",
      "geometry": {
        "type": "LineString",
        "coordinates": [
          [
            72.797081,
            19.079111
          ],
          [
            72.798135,
            19.065517
          ]
        ]
      },
      "properties": {
        "pipe_id": "P0173_0176",
        "from_node": "N0173",
        "to_node": "N0176",
        "diameter_m": 0.3,
        "length_m": 1513.5,
        "capacity_m3s": 0.0577,
        "material": "RCC",
        "age_years": 29
      }
    },
    {
      "type": "Feature",
      "geometry": {
        "type": "LineString",
        "coordinates": [
          [
            72.951977,
            19.06437
          ],
          [
            72.941694,
            19.059342
          ]
        ]
      },
      "properties": {
        "pipe_id": "P0174_0171",
        "from_node": "N0174",
        "to_node": "N0171",
        "diameter_m": 0.9,
        "length_m": 1270.6,
        "capacity_m3s": 0.7697,
        "material": "PVC",
        "age_years": 43
      }
    },
    {
      "type": "Feature",
      "geometry": {
        "type": "LineString",
        "coordinates": [
          [
            72.951977,
            19.06437
          ],
          [
            72.967753,
            19.058596
          ]
        ]
      },
      "properties": {
        "pipe_id": "P0174_0115",
        "from_node": "N0174",
        "to_node": "N0115",
        "diameter_m": 0.9,
        "length_m": 1864.7,
        "capacity_m3s": 0.6392,
        "material": "Cast Iron",
        "age_years": 26
      }
    },
    {
      "type": "Feature",
      "geometry": {
        "type": "LineString",
        "coordinates": [
          [
            72.840188,
            19.244728
          ],
          [
            72.848005,
            19.233628
          ]
        ]
      },
      "properties": {
        "pipe_id": "P0175_0124",
        "from_node": "N0175",
        "to_node": "N0124",
        "diameter_m": 0.45,
        "length_m": 1507.0,
        "capacity_m3s": 0.304,
        "material": "Cast Iron",
        "age_years": 30
      }
    },
    {
      "type": "Feature",
      "geometry": {
        "type": "LineString",
        "coordinates": [
          [
            72.840188,
            19.244728
          ],
          [
            72.84797,
            19.230098
          ]
        ]
      },
      "properties": {
        "pipe_id": "P0175_0181",
        "from_node": "N0175",
        "to_node": "N0181",
        "diameter_m": 0.9,
        "length_m": 1839.4,
        "capacity_m3s": 0.901,
        "material": "PVC",
        "age_years": 60
      }
    },
    {
      "type": "Feature",
      "geometry": {
        "type": "LineString",
        "coordinates": [
          [
            72.798135,
            19.065517
          ],
          [
            72.803385,
            19.062447
          ]
        ]
      },
      "properties": {
        "pipe_id": "P0176_0112",
        "from_node": "N0176",
        "to_node": "N0112",
        "diameter_m": 0.3,
        "length_m": 675.1,
        "capacity_m3s": 0.0357,
        "material": "Cast Iron",
        "age_years": 30
      }
    },
    {
      "type": "Feature",
      "geometry": {
        "type": "LineString",
        "coordinates": [
          [
            72.798135,
            19.065517
          ],
          [
            72.775114,
            19.05788
          ]
        ]
      },
      "properties": {
        "pipe_id": "P0176_0006",
        "from_node": "N0176",
        "to_node": "N0006",
        "diameter_m": 0.45,
        "length_m": 2692.3,
        "capacity_m3s": 0.0856,
        "material": "RCC",
        "age_years": 60
      }
    },
    {
      "type": "Feature",
      "geometry": {
        "type": "LineString",
        "coordinates": [
          [
            72.841231,
            19.062471
          ],
          [
            72.827113,
            19.050391
          ]
        ]
      },
      "properties": {
        "pipe_id": "P0177_0062",
        "from_node": "N0177",
        "to_node": "N0062",
        "diameter_m": 0.45,
        "length_m": 2062.5,
        "capacity_m3s": 0.1674,
        "material": "Cast Iron",
        "age_years": 48
      }
    },
    {
      "type": "Feature",
      "geometry": {
        "type": "LineString",
        "coordinates": [
          [
            72.841231,
            19.062471
          ],
          [
            72.849883,
            19.040842
          ]
        ]
      },
      "properties": {
        "pipe_id": "P0177_0013",
        "from_node": "N0177",
        "to_node": "N0013",
        "diameter_m": 0.9,
        "length_m": 2585.8,
        "capacity_m3s": 0.8094,
        "material": "Cast Iron",
        "age_years": 17
      }
    },
    {
      "type": "Feature",
      "geometry": {
        "type": "LineString",
        "coordinates": [
          [
            72.935608,
            19.060091
          ],
          [
            72.941694,
            19.059342
          ]
        ]
      },
      "properties": {
        "pipe_id": "P0178_0171",
        "from_node": "N0178",
        "to_node": "N0171",
        "diameter_m": 0.6,
        "length_m": 680.6,
        "capacity_m3s": 0.1484,
        "material": "PVC",
        "age_years": 60
      }
    },
    {
      "type": "Feature",
      "geometry": {
        "type": "LineString",
        "coordinates": [
          [
            72.945186,
            19.124584
          ],
          [
            72.947467,
            19.122044
          ]
        ]
      },
      "properties": {
        "pipe_id": "P0179_0183",
        "from_node": "N0179",
        "to_node": "N0183",
        "diameter_m": 0.6,
        "length_m": 378.9,
        "capacity_m3s": 0.4289,
        "material": "RCC",
        "age_years": 43
      }
    },
    {
      "type": "Feature",
      "geometry": {
        "type": "LineString",
        "coordinates": [
          [
            72.953957,
            19.000087
          ],
          [
            72.95702,
            18.99112
          ]
        ]
      },
      "properties": {
        "pipe_id": "P0180_0109",
        "from_node": "N0180",
        "to_node": "N0109",
        "diameter_m": 0.9,
        "length_m": 1051.8,
        "capacity_m3s": 1.0235,
        "material": "RCC",
        "age_years": 27
      }
    },
    {
      "type": "Feature",
      "geometry": {
        "type": "LineString",
        "coordinates": [
          [
            72.953957,
            19.000087
          ],
          [
            72.953574,
            18.983182
          ]
        ]
      },
      "properties": {
        "pipe_id": "P0180_0088",
        "from_node": "N0180",
        "to_node": "N0088",
        "diameter_m": 0.9,
        "length_m": 1876.9,
        "capacity_m3s": 1.2142,
        "material": "PVC",
        "age_years": 47
      }
    },
    {
      "type": "Feature",
      "geometry": {
        "type": "LineString",
        "coordinates": [
          [
            72.84797,
            19.230098
          ],
          [
            72.839907,
            19.202892
          ]
        ]
      },
      "properties": {
        "pipe_id": "P0181_0157",
        "from_node": "N0181",
        "to_node": "N0157",
        "diameter_m": 0.9,
        "length_m": 3149.7,
        "capacity_m3s": 0.5985,
        "material": "RCC",
        "age_years": 50
      }
    },
    {
      "type": "Feature",
      "geometry": {
        "type": "LineString",
        "coordinates": [
          [
            72.918561,
            19.164365
          ],
          [
            72.895977,
            19.161693
          ]
        ]
      },
      "properties": {
        "pipe_id": "P0182_0046",
        "from_node": "N0182",
        "to_node": "N0046",
        "diameter_m": 1.2,
        "length_m": 2524.3,
        "capacity_m3s": 2.052,
        "material": "Cast Iron",
        "age_years": 37
      }
    },
    {
      "type": "Feature",
      "geometry": {
        "type": "LineString",
        "coordinates": [
          [
            72.947467,
            19.122044
          ],
          [
            72.945995,
            19.103587
          ]
        ]
      },
      "properties": {
        "pipe_id": "P0183_0001",
        "from_node": "N0183",
        "to_node": "N0001",
        "diameter_m": 0.45,
        "length_m": 2055.2,
        "capacity_m3s": 0.1983,
        "material": "RCC",
        "age_years": 24
      }
    },
    {
      "type": "Feature",
      "geometry": {
        "type": "LineString",
        "coordinates": [
          [
            72.814258,
            19.093741
          ],
          [
            72.797081,
            19.079111
          ]
        ]
      },
      "properties": {
        "pipe_id": "P0184_0173",
        "from_node": "N0184",
        "to_node": "N0173",
        "diameter_m": 0.45,
        "length_m": 2504.5,
        "capacity_m3s": 0.2934,
        "material": "RCC",
        "age_years": 35
      }
    },
    {
      "type": "Feature",
      "geometry": {
        "type": "LineString",
        "coordinates": [
          [
            72.814258,
            19.093741
          ],
          [
            72.836878,
            19.091722
          ]
        ]
      },
      "properties": {
        "pipe_id": "P0184_0118",
        "from_node": "N0184",
        "to_node": "N0118",
        "diameter_m": 1.2,
        "length_m": 2520.8,
        "capacity_m3s": 0.9742,
        "material": "RCC",
        "age_years": 15
      }
    },
    {
      "type": "Feature",
      "geometry": {
        "type": "LineString",
        "coordinates": [
          [
            72.890003,
            19.252917
          ],
          [
            72.888716,
            19.250736
          ]
        ]
      },
      "properties": {
        "pipe_id": "P0185_0144",
        "from_node": "N0185",
        "to_node": "N0144",
        "diameter_m": 0.3,
        "length_m": 281.1,
        "capacity_m3s": 0.0815,
        "material": "Cast Iron",
        "age_years": 6
      }
    },
    {
      "type": "Feature",
      "geometry": {
        "type": "LineString",
        "coordinates": [
          [
            72.985322,
            18.918113
          ],
          [
            72.977556,
            18.916584
          ]
        ]
      },
      "properties": {
        "pipe_id": "P0186_0114",
        "from_node": "N0186",
        "to_node": "N0114",
        "diameter_m": 0.6,
        "length_m": 878.6,
        "capacity_m3s": 0.5242,
        "material": "PVC",
        "age_years": 19
      }
    },
    {
      "type": "Feature",
      "geometry": {
        "type": "LineString",
        "coordinates": [
          [
            72.932292,
            18.968115
          ],
          [
            72.94671,
            18.943068
          ]
        ]
      },
      "properties": {
        "pipe_id": "P0187_0191",
        "from_node": "N0187",
        "to_node": "N0191",
        "diameter_m": 0.9,
        "length_m": 3207.9,
        "capacity_m3s": 1.2261,
        "material": "Cast Iron",
        "age_years": 12
      }
    },
    {
      "type": "Feature",
      "geometry": {
        "type": "LineString",
        "coordinates": [
          [
            72.932292,
            18.968115
          ],
          [
            72.95954,
            18.956227
          ]
        ]
      },
      "properties": {
        "pipe_id": "P0187_0060",
        "from_node": "N0187",
        "to_node": "N0060",
        "diameter_m": 0.45,
        "length_m": 3299.9,
        "capacity_m3s": 0.2997,
        "material": "Cast Iron",
        "age_years": 51
      }
    },
    {
      "type": "Feature",
      "geometry": {
        "type": "LineString",
        "coordinates": [
          [
            72.862414,
            19.112742
          ],
          [
            72.863983,
            19.11064
          ]
        ]
      },
      "properties": {
        "pipe_id": "P0188_0172",
        "from_node": "N0188",
        "to_node": "N0172",
        "diameter_m": 0.3,
        "length_m": 291.2,
        "capacity_m3s": 0.1197,
        "material": "PVC",
        "age_years": 60
      }
    },
    {
      "type": "Feature",
      "geometry": {
        "type": "LineString",
        "coordinates": [
          [
            72.862414,
            19.112742
          ],
          [
            72.87465,
            19.104883
          ]
        ]
      },
      "properties": {
        "pipe_id": "P0188_0104",
        "from_node": "N0188",
        "to_node": "N0104",
        "diameter_m": 0.45,
        "length_m": 1614.2,
        "capacity_m3s": 0.3018,
        "material": "Cast Iron",
        "age_years": 9
      }
    },
    {
      "type": "Feature",
      "geometry": {
        "type": "LineString",
        "coordinates": [
          [
            72.811517,
            19.005983
          ],
          [
            72.81817,
            18.991461
          ]
        ]
      },
      "properties": {
        "pipe_id": "P0189_0129",
        "from_node": "N0189",
        "to_node": "N0129",
        "diameter_m": 0.9,
        "length_m": 1773.1,
        "capacity_m3s": 1.1866,
        "material": "Cast Iron",
        "age_years": 52
      }
    },
    {
      "type": "Feature",
      "geometry": {
        "type": "LineString",
        "coordinates": [
          [
            72.811517,
            19.005983
          ],
          [
            72.792711,
            18.98921
          ]
        ]
      },
      "properties": {
        "pipe_id": "P0189_0193",
        "from_node": "N0189",
        "to_node": "N0193",
        "diameter_m": 0.9,
        "length_m": 2797.1,
        "capacity_m3s": 0.9421,
        "material": "Cast Iron",
        "age_years": 59
      }
    },
    {
      "type": "Feature",
      "geometry": {
        "type": "LineString",
        "coordinates": [
          [
            72.796368,
            18.972871
          ],
          [
            72.798124,
            18.965231
          ]
        ]
      },
      "properties": {
        "pipe_id": "P0190_0031",
        "from_node": "N0190",
        "to_node": "N0031",
        "diameter_m": 0.45,
        "length_m": 870.2,
        "capacity_m3s": 0.1329,
        "material": "RCC",
        "age_years": 23
      }
    },
    {
      "type": "Feature",
      "geometry": {
        "type": "LineString",
        "coordinates": [
          [
            72.94671,
            18.943068
          ],
          [
            72.935546,
            18.914996
          ]
        ]
      },
      "properties": {
        "pipe_id": "P0191_0078",
        "from_node": "N0191",
        "to_node": "N0078",
        "diameter_m": 0.3,
        "length_m": 3353.4,
        "capacity_m3s": 0.0448,
        "material": "Cast Iron",
        "age_years": 42
      }
    },
    {
      "type": "Feature",
      "geometry": {
        "type": "LineString",
        "coordinates": [
          [
            72.911329,
            18.937676
          ],
          [
            72.935546,
            18.914996
          ]
        ]
      },
      "properties": {
        "pipe_id": "P0192_0078",
        "from_node": "N0192",
        "to_node": "N0078",
        "diameter_m": 0.3,
        "length_m": 3682.9,
        "capacity_m3s": 0.0961,
        "material": "RCC",
        "age_years": 59
      }
    },
    {
      "type": "Feature",
      "geometry": {
        "type": "LineString",
        "coordinates": [
          [
            72.792711,
            18.98921
          ],
          [
            72.791349,
            18.983571
          ]
        ]
      },
      "properties": {
        "pipe_id": "P0193_0155",
        "from_node": "N0193",
        "to_node": "N0155",
        "diameter_m": 0.9,
        "length_m": 643.9,
        "capacity_m3s": 0.8686,
        "material": "RCC",
        "age_years": 24
      }
    },
    {
      "type": "Feature",
      "geometry": {
        "type": "LineString",
        "coordinates": [
          [
            72.792711,
            18.98921
          ],
          [
            72.790484,
            18.974063
          ]
        ]
      },
      "properties": {
        "pipe_id": "P0193_0056",
        "from_node": "N0193",
        "to_node": "N0056",
        "diameter_m": 0.3,
        "length_m": 1699.4,
        "capacity_m3s": 0.0979,
        "material": "RCC",
        "age_years": 59
      }
    },
    {
      "type": "Feature",
      "geometry": {
        "type": "LineString",
        "coordinates": [
          [
            72.960381,
            19.020205
          ],
          [
            72.953957,
            19.000087
          ]
        ]
      },
      "properties": {
        "pipe_id": "P0194_0180",
        "from_node": "N0194",
        "to_node": "N0180",
        "diameter_m": 0.9,
        "length_m": 2344.2,
        "capacity_m3s": 0.6231,
        "material": "PVC",
        "age_years": 56
      }
    },
    {
      "type": "Feature",
      "geometry": {
        "type": "LineString",
        "coordinates": [
          [
            72.960381,
            19.020205
          ],
          [
            72.981166,
            19.006534
          ]
        ]
      },
      "properties": {
        "pipe_id": "P0194_0105",
        "from_node": "N0194",
        "to_node": "N0105",
        "diameter_m": 0.45,
        "length_m": 2761.5,
        "capacity_m3s": 0.2035,
        "material": "Cast Iron",
        "age_years": 42
      }
    },
    {
      "type": "Feature",
      "geometry": {
        "type": "LineString",
        "coordinates": [
          [
            72.883385,
            19.104412
          ],
          [
            72.872576,
            19.097298
          ]
        ]
      },
      "properties": {
        "pipe_id": "P0195_0199",
        "from_node": "N0195",
        "to_node": "N0199",
        "diameter_m": 0.3,
        "length_m": 1436.3,
        "capacity_m3s": 0.0773,
        "material": "Cast Iron",
        "age_years": 59
      }
    },
    {
      "type": "Feature",
      "geometry": {
        "type": "LineString",
        "coordinates": [
          [
            72.843217,
            18.977715
          ],
          [
            72.841783,
            18.963849
          ]
        ]
      },
      "properties": {
        "pipe_id": "P0196_0003",
        "from_node": "N0196",
        "to_node": "N0003",
        "diameter_m": 0.6,
        "length_m": 1547.3,
        "capacity_m3s": 0.2027,
        "material": "PVC",
        "age_years": 58
      }
    },
    {
      "type": "Feature",
      "geometry": {
        "type": "LineString",
        "coordinates": [
          [
            72.843217,
            18.977715
          ],
          [
            72.829299,
            18.959638
          ]
        ]
      },
      "properties": {
        "pipe_id": "P0196_0132",
        "from_node": "N0196",
        "to_node": "N0132",
        "diameter_m": 0.45,
        "length_m": 2532.4,
        "capacity_m3s": 0.1988,
        "material": "PVC",
        "age_years": 14
      }
    },
    {
      "type": "Feature",
      "geometry": {
        "type": "LineString",
        "coordinates": [
          [
            72.82376,
            19.032998
          ],
          [
            72.821954,
            19.030811
          ]
        ]
      },
      "properties": {
        "pipe_id": "P0197_0011",
        "from_node": "N0197",
        "to_node": "N0011",
        "diameter_m": 0.45,
        "length_m": 314.8,
        "capacity_m3s": 0.2577,
        "material": "Cast Iron",
        "age_years": 7
      }
    },
    {
      "type": "Feature",
      "geometry": {
        "type": "LineString",
        "coordinates": [
          [
            72.82376,
            19.032998
          ],
          [
            72.815378,
            19.031802
          ]
        ]
      },
      "properties": {
        "pipe_id": "P0197_0153",
        "from_node": "N0197",
        "to_node": "N0153",
        "diameter_m": 1.2,
        "length_m": 939.8,
        "capacity_m3s": 1.1086,
        "material": "Cast Iron",
        "age_years": 49
      }
    },
    {
      "type": "Feature",
      "geometry": {
        "type": "LineString",
        "coordinates": [
          [
            72.826653,
            19.140039
          ],
          [
            72.831943,
            19.121343
          ]
        ]
      },
      "properties": {
        "pipe_id": "P0198_0085",
        "from_node": "N0198",
        "to_node": "N0085",
        "diameter_m": 0.6,
        "length_m": 2156.7,
        "capacity_m3s": 0.5642,
        "material": "Cast Iron",
        "age_years": 41
      }
    },
    {
      "type": "Feature",
      "geometry": {
        "type": "LineString",
        "coordinates": [
          [
            72.872576,
            19.097298
          ],
          [
            72.870228,
            19.076789
          ]
        ]
      },
      "properties": {
        "pipe_id": "P0199_0073",
        "from_node": "N0199",
        "to_node": "N0073",
        "diameter_m": 0.45,
        "length_m": 2291.4,
        "capacity_m3s": 0.1976,
        "material": "Cast Iron",
        "age_years": 29
      }
    },
    {
      "type": "Feature",
      "geometry": {
        "type": "LineString",
        "coordinates": [
          [
            72.872576,
            19.097298
          ],
          [
            72.901281,
            19.080406
          ]
        ]
      },
      "properties": {
        "pipe_id": "P0199_0081",
        "from_node": "N0199",
        "to_node": "N0081",
        "diameter_m": 0.3,
        "length_m": 3697.0,
        "capacity_m3s": 0.1394,
        "material": "PVC",
        "age_years": 14
      }
    }
  ]
}