timestamp,latitude,longitude,rainfall_mm_hr
2024-07-01T00:00:00,18.87,72.77,0.32
2024-07-01T00:00:00,18.87,72.79,0.19
2024-07-01T00:00:00,18.87,72.81,0.17
2024-07-01T00:00:00,18.87,72.83,0.17
2024-07-01T00:00:00,18.87,72.85,0.55
2024-07-01T00:00:00,18.87,72.87,0.33
2024-07-01T00:00:00,18.87,72.89,0.13
2024-07-01T00:00:00,18.87,72.91,0.27
2024-07-01T00:00:00,18.87,72.93,0.22
2024-07-01T00:00:00,18.87,72.95,0.02
2024-07-01T00:00:00,18.87,72.97,0.07
2024-07-01T00:00:00,18.87,72.99,0.22
2024-07-01T00:00:00,18.89,72.77,0.58
2024-07-01T00:00:00,18.89,72.79,0.18
2024-07-01T00:00:00,18.89,72.81,0.13
2024-07-01T00:00:00,18.89,72.83,0.22
2024-07-01T00:00:00,18.89,72.85,0.12
2024-07-01T00:00:00,18.89,72.87,0.15
2024-07-01T00:00:00,18.89,72.89,0.19
2024-07-01T00:00:00,18.89,72.91,0.07
2024-07-01T00:00:00,18.89,72.93,0.32
2024-07-01T00:00:00,18.89,72.95,0.06
2024-07-01T00:00:00,18.89,72.97,0.05
2024-07-01T00:00:00,18.89,72.99,0.2
2024-07-01T00:00:00,18.91,72.77,0.38
2024-07-01T00:00:00,18.91,72.79,0.24
2024-07-01T00:00:00,18.91,72.81,0.19
2024-07-01T00:00:00,18.91,72.83,0.16
2024-07-01T00:00:00,18.91,72.85,0.14
2024-07-01T00:00:00,18.91,72.87,0.4
2024-07-01T00:00:00,18.91,72.89,0.24
2024-07-01T00:00:00,18.91,72.91,0.14
2024-07-01T00:00:00,18.91,72.93,0.1
2024-07-01T00:00:00,18.91,72.95,0.28
2024-07-01T00:00:00,18.91,72.97,0.36
2024-07-01T00:00:00,18.91,72.99,0.33
2024-07-01T00:00:00,18.93,72.77,0.11
2024-07-01T00:00:00,18.93,72.79,0.17
2024-07-01T00:00:00,18.93,72.81,0.14
2024-07-01T00:00:00,18.93,72.83,0.18
2024-07-01T00:00:00,18.93,72.85,0.35
2024-07-01T00:00:00,18.93,72.87,0.48
2024-07-01T00:00:00,18.93,72.89,0.25
2024-07-01T00:00:00,18.93,72.91,0.11
2024-07-01T00:00:00,18.93,72.93,0.18
2024-07-01T00:00:00,18.93,72.95,0.49
2024-07-01T00:00:00,18.93,72.97,0.19
2024-07-01T00:00:00,18.93,72.99,0.14
2024-07-01T00:00:00,18.95,72.77,0.19
2024-07-01T00:00:00,18.95,72.79,0.28
2024-07-01T00:00:00,18.95,72.81,0.1
2024-07-01T00:00:00,18.95,72.83,0.13
2024-07-01T00:00:00,18.95,72.85,0.37
2024-07-01T00:00:00,18.95,72.87,0.25
2024-07-01T00:00:00,18.95,72.89,0.2
2024-07-01T00:00:00,18.95,72.91,0.36
2024-07-01T00:00:00,18.95,72.93,0.1
2024-07-01T00:00:00,18.95,72.95,0.14
2024-07-01T00:00:00,18.95,72.97,0.22
2024-07-01T00:00:00,18.95,72.99,0.21
2024-07-01T00:00:00,18.97,72.77,0.06
2024-07-01T00:00:00,18.97,72.79,0.15
2024-07-01T00:00:00,18.97,72.81,0.18
2024-07-01T00:00:00,18.97,72.83,0.27
2024-07-01T00:00:00,18.97,72.85,0.24
2024-07-01T00:00:00,18.97,72.87,0.18
2024-07-01T00:00:00,18.97,72.89,0.02
2024-07-01T00:00:00,18.97,72.91,0.18
2024-07-01T00:00:00,18.97,72.93,0.19
2024-07-01T00:00:00,18.97,72.95,0.78
2024-07-01T00:00:00,18.97,72.97,0.15
2024-07-01T00:00:00,18.97,72.99,0.22
2024-07-01T00:00:00,18.99,72.77,0.48
2024-07-01T00:00:00,18.99,72.79,0.37
2024-07-01T00:00:00,18.99,72.81,0.53
2024-07-01T00:00:00,18.99,72.83,0.05
2024-07-01T00:00:00,18.99,72.85,0.08
2024-07-01T00:00:00,18.99,72.87,0.12
2024-07-01T00:00:00,18.99,72.89,0.04
2024-07-01T00:00:00,18.99,72.91,0.19
2024-07-01T00:00:00,18.99,72.93,0.08
2024-07-01T00:00:00,18.99,72.95,0.49
2024-07-01T00:00:00,18.99,72.97,0.09
2024-07-01T00:00:00,18.99,72.99,0.13
2024-07-01T00:00:00,19.01,72.77,0.39
2024-07-01T00:00:00,19.01,72.79,0.07
2024-07-01T00:00:00,19.01,72.81,0.04
2024-07-01T00:00:00,19.01,72.83,0.23
2024-07-01T00:00:00,19.01,72.85,0.24
2024-07-01T00:00:00,19.01,72.87,0.34
2024-07-01T00:00:00,19.01,72.89,0.28
2024-07-01T00:00:00,19.01,72.91,0.23
2024-07-01T00:00:00,19.01,72.93,0.1
2024-07-01T00:00:00,19.01,72.95,0.21
2024-07-01T00:00:00,19.01,72.97,0.22
2024-07-01T00:00:00,19.01,72.99,0.09
2024-07-01T00:00:00,19.03,72.77,0.72
2024-07-01T00:00:00,19.03,72.79,0.3
2024-07-01T00:00:00,19.03,72.81,0.09
2024-07-01T00:00:00,19.03,72.83,0.35
2024-07-01T00:00:00,19.03,72.85,0.39
2024-07-01T00:00:00,19.03,72.87,0.26
2024-07-01T00:00:00,19.03,72.89,0.16
2024-07-01T00:00:00,19.03,72.91,0.1
2024-07-01T00:00:00,19.03,72.93,0.17
2024-07-01T00:00:00,19.03,72.95,0.23
2024-07-01T00:00:00,19.03,72.97,0.18
2024-07-01T00:00:00,19.03,72.99,0.45
2024-07-01T00:00:00,19.05,72.77,0.35
2024-07-01T00:00:00,19.05,72.79,0.1
2024-07-01T00:00:00,19.05,72.81,0.08
2024-07-01T00:00:00,19.05,72.83,0.29
2024-07-01T00:00:00,19.05,72.85,0.17
2024-07-01T00:00:00,19.05,72.87,0.32
2024-07-01T00:00:00,19.05,72.89,0.27
2024-07-01T00:00:00,19.05,72.91,0.17
2024-07-01T00:00:00,19.05,72.93,0.09
2024-07-01T00:00:00,19.05,72.95,0.04
2024-07-01T00:00:00,19.05,72.97,0.21
2024-07-01T00:00:00,19.05,72.99,0.05
2024-07-01T00:00:00,19.07,72.77,0.1
2024-07-01T00:00:00,19.07,72.79,0.24
2024-07-01T00:00:00,19.07,72.81,0.22
2024-07-01T00:00:00,19.07,72.83,0.07
2024-07-01T00:00:00,19.07,72.85,0.41
2024-07-01T00:00:00,19.07,72.87,0.4
2024-07-01T00:00:00,19.07,72.89,0.27
2024-07-01T00:00:00,19.07,72.91,0.27
2024-07-01T00:00:00,19.07,72.93,0.26
2024-07-01T00:00:00,19.07,72.95,0.35
2024-07-01T00:00:00,19.07,72.97,0.28
2024-07-01T00:00:00,19.07,72.99,0.09
2024-07-01T00:00:00,19.09,72.77,0.18
2024-07-01T00:00:00,19.09,72.79,0.88
2024-07-01T00:00:00,19.09,72.81,0.03
2024-07-01T00:00:00,19.09,72.83,0.14
2024-07-01T00:00:00,19.09,72.85,0.42
2024-07-01T00:00:00,19.09,72.87,0.1
2024-07-01T00:00:00,19.09,72.89,0.31
2024-07-01T00:00:00,19.09,72.91,0.19
2024-07-01T00:00:00,19.09,72.93,0.1
2024-07-01T00:00:00,19.09,72.95,0.02
2024-07-01T00:00:00,19.09,72.97,0.2
2024-07-01T00:00:00,19.09,72.99,0.09
2024-07-01T00:00:00,19.11,72.77,0.2
2024-07-01T00:00:00,19.11,72.79,0.31
2024-07-01T00:00:00,19.11,72.81,0.38
2024-07-01T00:00:00,19.11,72.83,0.14
2024-07-01T00:00:00,19.11,72.85,0.11
2024-07-01T00:00:00,19.11,72.87,0.06
2024-07-01T00:00:00,19.11,72.89,0.36
2024-07-01T00:00:00,19.11,72.91,0.69
2024-07-01T00:00:00,19.11,72.93,0.37
2024-07-01T00:00:00,19.11,72.95,0.42
2024-07-01T00:00:00,19.11,72.97,0.1
2024-07-01T00:00:00,19.11,72.99,0.24
2024-07-01T00:00:00,19.13,72.77,0.38
2024-07-01T00:00:00,19.13,72.79,0.09
2024-07-01T00:00:00,19.13,72.81,0.6
2024-07-01T00:00:00,19.13,72.83,0.05
2024-07-01T00:00:00,19.13,72.85,0.51
2024-07-01T00:00:00,19.13,72.87,0.05
2024-07-01T00:00:00,19.13,72.89,0.08
2024-07-01T00:00:00,19.13,72.91,0.26
2024-07-01T00:00:00,19.13,72.93,0.19
2024-07-01T00:00:00,19.13,72.95,0.13
2024-07-01T00:00:00,19.13,72.97,0.49
2024-07-01T00:00:00,19.13,72.99,0.05
2024-07-01T00:00:00,19.15,72.77,0.2
2024-07-01T00:00:00,19.15,72.79,0.33
2024-07-01T00:00:00,19.15,72.81,0.26
2024-07-01T00:00:00,19.15,72.83,0.12
2024-07-01T00:00:00,19.15,72.85,0.12
2024-07-01T00:00:00,19.15,72.87,0.35
2024-07-01T00:00:00,19.15,72.89,0.35
2024-07-01T00:00:00,19.15,72.91,0.23
2024-07-01T00:00:00,19.15,72.93,0.09
2024-07-01T00:00:00,19.15,72.95,0.11
2024-07-01T00:00:00,19.15,72.97,0.17
2024-07-01T00:00:00,19.15,72.99,0.19
2024-07-01T00:00:00,19.17,72.77,0.33
2024-07-01T00:00:00,19.17,72.79,0.18
2024-07-01T00:00:00,19.17,72.81,0.37
2024-07-01T00:00:00,19.17,72.83,0.36
2024-07-01T00:00:00,19.17,72.85,0.47
2024-07-01T00:00:00,19.17,72.87,0.2
2024-07-01T00:00:00,19.17,72.89,0.24
2024-07-01T00:00:00,19.17,72.91,0.17
2024-07-01T00:00:00,19.17,72.93,0.09
2024-07-01T00:00:00,19.17,72.95,0.65
2024-07-01T00:00:00,19.17,72.97,0.38
2024-07-01T00:00:00,19.17,72.99,0.3
2024-07-01T00:00:00,19.19,72.77,0.22
2024-07-01T00:00:00,19.19,72.79,0.1
2024-07-01T00:00:00,19.19,72.81,0.41
2024-07-01T00:00:00,19.19,72.83,0.18
2024-07-01T00:00:00,19.19,72.85,0.27
2024-07-01T00:00:00,19.19,72.87,0.12
2024-07-01T00:00:00,19.19,72.89,0.23
2024-07-01T00:00:00,19.19,72.91,0.12
2024-07-01T00:00:00,19.19,72.93,0.12
2024-07-01T00:00:00,19.19,72.95,0.21
2024-07-01T00:00:00,19.19,72.97,0.04
2024-07-01T00:00:00,19.19,72.99,0.04
2024-07-01T00:00:00,19.21,72.77,0.12
2024-07-01T00:00:00,19.21,72.79,0.18
2024-07-01T00:00:00,19.21,72.81,0.38
2024-07-01T00:00:00,19.21,72.83,0.18
2024-07-01T00:00:00,19.21,72.85,0.19
2024-07-01T00:00:00,19.21,72.87,0.15
2024-07-01T00:00:00,19.21,72.89,0.24
2024-07-01T00:00:00,19.21,72.91,0.09
2024-07-01T00:00:00,19.21,72.93,0.17
2024-07-01T00:00:00,19.21,72.95,0.24
2024-07-01T00:00:00,19.21,72.97,0.21
2024-07-01T00:00:00,19.21,72.99,0.17
2024-07-01T00:00:00,19.23,72.77,0.23
2024-07-01T00:00:00,19.23,72.79,0.31
2024-07-01T00:00:00,19.23,72.81,0.79
2024-07-01T00:00:00,19.23,72.83,0.1
2024-07-01T00:00:00,19.23,72.85,0.76
2024-07-01T00:00:00,19.23,72.87,0.1
2024-07-01T00:00:00,19.23,72.89,0.02
2024-07-01T00:00:00,19.23,72.91,0.12
2024-07-01T00:00:00,19.23,72.93,0.23
2024-07-01T00:00:00,19.23,72.95,0.58
2024-07-01T00:00:00,19.23,72.97,0.08
2024-07-01T00:00:00,19.23,72.99,0.25
2024-07-01T00:00:00,19.25,72.77,0.06
2024-07-01T00:00:00,19.25,72.79,0.69
2024-07-01T00:00:00,19.25,72.81,0.46
2024-07-01T00:00:00,19.25,72.83,0.14
2024-07-01T00:00:00,19.25,72.85,0.49
2024-07-01T00:00:00,19.25,72.87,0.18
2024-07-01T00:00:00,19.25,72.89,0.43
2024-07-01T00:00:00,19.25,72.91,0.19
2024-07-01T00:00:00,19.25,72.93,0.19
2024-07-01T00:00:00,19.25,72.95,0.12
2024-07-01T00:00:00,19.25,72.97,0.27
2024-07-01T00:00:00,19.25,72.99,0.19
2024-07-01T01:00:00,18.87,72.77,0.47
2024-07-01T01:00:00,18.87,72.79,0.07
2024-07-01T01:00:00,18.87,72.81,0.71
2024-07-01T01:00:00,18.87,72.83,0.8
2024-07-01T01:00:00,18.87,72.85,0.31
2024-07-01T01:00:00,18.87,72.87,1.0
2024-07-01T01:00:00,18.87,72.89,0.84
2024-07-01T01:00:00,18.87,72.91,0.42
2024-07-01T01:00:00,18.87,72.93,0.65
2024-07-01T01:00:00,18.87,72.95,0.53
2024-07-01T01:00:00,18.87,72.97,0.04
2024-07-01T01:00:00,18.87,72.99,0.2
2024-07-01T01:00:00,18.89,72.77,0.53
2024-07-01T01:00:00,18.89,72.79,0.89
2024-07-01T01:00:00,18.89,72.81,0.08
2024-07-01T01:00:00,18.89,72.83,0.05
2024-07-01T01:00:00,18.89,72.85,0.27
2024-07-01T01:00:00,18.89,72.87,0.03
2024-07-01T01:00:00,18.89,72.89,0.25
2024-07-01T01:00:00,18.89,72.91,0.35
2024-07-01T01:00:00,18.89,72.93,0.11
2024-07-01T01:00:00,18.89,72.95,0.25
2024-07-01T01:00:00,18.89,72.97,0.49
2024-07-01T01:00:00,18.89,72.99,0.16
2024-07-01T01:00:00,18.91,72.77,0.16
2024-07-01T01:00:00,18.91,72.79,0.29
2024-07-01T01:00:00,18.91,72.81,0.12
2024-07-01T01:00:00,18.91,72.83,1.0
2024-07-01T01:00:00,18.91,72.85,0.29
2024-07-01T01:00:00,18.91,72.87,0.15
2024-07-01T01:00:00,18.91,72.89,0.32
2024-07-01T01:00:00,18.91,72.91,0.24
2024-07-01T01:00:00,18.91,72.93,0.22
2024-07-01T01:00:00,18.91,72.95,0.17
2024-07-01T01:00:00,18.91,72.97,0.16
2024-07-01T01:00:00,18.91,72.99,0.06
2024-07-01T01:00:00,18.93,72.77,0.79
2024-07-01T01:00:00,18.93,72.79,0.47
2024-07-01T01:00:00,18.93,72.81,0.38
2024-07-01T01:00:00,18.93,72.83,0.26
2024-07-01T01:00:00,18.93,72.85,0.12
2024-07-01T01:00:00,18.93,72.87,0.15
2024-07-01T01:00:00,18.93,72.89,0.07
2024-07-01T01:00:00,18.93,72.91,0.15
2024-07-01T01:00:00,18.93,72.93,0.1
2024-07-01T01:00:00,18.93,72.95,0.76
2024-07-01T01:00:00,18.93,72.97,0.47
2024-07-01T01:00:00,18.93,72.99,0.26
2024-07-01T01:00:00,18.95,72.77,0.15
2024-07-01T01:00:00,18.95,72.79,0.12
2024-07-01T01:00:00,18.95,72.81,0.26
2024-07-01T01:00:00,18.95,72.83,0.56
2024-07-01T01:00:00,18.95,72.85,0.07
2024-07-01T01:00:00,18.95,72.87,0.42
2024-07-01T01:00:00,18.95,72.89,0.16
2024-07-01T01:00:00,18.95,72.91,0.18
2024-07-01T01:00:00,18.95,72.93,0.27
2024-07-01T01:00:00,18.95,72.95,0.12
2024-07-01T01:00:00,18.95,72.97,0.21
2024-07-01T01:00:00,18.95,72.99,0.11
2024-07-01T01:00:00,18.97,72.77,0.2
2024-07-01T01:00:00,18.97,72.79,0.53
2024-07-01T01:00:00,18.97,72.81,0.33
2024-07-01T01:00:00,18.97,72.83,0.5
2024-07-01T01:00:00,18.97,72.85,0.16
2024-07-01T01:00:00,18.97,72.87,0.42
2024-07-01T01:00:00,18.97,72.89,0.05
2024-07-01T01:00:00,18.97,72.91,0.28
2024-07-01T01:00:00,18.97,72.93,0.41
2024-07-01T01:00:00,18.97,72.95,0.05
2024-07-01T01:00:00,18.97,72.97,0.15
2024-07-01T01:00:00,18.97,72.99,0.26
2024-07-01T01:00:00,18.99,72.77,0.64
2024-07-01T01:00:00,18.99,72.79,0.19
2024-07-01T01:00:00,18.99,72.81,0.44
2024-07-01T01:00:00,18.99,72.83,0.76
2024-07-01T01:00:00,18.99,72.85,0.43
2024-07-01T01:00:00,18.99,72.87,0.24
2024-07-01T01:00:00,18.99,72.89,0.36
2024-07-01T01:00:00,18.99,72.91,0.16
2024-07-01T01:00:00,18.99,72.93,0.28
2024-07-01T01:00:00,18.99,72.95,0.23
2024-07-01T01:00:00,18.99,72.97,0.33
2024-07-01T01:00:00,18.99,72.99,0.18
2024-07-01T01:00:00,19.01,72.77,0.43
2024-07-01T01:00:00,19.01,72.79,0.22
2024-07-01T01:00:00,19.01,72.81,0.55
2024-07-01T01:00:00,19.01,72.83,0.23
2024-07-01T01:00:00,19.01,72.85,0.03
2024-07-01T01:00:00,19.01,72.87,0.11
2024-07-01T01:00:00,19.01,72.89,0.28
2024-07-01T01:00:00,19.01,72.91,0.79
2024-07-01T01:00:00,19.01,72.93,0.47
2024-07-01T01:00:00,19.01,72.95,0.02
2024-07-01T01:00:00,19.01,72.97,0.06
2024-07-01T01:00:00,19.01,72.99,0.54
2024-07-01T01:00:00,19.03,72.77,0.51
2024-07-01T01:00:00,19.03,72.79,1.24
2024-07-01T01:00:00,19.03,72.81,0.21
2024-07-01T01:00:00,19.03,72.83,0.14
2024-07-01T01:00:00,19.03,72.85,0.3
2024-07-01T01:00:00,19.03,72.87,0.19
2024-07-01T01:00:00,19.03,72.89,0.56
2024-07-01T01:00:00,19.03,72.91,0.17
2024-07-01T01:00:00,19.03,72.93,0.21
2024-07-01T01:00:00,19.03,72.95,0.11
2024-07-01T01:00:00,19.03,72.97,0.43
2024-07-01T01:00:00,19.03,72.99,0.11
2024-07-01T01:00:00,19.05,72.77,0.43
2024-07-01T01:00:00,19.05,72.79,1.02
2024-07-01T01:00:00,19.05,72.81,0.05
2024-07-01T01:00:00,19.05,72.83,0.78
2024-07-01T01:00:00,19.05,72.85,0.35
2024-07-01T01:00:00,19.05,72.87,0.1
2024-07-01T01:00:00,19.05,72.89,0.3
2024-07-01T01:00:00,19.05,72.91,0.45
2024-07-01T01:00:00,19.05,72.93,0.13
2024-07-01T01:00:00,19.05,72.95,0.36
2024-07-01T01:00:00,19.05,72.97,0.71
2024-07-01T01:00:00,19.05,72.99,0.16
2024-07-01T01:00:00,19.07,72.77,0.13
2024-07-01T01:00:00,19.07,72.79,0.28
2024-07-01T01:00:00,19.07,72.81,0.31
2024-07-01T01:00:00,19.07,72.83,0.62
2024-07-01T01:00:00,19.07,72.85,0.25
2024-07-01T01:00:00,19.07,72.87,0.2
2024-07-01T01:00:00,19.07,72.89,0.11
2024-07-01T01:00:00,19.07,72.91,0.05
2024-07-01T01:00:00,19.07,72.93,0.08
2024-07-01T01:00:00,19.07,72.95,0.08
2024-07-01T01:00:00,19.07,72.97,0.21
2024-07-01T01:00:00,19.07,72.99,0.06
2024-07-01T01:00:00,19.09,72.77,0.31
2024-07-01T01:00:00,19.09,72.79,1.0
2024-07-01T01:00:00,19.09,72.81,0.65
2024-07-01T01:00:00,19.09,72.83,0.24
2024-07-01T01:00:00,19.09,72.85,1.32
2024-07-01T01:00:00,19.09,72.87,0.29
2024-07-01T01:00:00,19.09,72.89,0.32
2024-07-01T01:00:00,19.09,72.91,0.24
2024-07-01T01:00:00,19.09,72.93,0.26
2024-07-01T01:00:00,19.09,72.95,0.16
2024-07-01T01:00:00,19.09,72.97,0.21
2024-07-01T01:00:00,19.09,72.99,0.67
2024-07-01T01:00:00,19.11,72.77,0.74
2024-07-01T01:00:00,19.11,72.79,0.03
2024-07-01T01:00:00,19.11,72.81,0.08
2024-07-01T01:00:00,19.11,72.83,0.15
2024-07-01T01:00:00,19.11,72.85,0.55
2024-07-01T01:00:00,19.11,72.87,0.65
2024-07-01T01:00:00,19.11,72.89,0.45
2024-07-01T01:00:00,19.11,72.91,0.09
2024-07-01T01:00:00,19.11,72.93,0.17
2024-07-01T01:00:00,19.11,72.95,0.37
2024-07-01T01:00:00,19.11,72.97,0.21
2024-07-01T01:00:00,19.11,72.99,0.18
2024-07-01T01:00:00,19.13,72.77,0.24
2024-07-01T01:00:00,19.13,72.79,0.68
2024-07-01T01:00:00,19.13,72.81,0.46
2024-07-01T01:00:00,19.13,72.83,0.23
2024-07-01T01:00:00,19.13,72.85,0.36
2024-07-01T01:00:00,19.13,72.87,0.09
2024-07-01T01:00:00,19.13,72.89,0.18
2024-07-01T01:00:00,19.13,72.91,0.55
2024-07-01T01:00:00,19.13,72.93,0.06
2024-07-01T01:00:00,19.13,72.95,0.4
2024-07-01T01:00:00,19.13,72.97,0.03
2024-07-01T01:00:00,19.13,72.99,0.74
2024-07-01T01:00:00,19.15,72.77,0.2
2024-07-01T01:00:00,19.15,72.79,0.42
2024-07-01T01:00:00,19.15,72.81,0.33
2024-07-01T01:00:00,19.15,72.83,0.33
2024-07-01T01:00:00,19.15,72.85,0.36
2024-07-01T01:00:00,19.15,72.87,0.05
2024-07-01T01:00:00,19.15,72.89,0.31
2024-07-01T01:00:00,19.15,72.91,0.23
2024-07-01T01:00:00,19.15,72.93,0.17
2024-07-01T01:00:00,19.15,72.95,0.13
2024-07-01T01:00:00,19.15,72.97,0.29
2024-07-01T01:00:00,19.15,72.99,0.1
2024-07-01T01:00:00,19.17,72.77,0.65
2024-07-01T01:00:00,19.17,72.79,0.44
2024-07-01T01:00:00,19.17,72.81,0.37
2024-07-01T01:00:00,19.17,72.83,0.58
2024-07-01T01:00:00,19.17,72.85,0.04
2024-07-01T01:00:00,19.17,72.87,0.08
2024-07-01T01:00:00,19.17,72.89,0.4
2024-07-01T01:00:00,19.17,72.91,0.14
2024-07-01T01:00:00,19.17,72.93,0.16
2024-07-01T01:00:00,19.17,72.95,0.07
2024-07-01T01:00:00,19.17,72.97,0.11
2024-07-01T01:00:00,19.17,72.99,0.51
2024-07-01T01:00:00,19.19,72.77,0.46
2024-07-01T01:00:00,19.19,72.79,0.36
2024-07-01T01:00:00,19.19,72.81,0.19
2024-07-01T01:00:00,19.19,72.83,0.32
2024-07-01T01:00:00,19.19,72.85,0.62
2024-07-01T01:00:00,19.19,72.87,0.15
2024-07-01T01:00:00,19.19,72.89,0.27
2024-07-01T01:00:00,19.19,72.91,0.83
2024-07-01T01:00:00,19.19,72.93,0.43
2024-07-01T01:00:00,19.19,72.95,0.16
2024-07-01T01:00:00,19.19,72.97,0.4
2024-07-01T01:00:00,19.19,72.99,0.05
2024-07-01T01:00:00,19.21,72.77,0.3
2024-07-01T01:00:00,19.21,72.79,0.49
2024-07-01T01:00:00,19.21,72.81,0.4
2024-07-01T01:00:00,19.21,72.83,0.45
2024-07-01T01:00:00,19.21,72.85,0.51
2024-07-01T01:00:00,19.21,72.87,0.39
2024-07-01T01:00:00,19.21,72.89,0.37
2024-07-01T01:00:00,19.21,72.91,0.31
2024-07-01T01:00:00,19.21,72.93,0.1
2024-07-01T01:00:00,19.21,72.95,0.53
2024-07-01T01:00:00,19.21,72.97,0.25
2024-07-01T01:00:00,19.21,72.99,0.41
2024-07-01T01:00:00,19.23,72.77,0.61
2024-07-01T01:00:00,19.23,72.79,0.2
2024-07-01T01:00:00,19.23,72.81,0.21
2024-07-01T01:00:00,19.23,72.83,0.23
2024-07-01T01:00:00,19.23,72.85,0.66
2024-07-01T01:00:00,19.23,72.87,0.13
2024-07-01T01:00:00,19.23,72.89,0.71
2024-07-01T01:00:00,19.23,72.91,0.31
2024-07-01T01:00:00,19.23,72.93,0.32
2024-07-01T01:00:00,19.23,72.95,0.48
2024-07-01T01:00:00,19.23,72.97,0.27
2024-07-01T01:00:00,19.23,72.99,0.52
2024-07-01T01:00:00,19.25,72.77,0.21
2024-07-01T01:00:00,19.25,72.79,0.79
2024-07-01T01:00:00,19.25,72.81,0.21
2024-07-01T01:00:00,19.25,72.83,0.76
2024-07-01T01:00:00,19.25,72.85,0.2
2024-07-01T01:00:00,19.25,72.87,0.22
2024-07-01T01:00:00,19.25,72.89,0.11
2024-07-01T01:00:00,19.25,72.91,0.14
2024-07-01T01:00:00,19.25,72.93,0.25
2024-07-01T01:00:00,19.25,72.95,0.31
2024-07-01T01:00:00,19.25,72.97,0.5
2024-07-01T01:00:00,19.25,72.99,0.21
2024-07-01T02:00:00,18.87,72.77,0.6
2024-07-01T02:00:00,18.87,72.79,0.5
2024-07-01T02:00:00,18.87,72.81,0.61
2024-07-01T02:00:00,18.87,72.83,0.24
2024-07-01T02:00:00,18.87,72.85,0.26
2024-07-01T02:00:00,18.87,72.87,0.23
2024-07-01T02:00:00,18.87,72.89,0.86
2024-07-01T02:00:00,18.87,72.91,0.97
2024-07-01T02:00:00,18.87,72.93,0.23
2024-07-01T02:00:00,18.87,72.95,0.23
2024-07-01T02:00:00,18.87,72.97,0.57
2024-07-01T02:00:00,18.87,72.99,0.97
2024-07-01T02:00:00,18.89,72.77,1.43
2024-07-01T02:00:00,18.89,72.79,0.26
2024-07-01T02:00:00,18.89,72.81,0.31
2024-07-01T02:00:00,18.89,72.83,0.52
2024-07-01T02:00:00,18.89,72.85,0.52
2024-07-01T02:00:00,18.89,72.87,0.34
2024-07-01T02:00:00,18.89,72.89,0.19
2024-07-01T02:00:00,18.89,72.91,0.37
2024-07-01T02:00:00,18.89,72.93,1.17
2024-07-01T02:00:00,18.89,72.95,0.24
2024-07-01T02:00:00,18.89,72.97,0.43
2024-07-01T02:00:00,18.89,72.99,1.6
2024-07-01T02:00:00,18.91,72.77,0.29
2024-07-01T02:00:00,18.91,72.79,0.72
2024-07-01T02:00:00,18.91,72.81,1.38
2024-07-01T02:00:00,18.91,72.83,0.64
2024-07-01T02:00:00,18.91,72.85,0.86
2024-07-01T02:00:00,18.91,72.87,0.7
2024-07-01T02:00:00,18.91,72.89,0.56
2024-07-01T02:00:00,18.91,72.91,0.95
2024-07-01T02:00:00,18.91,72.93,0.59
2024-07-01T02:00:00,18.91,72.95,0.32
2024-07-01T02:00:00,18.91,72.97,0.4
2024-07-01T02:00:00,18.91,72.99,0.47
2024-07-01T02:00:00,18.93,72.77,0.33
2024-07-01T02:00:00,18.93,72.79,0.51
2024-07-01T02:00:00,18.93,72.81,0.44
2024-07-01T02:00:00,18.93,72.83,0.66
2024-07-01T02:00:00,18.93,72.85,1.54
2024-07-01T02:00:00,18.93,72.87,0.48
2024-07-01T02:00:00,18.93,72.89,1.08
2024-07-01T02:00:00,18.93,72.91,0.59
2024-07-01T02:00:00,18.93,72.93,0.43
2024-07-01T02:00:00,18.93,72.95,0.25
2024-07-01T02:00:00,18.93,72.97,0.42
2024-07-01T02:00:00,18.93,72.99,0.39
2024-07-01T02:00:00,18.95,72.77,0.25
2024-07-01T02:00:00,18.95,72.79,0.28
2024-07-01T02:00:00,18.95,72.81,0.57
2024-07-01T02:00:00,18.95,72.83,1.15
2024-07-01T02:00:00,18.95,72.85,0.39
2024-07-01T02:00:00,18.95,72.87,0.1
2024-07-01T02:00:00,18.95,72.89,0.15
2024-07-01T02:00:00,18.95,72.91,0.63
2024-07-01T02:00:00,18.95,72.93,0.11
2024-07-01T02:00:00,18.95,72.95,0.67
2024-07-01T02:00:00,18.95,72.97,0.57
2024-07-01T02:00:00,18.95,72.99,0.33
2024-07-01T02:00:00,18.97,72.77,0.25
2024-07-01T02:00:00,18.97,72.79,0.36
2024-07-01T02:00:00,18.97,72.81,0.56
2024-07-01T02:00:00,18.97,72.83,0.13
2024-07-01T02:00:00,18.97,72.85,1.05
2024-07-01T02:00:00,18.97,72.87,0.51
2024-07-01T02:00:00,18.97,72.89,0.54
2024-07-01T02:00:00,18.97,72.91,0.6
2024-07-01T02:00:00,18.97,72.93,0.9
2024-07-01T02:00:00,18.97,72.95,0.42
2024-07-01T02:00:00,18.97,72.97,0.6
2024-07-01T02:00:00,18.97,72.99,0.2
2024-07-01T02:00:00,18.99,72.77,1.43
2024-07-01T02:00:00,18.99,72.79,0.49
2024-07-01T02:00:00,18.99,72.81,0.24
2024-07-01T02:00:00,18.99,72.83,0.29
2024-07-01T02:00:00,18.99,72.85,0.05
2024-07-01T02:00:00,18.99,72.87,0.27
2024-07-01T02:00:00,18.99,72.89,0.02
2024-07-01T02:00:00,18.99,72.91,0.66
2024-07-01T02:00:00,18.99,72.93,0.51
2024-07-01T02:00:00,18.99,72.95,0.15
2024-07-01T02:00:00,18.99,72.97,0.35
2024-07-01T02:00:00,18.99,72.99,0.35
2024-07-01T02:00:00,19.01,72.77,0.16
2024-07-01T02:00:00,19.01,72.79,0.37
2024-07-01T02:00:00,19.01,72.81,0.44
2024-07-01T02:00:00,19.01,72.83,0.34
2024-07-01T02:00:00,19.01,72.85,0.23
2024-07-01T02:00:00,19.01,72.87,0.16
2024-07-01T02:00:00,19.01,72.89,0.31
2024-07-01T02:00:00,19.01,72.91,0.24
2024-07-01T02:00:00,19.01,72.93,0.56
2024-07-01T02:00:00,19.01,72.95,0.92
2024-07-01T02:00:00,19.01,72.97,0.68
2024-07-01T02:00:00,19.01,72.99,0.37
2024-07-01T02:00:00,19.03,72.77,0.26
2024-07-01T02:00:00,19.03,72.79,0.82
2024-07-01T02:00:00,19.03,72.81,0.68
2024-07-01T02:00:00,19.03,72.83,1.0
2024-07-01T02:00:00,19.03,72.85,0.47
2024-07-01T02:00:00,19.03,72.87,1.2
2024-07-01T02:00:00,19.03,72.89,0.45
2024-07-01T02:00:00,19.03,72.91,0.22
2024-07-01T02:00:00,19.03,72.93,0.25
2024-07-01T02:00:00,19.03,72.95,0.53
2024-07-01T02:00:00,19.03,72.97,0.22
2024-07-01T02:00:00,19.03,72.99,1.07
2024-07-01T02:00:00,19.05,72.77,0.63
2024-07-01T02:00:00,19.05,72.79,0.45
2024-07-01T02:00:00,19.05,72.81,0.47
2024-07-01T02:00:00,19.05,72.83,0.34
2024-07-01T02:00:00,19.05,72.85,0.07
2024-07-01T02:00:00,19.05,72.87,0.27
2024-07-01T02:00:00,19.05,72.89,1.08
2024-07-01T02:00:00,19.05,72.91,0.45
2024-07-01T02:00:00,19.05,72.93,0.76
2024-07-01T02:00:00,19.05,72.95,0.76
2024-07-01T02:00:00,19.05,72.97,0.35
2024-07-01T02:00:00,19.05,72.99,0.57
2024-07-01T02:00:00,19.07,72.77,0.1
2024-07-01T02:00:00,19.07,72.79,1.16
2024-07-01T02:00:00,19.07,72.81,1.07
2024-07-01T02:00:00,19.07,72.83,0.6
2024-07-01T02:00:00,19.07,72.85,0.49
2024-07-01T02:00:00,19.07,72.87,0.39
2024-07-01T02:00:00,19.07,72.89,0.86
2024-07-01T02:00:00,19.07,72.91,0.65
2024-07-01T02:00:00,19.07,72.93,0.28
2024-07-01T02:00:00,19.07,72.95,0.13
2024-07-01T02:00:00,19.07,72.97,0.11
2024-07-01T02:00:00,19.07,72.99,0.78
2024-07-01T02:00:00,19.09,72.77,0.44
2024-07-01T02:00:00,19.09,72.79,0.63
2024-07-01T02:00:00,19.09,72.81,0.45
2024-07-01T02:00:00,19.09,72.83,0.12
2024-07-01T02:00:00,19.09,72.85,0.09
2024-07-01T02:00:00,19.09,72.87,0.28
2024-07-01T02:00:00,19.09,72.89,0.29
2024-07-01T02:00:00,19.09,72.91,0.29
2024-07-01T02:00:00,19.09,72.93,0.29
2024-07-01T02:00:00,19.09,72.95,1.33
2024-07-01T02:00:00,19.09,72.97,0.73
2024-07-01T02:00:00,19.09,72.99,0.42
2024-07-01T02:00:00,19.11,72.77,0.43
2024-07-01T02:00:00,19.11,72.79,0.43
2024-07-01T02:00:00,19.11,72.81,0.72
2024-07-01T02:00:00,19.11,72.83,0.39
2024-07-01T02:00:00,19.11,72.85,0.77
2024-07-01T02:00:00,19.11,72.87,0.51
2024-07-01T02:00:00,19.11,72.89,1.41
2024-07-01T02:00:00,19.11,72.91,0.34
2024-07-01T02:00:00,19.11,72.93,0.79
2024-07-01T02:00:00,19.11,72.95,0.14
2024-07-01T02:00:00,19.11,72.97,0.21
2024-07-01T02:00:00,19.11,72.99,1.18
2024-07-01T02:00:00,19.13,72.77,0.84
2024-07-01T02:00:00,19.13,72.79,0.63
2024-07-01T02:00:00,19.13,72.81,1.82
2024-07-01T02:00:00,19.13,72.83,0.4
2024-07-01T02:00:00,19.13,72.85,0.86
2024-07-01T02:00:00,19.13,72.87,0.88
2024-07-01T02:00:00,19.13,72.89,1.11
2024-07-01T02:00:00,19.13,72.91,0.13
2024-07-01T02:00:00,19.13,72.93,0.35
2024-07-01T02:00:00,19.13,72.95,0.47
2024-07-01T02:00:00,19.13,72.97,1.02
2024-07-01T02:00:00,19.13,72.99,0.49
2024-07-01T02:00:00,19.15,72.77,1.02
2024-07-01T02:00:00,19.15,72.79,0.14
2024-07-01T02:00:00,19.15,72.81,0.34
2024-07-01T02:00:00,19.15,72.83,1.04
2024-07-01T02:00:00,19.15,72.85,0.35
2024-07-01T02:00:00,19.15,72.87,0.4
2024-07-01T02:00:00,19.15,72.89,1.09
2024-07-01T02:00:00,19.15,72.91,0.18
2024-07-01T02:00:00,19.15,72.93,0.22
2024-07-01T02:00:00,19.15,72.95,0.1
2024-07-01T02:00:00,19.15,72.97,1.04
2024-07-01T02:00:00,19.15,72.99,0.71
2024-07-01T02:00:00,19.17,72.77,0.9
2024-07-01T02:00:00,19.17,72.79,0.34
2024-07-01T02:00:00,19.17,72.81,0.11
2024-07-01T02:00:00,19.17,72.83,0.08
2024-07-01T02:00:00,19.17,72.85,1.01
2024-07-01T02:00:00,19.17,72.87,0.6
2024-07-01T02:00:00,19.17,72.89,0.66
2024-07-01T02:00:00,19.17,72.91,0.47
2024-07-01T02:00:00,19.17,72.93,0.19
2024-07-01T02:00:00,19.17,72.95,0.29
2024-07-01T02:00:00,19.17,72.97,0.15
2024-07-01T02:00:00,19.17,72.99,0.13
2024-07-01T02:00:00,19.19,72.77,0.86
2024-07-01T02:00:00,19.19,72.79,0.09
2024-07-01T02:00:00,19.19,72.81,0.18
2024-07-01T02:00:00,19.19,72.83,0.35
2024-07-01T02:00:00,19.19,72.85,0.44
2024-07-01T02:00:00,19.19,72.87,0.11
2024-07-01T02:00:00,19.19,72.89,0.54
2024-07-01T02:00:00,19.19,72.91,0.45
2024-07-01T02:00:00,19.19,72.93,0.92
2024-07-01T02:00:00,19.19,72.95,0.4
2024-07-01T02:00:00,19.19,72.97,0.53
2024-07-01T02:00:00,19.19,72.99,0.19
2024-07-01T02:00:00,19.21,72.77,0.26
2024-07-01T02:00:00,19.21,72.79,0.14
2024-07-01T02:00:00,19.21,72.81,0.24
2024-07-01T02:00:00,19.21,72.83,0.33
2024-07-01T02:00:00,19.21,72.85,0.94
2024-07-01T02:00:00,19.21,72.87,0.19
2024-07-01T02:00:00,19.21,72.89,1.45
2024-07-01T02:00:00,19.21,72.91,0.6
2024-07-01T02:00:00,19.21,72.93,0.5
2024-07-01T02:00:00,19.21,72.95,0.38
2024-07-01T02:00:00,19.21,72.97,0.32
2024-07-01T02:00:00,19.21,72.99,0.22
2024-07-01T02:00:00,19.23,72.77,0.12
2024-07-01T02:00:00,19.23,72.79,0.22
2024-07-01T02:00:00,19.23,72.81,1.23
2024-07-01T02:00:00,19.23,72.83,0.63
2024-07-01T02:00:00,19.23,72.85,1.16
2024-07-01T02:00:00,19.23,72.87,0.24
2024-07-01T02:00:00,19.23,72.89,0.16
2024-07-01T02:00:00,19.23,72.91,0.39
2024-07-01T02:00:00,19.23,72.93,0.19
2024-07-01T02:00:00,19.23,72.95,0.44
2024-07-01T02:00:00,19.23,72.97,0.08
2024-07-01T02:00:00,19.23,72.99,0.04
2024-07-01T02:00:00,19.25,72.77,0.6
2024-07-01T02:00:00,19.25,72.79,1.3
2024-07-01T02:00:00,19.25,72.81,0.58
2024-07-01T02:00:00,19.25,72.83,0.62
2024-07-01T02:00:00,19.25,72.85,0.43
2024-07-01T02:00:00,19.25,72.87,0.45
2024-07-01T02:00:00,19.25,72.89,0.1
2024-07-01T02:00:00,19.25,72.91,0.2
2024-07-01T02:00:00,19.25,72.93,0.85
2024-07-01T02:00:00,19.25,72.95,0.28
2024-07-01T02:00:00,19.25,72.97,0.81
2024-07-01T02:00:00,19.25,72.99,0.39
2024-07-01T03:00:00,18.87,72.77,0.74
2024-07-01T03:00:00,18.87,72.79,0.48
2024-07-01T03:00:00,18.87,72.81,0.99
2024-07-01T03:00:00,18.87,72.83,1.13
2024-07-01T03:00:00,18.87,72.85,0.29
2024-07-01T03:00:00,18.87,72.87,0.16
2024-07-01T03:00:00,18.87,72.89,0.08
2024-07-01T03:00:00,18.87,72.91,0.77
2024-07-01T03:00:00,18.87,72.93,0.69
2024-07-01T03:00:00,18.87,72.95,2.27
2024-07-01T03:00:00,18.87,72.97,0.54
2024-07-01T03:00:00,18.87,72.99,0.46
2024-07-01T03:00:00,18.89,72.77,0.78
2024-07-01T03:00:00,18.89,72.79,0.78
2024-07-01T03:00:00,18.89,72.81,0.52
2024-07-01T03:00:00,18.89,72.83,0.3
2024-07-01T03:00:00,18.89,72.85,0.58
2024-07-01T03:00:00,18.89,72.87,0.55
2024-07-01T03:00:00,18.89,72.89,0.53
2024-07-01T03:00:00,18.89,72.91,0.94
2024-07-01T03:00:00,18.89,72.93,0.52
2024-07-01T03:00:00,18.89,72.95,0.15
2024-07-01T03:00:00,18.89,72.97,0.3
2024-07-01T03:00:00,18.89,72.99,0.43
2024-07-01T03:00:00,18.91,72.77,0.67
2024-07-01T03:00:00,18.91,72.79,0.91
2024-07-01T03:00:00,18.91,72.81,0.63
2024-07-01T03:00:00,18.91,72.83,0.07
2024-07-01T03:00:00,18.91,72.85,0.18
2024-07-01T03:00:00,18.91,72.87,0.85
2024-07-01T03:00:00,18.91,72.89,0.46
2024-07-01T03:00:00,18.91,72.91,0.59
2024-07-01T03:00:00,18.91,72.93,0.4
2024-07-01T03:00:00,18.91,72.95,0.31
2024-07-01T03:00:00,18.91,72.97,0.39
2024-07-01T03:00:00,18.91,72.99,0.56
2024-07-01T03:00:00,18.93,72.77,0.64
2024-07-01T03:00:00,18.93,72.79,1.19
2024-07-01T03:00:00,18.93,72.81,0.14
2024-07-01T03:00:00,18.93,72.83,0.16
2024-07-01T03:00:00,18.93,72.85,0.47
2024-07-01T03:00:00,18.93,72.87,0.82
2024-07-01T03:00:00,18.93,72.89,0.93
2024-07-01T03:00:00,18.93,72.91,0.33
2024-07-01T03:00:00,18.93,72.93,0.02
2024-07-01T03:00:00,18.93,72.95,0.32
2024-07-01T03:00:00,18.93,72.97,0.67
2024-07-01T03:00:00,18.93,72.99,0.49
2024-07-01T03:00:00,18.95,72.77,0.97
2024-07-01T03:00:00,18.95,72.79,1.39
2024-07-01T03:00:00,18.95,72.81,0.53
2024-07-01T03:00:00,18.95,72.83,0.4
2024-07-01T03:00:00,18.95,72.85,0.26
2024-07-01T03:00:00,18.95,72.87,0.15
2024-07-01T03:00:00,18.95,72.89,0.11
2024-07-01T03:00:00,18.95,72.91,0.3
2024-07-01T03:00:00,18.95,72.93,1.06
2024-07-01T03:00:00,18.95,72.95,0.83
2024-07-01T03:00:00,18.95,72.97,0.34
2024-07-01T03:00:00,18.95,72.99,1.87
2024-07-01T03:00:00,18.97,72.77,0.38
2024-07-01T03:00:00,18.97,72.79,1.47
2024-07-01T03:00:00,18.97,72.81,1.66
2024-07-01T03:00:00,18.97,72.83,0.82
2024-07-01T03:00:00,18.97,72.85,0.32
2024-07-01T03:00:00,18.97,72.87,0.41
2024-07-01T03:00:00,18.97,72.89,0.62
2024-07-01T03:00:00,18.97,72.91,0.15
2024-07-01T03:00:00,18.97,72.93,0.22
2024-07-01T03:00:00,18.97,72.95,0.2
2024-07-01T03:00:00,18.97,72.97,0.74
2024-07-01T03:00:00,18.97,72.99,1.11
2024-07-01T03:00:00,18.99,72.77,1.06
2024-07-01T03:00:00,18.99,72.79,1.23
2024-07-01T03:00:00,18.99,72.81,0.31
2024-07-01T03:00:00,18.99,72.83,0.45
2024-07-01T03:00:00,18.99,72.85,0.46
2024-07-01T03:00:00,18.99,72.87,0.77
2024-07-01T03:00:00,18.99,72.89,0.31
2024-07-01T03:00:00,18.99,72.91,1.01
2024-07-01T03:00:00,18.99,72.93,1.41
2024-07-01T03:00:00,18.99,72.95,0.74
2024-07-01T03:00:00,18.99,72.97,0.37
2024-07-01T03:00:00,18.99,72.99,0.24
2024-07-01T03:00:00,19.01,72.77,0.25
2024-07-01T03:00:00,19.01,72.79,0.07
2024-07-01T03:00:00,19.01,72.81,0.5
2024-07-01T03:00:00,19.01,72.83,0.47
2024-07-01T03:00:00,19.01,72.85,1.04
2024-07-01T03:00:00,19.01,72.87,0.34
2024-07-01T03:00:00,19.01,72.89,0.47
2024-07-01T03:00:00,19.01,72.91,0.66
2024-07-01T03:00:00,19.01,72.93,0.75
2024-07-01T03:00:00,19.01,72.95,0.86
2024-07-01T03:00:00,19.01,72.97,0.58
2024-07-01T03:00:00,19.01,72.99,0.15
2024-07-01T03:00:00,19.03,72.77,0.86
2024-07-01T03:00:00,19.03,72.79,0.36
2024-07-01T03:00:00,19.03,72.81,1.38
2024-07-01T03:00:00,19.03,72.83,0.59
2024-07-01T03:00:00,19.03,72.85,0.68
2024-07-01T03:00:00,19.03,72.87,2.59
2024-07-01T03:00:00,19.03,72.89,0.92
2024-07-01T03:00:00,19.03,72.91,0.7
2024-07-01T03:00:00,19.03,72.93,0.47
2024-07-01T03:00:00,19.03,72.95,0.16
2024-07-01T03:00:00,19.03,72.97,0.43
2024-07-01T03:00:00,19.03,72.99,0.24
2024-07-01T03:00:00,19.05,72.77,1.87
2024-07-01T03:00:00,19.05,72.79,0.83
2024-07-01T03:00:00,19.05,72.81,1.34
2024-07-01T03:00:00,19.05,72.83,0.35
2024-07-01T03:00:00,19.05,72.85,0.29
2024-07-01T03:00:00,19.05,72.87,0.88
2024-07-01T03:00:00,19.05,72.89,0.25
2024-07-01T03:00:00,19.05,72.91,0.37
2024-07-01T03:00:00,19.05,72.93,1.57
2024-07-01T03:00:00,19.05,72.95,0.37
2024-07-01T03:00:00,19.05,72.97,0.13
2024-07-01T03:00:00,19.05,72.99,0.08
2024-07-01T03:00:00,19.07,72.77,0.14
2024-07-01T03:00:00,19.07,72.79,1.44
2024-07-01T03:00:00,19.07,72.81,0.38
2024-07-01T03:00:00,19.07,72.83,2.67
2024-07-01T03:00:00,19.07,72.85,1.55
2024-07-01T03:00:00,19.07,72.87,1.94
2024-07-01T03:00:00,19.07,72.89,1.1
2024-07-01T03:00:00,19.07,72.91,0.81
2024-07-01T03:00:00,19.07,72.93,0.26
2024-07-01T03:00:00,19.07,72.95,0.51
2024-07-01T03:00:00,19.07,72.97,0.83
2024-07-01T03:00:00,19.07,72.99,0.96
2024-07-01T03:00:00,19.09,72.77,0.22
2024-07-01T03:00:00,19.09,72.79,0.53
2024-07-01T03:00:00,19.09,72.81,0.56
2024-07-01T03:00:00,19.09,72.83,0.53
2024-07-01T03:00:00,19.09,72.85,0.23
2024-07-01T03:00:00,19.09,72.87,1.79
2024-07-01T03:00:00,19.09,72.89,0.45
2024-07-01T03:00:00,19.09,72.91,0.23
2024-07-01T03:00:00,19.09,72.93,1.71
2024-07-01T03:00:00,19.09,72.95,1.4
2024-07-01T03:00:00,19.09,72.97,0.56
2024-07-01T03:00:00,19.09,72.99,0.34
2024-07-01T03:00:00,19.11,72.77,0.13
2024-07-01T03:00:00,19.11,72.79,0.9
2024-07-01T03:00:00,19.11,72.81,0.38
2024-07-01T03:00:00,19.11,72.83,0.57
2024-07-01T03:00:00,19.11,72.85,1.76
2024-07-01T03:00:00,19.11,72.87,0.33
2024-07-01T03:00:00,19.11,72.89,0.76
2024-07-01T03:00:00,19.11,72.91,0.91
2024-07-01T03:00:00,19.11,72.93,1.19
2024-07-01T03:00:00,19.11,72.95,0.47
2024-07-01T03:00:00,19.11,72.97,0.43
2024-07-01T03:00:00,19.11,72.99,0.41
2024-07-01T03:00:00,19.13,72.77,0.84
2024-07-01T03:00:00,19.13,72.79,1.64
2024-07-01T03:00:00,19.13,72.81,0.48
2024-07-01T03:00:00,19.13,72.83,0.03
2024-07-01T03:00:00,19.13,72.85,1.05
2024-07-01T03:00:00,19.13,72.87,0.58
2024-07-01T03:00:00,19.13,72.89,0.79
2024-07-01T03:00:00,19.13,72.91,0.11
2024-07-01T03:00:00,19.13,72.93,0.34
2024-07-01T03:00:00,19.13,72.95,0.9
2024-07-01T03:00:00,19.13,72.97,0.16
2024-07-01T03:00:00,19.13,72.99,0.7
2024-07-01T03:00:00,19.15,72.77,0.62
2024-07-01T03:00:00,19.15,72.79,0.33
2024-07-01T03:00:00,19.15,72.81,0.3
2024-07-01T03:00:00,19.15,72.83,0.23
2024-07-01T03:00:00,19.15,72.85,0.6
2024-07-01T03:00:00,19.15,72.87,0.63
2024-07-01T03:00:00,19.15,72.89,0.4
2024-07-01T03:00:00,19.15,72.91,0.2
2024-07-01T03:00:00,19.15,72.93,0.72
2024-07-01T03:00:00,19.15,72.95,0.96
2024-07-01T03:00:00,19.15,72.97,0.79
2024-07-01T03:00:00,19.15,72.99,1.78
2024-07-01T03:00:00,19.17,72.77,0.55
2024-07-01T03:00:00,19.17,72.79,1.54
2024-07-01T03:00:00,19.17,72.81,0.35
2024-07-01T03:00:00,19.17,72.83,0.29
2024-07-01T03:00:00,19.17,72.85,0.62
2024-07-01T03:00:00,19.17,72.87,1.59
2024-07-01T03:00:00,19.17,72.89,0.43
2024-07-01T03:00:00,19.17,72.91,0.11
2024-07-01T03:00:00,19.17,72.93,0.96
2024-07-01T03:00:00,19.17,72.95,0.48
2024-07-01T03:00:00,19.17,72.97,0.63
2024-07-01T03:00:00,19.17,72.99,0.26
2024-07-01T03:00:00,19.19,72.77,0.7
2024-07-01T03:00:00,19.19,72.79,0.15
2024-07-01T03:00:00,19.19,72.81,1.96
2024-07-01T03:00:00,19.19,72.83,1.22
2024-07-01T03:00:00,19.19,72.85,0.6
2024-07-01T03:00:00,19.19,72.87,1.01
2024-07-01T03:00:00,19.19,72.89,0.31
2024-07-01T03:00:00,19.19,72.91,1.08
2024-07-01T03:00:00,19.19,72.93,0.4
2024-07-01T03:00:00,19.19,72.95,0.37
2024-07-01T03:00:00,19.19,72.97,0.22
2024-07-01T03:00:00,19.19,72.99,0.68
2024-07-01T03:00:00,19.21,72.77,0.65
2024-07-01T03:00:00,19.21,72.79,1.57
2024-07-01T03:00:00,19.21,72.81,0.23
2024-07-01T03:00:00,19.21,72.83,0.8
2024-07-01T03:00:00,19.21,72.85,1.27
2024-07-01T03:00:00,19.21,72.87,0.64
2024-07-01T03:00:00,19.21,72.89,0.41
2024-07-01T03:00:00,19.21,72.91,0.6
2024-07-01T03:00:00,19.21,72.93,1.25
2024-07-01T03:00:00,19.21,72.95,1.23
2024-07-01T03:00:00,19.21,72.97,0.46
2024-07-01T03:00:00,19.21,72.99,1.18
2024-07-01T03:00:00,19.23,72.77,0.63
2024-07-01T03:00:00,19.23,72.79,1.11
2024-07-01T03:00:00,19.23,72.81,0.89
2024-07-01T03:00:00,19.23,72.83,0.42
2024-07-01T03:00:00,19.23,72.85,0.25
2024-07-01T03:00:00,19.23,72.87,1.26
2024-07-01T03:00:00,19.23,72.89,1.46
2024-07-01T03:00:00,19.23,72.91,0.71
2024-07-01T03:00:00,19.23,72.93,0.51
2024-07-01T03:00:00,19.23,72.95,0.17
2024-07-01T03:00:00,19.23,72.97,1.12
2024-07-01T03:00:00,19.23,72.99,0.61
2024-07-01T03:00:00,19.25,72.77,0.52
2024-07-01T03:00:00,19.25,72.79,1.14
2024-07-01T03:00:00,19.25,72.81,0.17
2024-07-01T03:00:00,19.25,72.83,0.24
2024-07-01T03:00:00,19.25,72.85,0.32
2024-07-01T03:00:00,19.25,72.87,0.81
2024-07-01T03:00:00,19.25,72.89,0.62
2024-07-01T03:00:00,19.25,72.91,0.84
2024-07-01T03:00:00,19.25,72.93,1.11
2024-07-01T03:00:00,19.25,72.95,0.83
2024-07-01T03:00:00,19.25,72.97,1.67
2024-07-01T03:00:00,19.25,72.99,1.05
2024-07-01T04:00:00,18.87,72.77,0.8
2024-07-01T04:00:00,18.87,72.79,0.54
2024-07-01T04:00:00,18.87,72.81,0.77
2024-07-01T04:00:00,18.87,72.83,1.33
2024-07-01T04:00:00,18.87,72.85,0.55
2024-07-01T04:00:00,18.87,72.87,1.29
2024-07-01T04:00:00,18.87,72.89,1.16
2024-07-01T04:00:00,18.87,72.91,0.32
2024-07-01T04:00:00,18.87,72.93,1.51
2024-07-01T04:00:00,18.87,72.95,0.93
2024-07-01T04:00:00,18.87,72.97,2.22
2024-07-01T04:00:00,18.87,72.99,0.67
2024-07-01T04:00:00,18.89,72.77,0.69
2024-07-01T04:00:00,18.89,72.79,0.33
2024-07-01T04:00:00,18.89,72.81,0.31
2024-07-01T04:00:00,18.89,72.83,1.55
2024-07-01T04:00:00,18.89,72.85,2.34
2024-07-01T04:00:00,18.89,72.87,0.7
2024-07-01T04:00:00,18.89,72.89,0.65
2024-07-01T04:00:00,18.89,72.91,0.77
2024-07-01T04:00:00,18.89,72.93,1.58
2024-07-01T04:00:00,18.89,72.95,0.31
2024-07-01T04:00:00,18.89,72.97,0.83
2024-07-01T04:00:00,18.89,72.99,1.34
2024-07-01T04:00:00,18.91,72.77,1.27
2024-07-01T04:00:00,18.91,72.79,0.02
2024-07-01T04:00:00,18.91,72.81,1.34
2024-07-01T04:00:00,18.91,72.83,1.16
2024-07-01T04:00:00,18.91,72.85,1.94
2024-07-01T04:00:00,18.91,72.87,2.17
2024-07-01T04:00:00,18.91,72.89,1.79
2024-07-01T04:00:00,18.91,72.91,0.77
2024-07-01T04:00:00,18.91,72.93,0.14
2024-07-01T04:00:00,18.91,72.95,0.61
2024-07-01T04:00:00,18.91,72.97,0.72
2024-07-01T04:00:00,18.91,72.99,2.03
2024-07-01T04:00:00,18.93,72.77,0.46
2024-07-01T04:00:00,18.93,72.79,0.24
2024-07-01T04:00:00,18.93,72.81,0.58
2024-07-01T04:00:00,18.93,72.83,0.44
2024-07-01T04:00:00,18.93,72.85,0.2
2024-07-01T04:00:00,18.93,72.87,0.72
2024-07-01T04:00:00,18.93,72.89,0.8
2024-07-01T04:00:00,18.93,72.91,0.18
2024-07-01T04:00:00,18.93,72.93,0.56
2024-07-01T04:00:00,18.93,72.95,0.37
2024-07-01T04:00:00,18.93,72.97,0.76
2024-07-01T04:00:00,18.93,72.99,0.8
2024-07-01T04:00:00,18.95,72.77,0.46
2024-07-01T04:00:00,18.95,72.79,1.78
2024-07-01T04:00:00,18.95,72.81,0.84
2024-07-01T04:00:00,18.95,72.83,0.44
2024-07-01T04:00:00,18.95,72.85,0.18
2024-07-01T04:00:00,18.95,72.87,0.93
2024-07-01T04:00:00,18.95,72.89,1.08
2024-07-01T04:00:00,18.95,72.91,0.49
2024-07-01T04:00:00,18.95,72.93,0.8
2024-07-01T04:00:00,18.95,72.95,2.0
2024-07-01T04:00:00,18.95,72.97,1.3
2024-07-01T04:00:00,18.95,72.99,0.06
2024-07-01T04:00:00,18.97,72.77,0.47
2024-07-01T04:00:00,18.97,72.79,0.77
2024-07-01T04:00:00,18.97,72.81,0.88
2024-07-01T04:00:00,18.97,72.83,0.91
2024-07-01T04:00:00,18.97,72.85,1.08
2024-07-01T04:00:00,18.97,72.87,0.71
2024-07-01T04:00:00,18.97,72.89,0.76
2024-07-01T04:00:00,18.97,72.91,1.41
2024-07-01T04:00:00,18.97,72.93,0.89
2024-07-01T04:00:00,18.97,72.95,0.25
2024-07-01T04:00:00,18.97,72.97,0.75
2024-07-01T04:00:00,18.97,72.99,0.62
2024-07-01T04:00:00,18.99,72.77,0.12
2024-07-01T04:00:00,18.99,72.79,0.96
2024-07-01T04:00:00,18.99,72.81,0.33
2024-07-01T04:00:00,18.99,72.83,1.57
2024-07-01T04:00:00,18.99,72.85,1.07
2024-07-01T04:00:00,18.99,72.87,0.25
2024-07-01T04:00:00,18.99,72.89,1.41
2024-07-01T04:00:00,18.99,72.91,1.84
2024-07-01T04:00:00,18.99,72.93,0.59
2024-07-01T04:00:00,18.99,72.95,0.63
2024-07-01T04:00:00,18.99,72.97,1.23
2024-07-01T04:00:00,18.99,72.99,1.63
2024-07-01T04:00:00,19.01,72.77,0.16
2024-07-01T04:00:00,19.01,72.79,0.32
2024-07-01T04:00:00,19.01,72.81,0.59
2024-07-01T04:00:00,19.01,72.83,0.63
2024-07-01T04:00:00,19.01,72.85,1.36
2024-07-01T04:00:00,19.01,72.87,1.83
2024-07-01T04:00:00,19.01,72.89,1.88
2024-07-01T04:00:00,19.01,72.91,0.13
2024-07-01T04:00:00,19.01,72.93,0.36
2024-07-01T04:00:00,19.01,72.95,0.43
2024-07-01T04:00:00,19.01,72.97,0.34
2024-07-01T04:00:00,19.01,72.99,0.93
2024-07-01T04:00:00,19.03,72.77,1.31
2024-07-01T04:00:00,19.03,72.79,0.86
2024-07-01T04:00:00,19.03,72.81,0.77
2024-07-01T04:00:00,19.03,72.83,0.59
2024-07-01T04:00:00,19.03,72.85,0.64
2024-07-01T04:00:00,19.03,72.87,2.15
2024-07-01T04:00:00,19.03,72.89,1.23
2024-07-01T04:00:00,19.03,72.91,0.56
2024-07-01T04:00:00,19.03,72.93,0.66
2024-07-01T04:00:00,19.03,72.95,0.98
2024-07-01T04:00:00,19.03,72.97,0.23
2024-07-01T04:00:00,19.03,72.99,0.76
2024-07-01T04:00:00,19.05,72.77,1.39
2024-07-01T04:00:00,19.05,72.79,1.23
2024-07-01T04:00:00,19.05,72.81,0.42
2024-07-01T04:00:00,19.05,72.83,0.48
2024-07-01T04:00:00,19.05,72.85,0.09
2024-07-01T04:00:00,19.05,72.87,1.3
2024-07-01T04:00:00,19.05,72.89,2.7
2024-07-01T04:00:00,19.05,72.91,0.32
2024-07-01T04:00:00,19.05,72.93,1.52
2024-07-01T04:00:00,19.05,72.95,2.41
2024-07-01T04:00:00,19.05,72.97,0.47
2024-07-01T04:00:00,19.05,72.99,0.63
2024-07-01T04:00:00,19.07,72.77,1.06
2024-07-01T04:00:00,19.07,72.79,1.2
2024-07-01T04:00:00,19.07,72.81,1.04
2024-07-01T04:00:00,19.07,72.83,0.58
2024-07-01T04:00:00,19.07,72.85,1.22
2024-07-01T04:00:00,19.07,72.87,0.57
2024-07-01T04:00:00,19.07,72.89,0.99
2024-07-01T04:00:00,19.07,72.91,0.71
2024-07-01T04:00:00,19.07,72.93,0.11
2024-07-01T04:00:00,19.07,72.95,1.64
2024-07-01T04:00:00,19.07,72.97,0.42
2024-07-01T04:00:00,19.07,72.99,1.7
2024-07-01T04:00:00,19.09,72.77,1.81
2024-07-01T04:00:00,19.09,72.79,1.01
2024-07-01T04:00:00,19.09,72.81,1.21
2024-07-01T04:00:00,19.09,72.83,1.27
2024-07-01T04:00:00,19.09,72.85,0.67
2024-07-01T04:00:00,19.09,72.87,0.68
2024-07-01T04:00:00,19.09,72.89,1.15
2024-07-01T04:00:00,19.09,72.91,0.72
2024-07-01T04:00:00,19.09,72.93,0.52
2024-07-01T04:00:00,19.09,72.95,0.36
2024-07-01T04:00:00,19.09,72.97,0.94
2024-07-01T04:00:00,19.09,72.99,0.4
2024-07-01T04:00:00,19.11,72.77,1.61
2024-07-01T04:00:00,19.11,72.79,1.65
2024-07-01T04:00:00,19.11,72.81,1.2
2024-07-01T04:00:00,19.11,72.83,1.34
2024-07-01T04:00:00,19.11,72.85,1.14
2024-07-01T04:00:00,19.11,72.87,1.34
2024-07-01T04:00:00,19.11,72.89,1.27
2024-07-01T04:00:00,19.11,72.91,0.95
2024-07-01T04:00:00,19.11,72.93,1.49
2024-07-01T04:00:00,19.11,72.95,0.62
2024-07-01T04:00:00,19.11,72.97,0.37
2024-07-01T04:00:00,19.11,72.99,0.34
2024-07-01T04:00:00,19.13,72.77,0.69
2024-07-01T04:00:00,19.13,72.79,0.11
2024-07-01T04:00:00,19.13,72.81,0.97
2024-07-01T04:00:00,19.13,72.83,1.29
2024-07-01T04:00:00,19.13,72.85,1.5
2024-07-01T04:00:00,19.13,72.87,0.15
2024-07-01T04:00:00,19.13,72.89,0.39
2024-07-01T04:00:00,19.13,72.91,1.31
2024-07-01T04:00:00,19.13,72.93,0.62
2024-07-01T04:00:00,19.13,72.95,1.11
2024-07-01T04:00:00,19.13,72.97,0.22
2024-07-01T04:00:00,19.13,72.99,1.69
2024-07-01T04:00:00,19.15,72.77,0.26
2024-07-01T04:00:00,19.15,72.79,0.98
2024-07-01T04:00:00,19.15,72.81,0.97
2024-07-01T04:00:00,19.15,72.83,0.53
2024-07-01T04:00:00,19.15,72.85,1.11
2024-07-01T04:00:00,19.15,72.87,1.1
2024-07-01T04:00:00,19.15,72.89,1.0
2024-07-01T04:00:00,19.15,72.91,0.48
2024-07-01T04:00:00,19.15,72.93,0.4
2024-07-01T04:00:00,19.15,72.95,0.5
2024-07-01T04:00:00,19.15,72.97,0.34
2024-07-01T04:00:00,19.15,72.99,1.47
2024-07-01T04:00:00,19.17,72.77,0.67
2024-07-01T04:00:00,19.17,72.79,0.96
2024-07-01T04:00:00,19.17,72.81,1.47
2024-07-01T04:00:00,19.17,72.83,0.38
2024-07-01T04:00:00,19.17,72.85,0.22
2024-07-01T04:00:00,19.17,72.87,0.37
2024-07-01T04:00:00,19.17,72.89,0.91
2024-07-01T04:00:00,19.17,72.91,0.85
2024-07-01T04:00:00,19.17,72.93,0.96
2024-07-01T04:00:00,19.17,72.95,0.65
2024-07-01T04:00:00,19.17,72.97,0.04
2024-07-01T04:00:00,19.17,72.99,0.61
2024-07-01T04:00:00,19.19,72.77,1.71
2024-07-01T04:00:00,19.19,72.79,1.95
2024-07-01T04:00:00,19.19,72.81,0.88
2024-07-01T04:00:00,19.19,72.83,0.93
2024-07-01T04:00:00,19.19,72.85,1.22
2024-07-01T04:00:00,19.19,72.87,1.72
2024-07-01T04:00:00,19.19,72.89,0.75
2024-07-01T04:00:00,19.19,72.91,1.13
2024-07-01T04:00:00,19.19,72.93,0.45
2024-07-01T04:00:00,19.19,72.95,0.23
2024-07-01T04:00:00,19.19,72.97,0.48
2024-07-01T04:00:00,19.19,72.99,1.78
2024-07-01T04:00:00,19.21,72.77,1.37
2024-07-01T04:00:00,19.21,72.79,0.3
2024-07-01T04:00:00,19.21,72.81,1.33
2024-07-01T04:00:00,19.21,72.83,0.3
2024-07-01T04:00:00,19.21,72.85,1.03
2024-07-01T04:00:00,19.21,72.87,0.34
2024-07-01T04:00:00,19.21,72.89,0.25
2024-07-01T04:00:00,19.21,72.91,2.11
2024-07-01T04:00:00,19.21,72.93,0.55
2024-07-01T04:00:00,19.21,72.95,1.09
2024-07-01T04:00:00,19.21,72.97,0.72
2024-07-01T04:00:00,19.21,72.99,0.28
2024-07-01T04:00:00,19.23,72.77,0.73
2024-07-01T04:00:00,19.23,72.79,0.35
2024-07-01T04:00:00,19.23,72.81,3.53
2024-07-01T04:00:00,19.23,72.83,1.4
2024-07-01T04:00:00,19.23,72.85,0.8
2024-07-01T04:00:00,19.23,72.87,1.13
2024-07-01T04:00:00,19.23,72.89,1.24
2024-07-01T04:00:00,19.23,72.91,1.22
2024-07-01T04:00:00,19.23,72.93,1.16
2024-07-01T04:00:00,19.23,72.95,1.08
2024-07-01T04:00:00,19.23,72.97,0.75
2024-07-01T04:00:00,19.23,72.99,1.87
2024-07-01T04:00:00,19.25,72.77,1.0
2024-07-01T04:00:00,19.25,72.79,0.88
2024-07-01T04:00:00,19.25,72.81,0.94
2024-07-01T04:00:00,19.25,72.83,0.96
2024-07-01T04:00:00,19.25,72.85,0.16
2024-07-01T04:00:00,19.25,72.87,0.37
2024-07-01T04:00:00,19.25,72.89,0.69
2024-07-01T04:00:00,19.25,72.91,0.14
2024-07-01T04:00:00,19.25,72.93,0.73
2024-07-01T04:00:00,19.25,72.95,0.84
2024-07-01T04:00:00,19.25,72.97,0.21
2024-07-01T04:00:00,19.25,72.99,0.41
2024-07-01T05:00:00,18.87,72.77,2.81
2024-07-01T05:00:00,18.87,72.79,1.73
2024-07-01T05:00:00,18.87,72.81,1.61
2024-07-01T05:00:00,18.87,72.83,2.36
2024-07-01T05:00:00,18.87,72.85,0.52
2024-07-01T05:00:00,18.87,72.87,0.32
2024-07-01T05:00:00,18.87,72.89,2.0
2024-07-01T05:00:00,18.87,72.91,0.93
2024-07-01T05:00:00,18.87,72.93,0.47
2024-07-01T05:00:00,18.87,72.95,0.19
2024-07-01T05:00:00,18.87,72.97,1.08
2024-07-01T05:00:00,18.87,72.99,0.8
2024-07-01T05:00:00,18.89,72.77,0.89
2024-07-01T05:00:00,18.89,72.79,0.09
2024-07-01T05:00:00,18.89,72.81,3.05
2024-07-01T05:00:00,18.89,72.83,0.28
2024-07-01T05:00:00,18.89,72.85,0.86
2024-07-01T05:00:00,18.89,72.87,0.73
2024-07-01T05:00:00,18.89,72.89,1.55
2024-07-01T05:00:00,18.89,72.91,0.2
2024-07-01T05:00:00,18.89,72.93,1.36
2024-07-01T05:00:00,18.89,72.95,1.1
2024-07-01T05:00:00,18.89,72.97,0.54
2024-07-01T05:00:00,18.89,72.99,1.27
2024-07-01T05:00:00,18.91,72.77,1.21
2024-07-01T05:00:00,18.91,72.79,3.63
2024-07-01T05:00:00,18.91,72.81,0.96
2024-07-01T05:00:00,18.91,72.83,0.46
2024-07-01T05:00:00,18.91,72.85,1.5
2024-07-01T05:00:00,18.91,72.87,0.8
2024-07-01T05:00:00,18.91,72.89,1.01
2024-07-01T05:00:00,18.91,72.91,0.31
2024-07-01T05:00:00,18.91,72.93,1.5
2024-07-01T05:00:00,18.91,72.95,0.65
2024-07-01T05:00:00,18.91,72.97,1.15
2024-07-01T05:00:00,18.91,72.99,3.4
2024-07-01T05:00:00,18.93,72.77,0.98
2024-07-01T05:00:00,18.93,72.79,1.96
2024-07-01T05:00:00,18.93,72.81,0.97
2024-07-01T05:00:00,18.93,72.83,0.63
2024-07-01T05:00:00,18.93,72.85,2.56
2024-07-01T05:00:00,18.93,72.87,0.14
2024-07-01T05:00:00,18.93,72.89,2.03
2024-07-01T05:00:00,18.93,72.91,0.12
2024-07-01T05:00:00,18.93,72.93,1.81
2024-07-01T05:00:00,18.93,72.95,0.97
2024-07-01T05:00:00,18.93,72.97,0.4
2024-07-01T05:00:00,18.93,72.99,0.66
2024-07-01T05:00:00,18.95,72.77,1.94
2024-07-01T05:00:00,18.95,72.79,3.98
2024-07-01T05:00:00,18.95,72.81,0.24
2024-07-01T05:00:00,18.95,72.83,0.49
2024-07-01T05:00:00,18.95,72.85,0.3
2024-07-01T05:00:00,18.95,72.87,0.89
2024-07-01T05:00:00,18.95,72.89,1.92
2024-07-01T05:00:00,18.95,72.91,0.24
2024-07-01T05:00:00,18.95,72.93,0.96
2024-07-01T05:00:00,18.95,72.95,1.77
2024-07-01T05:00:00,18.95,72.97,0.67
2024-07-01T05:00:00,18.95,72.99,1.08
2024-07-01T05:00:00,18.97,72.77,2.74
2024-07-01T05:00:00,18.97,72.79,0.44
2024-07-01T05:00:00,18.97,72.81,0.18
2024-07-01T05:00:00,18.97,72.83,1.38
2024-07-01T05:00:00,18.97,72.85,1.37
2024-07-01T05:00:00,18.97,72.87,0.69
2024-07-01T05:00:00,18.97,72.89,0.57
2024-07-01T05:00:00,18.97,72.91,1.02
2024-07-01T05:00:00,18.97,72.93,0.36
2024-07-01T05:00:00,18.97,72.95,0.36
2024-07-01T05:00:00,18.97,72.97,1.53
2024-07-01T05:00:00,18.97,72.99,0.32
2024-07-01T05:00:00,18.99,72.77,0.2
2024-07-01T05:00:00,18.99,72.79,0.65
2024-07-01T05:00:00,18.99,72.81,0.76
2024-07-01T05:00:00,18.99,72.83,1.53
2024-07-01T05:00:00,18.99,72.85,0.64
2024-07-01T05:00:00,18.99,72.87,2.65
2024-07-01T05:00:00,18.99,72.89,1.08
2024-07-01T05:00:00,18.99,72.91,0.49
2024-07-01T05:00:00,18.99,72.93,1.32
2024-07-01T05:00:00,18.99,72.95,2.41
2024-07-01T05:00:00,18.99,72.97,1.5
2024-07-01T05:00:00,18.99,72.99,0.21
2024-07-01T05:00:00,19.01,72.77,0.87
2024-07-01T05:00:00,19.01,72.79,1.39
2024-07-01T05:00:00,19.01,72.81,1.73
2024-07-01T05:00:00,19.01,72.83,0.94
2024-07-01T05:00:00,19.01,72.85,0.82
2024-07-01T05:00:00,19.01,72.87,3.25
2024-07-01T05:00:00,19.01,72.89,1.63
2024-07-01T05:00:00,19.01,72.91,1.35
2024-07-01T05:00:00,19.01,72.93,0.61
2024-07-01T05:00:00,19.01,72.95,0.35
2024-07-01T05:00:00,19.01,72.97,1.3
2024-07-01T05:00:00,19.01,72.99,1.61
2024-07-01T05:00:00,19.03,72.77,1.19
2024-07-01T05:00:00,19.03,72.79,1.86
2024-07-01T05:00:00,19.03,72.81,1.84
2024-07-01T05:00:00,19.03,72.83,1.97
2024-07-01T05:00:00,19.03,72.85,0.24
2024-07-01T05:00:00,19.03,72.87,0.77
2024-07-01T05:00:00,19.03,72.89,1.46
2024-07-01T05:00:00,19.03,72.91,1.03
2024-07-01T05:00:00,19.03,72.93,1.6
2024-07-01T05:00:00,19.03,72.95,1.3
2024-07-01T05:00:00,19.03,72.97,0.08
2024-07-01T05:00:00,19.03,72.99,1.96
2024-07-01T05:00:00,19.05,72.77,0.8
2024-07-01T05:00:00,19.05,72.79,0.54
2024-07-01T05:00:00,19.05,72.81,2.31
2024-07-01T05:00:00,19.05,72.83,1.7
2024-07-01T05:00:00,19.05,72.85,2.4
2024-07-01T05:00:00,19.05,72.87,1.26
2024-07-01T05:00:00,19.05,72.89,0.75
2024-07-01T05:00:00,19.05,72.91,1.11
2024-07-01T05:00:00,19.05,72.93,0.39
2024-07-01T05:00:00,19.05,72.95,0.26
2024-07-01T05:00:00,19.05,72.97,0.55
2024-07-01T05:00:00,19.05,72.99,2.52
2024-07-01T05:00:00,19.07,72.77,0.76
2024-07-01T05:00:00,19.07,72.79,0.2
2024-07-01T05:00:00,19.07,72.81,0.99
2024-07-01T05:00:00,19.07,72.83,0.69
2024-07-01T05:00:00,19.07,72.85,2.27
2024-07-01T05:00:00,19.07,72.87,2.69
2024-07-01T05:00:00,19.07,72.89,0.72
2024-07-01T05:00:00,19.07,72.91,1.21
2024-07-01T05:00:00,19.07,72.93,1.26
2024-07-01T05:00:00,19.07,72.95,0.92
2024-07-01T05:00:00,19.07,72.97,0.78
2024-07-01T05:00:00,19.07,72.99,0.41
2024-07-01T05:00:00,19.09,72.77,0.17
2024-07-01T05:00:00,19.09,72.79,0.51
2024-07-01T05:00:00,19.09,72.81,1.05
2024-07-01T05:00:00,19.09,72.83,0.27
2024-07-01T05:00:00,19.09,72.85,1.24
2024-07-01T05:00:00,19.09,72.87,1.09
2024-07-01T05:00:00,19.09,72.89,0.64
2024-07-01T05:00:00,19.09,72.91,0.8
2024-07-01T05:00:00,19.09,72.93,0.29
2024-07-01T05:00:00,19.09,72.95,1.71
2024-07-01T05:00:00,19.09,72.97,1.66
2024-07-01T05:00:00,19.09,72.99,0.32
2024-07-01T05:00:00,19.11,72.77,0.43
2024-07-01T05:00:00,19.11,72.79,0.51
2024-07-01T05:00:00,19.11,72.81,1.67
2024-07-01T05:00:00,19.11,72.83,1.4
2024-07-01T05:00:00,19.11,72.85,2.18
2024-07-01T05:00:00,19.11,72.87,2.29
2024-07-01T05:00:00,19.11,72.89,0.22
2024-07-01T05:00:00,19.11,72.91,1.44
2024-07-01T05:00:00,19.11,72.93,2.09
2024-07-01T05:00:00,19.11,72.95,0.73
2024-07-01T05:00:00,19.11,72.97,0.92
2024-07-01T05:00:00,19.11,72.99,0.81
2024-07-01T05:00:00,19.13,72.77,1.07
2024-07-01T05:00:00,19.13,72.79,2.06
2024-07-01T05:00:00,19.13,72.81,3.43
2024-07-01T05:00:00,19.13,72.83,2.72
2024-07-01T05:00:00,19.13,72.85,0.7
2024-07-01T05:00:00,19.13,72.87,1.26
2024-07-01T05:00:00,19.13,72.89,0.51
2024-07-01T05:00:00,19.13,72.91,0.55
2024-07-01T05:00:00,19.13,72.93,0.92
2024-07-01T05:00:00,19.13,72.95,0.52
2024-07-01T05:00:00,19.13,72.97,0.58
2024-07-01T05:00:00,19.13,72.99,1.11
2024-07-01T05:00:00,19.15,72.77,1.72
2024-07-01T05:00:00,19.15,72.79,1.63
2024-07-01T05:00:00,19.15,72.81,1.59
2024-07-01T05:00:00,19.15,72.83,0.34
2024-07-01T05:00:00,19.15,72.85,0.55
2024-07-01T05:00:00,19.15,72.87,1.07
2024-07-01T05:00:00,19.15,72.89,2.11
2024-07-01T05:00:00,19.15,72.91,4.14
2024-07-01T05:00:00,19.15,72.93,1.22
2024-07-01T05:00:00,19.15,72.95,1.6
2024-07-01T05:00:00,19.15,72.97,0.26
2024-07-01T05:00:00,19.15,72.99,1.52
2024-07-01T05:00:00,19.17,72.77,4.14
2024-07-01T05:00:00,19.17,72.79,0.6
2024-07-01T05:00:00,19.17,72.81,0.71
2024-07-01T05:00:00,19.17,72.83,1.99
2024-07-01T05:00:00,19.17,72.85,1.08
2024-07-01T05:00:00,19.17,72.87,0.13
2024-07-01T05:00:00,19.17,72.89,0.67
2024-07-01T05:00:00,19.17,72.91,2.57
2024-07-01T05:00:00,19.17,72.93,0.78
2024-07-01T05:00:00,19.17,72.95,0.76
2024-07-01T05:00:00,19.17,72.97,1.64
2024-07-01T05:00:00,19.17,72.99,1.19
2024-07-01T05:00:00,19.19,72.77,0.91
2024-07-01T05:00:00,19.19,72.79,0.69
2024-07-01T05:00:00,19.19,72.81,6.12
2024-07-01T05:00:00,19.19,72.83,2.51
2024-07-01T05:00:00,19.19,72.85,1.51
2024-07-01T05:00:00,19.19,72.87,1.54
2024-07-01T05:00:00,19.19,72.89,0.92
2024-07-01T05:00:00,19.19,72.91,1.27
2024-07-01T05:00:00,19.19,72.93,0.81
2024-07-01T05:00:00,19.19,72.95,0.45
2024-07-01T05:00:00,19.19,72.97,1.23
2024-07-01T05:00:00,19.19,72.99,0.72
2024-07-01T05:00:00,19.21,72.77,1.62
2024-07-01T05:00:00,19.21,72.79,1.79
2024-07-01T05:00:00,19.21,72.81,1.58
2024-07-01T05:00:00,19.21,72.83,0.48
2024-07-01T05:00:00,19.21,72.85,0.75
2024-07-01T05:00:00,19.21,72.87,0.82
2024-07-01T05:00:00,19.21,72.89,1.99
2024-07-01T05:00:00,19.21,72.91,1.88
2024-07-01T05:00:00,19.21,72.93,0.53
2024-07-01T05:00:00,19.21,72.95,0.29
2024-07-01T05:00:00,19.21,72.97,4.05
2024-07-01T05:00:00,19.21,72.99,1.27
2024-07-01T05:00:00,19.23,72.77,0.32
2024-07-01T05:00:00,19.23,72.79,0.72
2024-07-01T05:00:00,19.23,72.81,2.26
2024-07-01T05:00:00,19.23,72.83,3.97
2024-07-01T05:00:00,19.23,72.85,3.46
2024-07-01T05:00:00,19.23,72.87,1.38
2024-07-01T05:00:00,19.23,72.89,1.02
2024-07-01T05:00:00,19.23,72.91,0.4
2024-07-01T05:00:00,19.23,72.93,1.04
2024-07-01T05:00:00,19.23,72.95,0.43
2024-07-01T05:00:00,19.23,72.97,0.67
2024-07-01T05:00:00,19.23,72.99,1.69
2024-07-01T05:00:00,19.25,72.77,0.99
2024-07-01T05:00:00,19.25,72.79,0.91
2024-07-01T05:00:00,19.25,72.81,1.08
2024-07-01T05:00:00,19.25,72.83,5.13
2024-07-01T05:00:00,19.25,72.85,0.38
2024-07-01T05:00:00,19.25,72.87,1.28
2024-07-01T05:00:00,19.25,72.89,3.11
2024-07-01T05:00:00,19.25,72.91,0.95
2024-07-01T05:00:00,19.25,72.93,2.22
2024-07-01T05:00:00,19.25,72.95,0.27
2024-07-01T05:00:00,19.25,72.97,0.8
2024-07-01T05:00:00,19.25,72.99,0.46
2024-07-01T06:00:00,18.87,72.77,1.51
2024-07-01T06:00:00,18.87,72.79,1.49
2024-07-01T06:00:00,18.87,72.81,1.56
2024-07-01T06:00:00,18.87,72.83,2.63
2024-07-01T06:00:00,18.87,72.85,0.1
2024-07-01T06:00:00,18.87,72.87,0.83
2024-07-01T06:00:00,18.87,72.89,1.59
2024-07-01T06:00:00,18.87,72.91,0.18
2024-07-01T06:00:00,18.87,72.93,2.03
2024-07-01T06:00:00,18.87,72.95,0.75
2024-07-01T06:00:00,18.87,72.97,1.08
2024-07-01T06:00:00,18.87,72.99,2.31
2024-07-01T06:00:00,18.89,72.77,3.74
2024-07-01T06:00:00,18.89,72.79,2.46
2024-07-01T06:00:00,18.89,72.81,0.53
2024-07-01T06:00:00,18.89,72.83,2.24
2024-07-01T06:00:00,18.89,72.85,2.28
2024-07-01T06:00:00,18.89,72.87,1.93
2024-07-01T06:00:00,18.89,72.89,3.52
2024-07-01T06:00:00,18.89,72.91,1.41
2024-07-01T06:00:00,18.89,72.93,3.3
2024-07-01T06:00:00,18.89,72.95,3.23
2024-07-01T06:00:00,18.89,72.97,2.06
2024-07-01T06:00:00,18.89,72.99,1.54
2024-07-01T06:00:00,18.91,72.77,2.23
2024-07-01T06:00:00,18.91,72.79,4.59
2024-07-01T06:00:00,18.91,72.81,3.11
2024-07-01T06:00:00,18.91,72.83,0.57
2024-07-01T06:00:00,18.91,72.85,1.9
2024-07-01T06:00:00,18.91,72.87,0.66
2024-07-01T06:00:00,18.91,72.89,0.78
2024-07-01T06:00:00,18.91,72.91,0.98
2024-07-01T06:00:00,18.91,72.93,0.34
2024-07-01T06:00:00,18.91,72.95,0.57
2024-07-01T06:00:00,18.91,72.97,3.39
2024-07-01T06:00:00,18.91,72.99,0.71
2024-07-01T06:00:00,18.93,72.77,2.89
2024-07-01T06:00:00,18.93,72.79,1.76
2024-07-01T06:00:00,18.93,72.81,2.23
2024-07-01T06:00:00,18.93,72.83,2.24
2024-07-01T06:00:00,18.93,72.85,0.61
2024-07-01T06:00:00,18.93,72.87,2.5
2024-07-01T06:00:00,18.93,72.89,0.43
2024-07-01T06:00:00,18.93,72.91,0.73
2024-07-01T06:00:00,18.93,72.93,1.98
2024-07-01T06:00:00,18.93,72.95,0.52
2024-07-01T06:00:00,18.93,72.97,0.15
2024-07-01T06:00:00,18.93,72.99,1.6
2024-07-01T06:00:00,18.95,72.77,0.34
2024-07-01T06:00:00,18.95,72.79,2.5
2024-07-01T06:00:00,18.95,72.81,1.17
2024-07-01T06:00:00,18.95,72.83,1.86
2024-07-01T06:00:00,18.95,72.85,1.79
2024-07-01T06:00:00,18.95,72.87,2.36
2024-07-01T06:00:00,18.95,72.89,2.1
2024-07-01T06:00:00,18.95,72.91,0.53
2024-07-01T06:00:00,18.95,72.93,1.07
2024-07-01T06:00:00,18.95,72.95,1.64
2024-07-01T06:00:00,18.95,72.97,3.23
2024-07-01T06:00:00,18.95,72.99,1.93
2024-07-01T06:00:00,18.97,72.77,3.86
2024-07-01T06:00:00,18.97,72.79,2.05
2024-07-01T06:00:00,18.97,72.81,3.15
2024-07-01T06:00:00,18.97,72.83,1.75
2024-07-01T06:00:00,18.97,72.85,2.9
2024-07-01T06:00:00,18.97,72.87,1.04
2024-07-01T06:00:00,18.97,72.89,3.74
2024-07-01T06:00:00,18.97,72.91,1.91
2024-07-01T06:00:00,18.97,72.93,0.34
2024-07-01T06:00:00,18.97,72.95,1.68
2024-07-01T06:00:00,18.97,72.97,1.97
2024-07-01T06:00:00,18.97,72.99,2.29
2024-07-01T06:00:00,18.99,72.77,5.42
2024-07-01T06:00:00,18.99,72.79,1.01
2024-07-01T06:00:00,18.99,72.81,5.11
2024-07-01T06:00:00,18.99,72.83,1.46
2024-07-01T06:00:00,18.99,72.85,0.75
2024-07-01T06:00:00,18.99,72.87,0.93
2024-07-01T06:00:00,18.99,72.89,2.03
2024-07-01T06:00:00,18.99,72.91,0.61
2024-07-01T06:00:00,18.99,72.93,0.99
2024-07-01T06:00:00,18.99,72.95,1.65
2024-07-01T06:00:00,18.99,72.97,3.46
2024-07-01T06:00:00,18.99,72.99,2.25
2024-07-01T06:00:00,19.01,72.77,1.65
2024-07-01T06:00:00,19.01,72.79,2.31
2024-07-01T06:00:00,19.01,72.81,1.79
2024-07-01T06:00:00,19.01,72.83,0.5
2024-07-01T06:00:00,19.01,72.85,4.35
2024-07-01T06:00:00,19.01,72.87,3.84
2024-07-01T06:00:00,19.01,72.89,1.28
2024-07-01T06:00:00,19.01,72.91,0.91
2024-07-01T06:00:00,19.01,72.93,0.46
2024-07-01T06:00:00,19.01,72.95,2.0
2024-07-01T06:00:00,19.01,72.97,1.97
2024-07-01T06:00:00,19.01,72.99,0.62
2024-07-01T06:00:00,19.03,72.77,1.92
2024-07-01T06:00:00,19.03,72.79,2.74
2024-07-01T06:00:00,19.03,72.81,0.97
2024-07-01T06:00:00,19.03,72.83,1.24
2024-07-01T06:00:00,19.03,72.85,1.2
2024-07-01T06:00:00,19.03,72.87,0.73
2024-07-01T06:00:00,19.03,72.89,1.18
2024-07-01T06:00:00,19.03,72.91,0.29
2024-07-01T06:00:00,19.03,72.93,1.06
2024-07-01T06:00:00,19.03,72.95,1.05
2024-07-01T06:00:00,19.03,72.97,1.2
2024-07-01T06:00:00,19.03,72.99,1.76
2024-07-01T06:00:00,19.05,72.77,0.52
2024-07-01T06:00:00,19.05,72.79,0.6
2024-07-01T06:00:00,19.05,72.81,0.77
2024-07-01T06:00:00,19.05,72.83,0.43
2024-07-01T06:00:00,19.05,72.85,2.17
2024-07-01T06:00:00,19.05,72.87,0.87
2024-07-01T06:00:00,19.05,72.89,1.32
2024-07-01T06:00:00,19.05,72.91,0.63
2024-07-01T06:00:00,19.05,72.93,0.97
2024-07-01T06:00:00,19.05,72.95,1.6
2024-07-01T06:00:00,19.05,72.97,1.63
2024-07-01T06:00:00,19.05,72.99,0.5
2024-07-01T06:00:00,19.07,72.77,1.49
2024-07-01T06:00:00,19.07,72.79,0.75
2024-07-01T06:00:00,19.07,72.81,1.36
2024-07-01T06:00:00,19.07,72.83,0.85
2024-07-01T06:00:00,19.07,72.85,4.53
2024-07-01T06:00:00,19.07,72.87,2.45
2024-07-01T06:00:00,19.07,72.89,1.81
2024-07-01T06:00:00,19.07,72.91,1.06
2024-07-01T06:00:00,19.07,72.93,2.35
2024-07-01T06:00:00,19.07,72.95,1.23
2024-07-01T06:00:00,19.07,72.97,3.75
2024-07-01T06:00:00,19.07,72.99,2.39
2024-07-01T06:00:00,19.09,72.77,1.18
2024-07-01T06:00:00,19.09,72.79,4.26
2024-07-01T06:00:00,19.09,72.81,1.2
2024-07-01T06:00:00,19.09,72.83,4.82
2024-07-01T06:00:00,19.09,72.85,4.05
2024-07-01T06:00:00,19.09,72.87,1.72
2024-07-01T06:00:00,19.09,72.89,0.3
2024-07-01T06:00:00,19.09,72.91,1.56
2024-07-01T06:00:00,19.09,72.93,0.48
2024-07-01T06:00:00,19.09,72.95,0.76
2024-07-01T06:00:00,19.09,72.97,0.8
2024-07-01T06:00:00,19.09,72.99,0.45
2024-07-01T06:00:00,19.11,72.77,1.88
2024-07-01T06:00:00,19.11,72.79,0.83
2024-07-01T06:00:00,19.11,72.81,1.24
2024-07-01T06:00:00,19.11,72.83,0.93
2024-07-01T06:00:00,19.11,72.85,2.02
2024-07-01T06:00:00,19.11,72.87,1.87
2024-07-01T06:00:00,19.11,72.89,1.05
2024-07-01T06:00:00,19.11,72.91,1.95
2024-07-01T06:00:00,19.11,72.93,2.97
2024-07-01T06:00:00,19.11,72.95,0.13
2024-07-01T06:00:00,19.11,72.97,0.77
2024-07-01T06:00:00,19.11,72.99,0.54
2024-07-01T06:00:00,19.13,72.77,0.9
2024-07-01T06:00:00,19.13,72.79,0.12
2024-07-01T06:00:00,19.13,72.81,0.14
2024-07-01T06:00:00,19.13,72.83,0.96
2024-07-01T06:00:00,19.13,72.85,0.91
2024-07-01T06:00:00,19.13,72.87,3.47
2024-07-01T06:00:00,19.13,72.89,1.51
2024-07-01T06:00:00,19.13,72.91,1.92
2024-07-01T06:00:00,19.13,72.93,10.61
2024-07-01T06:00:00,19.13,72.95,3.85
2024-07-01T06:00:00,19.13,72.97,1.21
2024-07-01T06:00:00,19.13,72.99,0.87
2024-07-01T06:00:00,19.15,72.77,0.99
2024-07-01T06:00:00,19.15,72.79,1.97
2024-07-01T06:00:00,19.15,72.81,1.06
2024-07-01T06:00:00,19.15,72.83,0.52
2024-07-01T06:00:00,19.15,72.85,0.91
2024-07-01T06:00:00,19.15,72.87,1.8
2024-07-01T06:00:00,19.15,72.89,2.2
2024-07-01T06:00:00,19.15,72.91,4.27
2024-07-01T06:00:00,19.15,72.93,1.4
2024-07-01T06:00:00,19.15,72.95,3.03
2024-07-01T06:00:00,19.15,72.97,1.08
2024-07-01T06:00:00,19.15,72.99,1.18
2024-07-01T06:00:00,19.17,72.77,1.45
2024-07-01T06:00:00,19.17,72.79,1.81
2024-07-01T06:00:00,19.17,72.81,2.74
2024-07-01T06:00:00,19.17,72.83,1.0
2024-07-01T06:00:00,19.17,72.85,0.65
2024-07-01T06:00:00,19.17,72.87,2.68
2024-07-01T06:00:00,19.17,72.89,2.49
2024-07-01T06:00:00,19.17,72.91,3.48
2024-07-01T06:00:00,19.17,72.93,0.78
2024-07-01T06:00:00,19.17,72.95,1.06
2024-07-01T06:00:00,19.17,72.97,2.5
2024-07-01T06:00:00,19.17,72.99,0.84
2024-07-01T06:00:00,19.19,72.77,2.52
2024-07-01T06:00:00,19.19,72.79,1.32
2024-07-01T06:00:00,19.19,72.81,1.9
2024-07-01T06:00:00,19.19,72.83,0.51
2024-07-01T06:00:00,19.19,72.85,1.51
2024-07-01T06:00:00,19.19,72.87,3.12
2024-07-01T06:00:00,19.19,72.89,2.34
2024-07-01T06:00:00,19.19,72.91,0.57
2024-07-01T06:00:00,19.19,72.93,3.97
2024-07-01T06:00:00,19.19,72.95,2.76
2024-07-01T06:00:00,19.19,72.97,0.46
2024-07-01T06:00:00,19.19,72.99,0.8
2024-07-01T06:00:00,19.21,72.77,0.61
2024-07-01T06:00:00,19.21,72.79,2.0
2024-07-01T06:00:00,19.21,72.81,0.93
2024-07-01T06:00:00,19.21,72.83,0.19
2024-07-01T06:00:00,19.21,72.85,1.34
2024-07-01T06:00:00,19.21,72.87,2.61
2024-07-01T06:00:00,19.21,72.89,1.47
2024-07-01T06:00:00,19.21,72.91,1.96
2024-07-01T06:00:00,19.21,72.93,1.51
2024-07-01T06:00:00,19.21,72.95,2.15
2024-07-01T06:00:00,19.21,72.97,1.56
2024-07-01T06:00:00,19.21,72.99,1.12
2024-07-01T06:00:00,19.23,72.77,1.71
2024-07-01T06:00:00,19.23,72.79,4.15
2024-07-01T06:00:00,19.23,72.81,2.31
2024-07-01T06:00:00,19.23,72.83,0.62
2024-07-01T06:00:00,19.23,72.85,1.5
2024-07-01T06:00:00,19.23,72.87,1.77
2024-07-01T06:00:00,19.23,72.89,1.2
2024-07-01T06:00:00,19.23,72.91,0.17
2024-07-01T06:00:00,19.23,72.93,0.61
2024-07-01T06:00:00,19.23,72.95,0.91
2024-07-01T06:00:00,19.23,72.97,4.13
2024-07-01T06:00:00,19.23,72.99,1.76
2024-07-01T06:00:00,19.25,72.77,0.34
2024-07-01T06:00:00,19.25,72.79,1.43
2024-07-01T06:00:00,19.25,72.81,3.62
2024-07-01T06:00:00,19.25,72.83,0.89
2024-07-01T06:00:00,19.25,72.85,2.89
2024-07-01T06:00:00,19.25,72.87,0.31
2024-07-01T06:00:00,19.25,72.89,0.03
2024-07-01T06:00:00,19.25,72.91,2.98
2024-07-01T06:00:00,19.25,72.93,0.89
2024-07-01T06:00:00,19.25,72.95,0.93
2024-07-01T06:00:00,19.25,72.97,1.45
2024-07-01T06:00:00,19.25,72.99,1.72
2024-07-01T07:00:00,18.87,72.77,0.1
2024-07-01T07:00:00,18.87,72.79,1.16
2024-07-01T07:00:00,18.87,72.81,2.06
2024-07-01T07:00:00,18.87,72.83,2.65
2024-07-01T07:00:00,18.87,72.85,0.79
2024-07-01T07:00:00,18.87,72.87,1.54
2024-07-01T07:00:00,18.87,72.89,1.09
2024-07-01T07:00:00,18.87,72.91,2.06
2024-07-01T07:00:00,18.87,72.93,3.75
2024-07-01T07:00:00,18.87,72.95,1.28
2024-07-01T07:00:00,18.87,72.97,0.44
2024-07-01T07:00:00,18.87,72.99,0.89
2024-07-01T07:00:00,18.89,72.77,6.35
2024-07-01T07:00:00,18.89,72.79,0.96
2024-07-01T07:00:00,18.89,72.81,0.64
2024-07-01T07:00:00,18.89,72.83,1.38
2024-07-01T07:00:00,18.89,72.85,1.73
2024-07-01T07:00:00,18.89,72.87,1.17
2024-07-01T07:00:00,18.89,72.89,0.4
2024-07-01T07:00:00,18.89,72.91,2.21
2024-07-01T07:00:00,18.89,72.93,2.02
2024-07-01T07:00:00,18.89,72.95,2.75
2024-07-01T07:00:00,18.89,72.97,1.92
2024-07-01T07:00:00,18.89,72.99,4.67
2024-07-01T07:00:00,18.91,72.77,3.62
2024-07-01T07:00:00,18.91,72.79,3.02
2024-07-01T07:00:00,18.91,72.81,4.42
2024-07-01T07:00:00,18.91,72.83,2.13
2024-07-01T07:00:00,18.91,72.85,1.61
2024-07-01T07:00:00,18.91,72.87,2.29
2024-07-01T07:00:00,18.91,72.89,0.22
2024-07-01T07:00:00,18.91,72.91,1.94
2024-07-01T07:00:00,18.91,72.93,1.59
2024-07-01T07:00:00,18.91,72.95,2.28
2024-07-01T07:00:00,18.91,72.97,3.37
2024-07-01T07:00:00,18.91,72.99,2.48
2024-07-01T07:00:00,18.93,72.77,1.14
2024-07-01T07:00:00,18.93,72.79,3.69
2024-07-01T07:00:00,18.93,72.81,5.7
2024-07-01T07:00:00,18.93,72.83,3.97
2024-07-01T07:00:00,18.93,72.85,0.55
2024-07-01T07:00:00,18.93,72.87,2.75
2024-07-01T07:00:00,18.93,72.89,0.61
2024-07-01T07:00:00,18.93,72.91,1.39
2024-07-01T07:00:00,18.93,72.93,2.28
2024-07-01T07:00:00,18.93,72.95,2.03
2024-07-01T07:00:00,18.93,72.97,3.39
2024-07-01T07:00:00,18.93,72.99,4.73
2024-07-01T07:00:00,18.95,72.77,2.99
2024-07-01T07:00:00,18.95,72.79,1.51
2024-07-01T07:00:00,18.95,72.81,0.26
2024-07-01T07:00:00,18.95,72.83,4.6
2024-07-01T07:00:00,18.95,72.85,1.74
2024-07-01T07:00:00,18.95,72.87,1.76
2024-07-01T07:00:00,18.95,72.89,1.83
2024-07-01T07:00:00,18.95,72.91,2.41
2024-07-01T07:00:00,18.95,72.93,2.41
2024-07-01T07:00:00,18.95,72.95,1.35
2024-07-01T07:00:00,18.95,72.97,1.53
2024-07-01T07:00:00,18.95,72.99,0.98
2024-07-01T07:00:00,18.97,72.77,1.14
2024-07-01T07:00:00,18.97,72.79,1.1
2024-07-01T07:00:00,18.97,72.81,1.8
2024-07-01T07:00:00,18.97,72.83,0.87
2024-07-01T07:00:00,18.97,72.85,0.03
2024-07-01T07:00:00,18.97,72.87,1.34
2024-07-01T07:00:00,18.97,72.89,0.56
2024-07-01T07:00:00,18.97,72.91,1.89
2024-07-01T07:00:00,18.97,72.93,1.02
2024-07-01T07:00:00,18.97,72.95,2.34
2024-07-01T07:00:00,18.97,72.97,0.57
2024-07-01T07:00:00,18.97,72.99,0.27
2024-07-01T07:00:00,18.99,72.77,1.94
2024-07-01T07:00:00,18.99,72.79,1.44
2024-07-01T07:00:00,18.99,72.81,0.56
2024-07-01T07:00:00,18.99,72.83,3.31
2024-07-01T07:00:00,18.99,72.85,0.76
2024-07-01T07:00:00,18.99,72.87,0.95
2024-07-01T07:00:00,18.99,72.89,3.49
2024-07-01T07:00:00,18.99,72.91,2.53
2024-07-01T07:00:00,18.99,72.93,0.62
2024-07-01T07:00:00,18.99,72.95,1.28
2024-07-01T07:00:00,18.99,72.97,0.54
2024-07-01T07:00:00,18.99,72.99,3.03
2024-07-01T07:00:00,19.01,72.77,3.9
2024-07-01T07:00:00,19.01,72.79,6.46
2024-07-01T07:00:00,19.01,72.81,7.89
2024-07-01T07:00:00,19.01,72.83,1.13
2024-07-01T07:00:00,19.01,72.85,3.09
2024-07-01T07:00:00,19.01,72.87,0.25
2024-07-01T07:00:00,19.01,72.89,2.04
2024-07-01T07:00:00,19.01,72.91,2.38
2024-07-01T07:00:00,19.01,72.93,0.73
2024-07-01T07:00:00,19.01,72.95,0.94
2024-07-01T07:00:00,19.01,72.97,3.09
2024-07-01T07:00:00,19.01,72.99,2.26
2024-07-01T07:00:00,19.03,72.77,6.12
2024-07-01T07:00:00,19.03,72.79,5.48
2024-07-01T07:00:00,19.03,72.81,0.37
2024-07-01T07:00:00,19.03,72.83,1.23
2024-07-01T07:00:00,19.03,72.85,0.72
2024-07-01T07:00:00,19.03,72.87,3.11
2024-07-01T07:00:00,19.03,72.89,2.2
2024-07-01T07:00:00,19.03,72.91,0.72
2024-07-01T07:00:00,19.03,72.93,0.81
2024-07-01T07:00:00,19.03,72.95,3.88
2024-07-01T07:00:00,19.03,72.97,1.17
2024-07-01T07:00:00,19.03,72.99,0.18
2024-07-01T07:00:00,19.05,72.77,0.79
2024-07-01T07:00:00,19.05,72.79,6.75
2024-07-01T07:00:00,19.05,72.81,3.93
2024-07-01T07:00:00,19.05,72.83,0.59
2024-07-01T07:00:00,19.05,72.85,2.14
2024-07-01T07:00:00,19.05,72.87,3.48
2024-07-01T07:00:00,19.05,72.89,0.33
2024-07-01T07:00:00,19.05,72.91,3.59
2024-07-01T07:00:00,19.05,72.93,2.36
2024-07-01T07:00:00,19.05,72.95,0.89
2024-07-01T07:00:00,19.05,72.97,2.55
2024-07-01T07:00:00,19.05,72.99,2.03
2024-07-01T07:00:00,19.07,72.77,2.75
2024-07-01T07:00:00,19.07,72.79,2.27
2024-07-01T07:00:00,19.07,72.81,0.91
2024-07-01T07:00:00,19.07,72.83,1.04
2024-07-01T07:00:00,19.07,72.85,1.54
2024-07-01T07:00:00,19.07,72.87,1.88
2024-07-01T07:00:00,19.07,72.89,2.86
2024-07-01T07:00:00,19.07,72.91,5.89
2024-07-01T07:00:00,19.07,72.93,2.03
2024-07-01T07:00:00,19.07,72.95,2.67
2024-07-01T07:00:00,19.07,72.97,3.05
2024-07-01T07:00:00,19.07,72.99,2.71
2024-07-01T07:00:00,19.09,72.77,0.93
2024-07-01T07:00:00,19.09,72.79,4.98
2024-07-01T07:00:00,19.09,72.81,4.34
2024-07-01T07:00:00,19.09,72.83,2.12
2024-07-01T07:00:00,19.09,72.85,0.88
2024-07-01T07:00:00,19.09,72.87,1.86
2024-07-01T07:00:00,19.09,72.89,0.38
2024-07-01T07:00:00,19.09,72.91,4.66
2024-07-01T07:00:00,19.09,72.93,1.0
2024-07-01T07:00:00,19.09,72.95,1.33
2024-07-01T07:00:00,19.09,72.97,4.21
2024-07-01T07:00:00,19.09,72.99,3.82
2024-07-01T07:00:00,19.11,72.77,2.69
2024-07-01T07:00:00,19.11,72.79,5.96
2024-07-01T07:00:00,19.11,72.81,0.85
2024-07-01T07:00:00,19.11,72.83,2.46
2024-07-01T07:00:00,19.11,72.85,0.81
2024-07-01T07:00:00,19.11,72.87,3.85
2024-07-01T07:00:00,19.11,72.89,3.67
2024-07-01T07:00:00,19.11,72.91,5.36
2024-07-01T07:00:00,19.11,72.93,1.71
2024-07-01T07:00:00,19.11,72.95,6.11
2024-07-01T07:00:00,19.11,72.97,0.66
2024-07-01T07:00:00,19.11,72.99,1.56
2024-07-01T07:00:00,19.13,72.77,0.87
2024-07-01T07:00:00,19.13,72.79,2.35
2024-07-01T07:00:00,19.13,72.81,0.89
2024-07-01T07:00:00,19.13,72.83,4.05
2024-07-01T07:00:00,19.13,72.85,2.63
2024-07-01T07:00:00,19.13,72.87,0.67
2024-07-01T07:00:00,19.13,72.89,3.19
2024-07-01T07:00:00,19.13,72.91,4.88
2024-07-01T07:00:00,19.13,72.93,2.59
2024-07-01T07:00:00,19.13,72.95,0.46
2024-07-01T07:00:00,19.13,72.97,1.47
2024-07-01T07:00:00,19.13,72.99,2.69
2024-07-01T07:00:00,19.15,72.77,1.72
2024-07-01T07:00:00,19.15,72.79,0.8
2024-07-01T07:00:00,19.15,72.81,4.5
2024-07-01T07:00:00,19.15,72.83,1.52
2024-07-01T07:00:00,19.15,72.85,5.23
2024-07-01T07:00:00,19.15,72.87,1.18
2024-07-01T07:00:00,19.15,72.89,1.35
2024-07-01T07:00:00,19.15,72.91,1.06
2024-07-01T07:00:00,19.15,72.93,1.5
2024-07-01T07:00:00,19.15,72.95,2.35
2024-07-01T07:00:00,19.15,72.97,0.69
2024-07-01T07:00:00,19.15,72.99,0.56
2024-07-01T07:00:00,19.17,72.77,0.38
2024-07-01T07:00:00,19.17,72.79,0.31
2024-07-01T07:00:00,19.17,72.81,0.54
2024-07-01T07:00:00,19.17,72.83,1.23
2024-07-01T07:00:00,19.17,72.85,2.13
2024-07-01T07:00:00,19.17,72.87,2.44
2024-07-01T07:00:00,19.17,72.89,1.96
2024-07-01T07:00:00,19.17,72.91,4.52
2024-07-01T07:00:00,19.17,72.93,5.39
2024-07-01T07:00:00,19.17,72.95,1.34
2024-07-01T07:00:00,19.17,72.97,0.7
2024-07-01T07:00:00,19.17,72.99,6.16
2024-07-01T07:00:00,19.19,72.77,4.67
2024-07-01T07:00:00,19.19,72.79,4.3
2024-07-01T07:00:00,19.19,72.81,1.23
2024-07-01T07:00:00,19.19,72.83,3.49
2024-07-01T07:00:00,19.19,72.85,2.07
2024-07-01T07:00:00,19.19,72.87,1.72
2024-07-01T07:00:00,19.19,72.89,1.67
2024-07-01T07:00:00,19.19,72.91,2.52
2024-07-01T07:00:00,19.19,72.93,4.53
2024-07-01T07:00:00,19.19,72.95,6.7
2024-07-01T07:00:00,19.19,72.97,1.19
2024-07-01T07:00:00,19.19,72.99,1.89
2024-07-01T07:00:00,19.21,72.77,1.94
2024-07-01T07:00:00,19.21,72.79,2.79
2024-07-01T07:00:00,19.21,72.81,1.65
2024-07-01T07:00:00,19.21,72.83,1.08
2024-07-01T07:00:00,19.21,72.85,1.34
2024-07-01T07:00:00,19.21,72.87,1.15
2024-07-01T07:00:00,19.21,72.89,1.58
2024-07-01T07:00:00,19.21,72.91,0.51
2024-07-01T07:00:00,19.21,72.93,1.1
2024-07-01T07:00:00,19.21,72.95,2.29
2024-07-01T07:00:00,19.21,72.97,2.25
2024-07-01T07:00:00,19.21,72.99,1.97
2024-07-01T07:00:00,19.23,72.77,5.23
2024-07-01T07:00:00,19.23,72.79,2.85
2024-07-01T07:00:00,19.23,72.81,4.81
2024-07-01T07:00:00,19.23,72.83,7.63
2024-07-01T07:00:00,19.23,72.85,3.46
2024-07-01T07:00:00,19.23,72.87,0.54
2024-07-01T07:00:00,19.23,72.89,2.21
2024-07-01T07:00:00,19.23,72.91,1.94
2024-07-01T07:00:00,19.23,72.93,4.79
2024-07-01T07:00:00,19.23,72.95,1.54
2024-07-01T07:00:00,19.23,72.97,0.82
2024-07-01T07:00:00,19.23,72.99,1.1
2024-07-01T07:00:00,19.25,72.77,0.65
2024-07-01T07:00:00,19.25,72.79,7.25
2024-07-01T07:00:00,19.25,72.81,1.99
2024-07-01T07:00:00,19.25,72.83,0.65
2024-07-01T07:00:00,19.25,72.85,5.53
2024-07-01T07:00:00,19.25,72.87,6.01
2024-07-01T07:00:00,19.25,72.89,2.03
2024-07-01T07:00:00,19.25,72.91,0.49
2024-07-01T07:00:00,19.25,72.93,1.17
2024-07-01T07:00:00,19.25,72.95,1.41
2024-07-01T07:00:00,19.25,72.97,1.72
2024-07-01T07:00:00,19.25,72.99,0.62
2024-07-01T08:00:00,18.87,72.77,5.32
2024-07-01T08:00:00,18.87,72.79,0.25
2024-07-01T08:00:00,18.87,72.81,5.56
2024-07-01T08:00:00,18.87,72.83,6.19
2024-07-01T08:00:00,18.87,72.85,1.8
2024-07-01T08:00:00,18.87,72.87,2.24
2024-07-01T08:00:00,18.87,72.89,6.24
2024-07-01T08:00:00,18.87,72.91,3.62
2024-07-01T08:00:00,18.87,72.93,1.7
2024-07-01T08:00:00,18.87,72.95,1.83
2024-07-01T08:00:00,18.87,72.97,3.1
2024-07-01T08:00:00,18.87,72.99,7.1
2024-07-01T08:00:00,18.89,72.77,2.34
2024-07-01T08:00:00,18.89,72.79,1.96
2024-07-01T08:00:00,18.89,72.81,2.63
2024-07-01T08:00:00,18.89,72.83,2.57
2024-07-01T08:00:00,18.89,72.85,3.06
2024-07-01T08:00:00,18.89,72.87,2.24
2024-07-01T08:00:00,18.89,72.89,5.23
2024-07-01T08:00:00,18.89,72.91,1.04
2024-07-01T08:00:00,18.89,72.93,3.04
2024-07-01T08:00:00,18.89,72.95,3.07
2024-07-01T08:00:00,18.89,72.97,1.07
2024-07-01T08:00:00,18.89,72.99,2.88
2024-07-01T08:00:00,18.91,72.77,3.9
2024-07-01T08:00:00,18.91,72.79,0.12
2024-07-01T08:00:00,18.91,72.81,1.08
2024-07-01T08:00:00,18.91,72.83,7.09
2024-07-01T08:00:00,18.91,72.85,1.48
2024-07-01T08:00:00,18.91,72.87,0.8
2024-07-01T08:00:00,18.91,72.89,0.34
2024-07-01T08:00:00,18.91,72.91,0.87
2024-07-01T08:00:00,18.91,72.93,2.04
2024-07-01T08:00:00,18.91,72.95,0.68
2024-07-01T08:00:00,18.91,72.97,3.47
2024-07-01T08:00:00,18.91,72.99,1.04
2024-07-01T08:00:00,18.93,72.77,3.46
2024-07-01T08:00:00,18.93,72.79,6.81
2024-07-01T08:00:00,18.93,72.81,6.33
2024-07-01T08:00:00,18.93,72.83,3.12
2024-07-01T08:00:00,18.93,72.85,0.87
2024-07-01T08:00:00,18.93,72.87,2.29
2024-07-01T08:00:00,18.93,72.89,2.97
2024-07-01T08:00:00,18.93,72.91,10.09
2024-07-01T08:00:00,18.93,72.93,0.32
2024-07-01T08:00:00,18.93,72.95,2.12
2024-07-01T08:00:00,18.93,72.97,3.38
2024-07-01T08:00:00,18.93,72.99,2.31
2024-07-01T08:00:00,18.95,72.77,3.22
2024-07-01T08:00:00,18.95,72.79,1.37
2024-07-01T08:00:00,18.95,72.81,4.94
2024-07-01T08:00:00,18.95,72.83,2.57
2024-07-01T08:00:00,18.95,72.85,2.86
2024-07-01T08:00:00,18.95,72.87,4.9
2024-07-01T08:00:00,18.95,72.89,1.81
2024-07-01T08:00:00,18.95,72.91,5.4
2024-07-01T08:00:00,18.95,72.93,0.67
2024-07-01T08:00:00,18.95,72.95,2.69
2024-07-01T08:00:00,18.95,72.97,1.05
2024-07-01T08:00:00,18.95,72.99,0.8
2024-07-01T08:00:00,18.97,72.77,9.06
2024-07-01T08:00:00,18.97,72.79,0.84
2024-07-01T08:00:00,18.97,72.81,2.69
2024-07-01T08:00:00,18.97,72.83,0.73
2024-07-01T08:00:00,18.97,72.85,5.54
2024-07-01T08:00:00,18.97,72.87,1.7
2024-07-01T08:00:00,18.97,72.89,4.78
2024-07-01T08:00:00,18.97,72.91,3.48
2024-07-01T08:00:00,18.97,72.93,8.96
2024-07-01T08:00:00,18.97,72.95,0.51
2024-07-01T08:00:00,18.97,72.97,0.9
2024-07-01T08:00:00,18.97,72.99,4.21
2024-07-01T08:00:00,18.99,72.77,3.47
2024-07-01T08:00:00,18.99,72.79,2.19
2024-07-01T08:00:00,18.99,72.81,9.1
2024-07-01T08:00:00,18.99,72.83,2.47
2024-07-01T08:00:00,18.99,72.85,1.23
2024-07-01T08:00:00,18.99,72.87,4.92
2024-07-01T08:00:00,18.99,72.89,2.36
2024-07-01T08:00:00,18.99,72.91,2.45
2024-07-01T08:00:00,18.99,72.93,3.62
2024-07-01T08:00:00,18.99,72.95,3.66
2024-07-01T08:00:00,18.99,72.97,0.89
2024-07-01T08:00:00,18.99,72.99,1.67
2024-07-01T08:00:00,19.01,72.77,0.73
2024-07-01T08:00:00,19.01,72.79,3.4
2024-07-01T08:00:00,19.01,72.81,8.41
2024-07-01T08:00:00,19.01,72.83,1.07
2024-07-01T08:00:00,19.01,72.85,0.52
2024-07-01T08:00:00,19.01,72.87,1.38
2024-07-01T08:00:00,19.01,72.89,1.9
2024-07-01T08:00:00,19.01,72.91,3.82
2024-07-01T08:00:00,19.01,72.93,1.68
2024-07-01T08:00:00,19.01,72.95,2.86
2024-07-01T08:00:00,19.01,72.97,1.42
2024-07-01T08:00:00,19.01,72.99,1.82
2024-07-01T08:00:00,19.03,72.77,1.34
2024-07-01T08:00:00,19.03,72.79,0.95
2024-07-01T08:00:00,19.03,72.81,4.42
2024-07-01T08:00:00,19.03,72.83,1.74
2024-07-01T08:00:00,19.03,72.85,3.34
2024-07-01T08:00:00,19.03,72.87,1.15
2024-07-01T08:00:00,19.03,72.89,2.31
2024-07-01T08:00:00,19.03,72.91,0.22
2024-07-01T08:00:00,19.03,72.93,1.65
2024-07-01T08:00:00,19.03,72.95,1.16
2024-07-01T08:00:00,19.03,72.97,4.78
2024-07-01T08:00:00,19.03,72.99,0.65
2024-07-01T08:00:00,19.05,72.77,2.42
2024-07-01T08:00:00,19.05,72.79,3.37
2024-07-01T08:00:00,19.05,72.81,5.16
2024-07-01T08:00:00,19.05,72.83,4.55
2024-07-01T08:00:00,19.05,72.85,2.29
2024-07-01T08:00:00,19.05,72.87,2.49
2024-07-01T08:00:00,19.05,72.89,5.14
2024-07-01T08:00:00,19.05,72.91,2.11
2024-07-01T08:00:00,19.05,72.93,2.53
2024-07-01T08:00:00,19.05,72.95,4.96
2024-07-01T08:00:00,19.05,72.97,9.45
2024-07-01T08:00:00,19.05,72.99,2.57
2024-07-01T08:00:00,19.07,72.77,3.99
2024-07-01T08:00:00,19.07,72.79,4.72
2024-07-01T08:00:00,19.07,72.81,5.78
2024-07-01T08:00:00,19.07,72.83,5.1
2024-07-01T08:00:00,19.07,72.85,1.49
2024-07-01T08:00:00,19.07,72.87,3.01
2024-07-01T08:00:00,19.07,72.89,4.77
2024-07-01T08:00:00,19.07,72.91,5.86
2024-07-01T08:00:00,19.07,72.93,1.98
2024-07-01T08:00:00,19.07,72.95,2.73
2024-07-01T08:00:00,19.07,72.97,2.92
2024-07-01T08:00:00,19.07,72.99,2.17
2024-07-01T08:00:00,19.09,72.77,3.34
2024-07-01T08:00:00,19.09,72.79,16.26
2024-07-01T08:00:00,19.09,72.81,2.2
2024-07-01T08:00:00,19.09,72.83,2.27
2024-07-01T08:00:00,19.09,72.85,0.46
2024-07-01T08:00:00,19.09,72.87,0.37
2024-07-01T08:00:00,19.09,72.89,3.3
2024-07-01T08:00:00,19.09,72.91,4.68
2024-07-01T08:00:00,19.09,72.93,4.03
2024-07-01T08:00:00,19.09,72.95,1.05
2024-07-01T08:00:00,19.09,72.97,3.74
2024-07-01T08:00:00,19.09,72.99,1.91
2024-07-01T08:00:00,19.11,72.77,2.0
2024-07-01T08:00:00,19.11,72.79,0.73
2024-07-01T08:00:00,19.11,72.81,1.38
2024-07-01T08:00:00,19.11,72.83,3.61
2024-07-01T08:00:00,19.11,72.85,3.06
2024-07-01T08:00:00,19.11,72.87,2.67
2024-07-01T08:00:00,19.11,72.89,0.19
2024-07-01T08:00:00,19.11,72.91,2.58
2024-07-01T08:00:00,19.11,72.93,1.35
2024-07-01T08:00:00,19.11,72.95,2.77
2024-07-01T08:00:00,19.11,72.97,4.95
2024-07-01T08:00:00,19.11,72.99,1.46
2024-07-01T08:00:00,19.13,72.77,2.93
2024-07-01T08:00:00,19.13,72.79,9.34
2024-07-01T08:00:00,19.13,72.81,3.13
2024-07-01T08:00:00,19.13,72.83,2.43
2024-07-01T08:00:00,19.13,72.85,1.19
2024-07-01T08:00:00,19.13,72.87,4.19
2024-07-01T08:00:00,19.13,72.89,0.96
2024-07-01T08:00:00,19.13,72.91,5.38
2024-07-01T08:00:00,19.13,72.93,3.55
2024-07-01T08:00:00,19.13,72.95,1.37
2024-07-01T08:00:00,19.13,72.97,1.09
2024-07-01T08:00:00,19.13,72.99,1.09
2024-07-01T08:00:00,19.15,72.77,0.43
2024-07-01T08:00:00,19.15,72.79,3.7
2024-07-01T08:00:00,19.15,72.81,0.25
2024-07-01T08:00:00,19.15,72.83,2.31
2024-07-01T08:00:00,19.15,72.85,2.14
2024-07-01T08:00:00,19.15,72.87,1.81
2024-07-01T08:00:00,19.15,72.89,3.23
2024-07-01T08:00:00,19.15,72.91,1.42
2024-07-01T08:00:00,19.15,72.93,2.53
2024-07-01T08:00:00,19.15,72.95,5.18
2024-07-01T08:00:00,19.15,72.97,3.26
2024-07-01T08:00:00,19.15,72.99,1.5
2024-07-01T08:00:00,19.17,72.77,2.72
2024-07-01T08:00:00,19.17,72.79,2.01
2024-07-01T08:00:00,19.17,72.81,2.23
2024-07-01T08:00:00,19.17,72.83,2.9
2024-07-01T08:00:00,19.17,72.85,0.64
2024-07-01T08:00:00,19.17,72.87,0.48
2024-07-01T08:00:00,19.17,72.89,1.05
2024-07-01T08:00:00,19.17,72.91,3.27
2024-07-01T08:00:00,19.17,72.93,3.53
2024-07-01T08:00:00,19.17,72.95,3.84
2024-07-01T08:00:00,19.17,72.97,1.01
2024-07-01T08:00:00,19.17,72.99,2.27
2024-07-01T08:00:00,19.19,72.77,1.98
2024-07-01T08:00:00,19.19,72.79,2.38
2024-07-01T08:00:00,19.19,72.81,1.83
2024-07-01T08:00:00,19.19,72.83,3.03
2024-07-01T08:00:00,19.19,72.85,1.36
2024-07-01T08:00:00,19.19,72.87,5.2
2024-07-01T08:00:00,19.19,72.89,5.11
2024-07-01T08:00:00,19.19,72.91,3.2
2024-07-01T08:00:00,19.19,72.93,4.5
2024-07-01T08:00:00,19.19,72.95,0.55
2024-07-01T08:00:00,19.19,72.97,4.91
2024-07-01T08:00:00,19.19,72.99,2.79
2024-07-01T08:00:00,19.21,72.77,1.61
2024-07-01T08:00:00,19.21,72.79,1.43
2024-07-01T08:00:00,19.21,72.81,7.21
2024-07-01T08:00:00,19.21,72.83,4.42
2024-07-01T08:00:00,19.21,72.85,2.14
2024-07-01T08:00:00,19.21,72.87,0.59
2024-07-01T08:00:00,19.21,72.89,5.47
2024-07-01T08:00:00,19.21,72.91,0.82
2024-07-01T08:00:00,19.21,72.93,1.64
2024-07-01T08:00:00,19.21,72.95,1.93
2024-07-01T08:00:00,19.21,72.97,1.15
2024-07-01T08:00:00,19.21,72.99,1.8
2024-07-01T08:00:00,19.23,72.77,2.69
2024-07-01T08:00:00,19.23,72.79,2.21
2024-07-01T08:00:00,19.23,72.81,3.23
2024-07-01T08:00:00,19.23,72.83,7.19
2024-07-01T08:00:00,19.23,72.85,0.63
2024-07-01T08:00:00,19.23,72.87,2.65
2024-07-01T08:00:00,19.23,72.89,0.85
2024-07-01T08:00:00,19.23,72.91,0.53
2024-07-01T08:00:00,19.23,72.93,4.27
2024-07-01T08:00:00,19.23,72.95,2.61
2024-07-01T08:00:00,19.23,72.97,0.47
2024-07-01T08:00:00,19.23,72.99,1.8
2024-07-01T08:00:00,19.25,72.77,1.24
2024-07-01T08:00:00,19.25,72.79,2.31
2024-07-01T08:00:00,19.25,72.81,4.17
2024-07-01T08:00:00,19.25,72.83,3.77
2024-07-01T08:00:00,19.25,72.85,1.75
2024-07-01T08:00:00,19.25,72.87,4.69
2024-07-01T08:00:00,19.25,72.89,5.78
2024-07-01T08:00:00,19.25,72.91,3.73
2024-07-01T08:00:00,19.25,72.93,1.39
2024-07-01T08:00:00,19.25,72.95,1.96
2024-07-01T08:00:00,19.25,72.97,6.08
2024-07-01T08:00:00,19.25,72.99,1.62
2024-07-01T09:00:00,18.87,72.77,5.26
2024-07-01T09:00:00,18.87,72.79,1.77
2024-07-01T09:00:00,18.87,72.81,6.49
2024-07-01T09:00:00,18.87,72.83,1.51
2024-07-01T09:00:00,18.87,72.85,2.87
2024-07-01T09:00:00,18.87,72.87,4.46
2024-07-01T09:00:00,18.87,72.89,9.48
2024-07-01T09:00:00,18.87,72.91,3.4
2024-07-01T09:00:00,18.87,72.93,2.28
2024-07-01T09:00:00,18.87,72.95,2.11
2024-07-01T09:00:00,18.87,72.97,5.29
2024-07-01T09:00:00,18.87,72.99,3.76
2024-07-01T09:00:00,18.89,72.77,5.57
2024-07-01T09:00:00,18.89,72.79,9.06
2024-07-01T09:00:00,18.89,72.81,3.39
2024-07-01T09:00:00,18.89,72.83,4.2
2024-07-01T09:00:00,18.89,72.85,2.31
2024-07-01T09:00:00,18.89,72.87,1.54
2024-07-01T09:00:00,18.89,72.89,1.77
2024-07-01T09:00:00,18.89,72.91,0.16
2024-07-01T09:00:00,18.89,72.93,4.16
2024-07-01T09:00:00,18.89,72.95,3.79
2024-07-01T09:00:00,18.89,72.97,3.96
2024-07-01T09:00:00,18.89,72.99,1.3
2024-07-01T09:00:00,18.91,72.77,2.12
2024-07-01T09:00:00,18.91,72.79,1.99
2024-07-01T09:00:00,18.91,72.81,6.93
2024-07-01T09:00:00,18.91,72.83,3.63
2024-07-01T09:00:00,18.91,72.85,3.19
2024-07-01T09:00:00,18.91,72.87,5.16
2024-07-01T09:00:00,18.91,72.89,1.75
2024-07-01T09:00:00,18.91,72.91,3.75
2024-07-01T09:00:00,18.91,72.93,9.89
2024-07-01T09:00:00,18.91,72.95,6.56
2024-07-01T09:00:00,18.91,72.97,3.52
2024-07-01T09:00:00,18.91,72.99,2.87
2024-07-01T09:00:00,18.93,72.77,4.99
2024-07-01T09:00:00,18.93,72.79,8.66
2024-07-01T09:00:00,18.93,72.81,8.0
2024-07-01T09:00:00,18.93,72.83,9.09
2024-07-01T09:00:00,18.93,72.85,3.68
2024-07-01T09:00:00,18.93,72.87,0.3
2024-07-01T09:00:00,18.93,72.89,9.82
2024-07-01T09:00:00,18.93,72.91,1.47
2024-07-01T09:00:00,18.93,72.93,4.79
2024-07-01T09:00:00,18.93,72.95,0.28
2024-07-01T09:00:00,18.93,72.97,2.78
2024-07-01T09:00:00,18.93,72.99,2.07
2024-07-01T09:00:00,18.95,72.77,9.96
2024-07-01T09:00:00,18.95,72.79,4.36
2024-07-01T09:00:00,18.95,72.81,3.29
2024-07-01T09:00:00,18.95,72.83,4.45
2024-07-01T09:00:00,18.95,72.85,0.08
2024-07-01T09:00:00,18.95,72.87,1.76
2024-07-01T09:00:00,18.95,72.89,1.96
2024-07-01T09:00:00,18.95,72.91,4.52
2024-07-01T09:00:00,18.95,72.93,1.17
2024-07-01T09:00:00,18.95,72.95,3.21
2024-07-01T09:00:00,18.95,72.97,2.56
2024-07-01T09:00:00,18.95,72.99,1.65
2024-07-01T09:00:00,18.97,72.77,2.24
2024-07-01T09:00:00,18.97,72.79,3.12
2024-07-01T09:00:00,18.97,72.81,0.46
2024-07-01T09:00:00,18.97,72.83,5.48
2024-07-01T09:00:00,18.97,72.85,1.56
2024-07-01T09:00:00,18.97,72.87,2.43
2024-07-01T09:00:00,18.97,72.89,8.26
2024-07-01T09:00:00,18.97,72.91,5.05
2024-07-01T09:00:00,18.97,72.93,0.98
2024-07-01T09:00:00,18.97,72.95,0.05
2024-07-01T09:00:00,18.97,72.97,3.96
2024-07-01T09:00:00,18.97,72.99,2.25
2024-07-01T09:00:00,18.99,72.77,4.02
2024-07-01T09:00:00,18.99,72.79,5.74
2024-07-01T09:00:00,18.99,72.81,6.19
2024-07-01T09:00:00,18.99,72.83,2.24
2024-07-01T09:00:00,18.99,72.85,2.83
2024-07-01T09:00:00,18.99,72.87,4.0
2024-07-01T09:00:00,18.99,72.89,4.1
2024-07-01T09:00:00,18.99,72.91,3.33
2024-07-01T09:00:00,18.99,72.93,7.36
2024-07-01T09:00:00,18.99,72.95,3.84
2024-07-01T09:00:00,18.99,72.97,4.63
2024-07-01T09:00:00,18.99,72.99,3.3
2024-07-01T09:00:00,19.01,72.77,1.42
2024-07-01T09:00:00,19.01,72.79,1.96
2024-07-01T09:00:00,19.01,72.81,1.08
2024-07-01T09:00:00,19.01,72.83,6.49
2024-07-01T09:00:00,19.01,72.85,0.67
2024-07-01T09:00:00,19.01,72.87,2.67
2024-07-01T09:00:00,19.01,72.89,2.18
2024-07-01T09:00:00,19.01,72.91,2.09
2024-07-01T09:00:00,19.01,72.93,2.2
2024-07-01T09:00:00,19.01,72.95,8.15
2024-07-01T09:00:00,19.01,72.97,0.35
2024-07-01T09:00:00,19.01,72.99,6.43
2024-07-01T09:00:00,19.03,72.77,2.88
2024-07-01T09:00:00,19.03,72.79,6.09
2024-07-01T09:00:00,19.03,72.81,3.44
2024-07-01T09:00:00,19.03,72.83,1.16
2024-07-01T09:00:00,19.03,72.85,7.84
2024-07-01T09:00:00,19.03,72.87,6.87
2024-07-01T09:00:00,19.03,72.89,1.16
2024-07-01T09:00:00,19.03,72.91,4.41
2024-07-01T09:00:00,19.03,72.93,1.71
2024-07-01T09:00:00,19.03,72.95,0.64
2024-07-01T09:00:00,19.03,72.97,1.39
2024-07-01T09:00:00,19.03,72.99,6.58
2024-07-01T09:00:00,19.05,72.77,6.4
2024-07-01T09:00:00,19.05,72.79,2.63
2024-07-01T09:00:00,19.05,72.81,7.98
2024-07-01T09:00:00,19.05,72.83,6.86
2024-07-01T09:00:00,19.05,72.85,1.57
2024-07-01T09:00:00,19.05,72.87,8.59
2024-07-01T09:00:00,19.05,72.89,2.16
2024-07-01T09:00:00,19.05,72.91,2.36
2024-07-01T09:00:00,19.05,72.93,0.38
2024-07-01T09:00:00,19.05,72.95,1.66
2024-07-01T09:00:00,19.05,72.97,2.44
2024-07-01T09:00:00,19.05,72.99,3.37
2024-07-01T09:00:00,19.07,72.77,1.27
2024-07-01T09:00:00,19.07,72.79,1.78
2024-07-01T09:00:00,19.07,72.81,9.43
2024-07-01T09:00:00,19.07,72.83,6.55
2024-07-01T09:00:00,19.07,72.85,7.2
2024-07-01T09:00:00,19.07,72.87,2.87
2024-07-01T09:00:00,19.07,72.89,3.77
2024-07-01T09:00:00,19.07,72.91,4.48
2024-07-01T09:00:00,19.07,72.93,8.11
2024-07-01T09:00:00,19.07,72.95,0.62
2024-07-01T09:00:00,19.07,72.97,1.77
2024-07-01T09:00:00,19.07,72.99,3.22
2024-07-01T09:00:00,19.09,72.77,3.68
2024-07-01T09:00:00,19.09,72.79,1.76
2024-07-01T09:00:00,19.09,72.81,4.75
2024-07-01T09:00:00,19.09,72.83,2.12
2024-07-01T09:00:00,19.09,72.85,3.1
2024-07-01T09:00:00,19.09,72.87,4.25
2024-07-01T09:00:00,19.09,72.89,2.05
2024-07-01T09:00:00,19.09,72.91,5.02
2024-07-01T09:00:00,19.09,72.93,5.56
2024-07-01T09:00:00,19.09,72.95,1.5
2024-07-01T09:00:00,19.09,72.97,1.82
2024-07-01T09:00:00,19.09,72.99,1.13
2024-07-01T09:00:00,19.11,72.77,3.42
2024-07-01T09:00:00,19.11,72.79,4.2
2024-07-01T09:00:00,19.11,72.81,2.45
2024-07-01T09:00:00,19.11,72.83,3.88
2024-07-01T09:00:00,19.11,72.85,2.01
2024-07-01T09:00:00,19.11,72.87,2.02
2024-07-01T09:00:00,19.11,72.89,3.82
2024-07-01T09:00:00,19.11,72.91,2.04
2024-07-01T09:00:00,19.11,72.93,2.68
2024-07-01T09:00:00,19.11,72.95,3.7
2024-07-01T09:00:00,19.11,72.97,3.32
2024-07-01T09:00:00,19.11,72.99,1.78
2024-07-01T09:00:00,19.13,72.77,7.29
2024-07-01T09:00:00,19.13,72.79,5.04
2024-07-01T09:00:00,19.13,72.81,3.89
2024-07-01T09:00:00,19.13,72.83,1.17
2024-07-01T09:00:00,19.13,72.85,3.34
2024-07-01T09:00:00,19.13,72.87,1.76
2024-07-01T09:00:00,19.13,72.89,4.2
2024-07-01T09:00:00,19.13,72.91,0.05
2024-07-01T09:00:00,19.13,72.93,2.29
2024-07-01T09:00:00,19.13,72.95,1.77
2024-07-01T09:00:00,19.13,72.97,4.77
2024-07-01T09:00:00,19.13,72.99,0.38
2024-07-01T09:00:00,19.15,72.77,3.57
2024-07-01T09:00:00,19.15,72.79,5.0
2024-07-01T09:00:00,19.15,72.81,10.49
2024-07-01T09:00:00,19.15,72.83,2.12
2024-07-01T09:00:00,19.15,72.85,3.91
2024-07-01T09:00:00,19.15,72.87,0.46
2024-07-01T09:00:00,19.15,72.89,2.92
2024-07-01T09:00:00,19.15,72.91,6.37
2024-07-01T09:00:00,19.15,72.93,9.17
2024-07-01T09:00:00,19.15,72.95,3.77
2024-07-01T09:00:00,19.15,72.97,0.57
2024-07-01T09:00:00,19.15,72.99,6.6
2024-07-01T09:00:00,19.17,72.77,0.73
2024-07-01T09:00:00,19.17,72.79,1.12
2024-07-01T09:00:00,19.17,72.81,8.43
2024-07-01T09:00:00,19.17,72.83,2.96
2024-07-01T09:00:00,19.17,72.85,1.87
2024-07-01T09:00:00,19.17,72.87,4.93
2024-07-01T09:00:00,19.17,72.89,3.32
2024-07-01T09:00:00,19.17,72.91,5.99
2024-07-01T09:00:00,19.17,72.93,3.3
2024-07-01T09:00:00,19.17,72.95,3.3
2024-07-01T09:00:00,19.17,72.97,5.54
2024-07-01T09:00:00,19.17,72.99,2.5
2024-07-01T09:00:00,19.19,72.77,1.58
2024-07-01T09:00:00,19.19,72.79,5.71
2024-07-01T09:00:00,19.19,72.81,2.56
2024-07-01T09:00:00,19.19,72.83,3.92
2024-07-01T09:00:00,19.19,72.85,0.35
2024-07-01T09:00:00,19.19,72.87,2.7
2024-07-01T09:00:00,19.19,72.89,1.89
2024-07-01T09:00:00,19.19,72.91,0.31
2024-07-01T09:00:00,19.19,72.93,2.6
2024-07-01T09:00:00,19.19,72.95,2.62
2024-07-01T09:00:00,19.19,72.97,3.56
2024-07-01T09:00:00,19.19,72.99,5.88
2024-07-01T09:00:00,19.21,72.77,6.76
2024-07-01T09:00:00,19.21,72.79,2.29
2024-07-01T09:00:00,19.21,72.81,3.73
2024-07-01T09:00:00,19.21,72.83,4.56
2024-07-01T09:00:00,19.21,72.85,2.16
2024-07-01T09:00:00,19.21,72.87,0.7
2024-07-01T09:00:00,19.21,72.89,2.48
2024-07-01T09:00:00,19.21,72.91,6.47
2024-07-01T09:00:00,19.21,72.93,0.63
2024-07-01T09:00:00,19.21,72.95,1.15
2024-07-01T09:00:00,19.21,72.97,1.37
2024-07-01T09:00:00,19.21,72.99,1.12
2024-07-01T09:00:00,19.23,72.77,5.69
2024-07-01T09:00:00,19.23,72.79,1.96
2024-07-01T09:00:00,19.23,72.81,5.45
2024-07-01T09:00:00,19.23,72.83,3.26
2024-07-01T09:00:00,19.23,72.85,0.51
2024-07-01T09:00:00,19.23,72.87,2.14
2024-07-01T09:00:00,19.23,72.89,5.86
2024-07-01T09:00:00,19.23,72.91,3.23
2024-07-01T09:00:00,19.23,72.93,2.14
2024-07-01T09:00:00,19.23,72.95,6.29
2024-07-01T09:00:00,19.23,72.97,1.02
2024-07-01T09:00:00,19.23,72.99,1.63
2024-07-01T09:00:00,19.25,72.77,6.46
2024-07-01T09:00:00,19.25,72.79,5.43
2024-07-01T09:00:00,19.25,72.81,1.12
2024-07-01T09:00:00,19.25,72.83,4.45
2024-07-01T09:00:00,19.25,72.85,1.78
2024-07-01T09:00:00,19.25,72.87,0.31
2024-07-01T09:00:00,19.25,72.89,2.27
2024-07-01T09:00:00,19.25,72.91,9.74
2024-07-01T09:00:00,19.25,72.93,5.69
2024-07-01T09:00:00,19.25,72.95,2.67
2024-07-01T09:00:00,19.25,72.97,0.56
2024-07-01T09:00:00,19.25,72.99,0.29
2024-07-01T10:00:00,18.87,72.77,4.49
2024-07-01T10:00:00,18.87,72.79,5.64
2024-07-01T10:00:00,18.87,72.81,6.76
2024-07-01T10:00:00,18.87,72.83,6.05
2024-07-01T10:00:00,18.87,72.85,6.26
2024-07-01T10:00:00,18.87,72.87,4.62
2024-07-01T10:00:00,18.87,72.89,8.24
2024-07-01T10:00:00,18.87,72.91,2.32
2024-07-01T10:00:00,18.87,72.93,3.62
2024-07-01T10:00:00,18.87,72.95,0.58
2024-07-01T10:00:00,18.87,72.97,2.16
2024-07-01T10:00:00,18.87,72.99,6.68
2024-07-01T10:00:00,18.89,72.77,6.87
2024-07-01T10:00:00,18.89,72.79,0.24
2024-07-01T10:00:00,18.89,72.81,14.48
2024-07-01T10:00:00,18.89,72.83,4.45
2024-07-01T10:00:00,18.89,72.85,4.4
2024-07-01T10:00:00,18.89,72.87,2.25
2024-07-01T10:00:00,18.89,72.89,2.64
2024-07-01T10:00:00,18.89,72.91,4.02
2024-07-01T10:00:00,18.89,72.93,5.39
2024-07-01T10:00:00,18.89,72.95,4.42
2024-07-01T10:00:00,18.89,72.97,2.19
2024-07-01T10:00:00,18.89,72.99,1.52
2024-07-01T10:00:00,18.91,72.77,1.83
2024-07-01T10:00:00,18.91,72.79,8.76
2024-07-01T10:00:00,18.91,72.81,7.81
2024-07-01T10:00:00,18.91,72.83,5.64
2024-07-01T10:00:00,18.91,72.85,8.01
2024-07-01T10:00:00,18.91,72.87,3.41
2024-07-01T10:00:00,18.91,72.89,6.65
2024-07-01T10:00:00,18.91,72.91,5.33
2024-07-01T10:00:00,18.91,72.93,6.51
2024-07-01T10:00:00,18.91,72.95,1.33
2024-07-01T10:00:00,18.91,72.97,4.15
2024-07-01T10:00:00,18.91,72.99,2.53
2024-07-01T10:00:00,18.93,72.77,0.34
2024-07-01T10:00:00,18.93,72.79,9.72
2024-07-01T10:00:00,18.93,72.81,7.83
2024-07-01T10:00:00,18.93,72.83,5.12
2024-07-01T10:00:00,18.93,72.85,1.84
2024-07-01T10:00:00,18.93,72.87,0.59
2024-07-01T10:00:00,18.93,72.89,0.28
2024-07-01T10:00:00,18.93,72.91,2.27
2024-07-01T10:00:00,18.93,72.93,5.8
2024-07-01T10:00:00,18.93,72.95,2.63
2024-07-01T10:00:00,18.93,72.97,4.91
2024-07-01T10:00:00,18.93,72.99,5.02
2024-07-01T10:00:00,18.95,72.77,7.03
2024-07-01T10:00:00,18.95,72.79,0.52
2024-07-01T10:00:00,18.95,72.81,2.11
2024-07-01T10:00:00,18.95,72.83,5.61
2024-07-01T10:00:00,18.95,72.85,10.26
2024-07-01T10:00:00,18.95,72.87,8.2
2024-07-01T10:00:00,18.95,72.89,4.59
2024-07-01T10:00:00,18.95,72.91,8.42
2024-07-01T10:00:00,18.95,72.93,4.38
2024-07-01T10:00:00,18.95,72.95,0.75
2024-07-01T10:00:00,18.95,72.97,5.48
2024-07-01T10:00:00,18.95,72.99,7.51
2024-07-01T10:00:00,18.97,72.77,13.95
2024-07-01T10:00:00,18.97,72.79,2.57
2024-07-01T10:00:00,18.97,72.81,1.4
2024-07-01T10:00:00,18.97,72.83,7.17
2024-07-01T10:00:00,18.97,72.85,5.23
2024-07-01T10:00:00,18.97,72.87,4.78
2024-07-01T10:00:00,18.97,72.89,8.67
2024-07-01T10:00:00,18.97,72.91,6.51
2024-07-01T10:00:00,18.97,72.93,5.13
2024-07-01T10:00:00,18.97,72.95,2.37
2024-07-01T10:00:00,18.97,72.97,5.83
2024-07-01T10:00:00,18.97,72.99,1.11
2024-07-01T10:00:00,18.99,72.77,5.36
2024-07-01T10:00:00,18.99,72.79,4.08
2024-07-01T10:00:00,18.99,72.81,0.83
2024-07-01T10:00:00,18.99,72.83,5.38
2024-07-01T10:00:00,18.99,72.85,2.37
2024-07-01T10:00:00,18.99,72.87,5.03
2024-07-01T10:00:00,18.99,72.89,1.57
2024-07-01T10:00:00,18.99,72.91,6.56
2024-07-01T10:00:00,18.99,72.93,10.39
2024-07-01T10:00:00,18.99,72.95,1.15
2024-07-01T10:00:00,18.99,72.97,1.45
2024-07-01T10:00:00,18.99,72.99,0.93
2024-07-01T10:00:00,19.01,72.77,3.65
2024-07-01T10:00:00,19.01,72.79,5.54
2024-07-01T10:00:00,19.01,72.81,6.65
2024-07-01T10:00:00,19.01,72.83,4.82
2024-07-01T10:00:00,19.01,72.85,6.16
2024-07-01T10:00:00,19.01,72.87,3.56
2024-07-01T10:00:00,19.01,72.89,2.24
2024-07-01T10:00:00,19.01,72.91,1.57
2024-07-01T10:00:00,19.01,72.93,3.07
2024-07-01T10:00:00,19.01,72.95,1.55
2024-07-01T10:00:00,19.01,72.97,4.42
2024-07-01T10:00:00,19.01,72.99,1.52
2024-07-01T10:00:00,19.03,72.77,2.89
2024-07-01T10:00:00,19.03,72.79,8.73
2024-07-01T10:00:00,19.03,72.81,9.03
2024-07-01T10:00:00,19.03,72.83,8.59
2024-07-01T10:00:00,19.03,72.85,3.69
2024-07-01T10:00:00,19.03,72.87,2.37
2024-07-01T10:00:00,19.03,72.89,5.29
2024-07-01T10:00:00,19.03,72.91,1.66
2024-07-01T10:00:00,19.03,72.93,5.98
2024-07-01T10:00:00,19.03,72.95,2.02
2024-07-01T10:00:00,19.03,72.97,2.87
2024-07-01T10:00:00,19.03,72.99,5.78
2024-07-01T10:00:00,19.05,72.77,0.64
2024-07-01T10:00:00,19.05,72.79,2.53
2024-07-01T10:00:00,19.05,72.81,5.34
2024-07-01T10:00:00,19.05,72.83,6.02
2024-07-01T10:00:00,19.05,72.85,5.21
2024-07-01T10:00:00,19.05,72.87,3.12
2024-07-01T10:00:00,19.05,72.89,6.76
2024-07-01T10:00:00,19.05,72.91,1.52
2024-07-01T10:00:00,19.05,72.93,1.43
2024-07-01T10:00:00,19.05,72.95,4.53
2024-07-01T10:00:00,19.05,72.97,1.29
2024-07-01T10:00:00,19.05,72.99,10.12
2024-07-01T10:00:00,19.07,72.77,2.68
2024-07-01T10:00:00,19.07,72.79,7.61
2024-07-01T10:00:00,19.07,72.81,1.29
2024-07-01T10:00:00,19.07,72.83,10.27
2024-07-01T10:00:00,19.07,72.85,3.89
2024-07-01T10:00:00,19.07,72.87,2.28
2024-07-01T10:00:00,19.07,72.89,2.89
2024-07-01T10:00:00,19.07,72.91,1.89
2024-07-01T10:00:00,19.07,72.93,2.96
2024-07-01T10:00:00,19.07,72.95,1.17
2024-07-01T10:00:00,19.07,72.97,2.12
2024-07-01T10:00:00,19.07,72.99,6.03
2024-07-01T10:00:00,19.09,72.77,5.07
2024-07-01T10:00:00,19.09,72.79,1.74
2024-07-01T10:00:00,19.09,72.81,3.5
2024-07-01T10:00:00,19.09,72.83,8.84
2024-07-01T10:00:00,19.09,72.85,2.64
2024-07-01T10:00:00,19.09,72.87,1.41
2024-07-01T10:00:00,19.09,72.89,5.46
2024-07-01T10:00:00,19.09,72.91,0.31
2024-07-01T10:00:00,19.09,72.93,2.83
2024-07-01T10:00:00,19.09,72.95,8.23
2024-07-01T10:00:00,19.09,72.97,2.87
2024-07-01T10:00:00,19.09,72.99,6.44
2024-07-01T10:00:00,19.11,72.77,1.6
2024-07-01T10:00:00,19.11,72.79,3.42
2024-07-01T10:00:00,19.11,72.81,3.07
2024-07-01T10:00:00,19.11,72.83,5.65
2024-07-01T10:00:00,19.11,72.85,4.06
2024-07-01T10:00:00,19.11,72.87,9.71
2024-07-01T10:00:00,19.11,72.89,2.4
2024-07-01T10:00:00,19.11,72.91,3.76
2024-07-01T10:00:00,19.11,72.93,2.75
2024-07-01T10:00:00,19.11,72.95,3.43
2024-07-01T10:00:00,19.11,72.97,3.14
2024-07-01T10:00:00,19.11,72.99,1.54
2024-07-01T10:00:00,19.13,72.77,7.46
2024-07-01T10:00:00,19.13,72.79,2.38
2024-07-01T10:00:00,19.13,72.81,2.17
2024-07-01T10:00:00,19.13,72.83,0.86
2024-07-01T10:00:00,19.13,72.85,2.46
2024-07-01T10:00:00,19.13,72.87,2.11
2024-07-01T10:00:00,19.13,72.89,0.4
2024-07-01T10:00:00,19.13,72.91,3.01
2024-07-01T10:00:00,19.13,72.93,8.86
2024-07-01T10:00:00,19.13,72.95,0.91
2024-07-01T10:00:00,19.13,72.97,3.32
2024-07-01T10:00:00,19.13,72.99,2.76
2024-07-01T10:00:00,19.15,72.77,6.78
2024-07-01T10:00:00,19.15,72.79,6.91
2024-07-01T10:00:00,19.15,72.81,15.32
2024-07-01T10:00:00,19.15,72.83,4.75
2024-07-01T10:00:00,19.15,72.85,1.92
2024-07-01T10:00:00,19.15,72.87,2.34
2024-07-01T10:00:00,19.15,72.89,2.49
2024-07-01T10:00:00,19.15,72.91,2.09
2024-07-01T10:00:00,19.15,72.93,10.33
2024-07-01T10:00:00,19.15,72.95,5.53
2024-07-01T10:00:00,19.15,72.97,4.85
2024-07-01T10:00:00,19.15,72.99,1.3
2024-07-01T10:00:00,19.17,72.77,7.09
2024-07-01T10:00:00,19.17,72.79,8.9
2024-07-01T10:00:00,19.17,72.81,3.38
2024-07-01T10:00:00,19.17,72.83,2.44
2024-07-01T10:00:00,19.17,72.85,10.11
2024-07-01T10:00:00,19.17,72.87,2.07
2024-07-01T10:00:00,19.17,72.89,1.84
2024-07-01T10:00:00,19.17,72.91,1.55
2024-07-01T10:00:00,19.17,72.93,3.31
2024-07-01T10:00:00,19.17,72.95,4.16
2024-07-01T10:00:00,19.17,72.97,6.6
2024-07-01T10:00:00,19.17,72.99,4.93
2024-07-01T10:00:00,19.19,72.77,6.27
2024-07-01T10:00:00,19.19,72.79,9.82
2024-07-01T10:00:00,19.19,72.81,1.67
2024-07-01T10:00:00,19.19,72.83,0.97
2024-07-01T10:00:00,19.19,72.85,5.84
2024-07-01T10:00:00,19.19,72.87,3.4
2024-07-01T10:00:00,19.19,72.89,7.12
2024-07-01T10:00:00,19.19,72.91,3.49
2024-07-01T10:00:00,19.19,72.93,2.11
2024-07-01T10:00:00,19.19,72.95,5.32
2024-07-01T10:00:00,19.19,72.97,3.63
2024-07-01T10:00:00,19.19,72.99,3.27
2024-07-01T10:00:00,19.21,72.77,18.28
2024-07-01T10:00:00,19.21,72.79,9.32
2024-07-01T10:00:00,19.21,72.81,6.79
2024-07-01T10:00:00,19.21,72.83,4.3
2024-07-01T10:00:00,19.21,72.85,3.93
2024-07-01T10:00:00,19.21,72.87,2.94
2024-07-01T10:00:00,19.21,72.89,4.31
2024-07-01T10:00:00,19.21,72.91,2.4
2024-07-01T10:00:00,19.21,72.93,1.18
2024-07-01T10:00:00,19.21,72.95,3.34
2024-07-01T10:00:00,19.21,72.97,4.24
2024-07-01T10:00:00,19.21,72.99,6.53
2024-07-01T10:00:00,19.23,72.77,2.18
2024-07-01T10:00:00,19.23,72.79,4.3
2024-07-01T10:00:00,19.23,72.81,5.93
2024-07-01T10:00:00,19.23,72.83,5.67
2024-07-01T10:00:00,19.23,72.85,10.89
2024-07-01T10:00:00,19.23,72.87,2.99
2024-07-01T10:00:00,19.23,72.89,1.72
2024-07-01T10:00:00,19.23,72.91,3.88
2024-07-01T10:00:00,19.23,72.93,2.92
2024-07-01T10:00:00,19.23,72.95,2.49
2024-07-01T10:00:00,19.23,72.97,2.19
2024-07-01T10:00:00,19.23,72.99,4.19
2024-07-01T10:00:00,19.25,72.77,2.46
2024-07-01T10:00:00,19.25,72.79,6.99
2024-07-01T10:00:00,19.25,72.81,6.57
2024-07-01T10:00:00,19.25,72.83,5.25
2024-07-01T10:00:00,19.25,72.85,1.58
2024-07-01T10:00:00,19.25,72.87,4.53
2024-07-01T10:00:00,19.25,72.89,7.45
2024-07-01T10:00:00,19.25,72.91,6.31
2024-07-01T10:00:00,19.25,72.93,5.61
2024-07-01T10:00:00,19.25,72.95,3.52
2024-07-01T10:00:00,19.25,72.97,3.35
2024-07-01T10:00:00,19.25,72.99,7.57
2024-07-01T11:00:00,18.87,72.77,6.58
2024-07-01T11:00:00,18.87,72.79,6.43
2024-07-01T11:00:00,18.87,72.81,25.15
2024-07-01T11:00:00,18.87,72.83,3.81
2024-07-01T11:00:00,18.87,72.85,0.46
2024-07-01T11:00:00,18.87,72.87,4.06
2024-07-01T11:00:00,18.87,72.89,4.15
2024-07-01T11:00:00,18.87,72.91,5.42
2024-07-01T11:00:00,18.87,72.93,6.22
2024-07-01T11:00:00,18.87,72.95,0.52
2024-07-01T11:00:00,18.87,72.97,6.1
2024-07-01T11:00:00,18.87,72.99,3.97
2024-07-01T11:00:00,18.89,72.77,4.33
2024-07-01T11:00:00,18.89,72.79,1.05
2024-07-01T11:00:00,18.89,72.81,12.86
2024-07-01T11:00:00,18.89,72.83,3.46
2024-07-01T11:00:00,18.89,72.85,7.62
2024-07-01T11:00:00,18.89,72.87,2.31
2024-07-01T11:00:00,18.89,72.89,5.71
2024-07-01T11:00:00,18.89,72.91,3.65
2024-07-01T11:00:00,18.89,72.93,6.84
2024-07-01T11:00:00,18.89,72.95,3.42
2024-07-01T11:00:00,18.89,72.97,2.01
2024-07-01T11:00:00,18.89,72.99,4.11
2024-07-01T11:00:00,18.91,72.77,5.09
2024-07-01T11:00:00,18.91,72.79,6.2
2024-07-01T11:00:00,18.91,72.81,9.53
2024-07-01T11:00:00,18.91,72.83,1.89
2024-07-01T11:00:00,18.91,72.85,8.72
2024-07-01T11:00:00,18.91,72.87,1.55
2024-07-01T11:00:00,18.91,72.89,6.93
2024-07-01T11:00:00,18.91,72.91,6.94
2024-07-01T11:00:00,18.91,72.93,2.96
2024-07-01T11:00:00,18.91,72.95,2.23
2024-07-01T11:00:00,18.91,72.97,2.09
2024-07-01T11:00:00,18.91,72.99,4.4
2024-07-01T11:00:00,18.93,72.77,8.71
2024-07-01T11:00:00,18.93,72.79,4.62
2024-07-01T11:00:00,18.93,72.81,0.42
2024-07-01T11:00:00,18.93,72.83,3.14
2024-07-01T11:00:00,18.93,72.85,2.97
2024-07-01T11:00:00,18.93,72.87,6.59
2024-07-01T11:00:00,18.93,72.89,6.67
2024-07-01T11:00:00,18.93,72.91,4.98
2024-07-01T11:00:00,18.93,72.93,8.01
2024-07-01T11:00:00,18.93,72.95,8.27
2024-07-01T11:00:00,18.93,72.97,2.85
2024-07-01T11:00:00,18.93,72.99,2.02
2024-07-01T11:00:00,18.95,72.77,5.03
2024-07-01T11:00:00,18.95,72.79,5.78
2024-07-01T11:00:00,18.95,72.81,3.25
2024-07-01T11:00:00,18.95,72.83,28.2
2024-07-01T11:00:00,18.95,72.85,11.73
2024-07-01T11:00:00,18.95,72.87,2.78
2024-07-01T11:00:00,18.95,72.89,1.82
2024-07-01T11:00:00,18.95,72.91,2.49
2024-07-01T11:00:00,18.95,72.93,8.51
2024-07-01T11:00:00,18.95,72.95,8.5
2024-07-01T11:00:00,18.95,72.97,10.48
2024-07-01T11:00:00,18.95,72.99,1.97
2024-07-01T11:00:00,18.97,72.77,7.56
2024-07-01T11:00:00,18.97,72.79,2.66
2024-07-01T11:00:00,18.97,72.81,14.24
2024-07-01T11:00:00,18.97,72.83,2.39
2024-07-01T11:00:00,18.97,72.85,1.53
2024-07-01T11:00:00,18.97,72.87,1.77
2024-07-01T11:00:00,18.97,72.89,4.5
2024-07-01T11:00:00,18.97,72.91,7.18
2024-07-01T11:00:00,18.97,72.93,6.73
2024-07-01T11:00:00,18.97,72.95,1.7
2024-07-01T11:00:00,18.97,72.97,3.11
2024-07-01T11:00:00,18.97,72.99,2.75
2024-07-01T11:00:00,18.99,72.77,1.85
2024-07-01T11:00:00,18.99,72.79,3.36
2024-07-01T11:00:00,18.99,72.81,12.13
2024-07-01T11:00:00,18.99,72.83,1.48
2024-07-01T11:00:00,18.99,72.85,5.58
2024-07-01T11:00:00,18.99,72.87,11.39
2024-07-01T11:00:00,18.99,72.89,10.77
2024-07-01T11:00:00,18.99,72.91,12.99
2024-07-01T11:00:00,18.99,72.93,5.48
2024-07-01T11:00:00,18.99,72.95,5.95
2024-07-01T11:00:00,18.99,72.97,2.78
2024-07-01T11:00:00,18.99,72.99,1.23
2024-07-01T11:00:00,19.01,72.77,4.77
2024-07-01T11:00:00,19.01,72.79,10.93
2024-07-01T11:00:00,19.01,72.81,0.41
2024-07-01T11:00:00,19.01,72.83,3.34
2024-07-01T11:00:00,19.01,72.85,7.05
2024-07-01T11:00:00,19.01,72.87,4.65
2024-07-01T11:00:00,19.01,72.89,10.38
2024-07-01T11:00:00,19.01,72.91,8.76
2024-07-01T11:00:00,19.01,72.93,1.14
2024-07-01T11:00:00,19.01,72.95,4.57
2024-07-01T11:00:00,19.01,72.97,2.26
2024-07-01T11:00:00,19.01,72.99,2.2
2024-07-01T11:00:00,19.03,72.77,1.5
2024-07-01T11:00:00,19.03,72.79,6.19
2024-07-01T11:00:00,19.03,72.81,11.64
2024-07-01T11:00:00,19.03,72.83,6.22
2024-07-01T11:00:00,19.03,72.85,1.25
2024-07-01T11:00:00,19.03,72.87,4.46
2024-07-01T11:00:00,19.03,72.89,6.55
2024-07-01T11:00:00,19.03,72.91,4.03
2024-07-01T11:00:00,19.03,72.93,5.49
2024-07-01T11:00:00,19.03,72.95,2.46
2024-07-01T11:00:00,19.03,72.97,3.49
2024-07-01T11:00:00,19.03,72.99,3.28
2024-07-01T11:00:00,19.05,72.77,13.89
2024-07-01T11:00:00,19.05,72.79,2.09
2024-07-01T11:00:00,19.05,72.81,0.49
2024-07-01T11:00:00,19.05,72.83,12.16
2024-07-01T11:00:00,19.05,72.85,5.19
2024-07-01T11:00:00,19.05,72.87,1.53
2024-07-01T11:00:00,19.05,72.89,8.42
2024-07-01T11:00:00,19.05,72.91,6.69
2024-07-01T11:00:00,19.05,72.93,12.55
2024-07-01T11:00:00,19.05,72.95,4.96
2024-07-01T11:00:00,19.05,72.97,17.84
2024-07-01T11:00:00,19.05,72.99,3.79
2024-07-01T11:00:00,19.07,72.77,8.05
2024-07-01T11:00:00,19.07,72.79,8.58
2024-07-01T11:00:00,19.07,72.81,3.54
2024-07-01T11:00:00,19.07,72.83,3.36
2024-07-01T11:00:00,19.07,72.85,8.0
2024-07-01T11:00:00,19.07,72.87,1.4
2024-07-01T11:00:00,19.07,72.89,2.42
2024-07-01T11:00:00,19.07,72.91,3.98
2024-07-01T11:00:00,19.07,72.93,12.29
2024-07-01T11:00:00,19.07,72.95,7.21
2024-07-01T11:00:00,19.07,72.97,4.47
2024-07-01T11:00:00,19.07,72.99,2.71
2024-07-01T11:00:00,19.09,72.77,19.03
2024-07-01T11:00:00,19.09,72.79,4.94
2024-07-01T11:00:00,19.09,72.81,2.67
2024-07-01T11:00:00,19.09,72.83,19.54
2024-07-01T11:00:00,19.09,72.85,1.5
2024-07-01T11:00:00,19.09,72.87,10.98
2024-07-01T11:00:00,19.09,72.89,4.59
2024-07-01T11:00:00,19.09,72.91,7.47
2024-07-01T11:00:00,19.09,72.93,6.44
2024-07-01T11:00:00,19.09,72.95,7.13
2024-07-01T11:00:00,19.09,72.97,17.86
2024-07-01T11:00:00,19.09,72.99,15.9
2024-07-01T11:00:00,19.11,72.77,2.97
2024-07-01T11:00:00,19.11,72.79,7.44
2024-07-01T11:00:00,19.11,72.81,0.9
2024-07-01T11:00:00,19.11,72.83,8.73
2024-07-01T11:00:00,19.11,72.85,9.89
2024-07-01T11:00:00,19.11,72.87,0.46
2024-07-01T11:00:00,19.11,72.89,4.46
2024-07-01T11:00:00,19.11,72.91,7.46
2024-07-01T11:00:00,19.11,72.93,5.66
2024-07-01T11:00:00,19.11,72.95,1.38
2024-07-01T11:00:00,19.11,72.97,1.51
2024-07-01T11:00:00,19.11,72.99,3.72
2024-07-01T11:00:00,19.13,72.77,3.77
2024-07-01T11:00:00,19.13,72.79,3.94
2024-07-01T11:00:00,19.13,72.81,1.4
2024-07-01T11:00:00,19.13,72.83,5.0
2024-07-01T11:00:00,19.13,72.85,13.47
2024-07-01T11:00:00,19.13,72.87,1.56
2024-07-01T11:00:00,19.13,72.89,3.81
2024-07-01T11:00:00,19.13,72.91,6.89
2024-07-01T11:00:00,19.13,72.93,0.93
2024-07-01T11:00:00,19.13,72.95,4.42
2024-07-01T11:00:00,19.13,72.97,8.59
2024-07-01T11:00:00,19.13,72.99,1.71
2024-07-01T11:00:00,19.15,72.77,5.92
2024-07-01T11:00:00,19.15,72.79,10.03
2024-07-01T11:00:00,19.15,72.81,20.56
2024-07-01T11:00:00,19.15,72.83,5.21
2024-07-01T11:00:00,19.15,72.85,2.58
2024-07-01T11:00:00,19.15,72.87,2.54
2024-07-01T11:00:00,19.15,72.89,1.19
2024-07-01T11:00:00,19.15,72.91,13.27
2024-07-01T11:00:00,19.15,72.93,8.11
2024-07-01T11:00:00,19.15,72.95,1.54
2024-07-01T11:00:00,19.15,72.97,2.17
2024-07-01T11:00:00,19.15,72.99,4.38
2024-07-01T11:00:00,19.17,72.77,10.83
2024-07-01T11:00:00,19.17,72.79,7.45
2024-07-01T11:00:00,19.17,72.81,6.74
2024-07-01T11:00:00,19.17,72.83,5.68
2024-07-01T11:00:00,19.17,72.85,1.8
2024-07-01T11:00:00,19.17,72.87,4.94
2024-07-01T11:00:00,19.17,72.89,4.4
2024-07-01T11:00:00,19.17,72.91,1.15
2024-07-01T11:00:00,19.17,72.93,12.81
2024-07-01T11:00:00,19.17,72.95,2.61
2024-07-01T11:00:00,19.17,72.97,1.12
2024-07-01T11:00:00,19.17,72.99,2.9
2024-07-01T11:00:00,19.19,72.77,4.34
2024-07-01T11:00:00,19.19,72.79,4.9
2024-07-01T11:00:00,19.19,72.81,4.03
2024-07-01T11:00:00,19.19,72.83,4.83
2024-07-01T11:00:00,19.19,72.85,5.33
2024-07-01T11:00:00,19.19,72.87,5.0
2024-07-01T11:00:00,19.19,72.89,6.06
2024-07-01T11:00:00,19.19,72.91,6.2
2024-07-01T11:00:00,19.19,72.93,6.19
2024-07-01T11:00:00,19.19,72.95,7.19
2024-07-01T11:00:00,19.19,72.97,2.33
2024-07-01T11:00:00,19.19,72.99,2.37
2024-07-01T11:00:00,19.21,72.77,10.86
2024-07-01T11:00:00,19.21,72.79,3.71
2024-07-01T11:00:00,19.21,72.81,4.55
2024-07-01T11:00:00,19.21,72.83,4.12
2024-07-01T11:00:00,19.21,72.85,19.02
2024-07-01T11:00:00,19.21,72.87,2.2
2024-07-01T11:00:00,19.21,72.89,2.12
2024-07-01T11:00:00,19.21,72.91,4.41
2024-07-01T11:00:00,19.21,72.93,3.77
2024-07-01T11:00:00,19.21,72.95,1.52
2024-07-01T11:00:00,19.21,72.97,3.92
2024-07-01T11:00:00,19.21,72.99,4.21
2024-07-01T11:00:00,19.23,72.77,3.52
2024-07-01T11:00:00,19.23,72.79,4.59
2024-07-01T11:00:00,19.23,72.81,2.59
2024-07-01T11:00:00,19.23,72.83,1.74
2024-07-01T11:00:00,19.23,72.85,3.38
2024-07-01T11:00:00,19.23,72.87,1.9
2024-07-01T11:00:00,19.23,72.89,1.33
2024-07-01T11:00:00,19.23,72.91,0.63
2024-07-01T11:00:00,19.23,72.93,5.14
2024-07-01T11:00:00,19.23,72.95,2.97
2024-07-01T11:00:00,19.23,72.97,8.61
2024-07-01T11:00:00,19.23,72.99,3.08
2024-07-01T11:00:00,19.25,72.77,6.28
2024-07-01T11:00:00,19.25,72.79,3.02
2024-07-01T11:00:00,19.25,72.81,4.86
2024-07-01T11:00:00,19.25,72.83,0.7
2024-07-01T11:00:00,19.25,72.85,3.34
2024-07-01T11:00:00,19.25,72.87,2.21
2024-07-01T11:00:00,19.25,72.89,8.63
2024-07-01T11:00:00,19.25,72.91,4.98
2024-07-01T11:00:00,19.25,72.93,7.52
2024-07-01T11:00:00,19.25,72.95,9.4
2024-07-01T11:00:00,19.25,72.97,2.77
2024-07-01T11:00:00,19.25,72.99,4.51
2024-07-01T12:00:00,18.87,72.77,2.44
2024-07-01T12:00:00,18.87,72.79,8.21
2024-07-01T12:00:00,18.87,72.81,8.81
2024-07-01T12:00:00,18.87,72.83,7.37
2024-07-01T12:00:00,18.87,72.85,3.79
2024-07-01T12:00:00,18.87,72.87,17.59
2024-07-01T12:00:00,18.87,72.89,5.57
2024-07-01T12:00:00,18.87,72.91,2.04
2024-07-01T12:00:00,18.87,72.93,8.17
2024-07-01T12:00:00,18.87,72.95,10.11
2024-07-01T12:00:00,18.87,72.97,1.97
2024-07-01T12:00:00,18.87,72.99,4.11
2024-07-01T12:00:00,18.89,72.77,1.69
2024-07-01T12:00:00,18.89,72.79,14.15
2024-07-01T12:00:00,18.89,72.81,5.63
2024-07-01T12:00:00,18.89,72.83,2.84
2024-07-01T12:00:00,18.89,72.85,11.31
2024-07-01T12:00:00,18.89,72.87,5.58
2024-07-01T12:00:00,18.89,72.89,9.81
2024-07-01T12:00:00,18.89,72.91,7.38
2024-07-01T12:00:00,18.89,72.93,2.24
2024-07-01T12:00:00,18.89,72.95,3.32
2024-07-01T12:00:00,18.89,72.97,2.52
2024-07-01T12:00:00,18.89,72.99,1.79
2024-07-01T12:00:00,18.91,72.77,1.27
2024-07-01T12:00:00,18.91,72.79,22.18
2024-07-01T12:00:00,18.91,72.81,7.48
2024-07-01T12:00:00,18.91,72.83,8.06
2024-07-01T12:00:00,18.91,72.85,12.18
2024-07-01T12:00:00,18.91,72.87,3.57
2024-07-01T12:00:00,18.91,72.89,1.55
2024-07-01T12:00:00,18.91,72.91,9.04
2024-07-01T12:00:00,18.91,72.93,1.74
2024-07-01T12:00:00,18.91,72.95,8.57
2024-07-01T12:00:00,18.91,72.97,1.22
2024-07-01T12:00:00,18.91,72.99,1.55
2024-07-01T12:00:00,18.93,72.77,3.77
2024-07-01T12:00:00,18.93,72.79,10.07
2024-07-01T12:00:00,18.93,72.81,17.39
2024-07-01T12:00:00,18.93,72.83,8.06
2024-07-01T12:00:00,18.93,72.85,3.47
2024-07-01T12:00:00,18.93,72.87,10.63
2024-07-01T12:00:00,18.93,72.89,1.28
2024-07-01T12:00:00,18.93,72.91,2.4
2024-07-01T12:00:00,18.93,72.93,5.63
2024-07-01T12:00:00,18.93,72.95,8.91
2024-07-01T12:00:00,18.93,72.97,4.34
2024-07-01T12:00:00,18.93,72.99,3.92
2024-07-01T12:00:00,18.95,72.77,5.28
2024-07-01T12:00:00,18.95,72.79,13.17
2024-07-01T12:00:00,18.95,72.81,3.17
2024-07-01T12:00:00,18.95,72.83,2.48
2024-07-01T12:00:00,18.95,72.85,4.64
2024-07-01T12:00:00,18.95,72.87,12.93
2024-07-01T12:00:00,18.95,72.89,3.16
2024-07-01T12:00:00,18.95,72.91,4.39
2024-07-01T12:00:00,18.95,72.93,1.2
2024-07-01T12:00:00,18.95,72.95,4.37
2024-07-01T12:00:00,18.95,72.97,6.06
2024-07-01T12:00:00,18.95,72.99,1.66
2024-07-01T12:00:00,18.97,72.77,13.61
2024-07-01T12:00:00,18.97,72.79,7.37
2024-07-01T12:00:00,18.97,72.81,3.97
2024-07-01T12:00:00,18.97,72.83,6.99
2024-07-01T12:00:00,18.97,72.85,8.18
2024-07-01T12:00:00,18.97,72.87,0.93
2024-07-01T12:00:00,18.97,72.89,6.69
2024-07-01T12:00:00,18.97,72.91,12.1
2024-07-01T12:00:00,18.97,72.93,2.72
2024-07-01T12:00:00,18.97,72.95,3.45
2024-07-01T12:00:00,18.97,72.97,3.87
2024-07-01T12:00:00,18.97,72.99,8.7
2024-07-01T12:00:00,18.99,72.77,2.5
2024-07-01T12:00:00,18.99,72.79,8.61
2024-07-01T12:00:00,18.99,72.81,4.67
2024-07-01T12:00:00,18.99,72.83,17.44
2024-07-01T12:00:00,18.99,72.85,4.63
2024-07-01T12:00:00,18.99,72.87,0.45
2024-07-01T12:00:00,18.99,72.89,8.58
2024-07-01T12:00:00,18.99,72.91,7.13
2024-07-01T12:00:00,18.99,72.93,6.02
2024-07-01T12:00:00,18.99,72.95,11.45
2024-07-01T12:00:00,18.99,72.97,0.99
2024-07-01T12:00:00,18.99,72.99,2.27
2024-07-01T12:00:00,19.01,72.77,6.26
2024-07-01T12:00:00,19.01,72.79,6.86
2024-07-01T12:00:00,19.01,72.81,5.25
2024-07-01T12:00:00,19.01,72.83,1.37
2024-07-01T12:00:00,19.01,72.85,3.86
2024-07-01T12:00:00,19.01,72.87,15.82
2024-07-01T12:00:00,19.01,72.89,2.03
2024-07-01T12:00:00,19.01,72.91,5.12
2024-07-01T12:00:00,19.01,72.93,7.28
2024-07-01T12:00:00,19.01,72.95,8.8
2024-07-01T12:00:00,19.01,72.97,7.94
2024-07-01T12:00:00,19.01,72.99,3.17
2024-07-01T12:00:00,19.03,72.77,2.91
2024-07-01T12:00:00,19.03,72.79,18.58
2024-07-01T12:00:00,19.03,72.81,11.01
2024-07-01T12:00:00,19.03,72.83,6.04
2024-07-01T12:00:00,19.03,72.85,14.18
2024-07-01T12:00:00,19.03,72.87,1.6
2024-07-01T12:00:00,19.03,72.89,0.46
2024-07-01T12:00:00,19.03,72.91,5.85
2024-07-01T12:00:00,19.03,72.93,5.94
2024-07-01T12:00:00,19.03,72.95,1.34
2024-07-01T12:00:00,19.03,72.97,9.02
2024-07-01T12:00:00,19.03,72.99,0.67
2024-07-01T12:00:00,19.05,72.77,8.19
2024-07-01T12:00:00,19.05,72.79,9.26
2024-07-01T12:00:00,19.05,72.81,6.54
2024-07-01T12:00:00,19.05,72.83,1.31
2024-07-01T12:00:00,19.05,72.85,12.61
2024-07-01T12:00:00,19.05,72.87,3.64
2024-07-01T12:00:00,19.05,72.89,3.57
2024-07-01T12:00:00,19.05,72.91,2.94
2024-07-01T12:00:00,19.05,72.93,8.41
2024-07-01T12:00:00,19.05,72.95,3.23
2024-07-01T12:00:00,19.05,72.97,1.72
2024-07-01T12:00:00,19.05,72.99,9.61
2024-07-01T12:00:00,19.07,72.77,6.05
2024-07-01T12:00:00,19.07,72.79,12.25
2024-07-01T12:00:00,19.07,72.81,6.01
2024-07-01T12:00:00,19.07,72.83,3.05
2024-07-01T12:00:00,19.07,72.85,0.92
2024-07-01T12:00:00,19.07,72.87,6.12
2024-07-01T12:00:00,19.07,72.89,4.17
2024-07-01T12:00:00,19.07,72.91,8.82
2024-07-01T12:00:00,19.07,72.93,3.16
2024-07-01T12:00:00,19.07,72.95,6.71
2024-07-01T12:00:00,19.07,72.97,4.89
2024-07-01T12:00:00,19.07,72.99,2.4
2024-07-01T12:00:00,19.09,72.77,4.13
2024-07-01T12:00:00,19.09,72.79,1.74
2024-07-01T12:00:00,19.09,72.81,18.85
2024-07-01T12:00:00,19.09,72.83,7.53
2024-07-01T12:00:00,19.09,72.85,1.49
2024-07-01T12:00:00,19.09,72.87,16.85
2024-07-01T12:00:00,19.09,72.89,2.01
2024-07-01T12:00:00,19.09,72.91,3.18
2024-07-01T12:00:00,19.09,72.93,4.24
2024-07-01T12:00:00,19.09,72.95,5.06
2024-07-01T12:00:00,19.09,72.97,8.21
2024-07-01T12:00:00,19.09,72.99,0.6
2024-07-01T12:00:00,19.11,72.77,6.39
2024-07-01T12:00:00,19.11,72.79,4.83
2024-07-01T12:00:00,19.11,72.81,6.71
2024-07-01T12:00:00,19.11,72.83,4.38
2024-07-01T12:00:00,19.11,72.85,3.82
2024-07-01T12:00:00,19.11,72.87,4.93
2024-07-01T12:00:00,19.11,72.89,15.88
2024-07-01T12:00:00,19.11,72.91,3.63
2024-07-01T12:00:00,19.11,72.93,11.22
2024-07-01T12:00:00,19.11,72.95,5.55
2024-07-01T12:00:00,19.11,72.97,5.27
2024-07-01T12:00:00,19.11,72.99,5.59
2024-07-01T12:00:00,19.13,72.77,8.89
2024-07-01T12:00:00,19.13,72.79,4.49
2024-07-01T12:00:00,19.13,72.81,12.31
2024-07-01T12:00:00,19.13,72.83,8.14
2024-07-01T12:00:00,19.13,72.85,1.74
2024-07-01T12:00:00,19.13,72.87,0.46
2024-07-01T12:00:00,19.13,72.89,15.56
2024-07-01T12:00:00,19.13,72.91,6.13
2024-07-01T12:00:00,19.13,72.93,1.41
2024-07-01T12:00:00,19.13,72.95,3.49
2024-07-01T12:00:00,19.13,72.97,9.25
2024-07-01T12:00:00,19.13,72.99,4.21
2024-07-01T12:00:00,19.15,72.77,5.81
2024-07-01T12:00:00,19.15,72.79,9.93
2024-07-01T12:00:00,19.15,72.81,7.41
2024-07-01T12:00:00,19.15,72.83,8.57
2024-07-01T12:00:00,19.15,72.85,9.06
2024-07-01T12:00:00,19.15,72.87,2.97
2024-07-01T12:00:00,19.15,72.89,3.15
2024-07-01T12:00:00,19.15,72.91,2.55
2024-07-01T12:00:00,19.15,72.93,3.17
2024-07-01T12:00:00,19.15,72.95,4.52
2024-07-01T12:00:00,19.15,72.97,4.7
2024-07-01T12:00:00,19.15,72.99,12.14
2024-07-01T12:00:00,19.17,72.77,7.61
2024-07-01T12:00:00,19.17,72.79,5.54
2024-07-01T12:00:00,19.17,72.81,2.35
2024-07-01T12:00:00,19.17,72.83,4.45
2024-07-01T12:00:00,19.17,72.85,17.12
2024-07-01T12:00:00,19.17,72.87,16.54
2024-07-01T12:00:00,19.17,72.89,4.1
2024-07-01T12:00:00,19.17,72.91,0.99
2024-07-01T12:00:00,19.17,72.93,3.53
2024-07-01T12:00:00,19.17,72.95,12.61
2024-07-01T12:00:00,19.17,72.97,4.47
2024-07-01T12:00:00,19.17,72.99,7.98
2024-07-01T12:00:00,19.19,72.77,6.18
2024-07-01T12:00:00,19.19,72.79,1.54
2024-07-01T12:00:00,19.19,72.81,5.96
2024-07-01T12:00:00,19.19,72.83,10.25
2024-07-01T12:00:00,19.19,72.85,3.41
2024-07-01T12:00:00,19.19,72.87,9.58
2024-07-01T12:00:00,19.19,72.89,5.65
2024-07-01T12:00:00,19.19,72.91,8.84
2024-07-01T12:00:00,19.19,72.93,6.5
2024-07-01T12:00:00,19.19,72.95,2.13
2024-07-01T12:00:00,19.19,72.97,3.88
2024-07-01T12:00:00,19.19,72.99,3.72
2024-07-01T12:00:00,19.21,72.77,3.68
2024-07-01T12:00:00,19.21,72.79,7.28
2024-07-01T12:00:00,19.21,72.81,20.21
2024-07-01T12:00:00,19.21,72.83,11.98
2024-07-01T12:00:00,19.21,72.85,12.74
2024-07-01T12:00:00,19.21,72.87,3.03
2024-07-01T12:00:00,19.21,72.89,12.3
2024-07-01T12:00:00,19.21,72.91,14.75
2024-07-01T12:00:00,19.21,72.93,2.77
2024-07-01T12:00:00,19.21,72.95,6.91
2024-07-01T12:00:00,19.21,72.97,6.93
2024-07-01T12:00:00,19.21,72.99,4.04
2024-07-01T12:00:00,19.23,72.77,7.08
2024-07-01T12:00:00,19.23,72.79,8.8
2024-07-01T12:00:00,19.23,72.81,5.14
2024-07-01T12:00:00,19.23,72.83,11.6
2024-07-01T12:00:00,19.23,72.85,1.75
2024-07-01T12:00:00,19.23,72.87,4.14
2024-07-01T12:00:00,19.23,72.89,8.84
2024-07-01T12:00:00,19.23,72.91,16.68
2024-07-01T12:00:00,19.23,72.93,10.81
2024-07-01T12:00:00,19.23,72.95,5.59
2024-07-01T12:00:00,19.23,72.97,4.49
2024-07-01T12:00:00,19.23,72.99,3.88
2024-07-01T12:00:00,19.25,72.77,5.01
2024-07-01T12:00:00,19.25,72.79,0.99
2024-07-01T12:00:00,19.25,72.81,18.33
2024-07-01T12:00:00,19.25,72.83,5.5
2024-07-01T12:00:00,19.25,72.85,2.86
2024-07-01T12:00:00,19.25,72.87,7.4
2024-07-01T12:00:00,19.25,72.89,2.92
2024-07-01T12:00:00,19.25,72.91,9.89
2024-07-01T12:00:00,19.25,72.93,2.69
2024-07-01T12:00:00,19.25,72.95,8.61
2024-07-01T12:00:00,19.25,72.97,3.89
2024-07-01T12:00:00,19.25,72.99,6.01
2024-07-01T13:00:00,18.87,72.77,13.53
2024-07-01T13:00:00,18.87,72.79,4.71
2024-07-01T13:00:00,18.87,72.81,12.5
2024-07-01T13:00:00,18.87,72.83,1.18
2024-07-01T13:00:00,18.87,72.85,17.94
2024-07-01T13:00:00,18.87,72.87,12.95
2024-07-01T13:00:00,18.87,72.89,5.96
2024-07-01T13:00:00,18.87,72.91,13.93
2024-07-01T13:00:00,18.87,72.93,12.72
2024-07-01T13:00:00,18.87,72.95,6.02
2024-07-01T13:00:00,18.87,72.97,5.88
2024-07-01T13:00:00,18.87,72.99,2.67
2024-07-01T13:00:00,18.89,72.77,7.82
2024-07-01T13:00:00,18.89,72.79,1.78
2024-07-01T13:00:00,18.89,72.81,11.97
2024-07-01T13:00:00,18.89,72.83,11.81
2024-07-01T13:00:00,18.89,72.85,1.17
2024-07-01T13:00:00,18.89,72.87,16.41
2024-07-01T13:00:00,18.89,72.89,3.84
2024-07-01T13:00:00,18.89,72.91,33.44
2024-07-01T13:00:00,18.89,72.93,7.27
2024-07-01T13:00:00,18.89,72.95,15.25
2024-07-01T13:00:00,18.89,72.97,2.63
2024-07-01T13:00:00,18.89,72.99,4.58
2024-07-01T13:00:00,18.91,72.77,4.85
2024-07-01T13:00:00,18.91,72.79,1.74
2024-07-01T13:00:00,18.91,72.81,2.22
2024-07-01T13:00:00,18.91,72.83,6.21
2024-07-01T13:00:00,18.91,72.85,8.85
2024-07-01T13:00:00,18.91,72.87,2.62
2024-07-01T13:00:00,18.91,72.89,4.76
2024-07-01T13:00:00,18.91,72.91,3.41
2024-07-01T13:00:00,18.91,72.93,5.84
2024-07-01T13:00:00,18.91,72.95,9.69
2024-07-01T13:00:00,18.91,72.97,6.42
2024-07-01T13:00:00,18.91,72.99,3.63
2024-07-01T13:00:00,18.93,72.77,15.23
2024-07-01T13:00:00,18.93,72.79,9.4
2024-07-01T13:00:00,18.93,72.81,7.8
2024-07-01T13:00:00,18.93,72.83,2.79
2024-07-01T13:00:00,18.93,72.85,12.6
2024-07-01T13:00:00,18.93,72.87,9.06
2024-07-01T13:00:00,18.93,72.89,9.18
2024-07-01T13:00:00,18.93,72.91,5.24
2024-07-01T13:00:00,18.93,72.93,4.44
2024-07-01T13:00:00,18.93,72.95,18.8
2024-07-01T13:00:00,18.93,72.97,4.24
2024-07-01T13:00:00,18.93,72.99,1.95
2024-07-01T13:00:00,18.95,72.77,8.62
2024-07-01T13:00:00,18.95,72.79,7.22
2024-07-01T13:00:00,18.95,72.81,14.75
2024-07-01T13:00:00,18.95,72.83,6.1
2024-07-01T13:00:00,18.95,72.85,10.51
2024-07-01T13:00:00,18.95,72.87,17.16
2024-07-01T13:00:00,18.95,72.89,8.49
2024-07-01T13:00:00,18.95,72.91,2.66
2024-07-01T13:00:00,18.95,72.93,8.32
2024-07-01T13:00:00,18.95,72.95,4.56
2024-07-01T13:00:00,18.95,72.97,7.15
2024-07-01T13:00:00,18.95,72.99,5.83
2024-07-01T13:00:00,18.97,72.77,2.46
2024-07-01T13:00:00,18.97,72.79,6.44
2024-07-01T13:00:00,18.97,72.81,2.85
2024-07-01T13:00:00,18.97,72.83,4.61
2024-07-01T13:00:00,18.97,72.85,12.57
2024-07-01T13:00:00,18.97,72.87,6.91
2024-07-01T13:00:00,18.97,72.89,9.61
2024-07-01T13:00:00,18.97,72.91,7.02
2024-07-01T13:00:00,18.97,72.93,4.9
2024-07-01T13:00:00,18.97,72.95,7.28
2024-07-01T13:00:00,18.97,72.97,1.2
2024-07-01T13:00:00,18.97,72.99,9.93
2024-07-01T13:00:00,18.99,72.77,3.75
2024-07-01T13:00:00,18.99,72.79,10.48
2024-07-01T13:00:00,18.99,72.81,5.47
2024-07-01T13:00:00,18.99,72.83,2.25
2024-07-01T13:00:00,18.99,72.85,3.86
2024-07-01T13:00:00,18.99,72.87,9.44
2024-07-01T13:00:00,18.99,72.89,24.2
2024-07-01T13:00:00,18.99,72.91,5.95
2024-07-01T13:00:00,18.99,72.93,21.48
2024-07-01T13:00:00,18.99,72.95,1.22
2024-07-01T13:00:00,18.99,72.97,4.88
2024-07-01T13:00:00,18.99,72.99,5.56
2024-07-01T13:00:00,19.01,72.77,11.26
2024-07-01T13:00:00,19.01,72.79,4.34
2024-07-01T13:00:00,19.01,72.81,9.1
2024-07-01T13:00:00,19.01,72.83,5.87
2024-07-01T13:00:00,19.01,72.85,15.34
2024-07-01T13:00:00,19.01,72.87,7.49
2024-07-01T13:00:00,19.01,72.89,32.32
2024-07-01T13:00:00,19.01,72.91,5.38
2024-07-01T13:00:00,19.01,72.93,13.46
2024-07-01T13:00:00,19.01,72.95,16.11
2024-07-01T13:00:00,19.01,72.97,0.31
2024-07-01T13:00:00,19.01,72.99,9.84
2024-07-01T13:00:00,19.03,72.77,6.28
2024-07-01T13:00:00,19.03,72.79,2.72
2024-07-01T13:00:00,19.03,72.81,16.38
2024-07-01T13:00:00,19.03,72.83,4.3
2024-07-01T13:00:00,19.03,72.85,1.27
2024-07-01T13:00:00,19.03,72.87,7.63
2024-07-01T13:00:00,19.03,72.89,16.31
2024-07-01T13:00:00,19.03,72.91,2.37
2024-07-01T13:00:00,19.03,72.93,11.29
2024-07-01T13:00:00,19.03,72.95,0.82
2024-07-01T13:00:00,19.03,72.97,15.87
2024-07-01T13:00:00,19.03,72.99,7.88
2024-07-01T13:00:00,19.05,72.77,2.56
2024-07-01T13:00:00,19.05,72.79,12.56
2024-07-01T13:00:00,19.05,72.81,4.63
2024-07-01T13:00:00,19.05,72.83,3.14
2024-07-01T13:00:00,19.05,72.85,4.31
2024-07-01T13:00:00,19.05,72.87,10.49
2024-07-01T13:00:00,19.05,72.89,2.76
2024-07-01T13:00:00,19.05,72.91,0.5
2024-07-01T13:00:00,19.05,72.93,4.12
2024-07-01T13:00:00,19.05,72.95,14.37
2024-07-01T13:00:00,19.05,72.97,14.01
2024-07-01T13:00:00,19.05,72.99,3.76
2024-07-01T13:00:00,19.07,72.77,4.69
2024-07-01T13:00:00,19.07,72.79,4.31
2024-07-01T13:00:00,19.07,72.81,4.02
2024-07-01T13:00:00,19.07,72.83,4.15
2024-07-01T13:00:00,19.07,72.85,8.09
2024-07-01T13:00:00,19.07,72.87,15.82
2024-07-01T13:00:00,19.07,72.89,2.75
2024-07-01T13:00:00,19.07,72.91,3.18
2024-07-01T13:00:00,19.07,72.93,8.06
2024-07-01T13:00:00,19.07,72.95,10.08
2024-07-01T13:00:00,19.07,72.97,1.45
2024-07-01T13:00:00,19.07,72.99,17.74
2024-07-01T13:00:00,19.09,72.77,5.85
2024-07-01T13:00:00,19.09,72.79,1.96
2024-07-01T13:00:00,19.09,72.81,1.64
2024-07-01T13:00:00,19.09,72.83,1.49
2024-07-01T13:00:00,19.09,72.85,14.48
2024-07-01T13:00:00,19.09,72.87,6.95
2024-07-01T13:00:00,19.09,72.89,13.91
2024-07-01T13:00:00,19.09,72.91,5.74
2024-07-01T13:00:00,19.09,72.93,13.11
2024-07-01T13:00:00,19.09,72.95,5.42
2024-07-01T13:00:00,19.09,72.97,8.86
2024-07-01T13:00:00,19.09,72.99,5.65
2024-07-01T13:00:00,19.11,72.77,6.44
2024-07-01T13:00:00,19.11,72.79,3.43
2024-07-01T13:00:00,19.11,72.81,11.6
2024-07-01T13:00:00,19.11,72.83,2.61
2024-07-01T13:00:00,19.11,72.85,10.97
2024-07-01T13:00:00,19.11,72.87,7.19
2024-07-01T13:00:00,19.11,72.89,10.67
2024-07-01T13:00:00,19.11,72.91,7.34
2024-07-01T13:00:00,19.11,72.93,14.1
2024-07-01T13:00:00,19.11,72.95,8.39
2024-07-01T13:00:00,19.11,72.97,6.64
2024-07-01T13:00:00,19.11,72.99,0.39
2024-07-01T13:00:00,19.13,72.77,17.74
2024-07-01T13:00:00,19.13,72.79,1.56
2024-07-01T13:00:00,19.13,72.81,2.09
2024-07-01T13:00:00,19.13,72.83,12.24
2024-07-01T13:00:00,19.13,72.85,6.92
2024-07-01T13:00:00,19.13,72.87,1.47
2024-07-01T13:00:00,19.13,72.89,3.98
2024-07-01T13:00:00,19.13,72.91,14.24
2024-07-01T13:00:00,19.13,72.93,7.04
2024-07-01T13:00:00,19.13,72.95,6.36
2024-07-01T13:00:00,19.13,72.97,3.32
2024-07-01T13:00:00,19.13,72.99,10.68
2024-07-01T13:00:00,19.15,72.77,7.05
2024-07-01T13:00:00,19.15,72.79,11.61
2024-07-01T13:00:00,19.15,72.81,3.6
2024-07-01T13:00:00,19.15,72.83,26.11
2024-07-01T13:00:00,19.15,72.85,17.14
2024-07-01T13:00:00,19.15,72.87,7.43
2024-07-01T13:00:00,19.15,72.89,8.49
2024-07-01T13:00:00,19.15,72.91,3.93
2024-07-01T13:00:00,19.15,72.93,10.35
2024-07-01T13:00:00,19.15,72.95,0.55
2024-07-01T13:00:00,19.15,72.97,17.82
2024-07-01T13:00:00,19.15,72.99,9.45
2024-07-01T13:00:00,19.17,72.77,3.18
2024-07-01T13:00:00,19.17,72.79,21.51
2024-07-01T13:00:00,19.17,72.81,25.35
2024-07-01T13:00:00,19.17,72.83,9.49
2024-07-01T13:00:00,19.17,72.85,3.46
2024-07-01T13:00:00,19.17,72.87,6.97
2024-07-01T13:00:00,19.17,72.89,9.75
2024-07-01T13:00:00,19.17,72.91,8.13
2024-07-01T13:00:00,19.17,72.93,2.59
2024-07-01T13:00:00,19.17,72.95,9.09
2024-07-01T13:00:00,19.17,72.97,13.4
2024-07-01T13:00:00,19.17,72.99,1.95
2024-07-01T13:00:00,19.19,72.77,2.81
2024-07-01T13:00:00,19.19,72.79,4.41
2024-07-01T13:00:00,19.19,72.81,6.16
2024-07-01T13:00:00,19.19,72.83,12.77
2024-07-01T13:00:00,19.19,72.85,15.0
2024-07-01T13:00:00,19.19,72.87,3.25
2024-07-01T13:00:00,19.19,72.89,7.68
2024-07-01T13:00:00,19.19,72.91,13.64
2024-07-01T13:00:00,19.19,72.93,24.2
2024-07-01T13:00:00,19.19,72.95,7.22
2024-07-01T13:00:00,19.19,72.97,7.4
2024-07-01T13:00:00,19.19,72.99,8.11
2024-07-01T13:00:00,19.21,72.77,6.01
2024-07-01T13:00:00,19.21,72.79,8.22
2024-07-01T13:00:00,19.21,72.81,0.87
2024-07-01T13:00:00,19.21,72.83,4.34
2024-07-01T13:00:00,19.21,72.85,9.97
2024-07-01T13:00:00,19.21,72.87,3.08
2024-07-01T13:00:00,19.21,72.89,12.07
2024-07-01T13:00:00,19.21,72.91,1.15
2024-07-01T13:00:00,19.21,72.93,11.29
2024-07-01T13:00:00,19.21,72.95,11.07
2024-07-01T13:00:00,19.21,72.97,23.67
2024-07-01T13:00:00,19.21,72.99,4.52
2024-07-01T13:00:00,19.23,72.77,7.78
2024-07-01T13:00:00,19.23,72.79,20.46
2024-07-01T13:00:00,19.23,72.81,18.19
2024-07-01T13:00:00,19.23,72.83,14.32
2024-07-01T13:00:00,19.23,72.85,8.91
2024-07-01T13:00:00,19.23,72.87,18.03
2024-07-01T13:00:00,19.23,72.89,31.43
2024-07-01T13:00:00,19.23,72.91,9.95
2024-07-01T13:00:00,19.23,72.93,6.59
2024-07-01T13:00:00,19.23,72.95,10.41
2024-07-01T13:00:00,19.23,72.97,7.03
2024-07-01T13:00:00,19.23,72.99,4.85
2024-07-01T13:00:00,19.25,72.77,14.25
2024-07-01T13:00:00,19.25,72.79,4.98
2024-07-01T13:00:00,19.25,72.81,11.07
2024-07-01T13:00:00,19.25,72.83,1.62
2024-07-01T13:00:00,19.25,72.85,20.69
2024-07-01T13:00:00,19.25,72.87,3.47
2024-07-01T13:00:00,19.25,72.89,1.85
2024-07-01T13:00:00,19.25,72.91,15.74
2024-07-01T13:00:00,19.25,72.93,17.4
2024-07-01T13:00:00,19.25,72.95,7.91
2024-07-01T13:00:00,19.25,72.97,5.69
2024-07-01T13:00:00,19.25,72.99,4.61
2024-07-01T14:00:00,18.87,72.77,11.16
2024-07-01T14:00:00,18.87,72.79,8.59
2024-07-01T14:00:00,18.87,72.81,7.56
2024-07-01T14:00:00,18.87,72.83,3.89
2024-07-01T14:00:00,18.87,72.85,2.85
2024-07-01T14:00:00,18.87,72.87,8.51
2024-07-01T14:00:00,18.87,72.89,9.27
2024-07-01T14:00:00,18.87,72.91,4.12
2024-07-01T14:00:00,18.87,72.93,4.56
2024-07-01T14:00:00,18.87,72.95,8.74
2024-07-01T14:00:00,18.87,72.97,3.28
2024-07-01T14:00:00,18.87,72.99,14.74
2024-07-01T14:00:00,18.89,72.77,13.49
2024-07-01T14:00:00,18.89,72.79,4.75
2024-07-01T14:00:00,18.89,72.81,12.22
2024-07-01T14:00:00,18.89,72.83,3.89
2024-07-01T14:00:00,18.89,72.85,14.52
2024-07-01T14:00:00,18.89,72.87,3.83
2024-07-01T14:00:00,18.89,72.89,7.11
2024-07-01T14:00:00,18.89,72.91,8.53
2024-07-01T14:00:00,18.89,72.93,20.3
2024-07-01T14:00:00,18.89,72.95,3.75
2024-07-01T14:00:00,18.89,72.97,3.55
2024-07-01T14:00:00,18.89,72.99,1.73
2024-07-01T14:00:00,18.91,72.77,29.83
2024-07-01T14:00:00,18.91,72.79,9.11
2024-07-01T14:00:00,18.91,72.81,18.1
2024-07-01T14:00:00,18.91,72.83,5.18
2024-07-01T14:00:00,18.91,72.85,5.46
2024-07-01T14:00:00,18.91,72.87,7.68
2024-07-01T14:00:00,18.91,72.89,7.68
2024-07-01T14:00:00,18.91,72.91,12.41
2024-07-01T14:00:00,18.91,72.93,7.85
2024-07-01T14:00:00,18.91,72.95,5.43
2024-07-01T14:00:00,18.91,72.97,23.84
2024-07-01T14:00:00,18.91,72.99,3.27
2024-07-01T14:00:00,18.93,72.77,4.7
2024-07-01T14:00:00,18.93,72.79,4.13
2024-07-01T14:00:00,18.93,72.81,14.39
2024-07-01T14:00:00,18.93,72.83,11.62
2024-07-01T14:00:00,18.93,72.85,7.19
2024-07-01T14:00:00,18.93,72.87,3.53
2024-07-01T14:00:00,18.93,72.89,8.68
2024-07-01T14:00:00,18.93,72.91,14.01
2024-07-01T14:00:00,18.93,72.93,20.86
2024-07-01T14:00:00,18.93,72.95,4.39
2024-07-01T14:00:00,18.93,72.97,6.36
2024-07-01T14:00:00,18.93,72.99,9.82
2024-07-01T14:00:00,18.95,72.77,6.71
2024-07-01T14:00:00,18.95,72.79,2.54
2024-07-01T14:00:00,18.95,72.81,7.6
2024-07-01T14:00:00,18.95,72.83,2.72
2024-07-01T14:00:00,18.95,72.85,15.88
2024-07-01T14:00:00,18.95,72.87,6.22
2024-07-01T14:00:00,18.95,72.89,7.42
2024-07-01T14:00:00,18.95,72.91,4.0
2024-07-01T14:00:00,18.95,72.93,7.34
2024-07-01T14:00:00,18.95,72.95,17.29
2024-07-01T14:00:00,18.95,72.97,15.14
2024-07-01T14:00:00,18.95,72.99,2.68
2024-07-01T14:00:00,18.97,72.77,0.25
2024-07-01T14:00:00,18.97,72.79,7.88
2024-07-01T14:00:00,18.97,72.81,6.76
2024-07-01T14:00:00,18.97,72.83,6.25
2024-07-01T14:00:00,18.97,72.85,5.14
2024-07-01T14:00:00,18.97,72.87,2.93
2024-07-01T14:00:00,18.97,72.89,31.38
2024-07-01T14:00:00,18.97,72.91,24.81
2024-07-01T14:00:00,18.97,72.93,5.39
2024-07-01T14:00:00,18.97,72.95,8.11
2024-07-01T14:00:00,18.97,72.97,14.25
2024-07-01T14:00:00,18.97,72.99,7.84
2024-07-01T14:00:00,18.99,72.77,6.18
2024-07-01T14:00:00,18.99,72.79,2.59
2024-07-01T14:00:00,18.99,72.81,8.69
2024-07-01T14:00:00,18.99,72.83,2.76
2024-07-01T14:00:00,18.99,72.85,18.31
2024-07-01T14:00:00,18.99,72.87,7.76
2024-07-01T14:00:00,18.99,72.89,11.36
2024-07-01T14:00:00,18.99,72.91,5.84
2024-07-01T14:00:00,18.99,72.93,13.38
2024-07-01T14:00:00,18.99,72.95,4.31
2024-07-01T14:00:00,18.99,72.97,8.98
2024-07-01T14:00:00,18.99,72.99,5.3
2024-07-01T14:00:00,19.01,72.77,7.67
2024-07-01T14:00:00,19.01,72.79,17.33
2024-07-01T14:00:00,19.01,72.81,4.48
2024-07-01T14:00:00,19.01,72.83,10.93
2024-07-01T14:00:00,19.01,72.85,19.79
2024-07-01T14:00:00,19.01,72.87,15.16
2024-07-01T14:00:00,19.01,72.89,4.67
2024-07-01T14:00:00,19.01,72.91,10.95
2024-07-01T14:00:00,19.01,72.93,1.33
2024-07-01T14:00:00,19.01,72.95,14.69
2024-07-01T14:00:00,19.01,72.97,34.34
2024-07-01T14:00:00,19.01,72.99,8.92
2024-07-01T14:00:00,19.03,72.77,22.97
2024-07-01T14:00:00,19.03,72.79,2.46
2024-07-01T14:00:00,19.03,72.81,3.5
2024-07-01T14:00:00,19.03,72.83,6.4
2024-07-01T14:00:00,19.03,72.85,7.19
2024-07-01T14:00:00,19.03,72.87,10.01
2024-07-01T14:00:00,19.03,72.89,4.69
2024-07-01T14:00:00,19.03,72.91,8.47
2024-07-01T14:00:00,19.03,72.93,14.59
2024-07-01T14:00:00,19.03,72.95,10.53
2024-07-01T14:00:00,19.03,72.97,5.38
2024-07-01T14:00:00,19.03,72.99,12.05
2024-07-01T14:00:00,19.05,72.77,6.58
2024-07-01T14:00:00,19.05,72.79,9.46
2024-07-01T14:00:00,19.05,72.81,16.21
2024-07-01T14:00:00,19.05,72.83,7.23
2024-07-01T14:00:00,19.05,72.85,2.65
2024-07-01T14:00:00,19.05,72.87,8.31
2024-07-01T14:00:00,19.05,72.89,14.74
2024-07-01T14:00:00,19.05,72.91,15.36
2024-07-01T14:00:00,19.05,72.93,2.93
2024-07-01T14:00:00,19.05,72.95,12.08
2024-07-01T14:00:00,19.05,72.97,5.96
2024-07-01T14:00:00,19.05,72.99,18.66
2024-07-01T14:00:00,19.07,72.77,3.04
2024-07-01T14:00:00,19.07,72.79,14.39
2024-07-01T14:00:00,19.07,72.81,6.49
2024-07-01T14:00:00,19.07,72.83,5.11
2024-07-01T14:00:00,19.07,72.85,15.83
2024-07-01T14:00:00,19.07,72.87,17.12
2024-07-01T14:00:00,19.07,72.89,0.96
2024-07-01T14:00:00,19.07,72.91,14.98
2024-07-01T14:00:00,19.07,72.93,7.09
2024-07-01T14:00:00,19.07,72.95,7.51
2024-07-01T14:00:00,19.07,72.97,2.27
2024-07-01T14:00:00,19.07,72.99,11.03
2024-07-01T14:00:00,19.09,72.77,37.52
2024-07-01T14:00:00,19.09,72.79,5.71
2024-07-01T14:00:00,19.09,72.81,19.72
2024-07-01T14:00:00,19.09,72.83,8.32
2024-07-01T14:00:00,19.09,72.85,5.42
2024-07-01T14:00:00,19.09,72.87,2.04
2024-07-01T14:00:00,19.09,72.89,19.54
2024-07-01T14:00:00,19.09,72.91,8.3
2024-07-01T14:00:00,19.09,72.93,5.19
2024-07-01T14:00:00,19.09,72.95,5.82
2024-07-01T14:00:00,19.09,72.97,11.83
2024-07-01T14:00:00,19.09,72.99,4.94
2024-07-01T14:00:00,19.11,72.77,4.03
2024-07-01T14:00:00,19.11,72.79,8.11
2024-07-01T14:00:00,19.11,72.81,7.68
2024-07-01T14:00:00,19.11,72.83,7.34
2024-07-01T14:00:00,19.11,72.85,5.71
2024-07-01T14:00:00,19.11,72.87,18.66
2024-07-01T14:00:00,19.11,72.89,39.43
2024-07-01T14:00:00,19.11,72.91,2.99
2024-07-01T14:00:00,19.11,72.93,0.75
2024-07-01T14:00:00,19.11,72.95,6.09
2024-07-01T14:00:00,19.11,72.97,0.84
2024-07-01T14:00:00,19.11,72.99,1.64
2024-07-01T14:00:00,19.13,72.77,5.98
2024-07-01T14:00:00,19.13,72.79,14.43
2024-07-01T14:00:00,19.13,72.81,7.06
2024-07-01T14:00:00,19.13,72.83,0.56
2024-07-01T14:00:00,19.13,72.85,6.62
2024-07-01T14:00:00,19.13,72.87,6.85
2024-07-01T14:00:00,19.13,72.89,6.79
2024-07-01T14:00:00,19.13,72.91,16.12
2024-07-01T14:00:00,19.13,72.93,14.05
2024-07-01T14:00:00,19.13,72.95,7.76
2024-07-01T14:00:00,19.13,72.97,25.95
2024-07-01T14:00:00,19.13,72.99,4.64
2024-07-01T14:00:00,19.15,72.77,8.29
2024-07-01T14:00:00,19.15,72.79,8.7
2024-07-01T14:00:00,19.15,72.81,2.18
2024-07-01T14:00:00,19.15,72.83,8.34
2024-07-01T14:00:00,19.15,72.85,1.67
2024-07-01T14:00:00,19.15,72.87,4.52
2024-07-01T14:00:00,19.15,72.89,8.51
2024-07-01T14:00:00,19.15,72.91,2.27
2024-07-01T14:00:00,19.15,72.93,9.56
2024-07-01T14:00:00,19.15,72.95,3.62
2024-07-01T14:00:00,19.15,72.97,5.37
2024-07-01T14:00:00,19.15,72.99,10.28
2024-07-01T14:00:00,19.17,72.77,8.59
2024-07-01T14:00:00,19.17,72.79,11.14
2024-07-01T14:00:00,19.17,72.81,11.88
2024-07-01T14:00:00,19.17,72.83,7.74
2024-07-01T14:00:00,19.17,72.85,10.68
2024-07-01T14:00:00,19.17,72.87,4.46
2024-07-01T14:00:00,19.17,72.89,11.13
2024-07-01T14:00:00,19.17,72.91,6.35
2024-07-01T14:00:00,19.17,72.93,17.84
2024-07-01T14:00:00,19.17,72.95,8.16
2024-07-01T14:00:00,19.17,72.97,4.56
2024-07-01T14:00:00,19.17,72.99,10.32
2024-07-01T14:00:00,19.19,72.77,22.49
2024-07-01T14:00:00,19.19,72.79,6.03
2024-07-01T14:00:00,19.19,72.81,5.06
2024-07-01T14:00:00,19.19,72.83,0.28
2024-07-01T14:00:00,19.19,72.85,9.03
2024-07-01T14:00:00,19.19,72.87,6.11
2024-07-01T14:00:00,19.19,72.89,11.24
2024-07-01T14:00:00,19.19,72.91,11.18
2024-07-01T14:00:00,19.19,72.93,1.99
2024-07-01T14:00:00,19.19,72.95,13.76
2024-07-01T14:00:00,19.19,72.97,3.73
2024-07-01T14:00:00,19.19,72.99,4.87
2024-07-01T14:00:00,19.21,72.77,11.75
2024-07-01T14:00:00,19.21,72.79,3.26
2024-07-01T14:00:00,19.21,72.81,5.1
2024-07-01T14:00:00,19.21,72.83,2.81
2024-07-01T14:00:00,19.21,72.85,16.19
2024-07-01T14:00:00,19.21,72.87,5.83
2024-07-01T14:00:00,19.21,72.89,2.36
2024-07-01T14:00:00,19.21,72.91,2.48
2024-07-01T14:00:00,19.21,72.93,13.21
2024-07-01T14:00:00,19.21,72.95,3.49
2024-07-01T14:00:00,19.21,72.97,4.85
2024-07-01T14:00:00,19.21,72.99,7.33
2024-07-01T14:00:00,19.23,72.77,7.1
2024-07-01T14:00:00,19.23,72.79,1.3
2024-07-01T14:00:00,19.23,72.81,13.4
2024-07-01T14:00:00,19.23,72.83,6.88
2024-07-01T14:00:00,19.23,72.85,10.16
2024-07-01T14:00:00,19.23,72.87,13.04
2024-07-01T14:00:00,19.23,72.89,0.84
2024-07-01T14:00:00,19.23,72.91,12.57
2024-07-01T14:00:00,19.23,72.93,33.28
2024-07-01T14:00:00,19.23,72.95,9.88
2024-07-01T14:00:00,19.23,72.97,17.43
2024-07-01T14:00:00,19.23,72.99,13.82
2024-07-01T14:00:00,19.25,72.77,14.72
2024-07-01T14:00:00,19.25,72.79,17.63
2024-07-01T14:00:00,19.25,72.81,19.13
2024-07-01T14:00:00,19.25,72.83,19.1
2024-07-01T14:00:00,19.25,72.85,2.65
2024-07-01T14:00:00,19.25,72.87,16.49
2024-07-01T14:00:00,19.25,72.89,6.33
2024-07-01T14:00:00,19.25,72.91,17.83
2024-07-01T14:00:00,19.25,72.93,10.7
2024-07-01T14:00:00,19.25,72.95,2.35
2024-07-01T14:00:00,19.25,72.97,18.5
2024-07-01T14:00:00,19.25,72.99,3.69
2024-07-01T15:00:00,18.87,72.77,8.3
2024-07-01T15:00:00,18.87,72.79,30.52
2024-07-01T15:00:00,18.87,72.81,11.14
2024-07-01T15:00:00,18.87,72.83,7.32
2024-07-01T15:00:00,18.87,72.85,8.92
2024-07-01T15:00:00,18.87,72.87,6.84
2024-07-01T15:00:00,18.87,72.89,15.92
2024-07-01T15:00:00,18.87,72.91,6.71
2024-07-01T15:00:00,18.87,72.93,8.4
2024-07-01T15:00:00,18.87,72.95,12.94
2024-07-01T15:00:00,18.87,72.97,11.74
2024-07-01T15:00:00,18.87,72.99,4.6
2024-07-01T15:00:00,18.89,72.77,18.9
2024-07-01T15:00:00,18.89,72.79,6.69
2024-07-01T15:00:00,18.89,72.81,3.98
2024-07-01T15:00:00,18.89,72.83,1.6
2024-07-01T15:00:00,18.89,72.85,8.21
2024-07-01T15:00:00,18.89,72.87,1.92
2024-07-01T15:00:00,18.89,72.89,4.43
2024-07-01T15:00:00,18.89,72.91,8.73
2024-07-01T15:00:00,18.89,72.93,19.0
2024-07-01T15:00:00,18.89,72.95,6.8
2024-07-01T15:00:00,18.89,72.97,2.17
2024-07-01T15:00:00,18.89,72.99,7.59
2024-07-01T15:00:00,18.91,72.77,22.65
2024-07-01T15:00:00,18.91,72.79,8.06
2024-07-01T15:00:00,18.91,72.81,24.42
2024-07-01T15:00:00,18.91,72.83,9.54
2024-07-01T15:00:00,18.91,72.85,15.64
2024-07-01T15:00:00,18.91,72.87,10.88
2024-07-01T15:00:00,18.91,72.89,21.36
2024-07-01T15:00:00,18.91,72.91,33.13
2024-07-01T15:00:00,18.91,72.93,5.88
2024-07-01T15:00:00,18.91,72.95,9.61
2024-07-01T15:00:00,18.91,72.97,18.35
2024-07-01T15:00:00,18.91,72.99,9.99
2024-07-01T15:00:00,18.93,72.77,1.65
2024-07-01T15:00:00,18.93,72.79,8.16
2024-07-01T15:00:00,18.93,72.81,12.0
2024-07-01T15:00:00,18.93,72.83,27.3
2024-07-01T15:00:00,18.93,72.85,10.23
2024-07-01T15:00:00,18.93,72.87,4.26
2024-07-01T15:00:00,18.93,72.89,11.04
2024-07-01T15:00:00,18.93,72.91,23.21
2024-07-01T15:00:00,18.93,72.93,5.13
2024-07-01T15:00:00,18.93,72.95,5.61
2024-07-01T15:00:00,18.93,72.97,5.02
2024-07-01T15:00:00,18.93,72.99,2.45
2024-07-01T15:00:00,18.95,72.77,11.11
2024-07-01T15:00:00,18.95,72.79,9.82
2024-07-01T15:00:00,18.95,72.81,1.76
2024-07-01T15:00:00,18.95,72.83,4.8
2024-07-01T15:00:00,18.95,72.85,10.9
2024-07-01T15:00:00,18.95,72.87,15.01
2024-07-01T15:00:00,18.95,72.89,17.56
2024-07-01T15:00:00,18.95,72.91,15.2
2024-07-01T15:00:00,18.95,72.93,8.66
2024-07-01T15:00:00,18.95,72.95,2.12
2024-07-01T15:00:00,18.95,72.97,7.0
2024-07-01T15:00:00,18.95,72.99,0.47
2024-07-01T15:00:00,18.97,72.77,12.29
2024-07-01T15:00:00,18.97,72.79,5.9
2024-07-01T15:00:00,18.97,72.81,1.04
2024-07-01T15:00:00,18.97,72.83,12.79
2024-07-01T15:00:00,18.97,72.85,24.62
2024-07-01T15:00:00,18.97,72.87,1.95
2024-07-01T15:00:00,18.97,72.89,12.61
2024-07-01T15:00:00,18.97,72.91,6.41
2024-07-01T15:00:00,18.97,72.93,4.49
2024-07-01T15:00:00,18.97,72.95,4.42
2024-07-01T15:00:00,18.97,72.97,6.08
2024-07-01T15:00:00,18.97,72.99,5.97
2024-07-01T15:00:00,18.99,72.77,10.28
2024-07-01T15:00:00,18.99,72.79,4.87
2024-07-01T15:00:00,18.99,72.81,5.65
2024-07-01T15:00:00,18.99,72.83,14.48
2024-07-01T15:00:00,18.99,72.85,4.12
2024-07-01T15:00:00,18.99,72.87,11.19
2024-07-01T15:00:00,18.99,72.89,6.82
2024-07-01T15:00:00,18.99,72.91,5.61
2024-07-01T15:00:00,18.99,72.93,27.5
2024-07-01T15:00:00,18.99,72.95,2.59
2024-07-01T15:00:00,18.99,72.97,22.84
2024-07-01T15:00:00,18.99,72.99,14.82
2024-07-01T15:00:00,19.01,72.77,6.23
2024-07-01T15:00:00,19.01,72.79,18.82
2024-07-01T15:00:00,19.01,72.81,0.27
2024-07-01T15:00:00,19.01,72.83,5.24
2024-07-01T15:00:00,19.01,72.85,4.17
2024-07-01T15:00:00,19.01,72.87,12.27
2024-07-01T15:00:00,19.01,72.89,14.88
2024-07-01T15:00:00,19.01,72.91,11.61
2024-07-01T15:00:00,19.01,72.93,9.53
2024-07-01T15:00:00,19.01,72.95,16.31
2024-07-01T15:00:00,19.01,72.97,14.51
2024-07-01T15:00:00,19.01,72.99,4.75
2024-07-01T15:00:00,19.03,72.77,6.71
2024-07-01T15:00:00,19.03,72.79,17.1
2024-07-01T15:00:00,19.03,72.81,9.59
2024-07-01T15:00:00,19.03,72.83,9.83
2024-07-01T15:00:00,19.03,72.85,10.54
2024-07-01T15:00:00,19.03,72.87,1.51
2024-07-01T15:00:00,19.03,72.89,4.99
2024-07-01T15:00:00,19.03,72.91,12.49
2024-07-01T15:00:00,19.03,72.93,4.76
2024-07-01T15:00:00,19.03,72.95,7.05
2024-07-01T15:00:00,19.03,72.97,11.79
2024-07-01T15:00:00,19.03,72.99,16.42
2024-07-01T15:00:00,19.05,72.77,22.86
2024-07-01T15:00:00,19.05,72.79,22.99
2024-07-01T15:00:00,19.05,72.81,8.89
2024-07-01T15:00:00,19.05,72.83,7.95
2024-07-01T15:00:00,19.05,72.85,3.24
2024-07-01T15:00:00,19.05,72.87,24.13
2024-07-01T15:00:00,19.05,72.89,7.14
2024-07-01T15:00:00,19.05,72.91,22.75
2024-07-01T15:00:00,19.05,72.93,10.73
2024-07-01T15:00:00,19.05,72.95,17.48
2024-07-01T15:00:00,19.05,72.97,7.87
2024-07-01T15:00:00,19.05,72.99,12.46
2024-07-01T15:00:00,19.07,72.77,22.3
2024-07-01T15:00:00,19.07,72.79,6.8
2024-07-01T15:00:00,19.07,72.81,22.39
2024-07-01T15:00:00,19.07,72.83,3.78
2024-07-01T15:00:00,19.07,72.85,29.46
2024-07-01T15:00:00,19.07,72.87,10.32
2024-07-01T15:00:00,19.07,72.89,5.05
2024-07-01T15:00:00,19.07,72.91,15.64
2024-07-01T15:00:00,19.07,72.93,11.1
2024-07-01T15:00:00,19.07,72.95,1.48
2024-07-01T15:00:00,19.07,72.97,6.08
2024-07-01T15:00:00,19.07,72.99,3.37
2024-07-01T15:00:00,19.09,72.77,4.7
2024-07-01T15:00:00,19.09,72.79,4.4
2024-07-01T15:00:00,19.09,72.81,14.55
2024-07-01T15:00:00,19.09,72.83,18.1
2024-07-01T15:00:00,19.09,72.85,4.88
2024-07-01T15:00:00,19.09,72.87,1.14
2024-07-01T15:00:00,19.09,72.89,32.51
2024-07-01T15:00:00,19.09,72.91,9.97
2024-07-01T15:00:00,19.09,72.93,15.43
2024-07-01T15:00:00,19.09,72.95,7.29
2024-07-01T15:00:00,19.09,72.97,0.77
2024-07-01T15:00:00,19.09,72.99,11.2
2024-07-01T15:00:00,19.11,72.77,30.81
2024-07-01T15:00:00,19.11,72.79,6.04
2024-07-01T15:00:00,19.11,72.81,0.78
2024-07-01T15:00:00,19.11,72.83,3.31
2024-07-01T15:00:00,19.11,72.85,17.39
2024-07-01T15:00:00,19.11,72.87,11.74
2024-07-01T15:00:00,19.11,72.89,20.3
2024-07-01T15:00:00,19.11,72.91,8.9
2024-07-01T15:00:00,19.11,72.93,14.13
2024-07-01T15:00:00,19.11,72.95,6.03
2024-07-01T15:00:00,19.11,72.97,3.08
2024-07-01T15:00:00,19.11,72.99,13.48
2024-07-01T15:00:00,19.13,72.77,19.76
2024-07-01T15:00:00,19.13,72.79,6.17
2024-07-01T15:00:00,19.13,72.81,27.23
2024-07-01T15:00:00,19.13,72.83,26.97
2024-07-01T15:00:00,19.13,72.85,4.07
2024-07-01T15:00:00,19.13,72.87,4.15
2024-07-01T15:00:00,19.13,72.89,4.23
2024-07-01T15:00:00,19.13,72.91,8.0
2024-07-01T15:00:00,19.13,72.93,6.39
2024-07-01T15:00:00,19.13,72.95,2.48
2024-07-01T15:00:00,19.13,72.97,4.04
2024-07-01T15:00:00,19.13,72.99,0.78
2024-07-01T15:00:00,19.15,72.77,1.27
2024-07-01T15:00:00,19.15,72.79,2.42
2024-07-01T15:00:00,19.15,72.81,34.66
2024-07-01T15:00:00,19.15,72.83,31.05
2024-07-01T15:00:00,19.15,72.85,16.07
2024-07-01T15:00:00,19.15,72.87,5.58
2024-07-01T15:00:00,19.15,72.89,2.09
2024-07-01T15:00:00,19.15,72.91,8.76
2024-07-01T15:00:00,19.15,72.93,12.0
2024-07-01T15:00:00,19.15,72.95,4.46
2024-07-01T15:00:00,19.15,72.97,11.15
2024-07-01T15:00:00,19.15,72.99,2.79
2024-07-01T15:00:00,19.17,72.77,6.54
2024-07-01T15:00:00,19.17,72.79,8.36
2024-07-01T15:00:00,19.17,72.81,32.56
2024-07-01T15:00:00,19.17,72.83,4.61
2024-07-01T15:00:00,19.17,72.85,13.03
2024-07-01T15:00:00,19.17,72.87,3.79
2024-07-01T15:00:00,19.17,72.89,3.24
2024-07-01T15:00:00,19.17,72.91,4.61
2024-07-01T15:00:00,19.17,72.93,8.82
2024-07-01T15:00:00,19.17,72.95,25.3
2024-07-01T15:00:00,19.17,72.97,4.98
2024-07-01T15:00:00,19.17,72.99,15.45
2024-07-01T15:00:00,19.19,72.77,35.79
2024-07-01T15:00:00,19.19,72.79,12.47
2024-07-01T15:00:00,19.19,72.81,21.06
2024-07-01T15:00:00,19.19,72.83,4.82
2024-07-01T15:00:00,19.19,72.85,12.78
2024-07-01T15:00:00,19.19,72.87,14.86
2024-07-01T15:00:00,19.19,72.89,2.5
2024-07-01T15:00:00,19.19,72.91,4.0
2024-07-01T15:00:00,19.19,72.93,6.8
2024-07-01T15:00:00,19.19,72.95,4.56
2024-07-01T15:00:00,19.19,72.97,7.22
2024-07-01T15:00:00,19.19,72.99,1.96
2024-07-01T15:00:00,19.21,72.77,33.48
2024-07-01T15:00:00,19.21,72.79,20.62
2024-07-01T15:00:00,19.21,72.81,69.67
2024-07-01T15:00:00,19.21,72.83,3.03
2024-07-01T15:00:00,19.21,72.85,13.15
2024-07-01T15:00:00,19.21,72.87,4.98
2024-07-01T15:00:00,19.21,72.89,3.22
2024-07-01T15:00:00,19.21,72.91,17.04
2024-07-01T15:00:00,19.21,72.93,9.05
2024-07-01T15:00:00,19.21,72.95,6.32
2024-07-01T15:00:00,19.21,72.97,10.39
2024-07-01T15:00:00,19.21,72.99,3.89
2024-07-01T15:00:00,19.23,72.77,4.85
2024-07-01T15:00:00,19.23,72.79,5.73
2024-07-01T15:00:00,19.23,72.81,21.95
2024-07-01T15:00:00,19.23,72.83,20.16
2024-07-01T15:00:00,19.23,72.85,2.82
2024-07-01T15:00:00,19.23,72.87,28.26
2024-07-01T15:00:00,19.23,72.89,8.81
2024-07-01T15:00:00,19.23,72.91,12.14
2024-07-01T15:00:00,19.23,72.93,4.69
2024-07-01T15:00:00,19.23,72.95,8.66
2024-07-01T15:00:00,19.23,72.97,2.97
2024-07-01T15:00:00,19.23,72.99,4.2
2024-07-01T15:00:00,19.25,72.77,19.3
2024-07-01T15:00:00,19.25,72.79,19.0
2024-07-01T15:00:00,19.25,72.81,14.18
2024-07-01T15:00:00,19.25,72.83,6.82
2024-07-01T15:00:00,19.25,72.85,2.77
2024-07-01T15:00:00,19.25,72.87,21.99
2024-07-01T15:00:00,19.25,72.89,17.54
2024-07-01T15:00:00,19.25,72.91,1.28
2024-07-01T15:00:00,19.25,72.93,16.21
2024-07-01T15:00:00,19.25,72.95,6.32
2024-07-01T15:00:00,19.25,72.97,13.82
2024-07-01T15:00:00,19.25,72.99,1.99
2024-07-01T16:00:00,18.87,72.77,6.87
2024-07-01T16:00:00,18.87,72.79,12.63
2024-07-01T16:00:00,18.87,72.81,35.93
2024-07-01T16:00:00,18.87,72.83,11.94
2024-07-01T16:00:00,18.87,72.85,23.09
2024-07-01T16:00:00,18.87,72.87,12.55
2024-07-01T16:00:00,18.87,72.89,11.94
2024-07-01T16:00:00,18.87,72.91,14.91
2024-07-01T16:00:00,18.87,72.93,9.46
2024-07-01T16:00:00,18.87,72.95,17.38
2024-07-01T16:00:00,18.87,72.97,3.64
2024-07-01T16:00:00,18.87,72.99,9.06
2024-07-01T16:00:00,18.89,72.77,40.43
2024-07-01T16:00:00,18.89,72.79,25.84
2024-07-01T16:00:00,18.89,72.81,14.47
2024-07-01T16:00:00,18.89,72.83,22.1
2024-07-01T16:00:00,18.89,72.85,29.81
2024-07-01T16:00:00,18.89,72.87,1.29
2024-07-01T16:00:00,18.89,72.89,8.25
2024-07-01T16:00:00,18.89,72.91,5.7
2024-07-01T16:00:00,18.89,72.93,2.57
2024-07-01T16:00:00,18.89,72.95,35.53
2024-07-01T16:00:00,18.89,72.97,14.63
2024-07-01T16:00:00,18.89,72.99,18.36
2024-07-01T16:00:00,18.91,72.77,7.12
2024-07-01T16:00:00,18.91,72.79,9.24
2024-07-01T16:00:00,18.91,72.81,11.35
2024-07-01T16:00:00,18.91,72.83,14.87
2024-07-01T16:00:00,18.91,72.85,18.79
2024-07-01T16:00:00,18.91,72.87,17.52
2024-07-01T16:00:00,18.91,72.89,8.55
2024-07-01T16:00:00,18.91,72.91,28.61
2024-07-01T16:00:00,18.91,72.93,24.34
2024-07-01T16:00:00,18.91,72.95,12.1
2024-07-01T16:00:00,18.91,72.97,9.82
2024-07-01T16:00:00,18.91,72.99,7.35
2024-07-01T16:00:00,18.93,72.77,16.35
2024-07-01T16:00:00,18.93,72.79,27.83
2024-07-01T16:00:00,18.93,72.81,11.89
2024-07-01T16:00:00,18.93,72.83,6.96
2024-07-01T16:00:00,18.93,72.85,11.07
2024-07-01T16:00:00,18.93,72.87,13.28
2024-07-01T16:00:00,18.93,72.89,3.67
2024-07-01T16:00:00,18.93,72.91,2.74
2024-07-01T16:00:00,18.93,72.93,6.36
2024-07-01T16:00:00,18.93,72.95,27.54
2024-07-01T16:00:00,18.93,72.97,21.82
2024-07-01T16:00:00,18.93,72.99,1.98
2024-07-01T16:00:00,18.95,72.77,5.31
2024-07-01T16:00:00,18.95,72.79,20.19
2024-07-01T16:00:00,18.95,72.81,8.12
2024-07-01T16:00:00,18.95,72.83,15.53
2024-07-01T16:00:00,18.95,72.85,2.41
2024-07-01T16:00:00,18.95,72.87,10.64
2024-07-01T16:00:00,18.95,72.89,9.58
2024-07-01T16:00:00,18.95,72.91,19.71
2024-07-01T16:00:00,18.95,72.93,13.29
2024-07-01T16:00:00,18.95,72.95,10.85
2024-07-01T16:00:00,18.95,72.97,1.63
2024-07-01T16:00:00,18.95,72.99,32.11
2024-07-01T16:00:00,18.97,72.77,19.8
2024-07-01T16:00:00,18.97,72.79,6.39
2024-07-01T16:00:00,18.97,72.81,12.46
2024-07-01T16:00:00,18.97,72.83,8.1
2024-07-01T16:00:00,18.97,72.85,9.17
2024-07-01T16:00:00,18.97,72.87,23.77
2024-07-01T16:00:00,18.97,72.89,4.49
2024-07-01T16:00:00,18.97,72.91,16.97
2024-07-01T16:00:00,18.97,72.93,22.98
2024-07-01T16:00:00,18.97,72.95,14.58
2024-07-01T16:00:00,18.97,72.97,8.46
2024-07-01T16:00:00,18.97,72.99,4.81
2024-07-01T16:00:00,18.99,72.77,6.98
2024-07-01T16:00:00,18.99,72.79,13.05
2024-07-01T16:00:00,18.99,72.81,11.87
2024-07-01T16:00:00,18.99,72.83,20.29
2024-07-01T16:00:00,18.99,72.85,2.61
2024-07-01T16:00:00,18.99,72.87,23.56
2024-07-01T16:00:00,18.99,72.89,50.63
2024-07-01T16:00:00,18.99,72.91,9.6
2024-07-01T16:00:00,18.99,72.93,8.31
2024-07-01T16:00:00,18.99,72.95,8.8
2024-07-01T16:00:00,18.99,72.97,10.36
2024-07-01T16:00:00,18.99,72.99,7.42
2024-07-01T16:00:00,19.01,72.77,1.52
2024-07-01T16:00:00,19.01,72.79,10.44
2024-07-01T16:00:00,19.01,72.81,12.9
2024-07-01T16:00:00,19.01,72.83,26.62
2024-07-01T16:00:00,19.01,72.85,4.65
2024-07-01T16:00:00,19.01,72.87,32.31
2024-07-01T16:00:00,19.01,72.89,7.66
2024-07-01T16:00:00,19.01,72.91,4.85
2024-07-01T16:00:00,19.01,72.93,16.17
2024-07-01T16:00:00,19.01,72.95,6.56
2024-07-01T16:00:00,19.01,72.97,9.25
2024-07-01T16:00:00,19.01,72.99,9.6
2024-07-01T16:00:00,19.03,72.77,19.0
2024-07-01T16:00:00,19.03,72.79,11.08
2024-07-01T16:00:00,19.03,72.81,9.84
2024-07-01T16:00:00,19.03,72.83,8.06
2024-07-01T16:00:00,19.03,72.85,15.72
2024-07-01T16:00:00,19.03,72.87,6.79
2024-07-01T16:00:00,19.03,72.89,25.32
2024-07-01T16:00:00,19.03,72.91,10.37
2024-07-01T16:00:00,19.03,72.93,1.8
2024-07-01T16:00:00,19.03,72.95,12.26
2024-07-01T16:00:00,19.03,72.97,13.55
2024-07-01T16:00:00,19.03,72.99,23.35
2024-07-01T16:00:00,19.05,72.77,6.44
2024-07-01T16:00:00,19.05,72.79,5.44
2024-07-01T16:00:00,19.05,72.81,18.28
2024-07-01T16:00:00,19.05,72.83,24.43
2024-07-01T16:00:00,19.05,72.85,5.53
2024-07-01T16:00:00,19.05,72.87,12.92
2024-07-01T16:00:00,19.05,72.89,9.86
2024-07-01T16:00:00,19.05,72.91,5.33
2024-07-01T16:00:00,19.05,72.93,9.04
2024-07-01T16:00:00,19.05,72.95,20.42
2024-07-01T16:00:00,19.05,72.97,9.86
2024-07-01T16:00:00,19.05,72.99,8.26
2024-07-01T16:00:00,19.07,72.77,18.73
2024-07-01T16:00:00,19.07,72.79,26.19
2024-07-01T16:00:00,19.07,72.81,4.83
2024-07-01T16:00:00,19.07,72.83,14.01
2024-07-01T16:00:00,19.07,72.85,8.06
2024-07-01T16:00:00,19.07,72.87,10.89
2024-07-01T16:00:00,19.07,72.89,16.82
2024-07-01T16:00:00,19.07,72.91,8.04
2024-07-01T16:00:00,19.07,72.93,9.29
2024-07-01T16:00:00,19.07,72.95,19.28
2024-07-01T16:00:00,19.07,72.97,13.32
2024-07-01T16:00:00,19.07,72.99,8.69
2024-07-01T16:00:00,19.09,72.77,13.49
2024-07-01T16:00:00,19.09,72.79,12.35
2024-07-01T16:00:00,19.09,72.81,1.89
2024-07-01T16:00:00,19.09,72.83,12.48
2024-07-01T16:00:00,19.09,72.85,3.28
2024-07-01T16:00:00,19.09,72.87,23.06
2024-07-01T16:00:00,19.09,72.89,3.05
2024-07-01T16:00:00,19.09,72.91,7.24
2024-07-01T16:00:00,19.09,72.93,6.02
2024-07-01T16:00:00,19.09,72.95,26.79
2024-07-01T16:00:00,19.09,72.97,20.35
2024-07-01T16:00:00,19.09,72.99,0.66
2024-07-01T16:00:00,19.11,72.77,12.02
2024-07-01T16:00:00,19.11,72.79,4.21
2024-07-01T16:00:00,19.11,72.81,12.88
2024-07-01T16:00:00,19.11,72.83,17.8
2024-07-01T16:00:00,19.11,72.85,12.98
2024-07-01T16:00:00,19.11,72.87,17.66
2024-07-01T16:00:00,19.11,72.89,8.39
2024-07-01T16:00:00,19.11,72.91,12.42
2024-07-01T16:00:00,19.11,72.93,16.18
2024-07-01T16:00:00,19.11,72.95,6.76
2024-07-01T16:00:00,19.11,72.97,4.54
2024-07-01T16:00:00,19.11,72.99,5.47
2024-07-01T16:00:00,19.13,72.77,11.06
2024-07-01T16:00:00,19.13,72.79,11.88
2024-07-01T16:00:00,19.13,72.81,14.63
2024-07-01T16:00:00,19.13,72.83,5.88
2024-07-01T16:00:00,19.13,72.85,18.0
2024-07-01T16:00:00,19.13,72.87,33.47
2024-07-01T16:00:00,19.13,72.89,6.31
2024-07-01T16:00:00,19.13,72.91,43.98
2024-07-01T16:00:00,19.13,72.93,34.25
2024-07-01T16:00:00,19.13,72.95,9.82
2024-07-01T16:00:00,19.13,72.97,8.52
2024-07-01T16:00:00,19.13,72.99,5.4
2024-07-01T16:00:00,19.15,72.77,22.34
2024-07-01T16:00:00,19.15,72.79,12.47
2024-07-01T16:00:00,19.15,72.81,13.09
2024-07-01T16:00:00,19.15,72.83,5.35
2024-07-01T16:00:00,19.15,72.85,20.27
2024-07-01T16:00:00,19.15,72.87,8.8
2024-07-01T16:00:00,19.15,72.89,3.97
2024-07-01T16:00:00,19.15,72.91,9.58
2024-07-01T16:00:00,19.15,72.93,5.07
2024-07-01T16:00:00,19.15,72.95,24.11
2024-07-01T16:00:00,19.15,72.97,32.82
2024-07-01T16:00:00,19.15,72.99,9.15
2024-07-01T16:00:00,19.17,72.77,25.3
2024-07-01T16:00:00,19.17,72.79,24.08
2024-07-01T16:00:00,19.17,72.81,0.15
2024-07-01T16:00:00,19.17,72.83,6.44
2024-07-01T16:00:00,19.17,72.85,11.85
2024-07-01T16:00:00,19.17,72.87,7.48
2024-07-01T16:00:00,19.17,72.89,5.58
2024-07-01T16:00:00,19.17,72.91,21.65
2024-07-01T16:00:00,19.17,72.93,6.8
2024-07-01T16:00:00,19.17,72.95,12.52
2024-07-01T16:00:00,19.17,72.97,19.33
2024-07-01T16:00:00,19.17,72.99,24.3
2024-07-01T16:00:00,19.19,72.77,4.7
2024-07-01T16:00:00,19.19,72.79,4.93
2024-07-01T16:00:00,19.19,72.81,13.49
2024-07-01T16:00:00,19.19,72.83,1.36
2024-07-01T16:00:00,19.19,72.85,4.75
2024-07-01T16:00:00,19.19,72.87,24.3
2024-07-01T16:00:00,19.19,72.89,16.26
2024-07-01T16:00:00,19.19,72.91,9.2
2024-07-01T16:00:00,19.19,72.93,14.01
2024-07-01T16:00:00,19.19,72.95,16.1
2024-07-01T16:00:00,19.19,72.97,2.57
2024-07-01T16:00:00,19.19,72.99,6.38
2024-07-01T16:00:00,19.21,72.77,30.53
2024-07-01T16:00:00,19.21,72.79,14.09
2024-07-01T16:00:00,19.21,72.81,14.27
2024-07-01T16:00:00,19.21,72.83,10.77
2024-07-01T16:00:00,19.21,72.85,1.81
2024-07-01T16:00:00,19.21,72.87,6.36
2024-07-01T16:00:00,19.21,72.89,13.96
2024-07-01T16:00:00,19.21,72.91,6.96
2024-07-01T16:00:00,19.21,72.93,3.97
2024-07-01T16:00:00,19.21,72.95,4.4
2024-07-01T16:00:00,19.21,72.97,24.43
2024-07-01T16:00:00,19.21,72.99,6.22
2024-07-01T16:00:00,19.23,72.77,26.92
2024-07-01T16:00:00,19.23,72.79,14.76
2024-07-01T16:00:00,19.23,72.81,9.48
2024-07-01T16:00:00,19.23,72.83,5.76
2024-07-01T16:00:00,19.23,72.85,17.35
2024-07-01T16:00:00,19.23,72.87,21.49
2024-07-01T16:00:00,19.23,72.89,17.69
2024-07-01T16:00:00,19.23,72.91,3.01
2024-07-01T16:00:00,19.23,72.93,6.51
2024-07-01T16:00:00,19.23,72.95,7.06
2024-07-01T16:00:00,19.23,72.97,1.25
2024-07-01T16:00:00,19.23,72.99,13.25
2024-07-01T16:00:00,19.25,72.77,18.8
2024-07-01T16:00:00,19.25,72.79,17.76
2024-07-01T16:00:00,19.25,72.81,15.27
2024-07-01T16:00:00,19.25,72.83,8.61
2024-07-01T16:00:00,19.25,72.85,5.41
2024-07-01T16:00:00,19.25,72.87,8.16
2024-07-01T16:00:00,19.25,72.89,13.02
2024-07-01T16:00:00,19.25,72.91,23.82
2024-07-01T16:00:00,19.25,72.93,10.51
2024-07-01T16:00:00,19.25,72.95,10.07
2024-07-01T16:00:00,19.25,72.97,1.39
2024-07-01T16:00:00,19.25,72.99,12.5
2024-07-01T17:00:00,18.87,72.77,33.75
2024-07-01T17:00:00,18.87,72.79,12.11
2024-07-01T17:00:00,18.87,72.81,11.07
2024-07-01T17:00:00,18.87,72.83,9.18
2024-07-01T17:00:00,18.87,72.85,19.98
2024-07-01T17:00:00,18.87,72.87,1.63
2024-07-01T17:00:00,18.87,72.89,25.73
2024-07-01T17:00:00,18.87,72.91,9.47
2024-07-01T17:00:00,18.87,72.93,14.95
2024-07-01T17:00:00,18.87,72.95,19.0
2024-07-01T17:00:00,18.87,72.97,4.81
2024-07-01T17:00:00,18.87,72.99,10.44
2024-07-01T17:00:00,18.89,72.77,11.18
2024-07-01T17:00:00,18.89,72.79,4.67
2024-07-01T17:00:00,18.89,72.81,25.99
2024-07-01T17:00:00,18.89,72.83,9.57
2024-07-01T17:00:00,18.89,72.85,4.12
2024-07-01T17:00:00,18.89,72.87,12.22
2024-07-01T17:00:00,18.89,72.89,2.93
2024-07-01T17:00:00,18.89,72.91,7.83
2024-07-01T17:00:00,18.89,72.93,13.87
2024-07-01T17:00:00,18.89,72.95,2.47
2024-07-01T17:00:00,18.89,72.97,16.93
2024-07-01T17:00:00,18.89,72.99,11.37
2024-07-01T17:00:00,18.91,72.77,23.78
2024-07-01T17:00:00,18.91,72.79,22.84
2024-07-01T17:00:00,18.91,72.81,8.59
2024-07-01T17:00:00,18.91,72.83,8.54
2024-07-01T17:00:00,18.91,72.85,17.18
2024-07-01T17:00:00,18.91,72.87,4.56
2024-07-01T17:00:00,18.91,72.89,4.49
2024-07-01T17:00:00,18.91,72.91,6.75
2024-07-01T17:00:00,18.91,72.93,3.09
2024-07-01T17:00:00,18.91,72.95,3.67
2024-07-01T17:00:00,18.91,72.97,3.73
2024-07-01T17:00:00,18.91,72.99,8.17
2024-07-01T17:00:00,18.93,72.77,10.12
2024-07-01T17:00:00,18.93,72.79,25.47
2024-07-01T17:00:00,18.93,72.81,10.01
2024-07-01T17:00:00,18.93,72.83,11.56
2024-07-01T17:00:00,18.93,72.85,36.76
2024-07-01T17:00:00,18.93,72.87,0.88
2024-07-01T17:00:00,18.93,72.89,13.43
2024-07-01T17:00:00,18.93,72.91,9.48
2024-07-01T17:00:00,18.93,72.93,13.88
2024-07-01T17:00:00,18.93,72.95,6.86
2024-07-01T17:00:00,18.93,72.97,8.37
2024-07-01T17:00:00,18.93,72.99,24.24
2024-07-01T17:00:00,18.95,72.77,19.11
2024-07-01T17:00:00,18.95,72.79,10.68
2024-07-01T17:00:00,18.95,72.81,6.56
2024-07-01T17:00:00,18.95,72.83,4.78
2024-07-01T17:00:00,18.95,72.85,8.02
2024-07-01T17:00:00,18.95,72.87,10.28
2024-07-01T17:00:00,18.95,72.89,35.0
2024-07-01T17:00:00,18.95,72.91,12.46
2024-07-01T17:00:00,18.95,72.93,6.31
2024-07-01T17:00:00,18.95,72.95,0.82
2024-07-01T17:00:00,18.95,72.97,5.38
2024-07-01T17:00:00,18.95,72.99,7.01
2024-07-01T17:00:00,18.97,72.77,16.06
2024-07-01T17:00:00,18.97,72.79,9.0
2024-07-01T17:00:00,18.97,72.81,39.91
2024-07-01T17:00:00,18.97,72.83,10.22
2024-07-01T17:00:00,18.97,72.85,23.96
2024-07-01T17:00:00,18.97,72.87,2.44
2024-07-01T17:00:00,18.97,72.89,10.94
2024-07-01T17:00:00,18.97,72.91,5.72
2024-07-01T17:00:00,18.97,72.93,22.4
2024-07-01T17:00:00,18.97,72.95,7.87
2024-07-01T17:00:00,18.97,72.97,25.07
2024-07-01T17:00:00,18.97,72.99,16.52
2024-07-01T17:00:00,18.99,72.77,8.78
2024-07-01T17:00:00,18.99,72.79,4.98
2024-07-01T17:00:00,18.99,72.81,6.81
2024-07-01T17:00:00,18.99,72.83,9.69
2024-07-01T17:00:00,18.99,72.85,18.83
2024-07-01T17:00:00,18.99,72.87,11.49
2024-07-01T17:00:00,18.99,72.89,20.29
2024-07-01T17:00:00,18.99,72.91,27.82
2024-07-01T17:00:00,18.99,72.93,11.24
2024-07-01T17:00:00,18.99,72.95,4.56
2024-07-01T17:00:00,18.99,72.97,13.88
2024-07-01T17:00:00,18.99,72.99,35.44
2024-07-01T17:00:00,19.01,72.77,24.82
2024-07-01T17:00:00,19.01,72.79,16.1
2024-07-01T17:00:00,19.01,72.81,5.99
2024-07-01T17:00:00,19.01,72.83,10.51
2024-07-01T17:00:00,19.01,72.85,2.68
2024-07-01T17:00:00,19.01,72.87,4.22
2024-07-01T17:00:00,19.01,72.89,15.16
2024-07-01T17:00:00,19.01,72.91,1.95
2024-07-01T17:00:00,19.01,72.93,8.32
2024-07-01T17:00:00,19.01,72.95,3.5
2024-07-01T17:00:00,19.01,72.97,4.01
2024-07-01T17:00:00,19.01,72.99,10.85
2024-07-01T17:00:00,19.03,72.77,7.26
2024-07-01T17:00:00,19.03,72.79,3.44
2024-07-01T17:00:00,19.03,72.81,8.01
2024-07-01T17:00:00,19.03,72.83,3.13
2024-07-01T17:00:00,19.03,72.85,27.11
2024-07-01T17:00:00,19.03,72.87,19.09
2024-07-01T17:00:00,19.03,72.89,18.61
2024-07-01T17:00:00,19.03,72.91,5.54
2024-07-01T17:00:00,19.03,72.93,14.92
2024-07-01T17:00:00,19.03,72.95,12.44
2024-07-01T17:00:00,19.03,72.97,5.61
2024-07-01T17:00:00,19.03,72.99,9.79
2024-07-01T17:00:00,19.05,72.77,2.86
2024-07-01T17:00:00,19.05,72.79,5.1
2024-07-01T17:00:00,19.05,72.81,11.58
2024-07-01T17:00:00,19.05,72.83,8.16
2024-07-01T17:00:00,19.05,72.85,15.25
2024-07-01T17:00:00,19.05,72.87,6.33
2024-07-01T17:00:00,19.05,72.89,8.53
2024-07-01T17:00:00,19.05,72.91,10.93
2024-07-01T17:00:00,19.05,72.93,5.52
2024-07-01T17:00:00,19.05,72.95,7.95
2024-07-01T17:00:00,19.05,72.97,12.18
2024-07-01T17:00:00,19.05,72.99,28.24
2024-07-01T17:00:00,19.07,72.77,6.8
2024-07-01T17:00:00,19.07,72.79,8.69
2024-07-01T17:00:00,19.07,72.81,23.16
2024-07-01T17:00:00,19.07,72.83,26.41
2024-07-01T17:00:00,19.07,72.85,17.38
2024-07-01T17:00:00,19.07,72.87,24.68
2024-07-01T17:00:00,19.07,72.89,5.49
2024-07-01T17:00:00,19.07,72.91,22.13
2024-07-01T17:00:00,19.07,72.93,18.38
2024-07-01T17:00:00,19.07,72.95,4.03
2024-07-01T17:00:00,19.07,72.97,8.02
2024-07-01T17:00:00,19.07,72.99,1.07
2024-07-01T17:00:00,19.09,72.77,14.61
2024-07-01T17:00:00,19.09,72.79,25.43
2024-07-01T17:00:00,19.09,72.81,8.08
2024-07-01T17:00:00,19.09,72.83,5.1
2024-07-01T17:00:00,19.09,72.85,4.66
2024-07-01T17:00:00,19.09,72.87,11.28
2024-07-01T17:00:00,19.09,72.89,16.48
2024-07-01T17:00:00,19.09,72.91,30.64
2024-07-01T17:00:00,19.09,72.93,1.0
2024-07-01T17:00:00,19.09,72.95,27.18
2024-07-01T17:00:00,19.09,72.97,11.99
2024-07-01T17:00:00,19.09,72.99,19.77
2024-07-01T17:00:00,19.11,72.77,21.61
2024-07-01T17:00:00,19.11,72.79,13.16
2024-07-01T17:00:00,19.11,72.81,12.41
2024-07-01T17:00:00,19.11,72.83,15.97
2024-07-01T17:00:00,19.11,72.85,9.61
2024-07-01T17:00:00,19.11,72.87,9.99
2024-07-01T17:00:00,19.11,72.89,17.06
2024-07-01T17:00:00,19.11,72.91,5.64
2024-07-01T17:00:00,19.11,72.93,22.1
2024-07-01T17:00:00,19.11,72.95,20.51
2024-07-01T17:00:00,19.11,72.97,7.11
2024-07-01T17:00:00,19.11,72.99,15.72
2024-07-01T17:00:00,19.13,72.77,18.44
2024-07-01T17:00:00,19.13,72.79,7.99
2024-07-01T17:00:00,19.13,72.81,19.98
2024-07-01T17:00:00,19.13,72.83,32.45
2024-07-01T17:00:00,19.13,72.85,24.65
2024-07-01T17:00:00,19.13,72.87,3.05
2024-07-01T17:00:00,19.13,72.89,16.06
2024-07-01T17:00:00,19.13,72.91,20.59
2024-07-01T17:00:00,19.13,72.93,6.38
2024-07-01T17:00:00,19.13,72.95,21.72
2024-07-01T17:00:00,19.13,72.97,5.58
2024-07-01T17:00:00,19.13,72.99,8.33
2024-07-01T17:00:00,19.15,72.77,7.31
2024-07-01T17:00:00,19.15,72.79,6.11
2024-07-01T17:00:00,19.15,72.81,16.41
2024-07-01T17:00:00,19.15,72.83,3.51
2024-07-01T17:00:00,19.15,72.85,9.96
2024-07-01T17:00:00,19.15,72.87,15.18
2024-07-01T17:00:00,19.15,72.89,6.29
2024-07-01T17:00:00,19.15,72.91,25.18
2024-07-01T17:00:00,19.15,72.93,9.72
2024-07-01T17:00:00,19.15,72.95,31.51
2024-07-01T17:00:00,19.15,72.97,2.7
2024-07-01T17:00:00,19.15,72.99,13.97
2024-07-01T17:00:00,19.17,72.77,15.47
2024-07-01T17:00:00,19.17,72.79,9.49
2024-07-01T17:00:00,19.17,72.81,12.83
2024-07-01T17:00:00,19.17,72.83,18.18
2024-07-01T17:00:00,19.17,72.85,20.11
2024-07-01T17:00:00,19.17,72.87,10.61
2024-07-01T17:00:00,19.17,72.89,15.41
2024-07-01T17:00:00,19.17,72.91,5.61
2024-07-01T17:00:00,19.17,72.93,18.69
2024-07-01T17:00:00,19.17,72.95,27.48
2024-07-01T17:00:00,19.17,72.97,19.03
2024-07-01T17:00:00,19.17,72.99,5.7
2024-07-01T17:00:00,19.19,72.77,5.83
2024-07-01T17:00:00,19.19,72.79,53.93
2024-07-01T17:00:00,19.19,72.81,30.79
2024-07-01T17:00:00,19.19,72.83,20.69
2024-07-01T17:00:00,19.19,72.85,31.84
2024-07-01T17:00:00,19.19,72.87,11.57
2024-07-01T17:00:00,19.19,72.89,19.0
2024-07-01T17:00:00,19.19,72.91,25.01
2024-07-01T17:00:00,19.19,72.93,8.81
2024-07-01T17:00:00,19.19,72.95,15.15
2024-07-01T17:00:00,19.19,72.97,21.98
2024-07-01T17:00:00,19.19,72.99,4.24
2024-07-01T17:00:00,19.21,72.77,9.95
2024-07-01T17:00:00,19.21,72.79,26.55
2024-07-01T17:00:00,19.21,72.81,14.83
2024-07-01T17:00:00,19.21,72.83,13.05
2024-07-01T17:00:00,19.21,72.85,11.6
2024-07-01T17:00:00,19.21,72.87,25.51
2024-07-01T17:00:00,19.21,72.89,5.11
2024-07-01T17:00:00,19.21,72.91,7.83
2024-07-01T17:00:00,19.21,72.93,3.11
2024-07-01T17:00:00,19.21,72.95,8.45
2024-07-01T17:00:00,19.21,72.97,12.01
2024-07-01T17:00:00,19.21,72.99,1.55
2024-07-01T17:00:00,19.23,72.77,6.84
2024-07-01T17:00:00,19.23,72.79,15.27
2024-07-01T17:00:00,19.23,72.81,17.55
2024-07-01T17:00:00,19.23,72.83,37.59
2024-07-01T17:00:00,19.23,72.85,18.42
2024-07-01T17:00:00,19.23,72.87,10.29
2024-07-01T17:00:00,19.23,72.89,12.68
2024-07-01T17:00:00,19.23,72.91,12.73
2024-07-01T17:00:00,19.23,72.93,7.7
2024-07-01T17:00:00,19.23,72.95,13.05
2024-07-01T17:00:00,19.23,72.97,7.15
2024-07-01T17:00:00,19.23,72.99,13.11
2024-07-01T17:00:00,19.25,72.77,13.03
2024-07-01T17:00:00,19.25,72.79,11.07
2024-07-01T17:00:00,19.25,72.81,10.99
2024-07-01T17:00:00,19.25,72.83,21.12
2024-07-01T17:00:00,19.25,72.85,19.23
2024-07-01T17:00:00,19.25,72.87,9.54
2024-07-01T17:00:00,19.25,72.89,19.12
2024-07-01T17:00:00,19.25,72.91,10.68
2024-07-01T17:00:00,19.25,72.93,10.6
2024-07-01T17:00:00,19.25,72.95,7.57
2024-07-01T17:00:00,19.25,72.97,30.26
2024-07-01T17:00:00,19.25,72.99,27.77
2024-07-01T18:00:00,18.87,72.77,8.69
2024-07-01T18:00:00,18.87,72.79,11.22
2024-07-01T18:00:00,18.87,72.81,18.52
2024-07-01T18:00:00,18.87,72.83,20.42
2024-07-01T18:00:00,18.87,72.85,5.48
2024-07-01T18:00:00,18.87,72.87,6.21
2024-07-01T18:00:00,18.87,72.89,19.03
2024-07-01T18:00:00,18.87,72.91,3.21
2024-07-01T18:00:00,18.87,72.93,7.15
2024-07-01T18:00:00,18.87,72.95,22.1
2024-07-01T18:00:00,18.87,72.97,21.07
2024-07-01T18:00:00,18.87,72.99,31.82
2024-07-01T18:00:00,18.89,72.77,50.06
2024-07-01T18:00:00,18.89,72.79,75.58
2024-07-01T18:00:00,18.89,72.81,10.64
2024-07-01T18:00:00,18.89,72.83,8.46
2024-07-01T18:00:00,18.89,72.85,18.03
2024-07-01T18:00:00,18.89,72.87,3.76
2024-07-01T18:00:00,18.89,72.89,10.6
2024-07-01T18:00:00,18.89,72.91,13.99
2024-07-01T18:00:00,18.89,72.93,17.44
2024-07-01T18:00:00,18.89,72.95,18.46
2024-07-01T18:00:00,18.89,72.97,9.61
2024-07-01T18:00:00,18.89,72.99,3.88
2024-07-01T18:00:00,18.91,72.77,6.08
2024-07-01T18:00:00,18.91,72.79,1.83
2024-07-01T18:00:00,18.91,72.81,8.97
2024-07-01T18:00:00,18.91,72.83,3.86
2024-07-01T18:00:00,18.91,72.85,8.99
2024-07-01T18:00:00,18.91,72.87,17.48
2024-07-01T18:00:00,18.91,72.89,4.34
2024-07-01T18:00:00,18.91,72.91,13.41
2024-07-01T18:00:00,18.91,72.93,9.85
2024-07-01T18:00:00,18.91,72.95,15.53
2024-07-01T18:00:00,18.91,72.97,17.93
2024-07-01T18:00:00,18.91,72.99,8.93
2024-07-01T18:00:00,18.93,72.77,15.12
2024-07-01T18:00:00,18.93,72.79,11.72
2024-07-01T18:00:00,18.93,72.81,9.73
2024-07-01T18:00:00,18.93,72.83,7.66
2024-07-01T18:00:00,18.93,72.85,18.92
2024-07-01T18:00:00,18.93,72.87,31.45
2024-07-01T18:00:00,18.93,72.89,28.33
2024-07-01T18:00:00,18.93,72.91,3.87
2024-07-01T18:00:00,18.93,72.93,29.19
2024-07-01T18:00:00,18.93,72.95,5.44
2024-07-01T18:00:00,18.93,72.97,13.27
2024-07-01T18:00:00,18.93,72.99,14.83
2024-07-01T18:00:00,18.95,72.77,3.54
2024-07-01T18:00:00,18.95,72.79,12.73
2024-07-01T18:00:00,18.95,72.81,34.99
2024-07-01T18:00:00,18.95,72.83,1.08
2024-07-01T18:00:00,18.95,72.85,57.61
2024-07-01T18:00:00,18.95,72.87,1.55
2024-07-01T18:00:00,18.95,72.89,15.91
2024-07-01T18:00:00,18.95,72.91,3.1
2024-07-01T18:00:00,18.95,72.93,17.08
2024-07-01T18:00:00,18.95,72.95,25.96
2024-07-01T18:00:00,18.95,72.97,21.0
2024-07-01T18:00:00,18.95,72.99,23.07
2024-07-01T18:00:00,18.97,72.77,12.15
2024-07-01T18:00:00,18.97,72.79,35.89
2024-07-01T18:00:00,18.97,72.81,52.01
2024-07-01T18:00:00,18.97,72.83,14.79
2024-07-01T18:00:00,18.97,72.85,9.85
2024-07-01T18:00:00,18.97,72.87,6.68
2024-07-01T18:00:00,18.97,72.89,21.61
2024-07-01T18:00:00,18.97,72.91,25.49
2024-07-01T18:00:00,18.97,72.93,9.04
2024-07-01T18:00:00,18.97,72.95,34.13
2024-07-01T18:00:00,18.97,72.97,18.91
2024-07-01T18:00:00,18.97,72.99,12.48
2024-07-01T18:00:00,18.99,72.77,19.17
2024-07-01T18:00:00,18.99,72.79,6.04
2024-07-01T18:00:00,18.99,72.81,23.7
2024-07-01T18:00:00,18.99,72.83,6.06
2024-07-01T18:00:00,18.99,72.85,8.84
2024-07-01T18:00:00,18.99,72.87,12.39
2024-07-01T18:00:00,18.99,72.89,42.24
2024-07-01T18:00:00,18.99,72.91,15.03
2024-07-01T18:00:00,18.99,72.93,5.91
2024-07-01T18:00:00,18.99,72.95,15.42
2024-07-01T18:00:00,18.99,72.97,18.12
2024-07-01T18:00:00,18.99,72.99,26.53
2024-07-01T18:00:00,19.01,72.77,14.81
2024-07-01T18:00:00,19.01,72.79,7.98
2024-07-01T18:00:00,19.01,72.81,54.95
2024-07-01T18:00:00,19.01,72.83,17.59
2024-07-01T18:00:00,19.01,72.85,6.48
2024-07-01T18:00:00,19.01,72.87,12.78
2024-07-01T18:00:00,19.01,72.89,8.44
2024-07-01T18:00:00,19.01,72.91,29.55
2024-07-01T18:00:00,19.01,72.93,18.61
2024-07-01T18:00:00,19.01,72.95,9.41
2024-07-01T18:00:00,19.01,72.97,24.19
2024-07-01T18:00:00,19.01,72.99,10.74
2024-07-01T18:00:00,19.03,72.77,14.45
2024-07-01T18:00:00,19.03,72.79,7.79
2024-07-01T18:00:00,19.03,72.81,7.51
2024-07-01T18:00:00,19.03,72.83,51.13
2024-07-01T18:00:00,19.03,72.85,26.4
2024-07-01T18:00:00,19.03,72.87,1.98
2024-07-01T18:00:00,19.03,72.89,5.51
2024-07-01T18:00:00,19.03,72.91,4.41
2024-07-01T18:00:00,19.03,72.93,12.91
2024-07-01T18:00:00,19.03,72.95,8.62
2024-07-01T18:00:00,19.03,72.97,31.85
2024-07-01T18:00:00,19.03,72.99,9.01
2024-07-01T18:00:00,19.05,72.77,52.25
2024-07-01T18:00:00,19.05,72.79,13.69
2024-07-01T18:00:00,19.05,72.81,56.16
2024-07-01T18:00:00,19.05,72.83,11.74
2024-07-01T18:00:00,19.05,72.85,11.62
2024-07-01T18:00:00,19.05,72.87,25.38
2024-07-01T18:00:00,19.05,72.89,22.37
2024-07-01T18:00:00,19.05,72.91,3.71
2024-07-01T18:00:00,19.05,72.93,13.14
2024-07-01T18:00:00,19.05,72.95,8.55
2024-07-01T18:00:00,19.05,72.97,7.95
2024-07-01T18:00:00,19.05,72.99,12.47
2024-07-01T18:00:00,19.07,72.77,11.97
2024-07-01T18:00:00,19.07,72.79,16.79
2024-07-01T18:00:00,19.07,72.81,5.84
2024-07-01T18:00:00,19.07,72.83,3.16
2024-07-01T18:00:00,19.07,72.85,26.69
2024-07-01T18:00:00,19.07,72.87,28.86
2024-07-01T18:00:00,19.07,72.89,24.4
2024-07-01T18:00:00,19.07,72.91,12.9
2024-07-01T18:00:00,19.07,72.93,9.18
2024-07-01T18:00:00,19.07,72.95,7.19
2024-07-01T18:00:00,19.07,72.97,5.98
2024-07-01T18:00:00,19.07,72.99,11.0
2024-07-01T18:00:00,19.09,72.77,32.66
2024-07-01T18:00:00,19.09,72.79,8.06
2024-07-01T18:00:00,19.09,72.81,30.72
2024-07-01T18:00:00,19.09,72.83,3.34
2024-07-01T18:00:00,19.09,72.85,16.04
2024-07-01T18:00:00,19.09,72.87,18.12
2024-07-01T18:00:00,19.09,72.89,8.32
2024-07-01T18:00:00,19.09,72.91,4.86
2024-07-01T18:00:00,19.09,72.93,22.3
2024-07-01T18:00:00,19.09,72.95,12.51
2024-07-01T18:00:00,19.09,72.97,56.58
2024-07-01T18:00:00,19.09,72.99,25.66
2024-07-01T18:00:00,19.11,72.77,33.18
2024-07-01T18:00:00,19.11,72.79,0.81
2024-07-01T18:00:00,19.11,72.81,7.96
2024-07-01T18:00:00,19.11,72.83,4.75
2024-07-01T18:00:00,19.11,72.85,1.57
2024-07-01T18:00:00,19.11,72.87,12.73
2024-07-01T18:00:00,19.11,72.89,22.8
2024-07-01T18:00:00,19.11,72.91,5.33
2024-07-01T18:00:00,19.11,72.93,1.55
2024-07-01T18:00:00,19.11,72.95,5.54
2024-07-01T18:00:00,19.11,72.97,10.5
2024-07-01T18:00:00,19.11,72.99,9.75
2024-07-01T18:00:00,19.13,72.77,15.22
2024-07-01T18:00:00,19.13,72.79,19.89
2024-07-01T18:00:00,19.13,72.81,14.03
2024-07-01T18:00:00,19.13,72.83,25.48
2024-07-01T18:00:00,19.13,72.85,5.8
2024-07-01T18:00:00,19.13,72.87,10.53
2024-07-01T18:00:00,19.13,72.89,19.56
2024-07-01T18:00:00,19.13,72.91,15.5
2024-07-01T18:00:00,19.13,72.93,39.41
2024-07-01T18:00:00,19.13,72.95,5.43
2024-07-01T18:00:00,19.13,72.97,18.41
2024-07-01T18:00:00,19.13,72.99,6.89
2024-07-01T18:00:00,19.15,72.77,8.04
2024-07-01T18:00:00,19.15,72.79,30.66
2024-07-01T18:00:00,19.15,72.81,13.91
2024-07-01T18:00:00,19.15,72.83,16.81
2024-07-01T18:00:00,19.15,72.85,8.42
2024-07-01T18:00:00,19.15,72.87,8.63
2024-07-01T18:00:00,19.15,72.89,2.88
2024-07-01T18:00:00,19.15,72.91,14.42
2024-07-01T18:00:00,19.15,72.93,4.84
2024-07-01T18:00:00,19.15,72.95,10.83
2024-07-01T18:00:00,19.15,72.97,21.99
2024-07-01T18:00:00,19.15,72.99,1.88
2024-07-01T18:00:00,19.17,72.77,84.1
2024-07-01T18:00:00,19.17,72.79,7.64
2024-07-01T18:00:00,19.17,72.81,12.97
2024-07-01T18:00:00,19.17,72.83,16.79
2024-07-01T18:00:00,19.17,72.85,6.82
2024-07-01T18:00:00,19.17,72.87,8.89
2024-07-01T18:00:00,19.17,72.89,27.5
2024-07-01T18:00:00,19.17,72.91,21.46
2024-07-01T18:00:00,19.17,72.93,10.07
2024-07-01T18:00:00,19.17,72.95,12.09
2024-07-01T18:00:00,19.17,72.97,13.26
2024-07-01T18:00:00,19.17,72.99,17.57
2024-07-01T18:00:00,19.19,72.77,23.76
2024-07-01T18:00:00,19.19,72.79,22.58
2024-07-01T18:00:00,19.19,72.81,10.14
2024-07-01T18:00:00,19.19,72.83,14.98
2024-07-01T18:00:00,19.19,72.85,26.74
2024-07-01T18:00:00,19.19,72.87,50.73
2024-07-01T18:00:00,19.19,72.89,13.63
2024-07-01T18:00:00,19.19,72.91,8.0
2024-07-01T18:00:00,19.19,72.93,6.15
2024-07-01T18:00:00,19.19,72.95,18.81
2024-07-01T18:00:00,19.19,72.97,2.54
2024-07-01T18:00:00,19.19,72.99,18.36
2024-07-01T18:00:00,19.21,72.77,23.91
2024-07-01T18:00:00,19.21,72.79,9.6
2024-07-01T18:00:00,19.21,72.81,16.99
2024-07-01T18:00:00,19.21,72.83,11.57
2024-07-01T18:00:00,19.21,72.85,3.79
2024-07-01T18:00:00,19.21,72.87,19.46
2024-07-01T18:00:00,19.21,72.89,17.83
2024-07-01T18:00:00,19.21,72.91,8.81
2024-07-01T18:00:00,19.21,72.93,47.19
2024-07-01T18:00:00,19.21,72.95,12.17
2024-07-01T18:00:00,19.21,72.97,1.7
2024-07-01T18:00:00,19.21,72.99,24.2
2024-07-01T18:00:00,19.23,72.77,26.32
2024-07-01T18:00:00,19.23,72.79,27.6
2024-07-01T18:00:00,19.23,72.81,5.87
2024-07-01T18:00:00,19.23,72.83,16.19
2024-07-01T18:00:00,19.23,72.85,13.33
2024-07-01T18:00:00,19.23,72.87,11.43
2024-07-01T18:00:00,19.23,72.89,31.25
2024-07-01T18:00:00,19.23,72.91,12.76
2024-07-01T18:00:00,19.23,72.93,8.89
2024-07-01T18:00:00,19.23,72.95,8.66
2024-07-01T18:00:00,19.23,72.97,4.58
2024-07-01T18:00:00,19.23,72.99,12.82
2024-07-01T18:00:00,19.25,72.77,38.69
2024-07-01T18:00:00,19.25,72.79,11.26
2024-07-01T18:00:00,19.25,72.81,17.35
2024-07-01T18:00:00,19.25,72.83,11.87
2024-07-01T18:00:00,19.25,72.85,12.56
2024-07-01T18:00:00,19.25,72.87,23.58
2024-07-01T18:00:00,19.25,72.89,4.87
2024-07-01T18:00:00,19.25,72.91,2.98
2024-07-01T18:00:00,19.25,72.93,25.43
2024-07-01T18:00:00,19.25,72.95,7.77
2024-07-01T18:00:00,19.25,72.97,8.68
2024-07-01T18:00:00,19.25,72.99,51.32
2024-07-01T19:00:00,18.87,72.77,28.56
2024-07-01T19:00:00,18.87,72.79,7.47
2024-07-01T19:00:00,18.87,72.81,33.43
2024-07-01T19:00:00,18.87,72.83,26.51
2024-07-01T19:00:00,18.87,72.85,0.2
2024-07-01T19:00:00,18.87,72.87,16.04
2024-07-01T19:00:00,18.87,72.89,5.57
2024-07-01T19:00:00,18.87,72.91,12.77
2024-07-01T19:00:00,18.87,72.93,52.06
2024-07-01T19:00:00,18.87,72.95,24.43
2024-07-01T19:00:00,18.87,72.97,26.3
2024-07-01T19:00:00,18.87,72.99,11.03
2024-07-01T19:00:00,18.89,72.77,33.43
2024-07-01T19:00:00,18.89,72.79,8.58
2024-07-01T19:00:00,18.89,72.81,17.18
2024-07-01T19:00:00,18.89,72.83,26.94
2024-07-01T19:00:00,18.89,72.85,25.69
2024-07-01T19:00:00,18.89,72.87,3.61
2024-07-01T19:00:00,18.89,72.89,46.57
2024-07-01T19:00:00,18.89,72.91,6.18
2024-07-01T19:00:00,18.89,72.93,65.61
2024-07-01T19:00:00,18.89,72.95,24.15
2024-07-01T19:00:00,18.89,72.97,22.36
2024-07-01T19:00:00,18.89,72.99,6.23
2024-07-01T19:00:00,18.91,72.77,10.94
2024-07-01T19:00:00,18.91,72.79,50.26
2024-07-01T19:00:00,18.91,72.81,44.62
2024-07-01T19:00:00,18.91,72.83,13.24
2024-07-01T19:00:00,18.91,72.85,12.05
2024-07-01T19:00:00,18.91,72.87,12.04
2024-07-01T19:00:00,18.91,72.89,30.37
2024-07-01T19:00:00,18.91,72.91,27.8
2024-07-01T19:00:00,18.91,72.93,17.89
2024-07-01T19:00:00,18.91,72.95,14.78
2024-07-01T19:00:00,18.91,72.97,11.34
2024-07-01T19:00:00,18.91,72.99,59.27
2024-07-01T19:00:00,18.93,72.77,4.66
2024-07-01T19:00:00,18.93,72.79,11.72
2024-07-01T19:00:00,18.93,72.81,19.56
2024-07-01T19:00:00,18.93,72.83,3.43
2024-07-01T19:00:00,18.93,72.85,9.19
2024-07-01T19:00:00,18.93,72.87,54.93
2024-07-01T19:00:00,18.93,72.89,27.09
2024-07-01T19:00:00,18.93,72.91,8.54
2024-07-01T19:00:00,18.93,72.93,8.16
2024-07-01T19:00:00,18.93,72.95,3.76
2024-07-01T19:00:00,18.93,72.97,9.08
2024-07-01T19:00:00,18.93,72.99,19.3
2024-07-01T19:00:00,18.95,72.77,21.83
2024-07-01T19:00:00,18.95,72.79,11.63
2024-07-01T19:00:00,18.95,72.81,6.88
2024-07-01T19:00:00,18.95,72.83,12.99
2024-07-01T19:00:00,18.95,72.85,12.43
2024-07-01T19:00:00,18.95,72.87,25.26
2024-07-01T19:00:00,18.95,72.89,16.63
2024-07-01T19:00:00,18.95,72.91,14.7
2024-07-01T19:00:00,18.95,72.93,30.96
2024-07-01T19:00:00,18.95,72.95,37.86
2024-07-01T19:00:00,18.95,72.97,17.08
2024-07-01T19:00:00,18.95,72.99,17.13
2024-07-01T19:00:00,18.97,72.77,15.0
2024-07-01T19:00:00,18.97,72.79,7.67
2024-07-01T19:00:00,18.97,72.81,28.86
2024-07-01T19:00:00,18.97,72.83,24.36
2024-07-01T19:00:00,18.97,72.85,14.22
2024-07-01T19:00:00,18.97,72.87,17.04
2024-07-01T19:00:00,18.97,72.89,30.76
2024-07-01T19:00:00,18.97,72.91,33.62
2024-07-01T19:00:00,18.97,72.93,0.79
2024-07-01T19:00:00,18.97,72.95,7.77
2024-07-01T19:00:00,18.97,72.97,12.58
2024-07-01T19:00:00,18.97,72.99,4.91
2024-07-01T19:00:00,18.99,72.77,20.0
2024-07-01T19:00:00,18.99,72.79,9.81
2024-07-01T19:00:00,18.99,72.81,19.27
2024-07-01T19:00:00,18.99,72.83,9.49
2024-07-01T19:00:00,18.99,72.85,9.59
2024-07-01T19:00:00,18.99,72.87,17.72
2024-07-01T19:00:00,18.99,72.89,26.89
2024-07-01T19:00:00,18.99,72.91,21.28
2024-07-01T19:00:00,18.99,72.93,13.1
2024-07-01T19:00:00,18.99,72.95,2.08
2024-07-01T19:00:00,18.99,72.97,8.33
2024-07-01T19:00:00,18.99,72.99,7.46
2024-07-01T19:00:00,19.01,72.77,27.82
2024-07-01T19:00:00,19.01,72.79,17.96
2024-07-01T19:00:00,19.01,72.81,17.91
2024-07-01T19:00:00,19.01,72.83,7.54
2024-07-01T19:00:00,19.01,72.85,36.94
2024-07-01T19:00:00,19.01,72.87,16.48
2024-07-01T19:00:00,19.01,72.89,6.64
2024-07-01T19:00:00,19.01,72.91,6.93
2024-07-01T19:00:00,19.01,72.93,17.2
2024-07-01T19:00:00,19.01,72.95,6.06
2024-07-01T19:00:00,19.01,72.97,7.66
2024-07-01T19:00:00,19.01,72.99,4.69
2024-07-01T19:00:00,19.03,72.77,27.66
2024-07-01T19:00:00,19.03,72.79,7.47
2024-07-01T19:00:00,19.03,72.81,43.37
2024-07-01T19:00:00,19.03,72.83,21.02
2024-07-01T19:00:00,19.03,72.85,5.35
2024-07-01T19:00:00,19.03,72.87,22.07
2024-07-01T19:00:00,19.03,72.89,35.3
2024-07-01T19:00:00,19.03,72.91,12.9
2024-07-01T19:00:00,19.03,72.93,36.62
2024-07-01T19:00:00,19.03,72.95,18.71
2024-07-01T19:00:00,19.03,72.97,8.0
2024-07-01T19:00:00,19.03,72.99,49.67
2024-07-01T19:00:00,19.05,72.77,4.56
2024-07-01T19:00:00,19.05,72.79,12.28
2024-07-01T19:00:00,19.05,72.81,15.07
2024-07-01T19:00:00,19.05,72.83,51.97
2024-07-01T19:00:00,19.05,72.85,25.02
2024-07-01T19:00:00,19.05,72.87,21.6
2024-07-01T19:00:00,19.05,72.89,7.52
2024-07-01T19:00:00,19.05,72.91,12.53
2024-07-01T19:00:00,19.05,72.93,8.44
2024-07-01T19:00:00,19.05,72.95,19.46
2024-07-01T19:00:00,19.05,72.97,29.34
2024-07-01T19:00:00,19.05,72.99,57.15
2024-07-01T19:00:00,19.07,72.77,11.34
2024-07-01T19:00:00,19.07,72.79,4.29
2024-07-01T19:00:00,19.07,72.81,12.08
2024-07-01T19:00:00,19.07,72.83,30.83
2024-07-01T19:00:00,19.07,72.85,7.05
2024-07-01T19:00:00,19.07,72.87,14.33
2024-07-01T19:00:00,19.07,72.89,21.31
2024-07-01T19:00:00,19.07,72.91,9.6
2024-07-01T19:00:00,19.07,72.93,15.99
2024-07-01T19:00:00,19.07,72.95,5.81
2024-07-01T19:00:00,19.07,72.97,30.73
2024-07-01T19:00:00,19.07,72.99,10.62
2024-07-01T19:00:00,19.09,72.77,19.16
2024-07-01T19:00:00,19.09,72.79,2.64
2024-07-01T19:00:00,19.09,72.81,5.95
2024-07-01T19:00:00,19.09,72.83,30.13
2024-07-01T19:00:00,19.09,72.85,10.15
2024-07-01T19:00:00,19.09,72.87,6.58
2024-07-01T19:00:00,19.09,72.89,3.45
2024-07-01T19:00:00,19.09,72.91,31.99
2024-07-01T19:00:00,19.09,72.93,22.25
2024-07-01T19:00:00,19.09,72.95,20.86
2024-07-01T19:00:00,19.09,72.97,38.64
2024-07-01T19:00:00,19.09,72.99,9.87
2024-07-01T19:00:00,19.11,72.77,4.48
2024-07-01T19:00:00,19.11,72.79,16.69
2024-07-01T19:00:00,19.11,72.81,51.89
2024-07-01T19:00:00,19.11,72.83,16.0
2024-07-01T19:00:00,19.11,72.85,32.5
2024-07-01T19:00:00,19.11,72.87,4.05
2024-07-01T19:00:00,19.11,72.89,7.38
2024-07-01T19:00:00,19.11,72.91,26.32
2024-07-01T19:00:00,19.11,72.93,15.41
2024-07-01T19:00:00,19.11,72.95,12.26
2024-07-01T19:00:00,19.11,72.97,28.55
2024-07-01T19:00:00,19.11,72.99,24.37
2024-07-01T19:00:00,19.13,72.77,19.25
2024-07-01T19:00:00,19.13,72.79,0.96
2024-07-01T19:00:00,19.13,72.81,15.68
2024-07-01T19:00:00,19.13,72.83,20.84
2024-07-01T19:00:00,19.13,72.85,2.51
2024-07-01T19:00:00,19.13,72.87,19.34
2024-07-01T19:00:00,19.13,72.89,31.68
2024-07-01T19:00:00,19.13,72.91,13.87
2024-07-01T19:00:00,19.13,72.93,5.56
2024-07-01T19:00:00,19.13,72.95,0.96
2024-07-01T19:00:00,19.13,72.97,17.82
2024-07-01T19:00:00,19.13,72.99,2.52
2024-07-01T19:00:00,19.15,72.77,25.85
2024-07-01T19:00:00,19.15,72.79,51.78
2024-07-01T19:00:00,19.15,72.81,8.5
2024-07-01T19:00:00,19.15,72.83,12.72
2024-07-01T19:00:00,19.15,72.85,49.41
2024-07-01T19:00:00,19.15,72.87,15.85
2024-07-01T19:00:00,19.15,72.89,9.77
2024-07-01T19:00:00,19.15,72.91,28.09
2024-07-01T19:00:00,19.15,72.93,9.82
2024-07-01T19:00:00,19.15,72.95,6.84
2024-07-01T19:00:00,19.15,72.97,20.18
2024-07-01T19:00:00,19.15,72.99,27.7
2024-07-01T19:00:00,19.17,72.77,8.47
2024-07-01T19:00:00,19.17,72.79,18.78
2024-07-01T19:00:00,19.17,72.81,13.54
2024-07-01T19:00:00,19.17,72.83,14.89
2024-07-01T19:00:00,19.17,72.85,6.12
2024-07-01T19:00:00,19.17,72.87,23.43
2024-07-01T19:00:00,19.17,72.89,39.11
2024-07-01T19:00:00,19.17,72.91,6.91
2024-07-01T19:00:00,19.17,72.93,22.01
2024-07-01T19:00:00,19.17,72.95,26.64
2024-07-01T19:00:00,19.17,72.97,15.23
2024-07-01T19:00:00,19.17,72.99,20.33
2024-07-01T19:00:00,19.19,72.77,9.18
2024-07-01T19:00:00,19.19,72.79,42.9
2024-07-01T19:00:00,19.19,72.81,33.65
2024-07-01T19:00:00,19.19,72.83,35.29
2024-07-01T19:00:00,19.19,72.85,5.17
2024-07-01T19:00:00,19.19,72.87,20.71
2024-07-01T19:00:00,19.19,72.89,8.31
2024-07-01T19:00:00,19.19,72.91,39.0
2024-07-01T19:00:00,19.19,72.93,6.9
2024-07-01T19:00:00,19.19,72.95,15.95
2024-07-01T19:00:00,19.19,72.97,1.54
2024-07-01T19:00:00,19.19,72.99,15.4
2024-07-01T19:00:00,19.21,72.77,5.88
2024-07-01T19:00:00,19.21,72.79,23.93
2024-07-01T19:00:00,19.21,72.81,13.87
2024-07-01T19:00:00,19.21,72.83,11.26
2024-07-01T19:00:00,19.21,72.85,42.42
2024-07-01T19:00:00,19.21,72.87,58.04
2024-07-01T19:00:00,19.21,72.89,3.64
2024-07-01T19:00:00,19.21,72.91,10.53
2024-07-01T19:00:00,19.21,72.93,24.51
2024-07-01T19:00:00,19.21,72.95,17.54
2024-07-01T19:00:00,19.21,72.97,22.79
2024-07-01T19:00:00,19.21,72.99,12.14
2024-07-01T19:00:00,19.23,72.77,36.83
2024-07-01T19:00:00,19.23,72.79,18.63
2024-07-01T19:00:00,19.23,72.81,21.43
2024-07-01T19:00:00,19.23,72.83,5.37
2024-07-01T19:00:00,19.23,72.85,15.84
2024-07-01T19:00:00,19.23,72.87,26.28
2024-07-01T19:00:00,19.23,72.89,17.83
2024-07-01T19:00:00,19.23,72.91,15.31
2024-07-01T19:00:00,19.23,72.93,19.47
2024-07-01T19:00:00,19.23,72.95,15.37
2024-07-01T19:00:00,19.23,72.97,12.64
2024-07-01T19:00:00,19.23,72.99,24.03
2024-07-01T19:00:00,19.25,72.77,15.16
2024-07-01T19:00:00,19.25,72.79,5.35
2024-07-01T19:00:00,19.25,72.81,43.43
2024-07-01T19:00:00,19.25,72.83,9.17
2024-07-01T19:00:00,19.25,72.85,3.62
2024-07-01T19:00:00,19.25,72.87,22.59
2024-07-01T19:00:00,19.25,72.89,42.64
2024-07-01T19:00:00,19.25,72.91,22.0
2024-07-01T19:00:00,19.25,72.93,34.18
2024-07-01T19:00:00,19.25,72.95,6.13
2024-07-01T19:00:00,19.25,72.97,4.42
2024-07-01T19:00:00,19.25,72.99,9.81
2024-07-01T20:00:00,18.87,72.77,37.54
2024-07-01T20:00:00,18.87,72.79,25.74
2024-07-01T20:00:00,18.87,72.81,26.31
2024-07-01T20:00:00,18.87,72.83,18.02
2024-07-01T20:00:00,18.87,72.85,12.24
2024-07-01T20:00:00,18.87,72.87,17.73
2024-07-01T20:00:00,18.87,72.89,13.45
2024-07-01T20:00:00,18.87,72.91,10.8
2024-07-01T20:00:00,18.87,72.93,19.53
2024-07-01T20:00:00,18.87,72.95,11.75
2024-07-01T20:00:00,18.87,72.97,17.34
2024-07-01T20:00:00,18.87,72.99,1.87
2024-07-01T20:00:00,18.89,72.77,20.64
2024-07-01T20:00:00,18.89,72.79,14.11
2024-07-01T20:00:00,18.89,72.81,43.74
2024-07-01T20:00:00,18.89,72.83,3.79
2024-07-01T20:00:00,18.89,72.85,17.36
2024-07-01T20:00:00,18.89,72.87,28.43
2024-07-01T20:00:00,18.89,72.89,13.87
2024-07-01T20:00:00,18.89,72.91,11.8
2024-07-01T20:00:00,18.89,72.93,26.65
2024-07-01T20:00:00,18.89,72.95,20.95
2024-07-01T20:00:00,18.89,72.97,21.74
2024-07-01T20:00:00,18.89,72.99,10.11
2024-07-01T20:00:00,18.91,72.77,11.69
2024-07-01T20:00:00,18.91,72.79,21.29
2024-07-01T20:00:00,18.91,72.81,32.45
2024-07-01T20:00:00,18.91,72.83,4.75
2024-07-01T20:00:00,18.91,72.85,14.94
2024-07-01T20:00:00,18.91,72.87,10.54
2024-07-01T20:00:00,18.91,72.89,15.61
2024-07-01T20:00:00,18.91,72.91,25.47
2024-07-01T20:00:00,18.91,72.93,7.28
2024-07-01T20:00:00,18.91,72.95,22.65
2024-07-01T20:00:00,18.91,72.97,10.54
2024-07-01T20:00:00,18.91,72.99,29.8
2024-07-01T20:00:00,18.93,72.77,9.39
2024-07-01T20:00:00,18.93,72.79,33.13
2024-07-01T20:00:00,18.93,72.81,5.43
2024-07-01T20:00:00,18.93,72.83,19.11
2024-07-01T20:00:00,18.93,72.85,25.51
2024-07-01T20:00:00,18.93,72.87,8.35
2024-07-01T20:00:00,18.93,72.89,10.59
2024-07-01T20:00:00,18.93,72.91,15.42
2024-07-01T20:00:00,18.93,72.93,11.55
2024-07-01T20:00:00,18.93,72.95,9.24
2024-07-01T20:00:00,18.93,72.97,26.04
2024-07-01T20:00:00,18.93,72.99,31.88
2024-07-01T20:00:00,18.95,72.77,39.38
2024-07-01T20:00:00,18.95,72.79,24.54
2024-07-01T20:00:00,18.95,72.81,26.15
2024-07-01T20:00:00,18.95,72.83,7.54
2024-07-01T20:00:00,18.95,72.85,15.35
2024-07-01T20:00:00,18.95,72.87,17.11
2024-07-01T20:00:00,18.95,72.89,19.18
2024-07-01T20:00:00,18.95,72.91,18.54
2024-07-01T20:00:00,18.95,72.93,15.16
2024-07-01T20:00:00,18.95,72.95,20.17
2024-07-01T20:00:00,18.95,72.97,17.02
2024-07-01T20:00:00,18.95,72.99,16.74
2024-07-01T20:00:00,18.97,72.77,10.18
2024-07-01T20:00:00,18.97,72.79,6.4
2024-07-01T20:00:00,18.97,72.81,21.28
2024-07-01T20:00:00,18.97,72.83,11.8
2024-07-01T20:00:00,18.97,72.85,9.43
2024-07-01T20:00:00,18.97,72.87,25.35
2024-07-01T20:00:00,18.97,72.89,14.77
2024-07-01T20:00:00,18.97,72.91,37.5
2024-07-01T20:00:00,18.97,72.93,22.08
2024-07-01T20:00:00,18.97,72.95,7.74
2024-07-01T20:00:00,18.97,72.97,23.23
2024-07-01T20:00:00,18.97,72.99,18.89
2024-07-01T20:00:00,18.99,72.77,9.33
2024-07-01T20:00:00,18.99,72.79,11.29
2024-07-01T20:00:00,18.99,72.81,26.75
2024-07-01T20:00:00,18.99,72.83,2.99
2024-07-01T20:00:00,18.99,72.85,1.77
2024-07-01T20:00:00,18.99,72.87,17.94
2024-07-01T20:00:00,18.99,72.89,16.59
2024-07-01T20:00:00,18.99,72.91,18.32
2024-07-01T20:00:00,18.99,72.93,15.98
2024-07-01T20:00:00,18.99,72.95,19.98
2024-07-01T20:00:00,18.99,72.97,32.66
2024-07-01T20:00:00,18.99,72.99,14.2
2024-07-01T20:00:00,19.01,72.77,4.79
2024-07-01T20:00:00,19.01,72.79,2.74
2024-07-01T20:00:00,19.01,72.81,13.01
2024-07-01T20:00:00,19.01,72.83,12.92
2024-07-01T20:00:00,19.01,72.85,5.02
2024-07-01T20:00:00,19.01,72.87,1.34
2024-07-01T20:00:00,19.01,72.89,11.08
2024-07-01T20:00:00,19.01,72.91,44.66
2024-07-01T20:00:00,19.01,72.93,19.75
2024-07-01T20:00:00,19.01,72.95,18.21
2024-07-01T20:00:00,19.01,72.97,12.59
2024-07-01T20:00:00,19.01,72.99,10.76
2024-07-01T20:00:00,19.03,72.77,25.95
2024-07-01T20:00:00,19.03,72.79,6.12
2024-07-01T20:00:00,19.03,72.81,59.18
2024-07-01T20:00:00,19.03,72.83,6.19
2024-07-01T20:00:00,19.03,72.85,24.58
2024-07-01T20:00:00,19.03,72.87,6.41
2024-07-01T20:00:00,19.03,72.89,16.94
2024-07-01T20:00:00,19.03,72.91,24.72
2024-07-01T20:00:00,19.03,72.93,3.16
2024-07-01T20:00:00,19.03,72.95,6.54
2024-07-01T20:00:00,19.03,72.97,6.82
2024-07-01T20:00:00,19.03,72.99,11.49
2024-07-01T20:00:00,19.05,72.77,21.79
2024-07-01T20:00:00,19.05,72.79,52.66
2024-07-01T20:00:00,19.05,72.81,10.88
2024-07-01T20:00:00,19.05,72.83,47.61
2024-07-01T20:00:00,19.05,72.85,20.99
2024-07-01T20:00:00,19.05,72.87,5.7
2024-07-01T20:00:00,19.05,72.89,13.6
2024-07-01T20:00:00,19.05,72.91,4.05
2024-07-01T20:00:00,19.05,72.93,11.31
2024-07-01T20:00:00,19.05,72.95,10.51
2024-07-01T20:00:00,19.05,72.97,15.93
2024-07-01T20:00:00,19.05,72.99,21.53
2024-07-01T20:00:00,19.07,72.77,16.99
2024-07-01T20:00:00,19.07,72.79,7.06
2024-07-01T20:00:00,19.07,72.81,42.21
2024-07-01T20:00:00,19.07,72.83,51.8
2024-07-01T20:00:00,19.07,72.85,14.01
2024-07-01T20:00:00,19.07,72.87,19.84
2024-07-01T20:00:00,19.07,72.89,12.8
2024-07-01T20:00:00,19.07,72.91,16.89
2024-07-01T20:00:00,19.07,72.93,17.23
2024-07-01T20:00:00,19.07,72.95,4.6
2024-07-01T20:00:00,19.07,72.97,11.1
2024-07-01T20:00:00,19.07,72.99,28.2
2024-07-01T20:00:00,19.09,72.77,34.15
2024-07-01T20:00:00,19.09,72.79,13.42
2024-07-01T20:00:00,19.09,72.81,20.11
2024-07-01T20:00:00,19.09,72.83,13.44
2024-07-01T20:00:00,19.09,72.85,25.31
2024-07-01T20:00:00,19.09,72.87,3.33
2024-07-01T20:00:00,19.09,72.89,22.09
2024-07-01T20:00:00,19.09,72.91,39.06
2024-07-01T20:00:00,19.09,72.93,8.23
2024-07-01T20:00:00,19.09,72.95,34.3
2024-07-01T20:00:00,19.09,72.97,17.51
2024-07-01T20:00:00,19.09,72.99,13.19
2024-07-01T20:00:00,19.11,72.77,13.77
2024-07-01T20:00:00,19.11,72.79,42.38
2024-07-01T20:00:00,19.11,72.81,13.85
2024-07-01T20:00:00,19.11,72.83,47.19
2024-07-01T20:00:00,19.11,72.85,42.52
2024-07-01T20:00:00,19.11,72.87,10.63
2024-07-01T20:00:00,19.11,72.89,13.27
2024-07-01T20:00:00,19.11,72.91,2.21
2024-07-01T20:00:00,19.11,72.93,14.2
2024-07-01T20:00:00,19.11,72.95,15.3
2024-07-01T20:00:00,19.11,72.97,30.7
2024-07-01T20:00:00,19.11,72.99,38.49
2024-07-01T20:00:00,19.13,72.77,30.32
2024-07-01T20:00:00,19.13,72.79,35.6
2024-07-01T20:00:00,19.13,72.81,14.67
2024-07-01T20:00:00,19.13,72.83,5.57
2024-07-01T20:00:00,19.13,72.85,19.72
2024-07-01T20:00:00,19.13,72.87,33.41
2024-07-01T20:00:00,19.13,72.89,0.64
2024-07-01T20:00:00,19.13,72.91,16.45
2024-07-01T20:00:00,19.13,72.93,2.54
2024-07-01T20:00:00,19.13,72.95,7.53
2024-07-01T20:00:00,19.13,72.97,16.07
2024-07-01T20:00:00,19.13,72.99,38.9
2024-07-01T20:00:00,19.15,72.77,18.3
2024-07-01T20:00:00,19.15,72.79,28.03
2024-07-01T20:00:00,19.15,72.81,20.67
2024-07-01T20:00:00,19.15,72.83,9.04
2024-07-01T20:00:00,19.15,72.85,22.45
2024-07-01T20:00:00,19.15,72.87,5.16
2024-07-01T20:00:00,19.15,72.89,15.38
2024-07-01T20:00:00,19.15,72.91,35.96
2024-07-01T20:00:00,19.15,72.93,16.97
2024-07-01T20:00:00,19.15,72.95,17.66
2024-07-01T20:00:00,19.15,72.97,10.92
2024-07-01T20:00:00,19.15,72.99,3.22
2024-07-01T20:00:00,19.17,72.77,15.14
2024-07-01T20:00:00,19.17,72.79,31.92
2024-07-01T20:00:00,19.17,72.81,22.62
2024-07-01T20:00:00,19.17,72.83,5.74
2024-07-01T20:00:00,19.17,72.85,2.61
2024-07-01T20:00:00,19.17,72.87,8.51
2024-07-01T20:00:00,19.17,72.89,12.96
2024-07-01T20:00:00,19.17,72.91,13.42
2024-07-01T20:00:00,19.17,72.93,13.3
2024-07-01T20:00:00,19.17,72.95,14.57
2024-07-01T20:00:00,19.17,72.97,19.46
2024-07-01T20:00:00,19.17,72.99,10.18
2024-07-01T20:00:00,19.19,72.77,8.01
2024-07-01T20:00:00,19.19,72.79,25.86
2024-07-01T20:00:00,19.19,72.81,31.49
2024-07-01T20:00:00,19.19,72.83,10.46
2024-07-01T20:00:00,19.19,72.85,56.32
2024-07-01T20:00:00,19.19,72.87,41.93
2024-07-01T20:00:00,19.19,72.89,5.71
2024-07-01T20:00:00,19.19,72.91,2.65
2024-07-01T20:00:00,19.19,72.93,12.89
2024-07-01T20:00:00,19.19,72.95,17.74
2024-07-01T20:00:00,19.19,72.97,49.46
2024-07-01T20:00:00,19.19,72.99,47.66
2024-07-01T20:00:00,19.21,72.77,29.0
2024-07-01T20:00:00,19.21,72.79,12.89
2024-07-01T20:00:00,19.21,72.81,37.63
2024-07-01T20:00:00,19.21,72.83,18.15
2024-07-01T20:00:00,19.21,72.85,4.81
2024-07-01T20:00:00,19.21,72.87,4.88
2024-07-01T20:00:00,19.21,72.89,11.37
2024-07-01T20:00:00,19.21,72.91,29.65
2024-07-01T20:00:00,19.21,72.93,5.94
2024-07-01T20:00:00,19.21,72.95,10.72
2024-07-01T20:00:00,19.21,72.97,37.87
2024-07-01T20:00:00,19.21,72.99,18.7
2024-07-01T20:00:00,19.23,72.77,26.11
2024-07-01T20:00:00,19.23,72.79,35.36
2024-07-01T20:00:00,19.23,72.81,12.77
2024-07-01T20:00:00,19.23,72.83,45.83
2024-07-01T20:00:00,19.23,72.85,26.36
2024-07-01T20:00:00,19.23,72.87,14.37
2024-07-01T20:00:00,19.23,72.89,37.36
2024-07-01T20:00:00,19.23,72.91,23.89
2024-07-01T20:00:00,19.23,72.93,14.57
2024-07-01T20:00:00,19.23,72.95,21.39
2024-07-01T20:00:00,19.23,72.97,6.86
2024-07-01T20:00:00,19.23,72.99,31.22
2024-07-01T20:00:00,19.25,72.77,61.97
2024-07-01T20:00:00,19.25,72.79,3.82
2024-07-01T20:00:00,19.25,72.81,10.65
2024-07-01T20:00:00,19.25,72.83,9.63
2024-07-01T20:00:00,19.25,72.85,27.53
2024-07-01T20:00:00,19.25,72.87,18.49
2024-07-01T20:00:00,19.25,72.89,10.9
2024-07-01T20:00:00,19.25,72.91,12.04
2024-07-01T20:00:00,19.25,72.93,9.69
2024-07-01T20:00:00,19.25,72.95,22.68
2024-07-01T20:00:00,19.25,72.97,16.59
2024-07-01T20:00:00,19.25,72.99,10.82
2024-07-01T21:00:00,18.87,72.77,12.73
2024-07-01T21:00:00,18.87,72.79,45.5
2024-07-01T21:00:00,18.87,72.81,39.16
2024-07-01T21:00:00,18.87,72.83,27.51
2024-07-01T21:00:00,18.87,72.85,34.45
2024-07-01T21:00:00,18.87,72.87,5.01
2024-07-01T21:00:00,18.87,72.89,6.47
2024-07-01T21:00:00,18.87,72.91,5.7
2024-07-01T21:00:00,18.87,72.93,15.75
2024-07-01T21:00:00,18.87,72.95,31.75
2024-07-01T21:00:00,18.87,72.97,10.82
2024-07-01T21:00:00,18.87,72.99,33.7
2024-07-01T21:00:00,18.89,72.77,11.95
2024-07-01T21:00:00,18.89,72.79,16.75
2024-07-01T21:00:00,18.89,72.81,12.76
2024-07-01T21:00:00,18.89,72.83,14.87
2024-07-01T21:00:00,18.89,72.85,15.76
2024-07-01T21:00:00,18.89,72.87,2.82
2024-07-01T21:00:00,18.89,72.89,21.15
2024-07-01T21:00:00,18.89,72.91,14.47
2024-07-01T21:00:00,18.89,72.93,43.19
2024-07-01T21:00:00,18.89,72.95,23.32
2024-07-01T21:00:00,18.89,72.97,19.03
2024-07-01T21:00:00,18.89,72.99,39.52
2024-07-01T21:00:00,18.91,72.77,47.43
2024-07-01T21:00:00,18.91,72.79,52.75
2024-07-01T21:00:00,18.91,72.81,11.82
2024-07-01T21:00:00,18.91,72.83,6.11
2024-07-01T21:00:00,18.91,72.85,2.91
2024-07-01T21:00:00,18.91,72.87,33.32
2024-07-01T21:00:00,18.91,72.89,2.28
2024-07-01T21:00:00,18.91,72.91,18.68
2024-07-01T21:00:00,18.91,72.93,3.72
2024-07-01T21:00:00,18.91,72.95,33.87
2024-07-01T21:00:00,18.91,72.97,21.66
2024-07-01T21:00:00,18.91,72.99,32.7
2024-07-01T21:00:00,18.93,72.77,22.8
2024-07-01T21:00:00,18.93,72.79,8.16
2024-07-01T21:00:00,18.93,72.81,12.48
2024-07-01T21:00:00,18.93,72.83,32.66
2024-07-01T21:00:00,18.93,72.85,3.67
2024-07-01T21:00:00,18.93,72.87,10.78
2024-07-01T21:00:00,18.93,72.89,9.32
2024-07-01T21:00:00,18.93,72.91,14.89
2024-07-01T21:00:00,18.93,72.93,24.3
2024-07-01T21:00:00,18.93,72.95,33.15
2024-07-01T21:00:00,18.93,72.97,4.25
2024-07-01T21:00:00,18.93,72.99,6.97
2024-07-01T21:00:00,18.95,72.77,6.04
2024-07-01T21:00:00,18.95,72.79,17.86
2024-07-01T21:00:00,18.95,72.81,6.38
2024-07-01T21:00:00,18.95,72.83,22.61
2024-07-01T21:00:00,18.95,72.85,40.23
2024-07-01T21:00:00,18.95,72.87,2.96
2024-07-01T21:00:00,18.95,72.89,7.86
2024-07-01T21:00:00,18.95,72.91,45.66
2024-07-01T21:00:00,18.95,72.93,17.95
2024-07-01T21:00:00,18.95,72.95,10.1
2024-07-01T21:00:00,18.95,72.97,74.19
2024-07-01T21:00:00,18.95,72.99,11.85
2024-07-01T21:00:00,18.97,72.77,28.93
2024-07-01T21:00:00,18.97,72.79,9.31
2024-07-01T21:00:00,18.97,72.81,7.66
2024-07-01T21:00:00,18.97,72.83,27.55
2024-07-01T21:00:00,18.97,72.85,51.8
2024-07-01T21:00:00,18.97,72.87,11.34
2024-07-01T21:00:00,18.97,72.89,6.46
2024-07-01T21:00:00,18.97,72.91,31.54
2024-07-01T21:00:00,18.97,72.93,10.74
2024-07-01T21:00:00,18.97,72.95,20.05
2024-07-01T21:00:00,18.97,72.97,10.05
2024-07-01T21:00:00,18.97,72.99,11.31
2024-07-01T21:00:00,18.99,72.77,8.92
2024-07-01T21:00:00,18.99,72.79,29.75
2024-07-01T21:00:00,18.99,72.81,23.99
2024-07-01T21:00:00,18.99,72.83,22.74
2024-07-01T21:00:00,18.99,72.85,9.36
2024-07-01T21:00:00,18.99,72.87,20.8
2024-07-01T21:00:00,18.99,72.89,53.91
2024-07-01T21:00:00,18.99,72.91,6.37
2024-07-01T21:00:00,18.99,72.93,7.9
2024-07-01T21:00:00,18.99,72.95,8.15
2024-07-01T21:00:00,18.99,72.97,16.25
2024-07-01T21:00:00,18.99,72.99,5.54
2024-07-01T21:00:00,19.01,72.77,27.47
2024-07-01T21:00:00,19.01,72.79,2.9
2024-07-01T21:00:00,19.01,72.81,31.37
2024-07-01T21:00:00,19.01,72.83,22.44
2024-07-01T21:00:00,19.01,72.85,55.63
2024-07-01T21:00:00,19.01,72.87,6.94
2024-07-01T21:00:00,19.01,72.89,33.09
2024-07-01T21:00:00,19.01,72.91,14.5
2024-07-01T21:00:00,19.01,72.93,12.1
2024-07-01T21:00:00,19.01,72.95,6.12
2024-07-01T21:00:00,19.01,72.97,10.17
2024-07-01T21:00:00,19.01,72.99,10.4
2024-07-01T21:00:00,19.03,72.77,4.59
2024-07-01T21:00:00,19.03,72.79,23.6
2024-07-01T21:00:00,19.03,72.81,20.75
2024-07-01T21:00:00,19.03,72.83,26.36
2024-07-01T21:00:00,19.03,72.85,10.25
2024-07-01T21:00:00,19.03,72.87,29.78
2024-07-01T21:00:00,19.03,72.89,39.78
2024-07-01T21:00:00,19.03,72.91,13.1
2024-07-01T21:00:00,19.03,72.93,6.65
2024-07-01T21:00:00,19.03,72.95,15.87
2024-07-01T21:00:00,19.03,72.97,15.07
2024-07-01T21:00:00,19.03,72.99,12.75
2024-07-01T21:00:00,19.05,72.77,28.9
2024-07-01T21:00:00,19.05,72.79,13.8
2024-07-01T21:00:00,19.05,72.81,7.1
2024-07-01T21:00:00,19.05,72.83,19.35
2024-07-01T21:00:00,19.05,72.85,26.61
2024-07-01T21:00:00,19.05,72.87,27.5
2024-07-01T21:00:00,19.05,72.89,11.47
2024-07-01T21:00:00,19.05,72.91,19.53
2024-07-01T21:00:00,19.05,72.93,38.71
2024-07-01T21:00:00,19.05,72.95,31.87
2024-07-01T21:00:00,19.05,72.97,3.38
2024-07-01T21:00:00,19.05,72.99,11.16
2024-07-01T21:00:00,19.07,72.77,45.34
2024-07-01T21:00:00,19.07,72.79,4.12
2024-07-01T21:00:00,19.07,72.81,16.85
2024-07-01T21:00:00,19.07,72.83,10.37
2024-07-01T21:00:00,19.07,72.85,21.22
2024-07-01T21:00:00,19.07,72.87,1.65
2024-07-01T21:00:00,19.07,72.89,36.05
2024-07-01T21:00:00,19.07,72.91,15.49
2024-07-01T21:00:00,19.07,72.93,5.79
2024-07-01T21:00:00,19.07,72.95,8.04
2024-07-01T21:00:00,19.07,72.97,19.3
2024-07-01T21:00:00,19.07,72.99,7.27
2024-07-01T21:00:00,19.09,72.77,56.94
2024-07-01T21:00:00,19.09,72.79,16.43
2024-07-01T21:00:00,19.09,72.81,47.14
2024-07-01T21:00:00,19.09,72.83,19.37
2024-07-01T21:00:00,19.09,72.85,27.35
2024-07-01T21:00:00,19.09,72.87,25.57
2024-07-01T21:00:00,19.09,72.89,10.7
2024-07-01T21:00:00,19.09,72.91,25.79
2024-07-01T21:00:00,19.09,72.93,11.04
2024-07-01T21:00:00,19.09,72.95,3.07
2024-07-01T21:00:00,19.09,72.97,12.48
2024-07-01T21:00:00,19.09,72.99,4.78
2024-07-01T21:00:00,19.11,72.77,13.14
2024-07-01T21:00:00,19.11,72.79,17.57
2024-07-01T21:00:00,19.11,72.81,7.86
2024-07-01T21:00:00,19.11,72.83,25.52
2024-07-01T21:00:00,19.11,72.85,11.92
2024-07-01T21:00:00,19.11,72.87,5.18
2024-07-01T21:00:00,19.11,72.89,7.22
2024-07-01T21:00:00,19.11,72.91,16.85
2024-07-01T21:00:00,19.11,72.93,12.46
2024-07-01T21:00:00,19.11,72.95,18.6
2024-07-01T21:00:00,19.11,72.97,16.06
2024-07-01T21:00:00,19.11,72.99,6.05
2024-07-01T21:00:00,19.13,72.77,11.12
2024-07-01T21:00:00,19.13,72.79,33.0
2024-07-01T21:00:00,19.13,72.81,8.49
2024-07-01T21:00:00,19.13,72.83,46.56
2024-07-01T21:00:00,19.13,72.85,4.22
2024-07-01T21:00:00,19.13,72.87,28.94
2024-07-01T21:00:00,19.13,72.89,14.6
2024-07-01T21:00:00,19.13,72.91,6.52
2024-07-01T21:00:00,19.13,72.93,16.18
2024-07-01T21:00:00,19.13,72.95,7.47
2024-07-01T21:00:00,19.13,72.97,9.27
2024-07-01T21:00:00,19.13,72.99,10.62
2024-07-01T21:00:00,19.15,72.77,31.5
2024-07-01T21:00:00,19.15,72.79,10.64
2024-07-01T21:00:00,19.15,72.81,20.82
2024-07-01T21:00:00,19.15,72.83,29.56
2024-07-01T21:00:00,19.15,72.85,17.28
2024-07-01T21:00:00,19.15,72.87,21.47
2024-07-01T21:00:00,19.15,72.89,15.35
2024-07-01T21:00:00,19.15,72.91,22.9
2024-07-01T21:00:00,19.15,72.93,4.73
2024-07-01T21:00:00,19.15,72.95,38.47
2024-07-01T21:00:00,19.15,72.97,8.21
2024-07-01T21:00:00,19.15,72.99,13.46
2024-07-01T21:00:00,19.17,72.77,2.62
2024-07-01T21:00:00,19.17,72.79,11.84
2024-07-01T21:00:00,19.17,72.81,21.47
2024-07-01T21:00:00,19.17,72.83,47.82
2024-07-01T21:00:00,19.17,72.85,25.29
2024-07-01T21:00:00,19.17,72.87,11.33
2024-07-01T21:00:00,19.17,72.89,3.68
2024-07-01T21:00:00,19.17,72.91,36.86
2024-07-01T21:00:00,19.17,72.93,10.23
2024-07-01T21:00:00,19.17,72.95,18.29
2024-07-01T21:00:00,19.17,72.97,10.31
2024-07-01T21:00:00,19.17,72.99,19.37
2024-07-01T21:00:00,19.19,72.77,42.96
2024-07-01T21:00:00,19.19,72.79,30.25
2024-07-01T21:00:00,19.19,72.81,14.13
2024-07-01T21:00:00,19.19,72.83,41.12
2024-07-01T21:00:00,19.19,72.85,53.48
2024-07-01T21:00:00,19.19,72.87,32.08
2024-07-01T21:00:00,19.19,72.89,11.38
2024-07-01T21:00:00,19.19,72.91,27.76
2024-07-01T21:00:00,19.19,72.93,29.93
2024-07-01T21:00:00,19.19,72.95,12.24
2024-07-01T21:00:00,19.19,72.97,47.42
2024-07-01T21:00:00,19.19,72.99,32.4
2024-07-01T21:00:00,19.21,72.77,15.89
2024-07-01T21:00:00,19.21,72.79,12.96
2024-07-01T21:00:00,19.21,72.81,33.9
2024-07-01T21:00:00,19.21,72.83,64.75
2024-07-01T21:00:00,19.21,72.85,5.52
2024-07-01T21:00:00,19.21,72.87,22.4
2024-07-01T21:00:00,19.21,72.89,27.99
2024-07-01T21:00:00,19.21,72.91,35.53
2024-07-01T21:00:00,19.21,72.93,27.08
2024-07-01T21:00:00,19.21,72.95,10.16
2024-07-01T21:00:00,19.21,72.97,4.37
2024-07-01T21:00:00,19.21,72.99,11.37
2024-07-01T21:00:00,19.23,72.77,32.39
2024-07-01T21:00:00,19.23,72.79,11.21
2024-07-01T21:00:00,19.23,72.81,44.42
2024-07-01T21:00:00,19.23,72.83,15.43
2024-07-01T21:00:00,19.23,72.85,9.76
2024-07-01T21:00:00,19.23,72.87,24.22
2024-07-01T21:00:00,19.23,72.89,13.22
2024-07-01T21:00:00,19.23,72.91,10.89
2024-07-01T21:00:00,19.23,72.93,53.3
2024-07-01T21:00:00,19.23,72.95,9.24
2024-07-01T21:00:00,19.23,72.97,11.21
2024-07-01T21:00:00,19.23,72.99,21.9
2024-07-01T21:00:00,19.25,72.77,46.8
2024-07-01T21:00:00,19.25,72.79,25.45
2024-07-01T21:00:00,19.25,72.81,18.96
2024-07-01T21:00:00,19.25,72.83,64.26
2024-07-01T21:00:00,19.25,72.85,12.17
2024-07-01T21:00:00,19.25,72.87,11.92
2024-07-01T21:00:00,19.25,72.89,9.9
2024-07-01T21:00:00,19.25,72.91,20.91
2024-07-01T21:00:00,19.25,72.93,7.27
2024-07-01T21:00:00,19.25,72.95,5.6
2024-07-01T21:00:00,19.25,72.97,11.18
2024-07-01T21:00:00,19.25,72.99,3.2
2024-07-01T22:00:00,18.87,72.77,23.72
2024-07-01T22:00:00,18.87,72.79,25.34
2024-07-01T22:00:00,18.87,72.81,27.7
2024-07-01T22:00:00,18.87,72.83,32.66
2024-07-01T22:00:00,18.87,72.85,13.41
2024-07-01T22:00:00,18.87,72.87,39.03
2024-07-01T22:00:00,18.87,72.89,35.64
2024-07-01T22:00:00,18.87,72.91,6.77
2024-07-01T22:00:00,18.87,72.93,15.37
2024-07-01T22:00:00,18.87,72.95,1.26
2024-07-01T22:00:00,18.87,72.97,35.8
2024-07-01T22:00:00,18.87,72.99,27.46
2024-07-01T22:00:00,18.89,72.77,52.47
2024-07-01T22:00:00,18.89,72.79,4.73
2024-07-01T22:00:00,18.89,72.81,26.2
2024-07-01T22:00:00,18.89,72.83,11.71
2024-07-01T22:00:00,18.89,72.85,2.38
2024-07-01T22:00:00,18.89,72.87,33.87
2024-07-01T22:00:00,18.89,72.89,5.59
2024-07-01T22:00:00,18.89,72.91,21.1
2024-07-01T22:00:00,18.89,72.93,10.36
2024-07-01T22:00:00,18.89,72.95,17.85
2024-07-01T22:00:00,18.89,72.97,28.49
2024-07-01T22:00:00,18.89,72.99,17.34
2024-07-01T22:00:00,18.91,72.77,9.1
2024-07-01T22:00:00,18.91,72.79,66.8
2024-07-01T22:00:00,18.91,72.81,14.32
2024-07-01T22:00:00,18.91,72.83,9.81
2024-07-01T22:00:00,18.91,72.85,16.36
2024-07-01T22:00:00,18.91,72.87,4.35
2024-07-01T22:00:00,18.91,72.89,9.84
2024-07-01T22:00:00,18.91,72.91,13.31
2024-07-01T22:00:00,18.91,72.93,19.3
2024-07-01T22:00:00,18.91,72.95,16.33
2024-07-01T22:00:00,18.91,72.97,22.05
2024-07-01T22:00:00,18.91,72.99,14.74
2024-07-01T22:00:00,18.93,72.77,41.62
2024-07-01T22:00:00,18.93,72.79,30.43
2024-07-01T22:00:00,18.93,72.81,24.81
2024-07-01T22:00:00,18.93,72.83,42.32
2024-07-01T22:00:00,18.93,72.85,41.23
2024-07-01T22:00:00,18.93,72.87,18.67
2024-07-01T22:00:00,18.93,72.89,12.45
2024-07-01T22:00:00,18.93,72.91,19.14
2024-07-01T22:00:00,18.93,72.93,14.47
2024-07-01T22:00:00,18.93,72.95,11.38
2024-07-01T22:00:00,18.93,72.97,17.63
2024-07-01T22:00:00,18.93,72.99,20.08
2024-07-01T22:00:00,18.95,72.77,30.38
2024-07-01T22:00:00,18.95,72.79,49.69
2024-07-01T22:00:00,18.95,72.81,22.52
2024-07-01T22:00:00,18.95,72.83,17.61
2024-07-01T22:00:00,18.95,72.85,34.11
2024-07-01T22:00:00,18.95,72.87,8.61
2024-07-01T22:00:00,18.95,72.89,3.68
2024-07-01T22:00:00,18.95,72.91,22.98
2024-07-01T22:00:00,18.95,72.93,12.41
2024-07-01T22:00:00,18.95,72.95,12.93
2024-07-01T22:00:00,18.95,72.97,7.67
2024-07-01T22:00:00,18.95,72.99,33.95
2024-07-01T22:00:00,18.97,72.77,4.52
2024-07-01T22:00:00,18.97,72.79,28.66
2024-07-01T22:00:00,18.97,72.81,18.31
2024-07-01T22:00:00,18.97,72.83,48.83
2024-07-01T22:00:00,18.97,72.85,34.21
2024-07-01T22:00:00,18.97,72.87,6.54
2024-07-01T22:00:00,18.97,72.89,26.72
2024-07-01T22:00:00,18.97,72.91,22.51
2024-07-01T22:00:00,18.97,72.93,15.03
2024-07-01T22:00:00,18.97,72.95,23.87
2024-07-01T22:00:00,18.97,72.97,9.12
2024-07-01T22:00:00,18.97,72.99,16.31
2024-07-01T22:00:00,18.99,72.77,19.75
2024-07-01T22:00:00,18.99,72.79,9.83
2024-07-01T22:00:00,18.99,72.81,14.31
2024-07-01T22:00:00,18.99,72.83,12.09
2024-07-01T22:00:00,18.99,72.85,22.97
2024-07-01T22:00:00,18.99,72.87,39.43
2024-07-01T22:00:00,18.99,72.89,5.14
2024-07-01T22:00:00,18.99,72.91,21.95
2024-07-01T22:00:00,18.99,72.93,10.49
2024-07-01T22:00:00,18.99,72.95,29.53
2024-07-01T22:00:00,18.99,72.97,20.64
2024-07-01T22:00:00,18.99,72.99,3.64
2024-07-01T22:00:00,19.01,72.77,22.35
2024-07-01T22:00:00,19.01,72.79,17.11
2024-07-01T22:00:00,19.01,72.81,6.28
2024-07-01T22:00:00,19.01,72.83,11.86
2024-07-01T22:00:00,19.01,72.85,19.24
2024-07-01T22:00:00,19.01,72.87,11.55
2024-07-01T22:00:00,19.01,72.89,33.76
2024-07-01T22:00:00,19.01,72.91,14.6
2024-07-01T22:00:00,19.01,72.93,9.99
2024-07-01T22:00:00,19.01,72.95,18.06
2024-07-01T22:00:00,19.01,72.97,19.49
2024-07-01T22:00:00,19.01,72.99,28.8
2024-07-01T22:00:00,19.03,72.77,20.35
2024-07-01T22:00:00,19.03,72.79,23.21
2024-07-01T22:00:00,19.03,72.81,29.09
2024-07-01T22:00:00,19.03,72.83,9.26
2024-07-01T22:00:00,19.03,72.85,31.59
2024-07-01T22:00:00,19.03,72.87,5.97
2024-07-01T22:00:00,19.03,72.89,18.21
2024-07-01T22:00:00,19.03,72.91,18.07
2024-07-01T22:00:00,19.03,72.93,17.41
2024-07-01T22:00:00,19.03,72.95,5.06
2024-07-01T22:00:00,19.03,72.97,0.72
2024-07-01T22:00:00,19.03,72.99,12.15
2024-07-01T22:00:00,19.05,72.77,25.25
2024-07-01T22:00:00,19.05,72.79,48.1
2024-07-01T22:00:00,19.05,72.81,23.97
2024-07-01T22:00:00,19.05,72.83,6.17
2024-07-01T22:00:00,19.05,72.85,14.53
2024-07-01T22:00:00,19.05,72.87,14.89
2024-07-01T22:00:00,19.05,72.89,38.27
2024-07-01T22:00:00,19.05,72.91,21.65
2024-07-01T22:00:00,19.05,72.93,6.38
2024-07-01T22:00:00,19.05,72.95,9.95
2024-07-01T22:00:00,19.05,72.97,26.11
2024-07-01T22:00:00,19.05,72.99,17.65
2024-07-01T22:00:00,19.07,72.77,19.44
2024-07-01T22:00:00,19.07,72.79,15.75
2024-07-01T22:00:00,19.07,72.81,30.58
2024-07-01T22:00:00,19.07,72.83,13.09
2024-07-01T22:00:00,19.07,72.85,10.67
2024-07-01T22:00:00,19.07,72.87,31.73
2024-07-01T22:00:00,19.07,72.89,0.76
2024-07-01T22:00:00,19.07,72.91,6.32
2024-07-01T22:00:00,19.07,72.93,8.52
2024-07-01T22:00:00,19.07,72.95,30.65
2024-07-01T22:00:00,19.07,72.97,17.22
2024-07-01T22:00:00,19.07,72.99,5.52
2024-07-01T22:00:00,19.09,72.77,6.6
2024-07-01T22:00:00,19.09,72.79,37.7
2024-07-01T22:00:00,19.09,72.81,6.22
2024-07-01T22:00:00,19.09,72.83,10.59
2024-07-01T22:00:00,19.09,72.85,12.44
2024-07-01T22:00:00,19.09,72.87,24.31
2024-07-01T22:00:00,19.09,72.89,11.04
2024-07-01T22:00:00,19.09,72.91,4.69
2024-07-01T22:00:00,19.09,72.93,24.25
2024-07-01T22:00:00,19.09,72.95,23.47
2024-07-01T22:00:00,19.09,72.97,42.14
2024-07-01T22:00:00,19.09,72.99,18.14
2024-07-01T22:00:00,19.11,72.77,6.35
2024-07-01T22:00:00,19.11,72.79,50.09
2024-07-01T22:00:00,19.11,72.81,13.09
2024-07-01T22:00:00,19.11,72.83,31.55
2024-07-01T22:00:00,19.11,72.85,45.01
2024-07-01T22:00:00,19.11,72.87,17.93
2024-07-01T22:00:00,19.11,72.89,15.98
2024-07-01T22:00:00,19.11,72.91,19.46
2024-07-01T22:00:00,19.11,72.93,21.71
2024-07-01T22:00:00,19.11,72.95,30.86
2024-07-01T22:00:00,19.11,72.97,13.28
2024-07-01T22:00:00,19.11,72.99,15.47
2024-07-01T22:00:00,19.13,72.77,12.65
2024-07-01T22:00:00,19.13,72.79,12.2
2024-07-01T22:00:00,19.13,72.81,8.68
2024-07-01T22:00:00,19.13,72.83,12.22
2024-07-01T22:00:00,19.13,72.85,7.36
2024-07-01T22:00:00,19.13,72.87,30.83
2024-07-01T22:00:00,19.13,72.89,25.84
2024-07-01T22:00:00,19.13,72.91,14.87
2024-07-01T22:00:00,19.13,72.93,18.73
2024-07-01T22:00:00,19.13,72.95,7.42
2024-07-01T22:00:00,19.13,72.97,14.8
2024-07-01T22:00:00,19.13,72.99,32.66
2024-07-01T22:00:00,19.15,72.77,41.04
2024-07-01T22:00:00,19.15,72.79,52.38
2024-07-01T22:00:00,19.15,72.81,33.28
2024-07-01T22:00:00,19.15,72.83,22.32
2024-07-01T22:00:00,19.15,72.85,30.41
2024-07-01T22:00:00,19.15,72.87,5.95
2024-07-01T22:00:00,19.15,72.89,27.54
2024-07-01T22:00:00,19.15,72.91,30.17
2024-07-01T22:00:00,19.15,72.93,15.11
2024-07-01T22:00:00,19.15,72.95,16.12
2024-07-01T22:00:00,19.15,72.97,12.36
2024-07-01T22:00:00,19.15,72.99,14.06
2024-07-01T22:00:00,19.17,72.77,21.95
2024-07-01T22:00:00,19.17,72.79,22.9
2024-07-01T22:00:00,19.17,72.81,8.82
2024-07-01T22:00:00,19.17,72.83,9.97
2024-07-01T22:00:00,19.17,72.85,27.09
2024-07-01T22:00:00,19.17,72.87,21.94
2024-07-01T22:00:00,19.17,72.89,8.56
2024-07-01T22:00:00,19.17,72.91,14.53
2024-07-01T22:00:00,19.17,72.93,48.35
2024-07-01T22:00:00,19.17,72.95,1.6
2024-07-01T22:00:00,19.17,72.97,0.71
2024-07-01T22:00:00,19.17,72.99,1.59
2024-07-01T22:00:00,19.19,72.77,74.59
2024-07-01T22:00:00,19.19,72.79,7.39
2024-07-01T22:00:00,19.19,72.81,14.08
2024-07-01T22:00:00,19.19,72.83,26.21
2024-07-01T22:00:00,19.19,72.85,24.35
2024-07-01T22:00:00,19.19,72.87,13.73
2024-07-01T22:00:00,19.19,72.89,41.02
2024-07-01T22:00:00,19.19,72.91,27.66
2024-07-01T22:00:00,19.19,72.93,9.27
2024-07-01T22:00:00,19.19,72.95,6.4
2024-07-01T22:00:00,19.19,72.97,17.11
2024-07-01T22:00:00,19.19,72.99,26.71
2024-07-01T22:00:00,19.21,72.77,60.13
2024-07-01T22:00:00,19.21,72.79,23.61
2024-07-01T22:00:00,19.21,72.81,13.58
2024-07-01T22:00:00,19.21,72.83,41.52
2024-07-01T22:00:00,19.21,72.85,36.8
2024-07-01T22:00:00,19.21,72.87,28.67
2024-07-01T22:00:00,19.21,72.89,5.58
2024-07-01T22:00:00,19.21,72.91,12.54
2024-07-01T22:00:00,19.21,72.93,13.61
2024-07-01T22:00:00,19.21,72.95,26.48
2024-07-01T22:00:00,19.21,72.97,2.34
2024-07-01T22:00:00,19.21,72.99,11.0
2024-07-01T22:00:00,19.23,72.77,19.65
2024-07-01T22:00:00,19.23,72.79,15.7
2024-07-01T22:00:00,19.23,72.81,52.6
2024-07-01T22:00:00,19.23,72.83,35.37
2024-07-01T22:00:00,19.23,72.85,34.4
2024-07-01T22:00:00,19.23,72.87,11.55
2024-07-01T22:00:00,19.23,72.89,18.79
2024-07-01T22:00:00,19.23,72.91,7.67
2024-07-01T22:00:00,19.23,72.93,7.72
2024-07-01T22:00:00,19.23,72.95,31.25
2024-07-01T22:00:00,19.23,72.97,27.3
2024-07-01T22:00:00,19.23,72.99,6.71
2024-07-01T22:00:00,19.25,72.77,21.05
2024-07-01T22:00:00,19.25,72.79,4.48
2024-07-01T22:00:00,19.25,72.81,26.65
2024-07-01T22:00:00,19.25,72.83,7.71
2024-07-01T22:00:00,19.25,72.85,18.78
2024-07-01T22:00:00,19.25,72.87,51.17
2024-07-01T22:00:00,19.25,72.89,6.36
2024-07-01T22:00:00,19.25,72.91,20.87
2024-07-01T22:00:00,19.25,72.93,15.38
2024-07-01T22:00:00,19.25,72.95,5.52
2024-07-01T22:00:00,19.25,72.97,8.41
2024-07-01T22:00:00,19.25,72.99,20.71
2024-07-01T23:00:00,18.87,72.77,16.86
2024-07-01T23:00:00,18.87,72.79,48.85
2024-07-01T23:00:00,18.87,72.81,26.49
2024-07-01T23:00:00,18.87,72.83,7.49
2024-07-01T23:00:00,18.87,72.85,32.39
2024-07-01T23:00:00,18.87,72.87,34.3
2024-07-01T23:00:00,18.87,72.89,20.72
2024-07-01T23:00:00,18.87,72.91,24.87
2024-07-01T23:00:00,18.87,72.93,19.72
2024-07-01T23:00:00,18.87,72.95,36.5
2024-07-01T23:00:00,18.87,72.97,33.07
2024-07-01T23:00:00,18.87,72.99,3.67
2024-07-01T23:00:00,18.89,72.77,4.2
2024-07-01T23:00:00,18.89,72.79,16.56
2024-07-01T23:00:00,18.89,72.81,32.74
2024-07-01T23:00:00,18.89,72.83,40.55
2024-07-01T23:00:00,18.89,72.85,13.35
2024-07-01T23:00:00,18.89,72.87,14.56
2024-07-01T23:00:00,18.89,72.89,13.34
2024-07-01T23:00:00,18.89,72.91,15.53
2024-07-01T23:00:00,18.89,72.93,18.27
2024-07-01T23:00:00,18.89,72.95,10.99
2024-07-01T23:00:00,18.89,72.97,12.36
2024-07-01T23:00:00,18.89,72.99,20.49
2024-07-01T23:00:00,18.91,72.77,6.29
2024-07-01T23:00:00,18.91,72.79,62.14
2024-07-01T23:00:00,18.91,72.81,32.13
2024-07-01T23:00:00,18.91,72.83,44.74
2024-07-01T23:00:00,18.91,72.85,8.15
2024-07-01T23:00:00,18.91,72.87,10.53
2024-07-01T23:00:00,18.91,72.89,1.22
2024-07-01T23:00:00,18.91,72.91,17.14
2024-07-01T23:00:00,18.91,72.93,17.2
2024-07-01T23:00:00,18.91,72.95,19.6
2024-07-01T23:00:00,18.91,72.97,3.06
2024-07-01T23:00:00,18.91,72.99,15.06
2024-07-01T23:00:00,18.93,72.77,25.44
2024-07-01T23:00:00,18.93,72.79,27.45
2024-07-01T23:00:00,18.93,72.81,11.82
2024-07-01T23:00:00,18.93,72.83,64.42
2024-07-01T23:00:00,18.93,72.85,14.8
2024-07-01T23:00:00,18.93,72.87,19.3
2024-07-01T23:00:00,18.93,72.89,12.86
2024-07-01T23:00:00,18.93,72.91,10.6
2024-07-01T23:00:00,18.93,72.93,25.94
2024-07-01T23:00:00,18.93,72.95,3.27
2024-07-01T23:00:00,18.93,72.97,26.16
2024-07-01T23:00:00,18.93,72.99,16.97
2024-07-01T23:00:00,18.95,72.77,17.34
2024-07-01T23:00:00,18.95,72.79,6.48
2024-07-01T23:00:00,18.95,72.81,19.26
2024-07-01T23:00:00,18.95,72.83,28.81
2024-07-01T23:00:00,18.95,72.85,20.03
2024-07-01T23:00:00,18.95,72.87,16.42
2024-07-01T23:00:00,18.95,72.89,13.94
2024-07-01T23:00:00,18.95,72.91,11.58
2024-07-01T23:00:00,18.95,72.93,5.87
2024-07-01T23:00:00,18.95,72.95,24.95
2024-07-01T23:00:00,18.95,72.97,18.68
2024-07-01T23:00:00,18.95,72.99,25.28
2024-07-01T23:00:00,18.97,72.77,13.72
2024-07-01T23:00:00,18.97,72.79,16.84
2024-07-01T23:00:00,18.97,72.81,6.38
2024-07-01T23:00:00,18.97,72.83,3.96
2024-07-01T23:00:00,18.97,72.85,18.97
2024-07-01T23:00:00,18.97,72.87,1.77
2024-07-01T23:00:00,18.97,72.89,21.73
2024-07-01T23:00:00,18.97,72.91,10.16
2024-07-01T23:00:00,18.97,72.93,64.27
2024-07-01T23:00:00,18.97,72.95,16.23
2024-07-01T23:00:00,18.97,72.97,23.72
2024-07-01T23:00:00,18.97,72.99,8.8
2024-07-01T23:00:00,18.99,72.77,43.36
2024-07-01T23:00:00,18.99,72.79,44.27
2024-07-01T23:00:00,18.99,72.81,36.34
2024-07-01T23:00:00,18.99,72.83,63.21
2024-07-01T23:00:00,18.99,72.85,6.81
2024-07-01T23:00:00,18.99,72.87,27.52
2024-07-01T23:00:00,18.99,72.89,8.8
2024-07-01T23:00:00,18.99,72.91,6.63
2024-07-01T23:00:00,18.99,72.93,15.83
2024-07-01T23:00:00,18.99,72.95,19.09
2024-07-01T23:00:00,18.99,72.97,14.47
2024-07-01T23:00:00,18.99,72.99,4.67
2024-07-01T23:00:00,19.01,72.77,20.9
2024-07-01T23:00:00,19.01,72.79,18.99
2024-07-01T23:00:00,19.01,72.81,7.77
2024-07-01T23:00:00,19.01,72.83,47.19
2024-07-01T23:00:00,19.01,72.85,57.92
2024-07-01T23:00:00,19.01,72.87,19.05
2024-07-01T23:00:00,19.01,72.89,0.85
2024-07-01T23:00:00,19.01,72.91,16.47
2024-07-01T23:00:00,19.01,72.93,34.15
2024-07-01T23:00:00,19.01,72.95,16.15
2024-07-01T23:00:00,19.01,72.97,14.37
2024-07-01T23:00:00,19.01,72.99,24.94
2024-07-01T23:00:00,19.03,72.77,79.35
2024-07-01T23:00:00,19.03,72.79,24.65
2024-07-01T23:00:00,19.03,72.81,20.76
2024-07-01T23:00:00,19.03,72.83,44.01
2024-07-01T23:00:00,19.03,72.85,24.73
2024-07-01T23:00:00,19.03,72.87,52.07
2024-07-01T23:00:00,19.03,72.89,6.89
2024-07-01T23:00:00,19.03,72.91,6.84
2024-07-01T23:00:00,19.03,72.93,7.96
2024-07-01T23:00:00,19.03,72.95,29.62
2024-07-01T23:00:00,19.03,72.97,20.17
2024-07-01T23:00:00,19.03,72.99,12.61
2024-07-01T23:00:00,19.05,72.77,25.69
2024-07-01T23:00:00,19.05,72.79,39.47
2024-07-01T23:00:00,19.05,72.81,14.6
2024-07-01T23:00:00,19.05,72.83,30.96
2024-07-01T23:00:00,19.05,72.85,12.51
2024-07-01T23:00:00,19.05,72.87,3.98
2024-07-01T23:00:00,19.05,72.89,17.12
2024-07-01T23:00:00,19.05,72.91,3.31
2024-07-01T23:00:00,19.05,72.93,12.53
2024-07-01T23:00:00,19.05,72.95,17.86
2024-07-01T23:00:00,19.05,72.97,7.75
2024-07-01T23:00:00,19.05,72.99,23.51
2024-07-01T23:00:00,19.07,72.77,16.54
2024-07-01T23:00:00,19.07,72.79,29.92
2024-07-01T23:00:00,19.07,72.81,18.44
2024-07-01T23:00:00,19.07,72.83,15.51
2024-07-01T23:00:00,19.07,72.85,8.8
2024-07-01T23:00:00,19.07,72.87,17.71
2024-07-01T23:00:00,19.07,72.89,19.03
2024-07-01T23:00:00,19.07,72.91,21.62
2024-07-01T23:00:00,19.07,72.93,19.75
2024-07-01T23:00:00,19.07,72.95,4.76
2024-07-01T23:00:00,19.07,72.97,31.23
2024-07-01T23:00:00,19.07,72.99,20.73
2024-07-01T23:00:00,19.09,72.77,20.79
2024-07-01T23:00:00,19.09,72.79,24.97
2024-07-01T23:00:00,19.09,72.81,27.59
2024-07-01T23:00:00,19.09,72.83,61.18
2024-07-01T23:00:00,19.09,72.85,11.19
2024-07-01T23:00:00,19.09,72.87,11.18
2024-07-01T23:00:00,19.09,72.89,6.52
2024-07-01T23:00:00,19.09,72.91,2.35
2024-07-01T23:00:00,19.09,72.93,22.17
2024-07-01T23:00:00,19.09,72.95,55.16
2024-07-01T23:00:00,19.09,72.97,12.59
2024-07-01T23:00:00,19.09,72.99,35.37
2024-07-01T23:00:00,19.11,72.77,16.15
2024-07-01T23:00:00,19.11,72.79,42.63
2024-07-01T23:00:00,19.11,72.81,24.08
2024-07-01T23:00:00,19.11,72.83,18.75
2024-07-01T23:00:00,19.11,72.85,11.31
2024-07-01T23:00:00,19.11,72.87,18.51
2024-07-01T23:00:00,19.11,72.89,30.93
2024-07-01T23:00:00,19.11,72.91,9.46
2024-07-01T23:00:00,19.11,72.93,15.42
2024-07-01T23:00:00,19.11,72.95,18.73
2024-07-01T23:00:00,19.11,72.97,28.07
2024-07-01T23:00:00,19.11,72.99,16.93
2024-07-01T23:00:00,19.13,72.77,16.28
2024-07-01T23:00:00,19.13,72.79,23.71
2024-07-01T23:00:00,19.13,72.81,40.7
2024-07-01T23:00:00,19.13,72.83,25.31
2024-07-01T23:00:00,19.13,72.85,17.15
2024-07-01T23:00:00,19.13,72.87,18.25
2024-07-01T23:00:00,19.13,72.89,6.88
2024-07-01T23:00:00,19.13,72.91,27.91
2024-07-01T23:00:00,19.13,72.93,4.98
2024-07-01T23:00:00,19.13,72.95,11.44
2024-07-01T23:00:00,19.13,72.97,13.85
2024-07-01T23:00:00,19.13,72.99,11.07
2024-07-01T23:00:00,19.15,72.77,8.45
2024-07-01T23:00:00,19.15,72.79,11.21
2024-07-01T23:00:00,19.15,72.81,5.4
2024-07-01T23:00:00,19.15,72.83,50.29
2024-07-01T23:00:00,19.15,72.85,11.56
2024-07-01T23:00:00,19.15,72.87,10.4
2024-07-01T23:00:00,19.15,72.89,58.24
2024-07-01T23:00:00,19.15,72.91,3.61
2024-07-01T23:00:00,19.15,72.93,24.45
2024-07-01T23:00:00,19.15,72.95,16.58
2024-07-01T23:00:00,19.15,72.97,6.77
2024-07-01T23:00:00,19.15,72.99,16.96
2024-07-01T23:00:00,19.17,72.77,60.99
2024-07-01T23:00:00,19.17,72.79,28.83
2024-07-01T23:00:00,19.17,72.81,25.44
2024-07-01T23:00:00,19.17,72.83,6.08
2024-07-01T23:00:00,19.17,72.85,8.85
2024-07-01T23:00:00,19.17,72.87,4.1
2024-07-01T23:00:00,19.17,72.89,18.01
2024-07-01T23:00:00,19.17,72.91,17.08
2024-07-01T23:00:00,19.17,72.93,8.17
2024-07-01T23:00:00,19.17,72.95,29.3
2024-07-01T23:00:00,19.17,72.97,4.9
2024-07-01T23:00:00,19.17,72.99,8.34
2024-07-01T23:00:00,19.19,72.77,21.72
2024-07-01T23:00:00,19.19,72.79,6.81
2024-07-01T23:00:00,19.19,72.81,14.71
2024-07-01T23:00:00,19.19,72.83,10.43
2024-07-01T23:00:00,19.19,72.85,21.49
2024-07-01T23:00:00,19.19,72.87,4.92
2024-07-01T23:00:00,19.19,72.89,1.9
2024-07-01T23:00:00,19.19,72.91,5.62
2024-07-01T23:00:00,19.19,72.93,30.14
2024-07-01T23:00:00,19.19,72.95,28.14
2024-07-01T23:00:00,19.19,72.97,7.08
2024-07-01T23:00:00,19.19,72.99,14.67
2024-07-01T23:00:00,19.21,72.77,20.13
2024-07-01T23:00:00,19.21,72.79,5.19
2024-07-01T23:00:00,19.21,72.81,10.96
2024-07-01T23:00:00,19.21,72.83,15.46
2024-07-01T23:00:00,19.21,72.85,1.52
2024-07-01T23:00:00,19.21,72.87,18.81
2024-07-01T23:00:00,19.21,72.89,23.92
2024-07-01T23:00:00,19.21,72.91,19.46
2024-07-01T23:00:00,19.21,72.93,26.83
2024-07-01T23:00:00,19.21,72.95,21.78
2024-07-01T23:00:00,19.21,72.97,28.69
2024-07-01T23:00:00,19.21,72.99,1.96
2024-07-01T23:00:00,19.23,72.77,14.47
2024-07-01T23:00:00,19.23,72.79,7.87
2024-07-01T23:00:00,19.23,72.81,2.45
2024-07-01T23:00:00,19.23,72.83,16.2
2024-07-01T23:00:00,19.23,72.85,33.56
2024-07-01T23:00:00,19.23,72.87,10.51
2024-07-01T23:00:00,19.23,72.89,21.49
2024-07-01T23:00:00,19.23,72.91,38.05
2024-07-01T23:00:00,19.23,72.93,13.19
2024-07-01T23:00:00,19.23,72.95,32.79
2024-07-01T23:00:00,19.23,72.97,30.14
2024-07-01T23:00:00,19.23,72.99,19.23
2024-07-01T23:00:00,19.25,72.77,6.47
2024-07-01T23:00:00,19.25,72.79,2.38
2024-07-01T23:00:00,19.25,72.81,10.19
2024-07-01T23:00:00,19.25,72.83,12.57
2024-07-01T23:00:00,19.25,72.85,14.37
2024-07-01T23:00:00,19.25,72.87,26.34
2024-07-01T23:00:00,19.25,72.89,8.87
2024-07-01T23:00:00,19.25,72.91,25.7
2024-07-01T23:00:00,19.25,72.93,46.81
2024-07-01T23:00:00,19.25,72.95,13.83
2024-07-01T23:00:00,19.25,72.97,18.13
2024-07-01T23:00:00,19.25,72.99,42.78
2024-07-02T00:00:00,18.87,72.77,33.98
2024-07-02T00:00:00,18.87,72.79,10.48
2024-07-02T00:00:00,18.87,72.81,57.17
2024-07-02T00:00:00,18.87,72.83,20.79
2024-07-02T00:00:00,18.87,72.85,10.62
2024-07-02T00:00:00,18.87,72.87,3.49
2024-07-02T00:00:00,18.87,72.89,9.04
2024-07-02T00:00:00,18.87,72.91,18.34
2024-07-02T00:00:00,18.87,72.93,6.7
2024-07-02T00:00:00,18.87,72.95,7.56
2024-07-02T00:00:00,18.87,72.97,37.61
2024-07-02T00:00:00,18.87,72.99,17.91
2024-07-02T00:00:00,18.89,72.77,4.78
2024-07-02T00:00:00,18.89,72.79,31.08
2024-07-02T00:00:00,18.89,72.81,2.34
2024-07-02T00:00:00,18.89,72.83,20.13
2024-07-02T00:00:00,18.89,72.85,17.82
2024-07-02T00:00:00,18.89,72.87,69.67
2024-07-02T00:00:00,18.89,72.89,33.95
2024-07-02T00:00:00,18.89,72.91,15.97
2024-07-02T00:00:00,18.89,72.93,29.21
2024-07-02T00:00:00,18.89,72.95,2.23
2024-07-02T00:00:00,18.89,72.97,15.67
2024-07-02T00:00:00,18.89,72.99,8.94
2024-07-02T00:00:00,18.91,72.77,21.64
2024-07-02T00:00:00,18.91,72.79,2.3
2024-07-02T00:00:00,18.91,72.81,29.57
2024-07-02T00:00:00,18.91,72.83,25.1
2024-07-02T00:00:00,18.91,72.85,36.38
2024-07-02T00:00:00,18.91,72.87,12.01
2024-07-02T00:00:00,18.91,72.89,27.47
2024-07-02T00:00:00,18.91,72.91,53.51
2024-07-02T00:00:00,18.91,72.93,12.73
2024-07-02T00:00:00,18.91,72.95,4.45
2024-07-02T00:00:00,18.91,72.97,24.42
2024-07-02T00:00:00,18.91,72.99,11.27
2024-07-02T00:00:00,18.93,72.77,7.83
2024-07-02T00:00:00,18.93,72.79,9.04
2024-07-02T00:00:00,18.93,72.81,4.46
2024-07-02T00:00:00,18.93,72.83,7.18
2024-07-02T00:00:00,18.93,72.85,23.16
2024-07-02T00:00:00,18.93,72.87,23.22
2024-07-02T00:00:00,18.93,72.89,8.65
2024-07-02T00:00:00,18.93,72.91,64.53
2024-07-02T00:00:00,18.93,72.93,17.4
2024-07-02T00:00:00,18.93,72.95,19.92
2024-07-02T00:00:00,18.93,72.97,22.71
2024-07-02T00:00:00,18.93,72.99,8.34
2024-07-02T00:00:00,18.95,72.77,37.15
2024-07-02T00:00:00,18.95,72.79,4.0
2024-07-02T00:00:00,18.95,72.81,6.62
2024-07-02T00:00:00,18.95,72.83,9.88
2024-07-02T00:00:00,18.95,72.85,20.62
2024-07-02T00:00:00,18.95,72.87,5.16
2024-07-02T00:00:00,18.95,72.89,5.52
2024-07-02T00:00:00,18.95,72.91,42.68
2024-07-02T00:00:00,18.95,72.93,38.29
2024-07-02T00:00:00,18.95,72.95,4.57
2024-07-02T00:00:00,18.95,72.97,7.83
2024-07-02T00:00:00,18.95,72.99,14.64
2024-07-02T00:00:00,18.97,72.77,30.02
2024-07-02T00:00:00,18.97,72.79,13.17
2024-07-02T00:00:00,18.97,72.81,11.52
2024-07-02T00:00:00,18.97,72.83,39.33
2024-07-02T00:00:00,18.97,72.85,9.58
2024-07-02T00:00:00,18.97,72.87,13.46
2024-07-02T00:00:00,18.97,72.89,23.76
2024-07-02T00:00:00,18.97,72.91,24.0
2024-07-02T00:00:00,18.97,72.93,21.83
2024-07-02T00:00:00,18.97,72.95,20.55
2024-07-02T00:00:00,18.97,72.97,18.36
2024-07-02T00:00:00,18.97,72.99,12.66
2024-07-02T00:00:00,18.99,72.77,37.1
2024-07-02T00:00:00,18.99,72.79,28.95
2024-07-02T00:00:00,18.99,72.81,11.25
2024-07-02T00:00:00,18.99,72.83,14.41
2024-07-02T00:00:00,18.99,72.85,5.73
2024-07-02T00:00:00,18.99,72.87,11.63
2024-07-02T00:00:00,18.99,72.89,6.17
2024-07-02T00:00:00,18.99,72.91,31.47
2024-07-02T00:00:00,18.99,72.93,72.27
2024-07-02T00:00:00,18.99,72.95,5.39
2024-07-02T00:00:00,18.99,72.97,13.49
2024-07-02T00:00:00,18.99,72.99,11.65
2024-07-02T00:00:00,19.01,72.77,2.07
2024-07-02T00:00:00,19.01,72.79,10.8
2024-07-02T00:00:00,19.01,72.81,58.84
2024-07-02T00:00:00,19.01,72.83,20.11
2024-07-02T00:00:00,19.01,72.85,15.41
2024-07-02T00:00:00,19.01,72.87,6.4
2024-07-02T00:00:00,19.01,72.89,29.14
2024-07-02T00:00:00,19.01,72.91,10.77
2024-07-02T00:00:00,19.01,72.93,8.63
2024-07-02T00:00:00,19.01,72.95,25.61
2024-07-02T00:00:00,19.01,72.97,13.58
2024-07-02T00:00:00,19.01,72.99,6.55
2024-07-02T00:00:00,19.03,72.77,33.79
2024-07-02T00:00:00,19.03,72.79,20.76
2024-07-02T00:00:00,19.03,72.81,32.01
2024-07-02T00:00:00,19.03,72.83,16.35
2024-07-02T00:00:00,19.03,72.85,82.79
2024-07-02T00:00:00,19.03,72.87,3.45
2024-07-02T00:00:00,19.03,72.89,73.2
2024-07-02T00:00:00,19.03,72.91,10.01
2024-07-02T00:00:00,19.03,72.93,3.44
2024-07-02T00:00:00,19.03,72.95,18.42
2024-07-02T00:00:00,19.03,72.97,33.85
2024-07-02T00:00:00,19.03,72.99,20.66
2024-07-02T00:00:00,19.05,72.77,3.27
2024-07-02T00:00:00,19.05,72.79,3.6
2024-07-02T00:00:00,19.05,72.81,4.34
2024-07-02T00:00:00,19.05,72.83,10.14
2024-07-02T00:00:00,19.05,72.85,4.82
2024-07-02T00:00:00,19.05,72.87,13.64
2024-07-02T00:00:00,19.05,72.89,2.25
2024-07-02T00:00:00,19.05,72.91,13.77
2024-07-02T00:00:00,19.05,72.93,20.85
2024-07-02T00:00:00,19.05,72.95,34.34
2024-07-02T00:00:00,19.05,72.97,17.89
2024-07-02T00:00:00,19.05,72.99,38.27
2024-07-02T00:00:00,19.07,72.77,22.69
2024-07-02T00:00:00,19.07,72.79,6.08
2024-07-02T00:00:00,19.07,72.81,13.55
2024-07-02T00:00:00,19.07,72.83,9.7
2024-07-02T00:00:00,19.07,72.85,18.15
2024-07-02T00:00:00,19.07,72.87,1.62
2024-07-02T00:00:00,19.07,72.89,39.23
2024-07-02T00:00:00,19.07,72.91,25.79
2024-07-02T00:00:00,19.07,72.93,15.59
2024-07-02T00:00:00,19.07,72.95,72.11
2024-07-02T00:00:00,19.07,72.97,49.1
2024-07-02T00:00:00,19.07,72.99,22.47
2024-07-02T00:00:00,19.09,72.77,19.7
2024-07-02T00:00:00,19.09,72.79,15.13
2024-07-02T00:00:00,19.09,72.81,13.79
2024-07-02T00:00:00,19.09,72.83,9.42
2024-07-02T00:00:00,19.09,72.85,9.23
2024-07-02T00:00:00,19.09,72.87,15.84
2024-07-02T00:00:00,19.09,72.89,34.54
2024-07-02T00:00:00,19.09,72.91,15.04
2024-07-02T00:00:00,19.09,72.93,4.2
2024-07-02T00:00:00,19.09,72.95,12.03
2024-07-02T00:00:00,19.09,72.97,6.28
2024-07-02T00:00:00,19.09,72.99,42.34
2024-07-02T00:00:00,19.11,72.77,2.05
2024-07-02T00:00:00,19.11,72.79,18.88
2024-07-02T00:00:00,19.11,72.81,6.8
2024-07-02T00:00:00,19.11,72.83,14.26
2024-07-02T00:00:00,19.11,72.85,17.15
2024-07-02T00:00:00,19.11,72.87,30.85
2024-07-02T00:00:00,19.11,72.89,11.45
2024-07-02T00:00:00,19.11,72.91,15.66
2024-07-02T00:00:00,19.11,72.93,37.9
2024-07-02T00:00:00,19.11,72.95,37.16
2024-07-02T00:00:00,19.11,72.97,59.66
2024-07-02T00:00:00,19.11,72.99,6.6
2024-07-02T00:00:00,19.13,72.77,76.41
2024-07-02T00:00:00,19.13,72.79,14.38
2024-07-02T00:00:00,19.13,72.81,50.04
2024-07-02T00:00:00,19.13,72.83,31.48
2024-07-02T00:00:00,19.13,72.85,11.46
2024-07-02T00:00:00,19.13,72.87,57.62
2024-07-02T00:00:00,19.13,72.89,41.99
2024-07-02T00:00:00,19.13,72.91,5.02
2024-07-02T00:00:00,19.13,72.93,11.25
2024-07-02T00:00:00,19.13,72.95,25.06
2024-07-02T00:00:00,19.13,72.97,3.98
2024-07-02T00:00:00,19.13,72.99,13.77
2024-07-02T00:00:00,19.15,72.77,40.67
2024-07-02T00:00:00,19.15,72.79,17.13
2024-07-02T00:00:00,19.15,72.81,21.33
2024-07-02T00:00:00,19.15,72.83,35.22
2024-07-02T00:00:00,19.15,72.85,23.71
2024-07-02T00:00:00,19.15,72.87,15.28
2024-07-02T00:00:00,19.15,72.89,44.77
2024-07-02T00:00:00,19.15,72.91,17.46
2024-07-02T00:00:00,19.15,72.93,15.74
2024-07-02T00:00:00,19.15,72.95,41.75
2024-07-02T00:00:00,19.15,72.97,21.63
2024-07-02T00:00:00,19.15,72.99,5.83
2024-07-02T00:00:00,19.17,72.77,8.39
2024-07-02T00:00:00,19.17,72.79,10.24
2024-07-02T00:00:00,19.17,72.81,37.42
2024-07-02T00:00:00,19.17,72.83,33.7
2024-07-02T00:00:00,19.17,72.85,19.92
2024-07-02T00:00:00,19.17,72.87,7.38
2024-07-02T00:00:00,19.17,72.89,12.35
2024-07-02T00:00:00,19.17,72.91,40.38
2024-07-02T00:00:00,19.17,72.93,14.07
2024-07-02T00:00:00,19.17,72.95,13.38
2024-07-02T00:00:00,19.17,72.97,8.93
2024-07-02T00:00:00,19.17,72.99,31.66
2024-07-02T00:00:00,19.19,72.77,9.91
2024-07-02T00:00:00,19.19,72.79,32.32
2024-07-02T00:00:00,19.19,72.81,12.22
2024-07-02T00:00:00,19.19,72.83,26.5
2024-07-02T00:00:00,19.19,72.85,21.39
2024-07-02T00:00:00,19.19,72.87,16.1
2024-07-02T00:00:00,19.19,72.89,12.7
2024-07-02T00:00:00,19.19,72.91,21.56
2024-07-02T00:00:00,19.19,72.93,19.46
2024-07-02T00:00:00,19.19,72.95,9.47
2024-07-02T00:00:00,19.19,72.97,34.69
2024-07-02T00:00:00,19.19,72.99,29.13
2024-07-02T00:00:00,19.21,72.77,8.66
2024-07-02T00:00:00,19.21,72.79,9.32
2024-07-02T00:00:00,19.21,72.81,2.81
2024-07-02T00:00:00,19.21,72.83,31.89
2024-07-02T00:00:00,19.21,72.85,13.79
2024-07-02T00:00:00,19.21,72.87,17.07
2024-07-02T00:00:00,19.21,72.89,7.91
2024-07-02T00:00:00,19.21,72.91,16.38
2024-07-02T00:00:00,19.21,72.93,20.29
2024-07-02T00:00:00,19.21,72.95,4.6
2024-07-02T00:00:00,19.21,72.97,19.3
2024-07-02T00:00:00,19.21,72.99,18.28
2024-07-02T00:00:00,19.23,72.77,50.39
2024-07-02T00:00:00,19.23,72.79,24.76
2024-07-02T00:00:00,19.23,72.81,7.9
2024-07-02T00:00:00,19.23,72.83,8.3
2024-07-02T00:00:00,19.23,72.85,20.72
2024-07-02T00:00:00,19.23,72.87,13.13
2024-07-02T00:00:00,19.23,72.89,28.1
2024-07-02T00:00:00,19.23,72.91,4.57
2024-07-02T00:00:00,19.23,72.93,29.38
2024-07-02T00:00:00,19.23,72.95,18.21
2024-07-02T00:00:00,19.23,72.97,40.45
2024-07-02T00:00:00,19.23,72.99,14.08
2024-07-02T00:00:00,19.25,72.77,8.74
2024-07-02T00:00:00,19.25,72.79,7.7
2024-07-02T00:00:00,19.25,72.81,24.03
2024-07-02T00:00:00,19.25,72.83,5.94
2024-07-02T00:00:00,19.25,72.85,67.6
2024-07-02T00:00:00,19.25,72.87,15.24
2024-07-02T00:00:00,19.25,72.89,46.72
2024-07-02T00:00:00,19.25,72.91,3.31
2024-07-02T00:00:00,19.25,72.93,0.94
2024-07-02T00:00:00,19.25,72.95,8.54
2024-07-02T00:00:00,19.25,72.97,21.14
2024-07-02T00:00:00,19.25,72.99,16.87
2024-07-02T01:00:00,18.87,72.77,12.02
2024-07-02T01:00:00,18.87,72.79,25.46
2024-07-02T01:00:00,18.87,72.81,15.17
2024-07-02T01:00:00,18.87,72.83,6.08
2024-07-02T01:00:00,18.87,72.85,53.54
2024-07-02T01:00:00,18.87,72.87,0.88
2024-07-02T01:00:00,18.87,72.89,20.31
2024-07-02T01:00:00,18.87,72.91,17.07
2024-07-02T01:00:00,18.87,72.93,17.08
2024-07-02T01:00:00,18.87,72.95,32.94
2024-07-02T01:00:00,18.87,72.97,6.06
2024-07-02T01:00:00,18.87,72.99,5.68
2024-07-02T01:00:00,18.89,72.77,41.13
2024-07-02T01:00:00,18.89,72.79,29.7
2024-07-02T01:00:00,18.89,72.81,49.33
2024-07-02T01:00:00,18.89,72.83,15.34
2024-07-02T01:00:00,18.89,72.85,14.56
2024-07-02T01:00:00,18.89,72.87,33.15
2024-07-02T01:00:00,18.89,72.89,40.4
2024-07-02T01:00:00,18.89,72.91,5.6
2024-07-02T01:00:00,18.89,72.93,59.3
2024-07-02T01:00:00,18.89,72.95,10.91
2024-07-02T01:00:00,18.89,72.97,18.74
2024-07-02T01:00:00,18.89,72.99,23.58
2024-07-02T01:00:00,18.91,72.77,41.84
2024-07-02T01:00:00,18.91,72.79,32.81
2024-07-02T01:00:00,18.91,72.81,20.0
2024-07-02T01:00:00,18.91,72.83,30.74
2024-07-02T01:00:00,18.91,72.85,13.24
2024-07-02T01:00:00,18.91,72.87,10.93
2024-07-02T01:00:00,18.91,72.89,17.63
2024-07-02T01:00:00,18.91,72.91,38.17
2024-07-02T01:00:00,18.91,72.93,24.35
2024-07-02T01:00:00,18.91,72.95,11.14
2024-07-02T01:00:00,18.91,72.97,14.85
2024-07-02T01:00:00,18.91,72.99,30.73
2024-07-02T01:00:00,18.93,72.77,24.6
2024-07-02T01:00:00,18.93,72.79,21.69
2024-07-02T01:00:00,18.93,72.81,21.41
2024-07-02T01:00:00,18.93,72.83,6.48
2024-07-02T01:00:00,18.93,72.85,2.9
2024-07-02T01:00:00,18.93,72.87,37.14
2024-07-02T01:00:00,18.93,72.89,17.53
2024-07-02T01:00:00,18.93,72.91,19.35
2024-07-02T01:00:00,18.93,72.93,11.65
2024-07-02T01:00:00,18.93,72.95,42.6
2024-07-02T01:00:00,18.93,72.97,10.45
2024-07-02T01:00:00,18.93,72.99,12.47
2024-07-02T01:00:00,18.95,72.77,42.15
2024-07-02T01:00:00,18.95,72.79,13.18
2024-07-02T01:00:00,18.95,72.81,22.09
2024-07-02T01:00:00,18.95,72.83,5.28
2024-07-02T01:00:00,18.95,72.85,8.32
2024-07-02T01:00:00,18.95,72.87,4.26
2024-07-02T01:00:00,18.95,72.89,18.19
2024-07-02T01:00:00,18.95,72.91,18.71
2024-07-02T01:00:00,18.95,72.93,19.19
2024-07-02T01:00:00,18.95,72.95,13.23
2024-07-02T01:00:00,18.95,72.97,13.58
2024-07-02T01:00:00,18.95,72.99,9.03
2024-07-02T01:00:00,18.97,72.77,14.81
2024-07-02T01:00:00,18.97,72.79,5.9
2024-07-02T01:00:00,18.97,72.81,24.66
2024-07-02T01:00:00,18.97,72.83,32.0
2024-07-02T01:00:00,18.97,72.85,15.73
2024-07-02T01:00:00,18.97,72.87,15.0
2024-07-02T01:00:00,18.97,72.89,18.24
2024-07-02T01:00:00,18.97,72.91,43.39
2024-07-02T01:00:00,18.97,72.93,15.39
2024-07-02T01:00:00,18.97,72.95,16.15
2024-07-02T01:00:00,18.97,72.97,71.97
2024-07-02T01:00:00,18.97,72.99,13.06
2024-07-02T01:00:00,18.99,72.77,25.76
2024-07-02T01:00:00,18.99,72.79,24.19
2024-07-02T01:00:00,18.99,72.81,14.17
2024-07-02T01:00:00,18.99,72.83,24.67
2024-07-02T01:00:00,18.99,72.85,4.67
2024-07-02T01:00:00,18.99,72.87,14.97
2024-07-02T01:00:00,18.99,72.89,7.77
2024-07-02T01:00:00,18.99,72.91,22.88
2024-07-02T01:00:00,18.99,72.93,3.6
2024-07-02T01:00:00,18.99,72.95,25.5
2024-07-02T01:00:00,18.99,72.97,0.7
2024-07-02T01:00:00,18.99,72.99,20.39
2024-07-02T01:00:00,19.01,72.77,7.83
2024-07-02T01:00:00,19.01,72.79,11.68
2024-07-02T01:00:00,19.01,72.81,15.55
2024-07-02T01:00:00,19.01,72.83,49.97
2024-07-02T01:00:00,19.01,72.85,6.89
2024-07-02T01:00:00,19.01,72.87,16.87
2024-07-02T01:00:00,19.01,72.89,38.05
2024-07-02T01:00:00,19.01,72.91,16.72
2024-07-02T01:00:00,19.01,72.93,23.79
2024-07-02T01:00:00,19.01,72.95,32.59
2024-07-02T01:00:00,19.01,72.97,9.34
2024-07-02T01:00:00,19.01,72.99,10.15
2024-07-02T01:00:00,19.03,72.77,7.62
2024-07-02T01:00:00,19.03,72.79,43.71
2024-07-02T01:00:00,19.03,72.81,56.72
2024-07-02T01:00:00,19.03,72.83,5.23
2024-07-02T01:00:00,19.03,72.85,21.54
2024-07-02T01:00:00,19.03,72.87,10.38
2024-07-02T01:00:00,19.03,72.89,10.66
2024-07-02T01:00:00,19.03,72.91,25.21
2024-07-02T01:00:00,19.03,72.93,16.88
2024-07-02T01:00:00,19.03,72.95,22.72
2024-07-02T01:00:00,19.03,72.97,46.77
2024-07-02T01:00:00,19.03,72.99,19.51
2024-07-02T01:00:00,19.05,72.77,31.07
2024-07-02T01:00:00,19.05,72.79,38.33
2024-07-02T01:00:00,19.05,72.81,10.29
2024-07-02T01:00:00,19.05,72.83,30.31
2024-07-02T01:00:00,19.05,72.85,10.93
2024-07-02T01:00:00,19.05,72.87,5.5
2024-07-02T01:00:00,19.05,72.89,22.68
2024-07-02T01:00:00,19.05,72.91,5.85
2024-07-02T01:00:00,19.05,72.93,16.96
2024-07-02T01:00:00,19.05,72.95,13.88
2024-07-02T01:00:00,19.05,72.97,38.97
2024-07-02T01:00:00,19.05,72.99,5.44
2024-07-02T01:00:00,19.07,72.77,25.21
2024-07-02T01:00:00,19.07,72.79,9.68
2024-07-02T01:00:00,19.07,72.81,4.17
2024-07-02T01:00:00,19.07,72.83,2.21
2024-07-02T01:00:00,19.07,72.85,6.45
2024-07-02T01:00:00,19.07,72.87,6.04
2024-07-02T01:00:00,19.07,72.89,2.16
2024-07-02T01:00:00,19.07,72.91,30.23
2024-07-02T01:00:00,19.07,72.93,35.15
2024-07-02T01:00:00,19.07,72.95,8.46
2024-07-02T01:00:00,19.07,72.97,10.98
2024-07-02T01:00:00,19.07,72.99,12.71
2024-07-02T01:00:00,19.09,72.77,39.53
2024-07-02T01:00:00,19.09,72.79,38.81
2024-07-02T01:00:00,19.09,72.81,23.37
2024-07-02T01:00:00,19.09,72.83,22.17
2024-07-02T01:00:00,19.09,72.85,11.51
2024-07-02T01:00:00,19.09,72.87,2.14
2024-07-02T01:00:00,19.09,72.89,13.46
2024-07-02T01:00:00,19.09,72.91,37.38
2024-07-02T01:00:00,19.09,72.93,9.32
2024-07-02T01:00:00,19.09,72.95,11.8
2024-07-02T01:00:00,19.09,72.97,26.92
2024-07-02T01:00:00,19.09,72.99,11.05
2024-07-02T01:00:00,19.11,72.77,16.33
2024-07-02T01:00:00,19.11,72.79,33.55
2024-07-02T01:00:00,19.11,72.81,2.27
2024-07-02T01:00:00,19.11,72.83,6.19
2024-07-02T01:00:00,19.11,72.85,57.2
2024-07-02T01:00:00,19.11,72.87,29.95
2024-07-02T01:00:00,19.11,72.89,32.03
2024-07-02T01:00:00,19.11,72.91,20.31
2024-07-02T01:00:00,19.11,72.93,21.79
2024-07-02T01:00:00,19.11,72.95,9.42
2024-07-02T01:00:00,19.11,72.97,12.45
2024-07-02T01:00:00,19.11,72.99,29.94
2024-07-02T01:00:00,19.13,72.77,13.4
2024-07-02T01:00:00,19.13,72.79,11.05
2024-07-02T01:00:00,19.13,72.81,18.16
2024-07-02T01:00:00,19.13,72.83,22.41
2024-07-02T01:00:00,19.13,72.85,41.69
2024-07-02T01:00:00,19.13,72.87,90.33
2024-07-02T01:00:00,19.13,72.89,7.29
2024-07-02T01:00:00,19.13,72.91,26.41
2024-07-02T01:00:00,19.13,72.93,17.17
2024-07-02T01:00:00,19.13,72.95,2.55
2024-07-02T01:00:00,19.13,72.97,42.61
2024-07-02T01:00:00,19.13,72.99,11.17
2024-07-02T01:00:00,19.15,72.77,13.68
2024-07-02T01:00:00,19.15,72.79,52.26
2024-07-02T01:00:00,19.15,72.81,17.72
2024-07-02T01:00:00,19.15,72.83,39.85
2024-07-02T01:00:00,19.15,72.85,14.53
2024-07-02T01:00:00,19.15,72.87,24.86
2024-07-02T01:00:00,19.15,72.89,15.2
2024-07-02T01:00:00,19.15,72.91,8.22
2024-07-02T01:00:00,19.15,72.93,23.9
2024-07-02T01:00:00,19.15,72.95,27.4
2024-07-02T01:00:00,19.15,72.97,15.68
2024-07-02T01:00:00,19.15,72.99,1.93
2024-07-02T01:00:00,19.17,72.77,7.01
2024-07-02T01:00:00,19.17,72.79,12.42
2024-07-02T01:00:00,19.17,72.81,48.06
2024-07-02T01:00:00,19.17,72.83,17.4
2024-07-02T01:00:00,19.17,72.85,44.98
2024-07-02T01:00:00,19.17,72.87,34.79
2024-07-02T01:00:00,19.17,72.89,11.59
2024-07-02T01:00:00,19.17,72.91,19.21
2024-07-02T01:00:00,19.17,72.93,28.39
2024-07-02T01:00:00,19.17,72.95,8.29
2024-07-02T01:00:00,19.17,72.97,25.99
2024-07-02T01:00:00,19.17,72.99,23.47
2024-07-02T01:00:00,19.19,72.77,9.83
2024-07-02T01:00:00,19.19,72.79,27.29
2024-07-02T01:00:00,19.19,72.81,17.22
2024-07-02T01:00:00,19.19,72.83,5.11
2024-07-02T01:00:00,19.19,72.85,11.42
2024-07-02T01:00:00,19.19,72.87,10.81
2024-07-02T01:00:00,19.19,72.89,48.7
2024-07-02T01:00:00,19.19,72.91,5.93
2024-07-02T01:00:00,19.19,72.93,9.3
2024-07-02T01:00:00,19.19,72.95,21.14
2024-07-02T01:00:00,19.19,72.97,16.32
2024-07-02T01:00:00,19.19,72.99,13.19
2024-07-02T01:00:00,19.21,72.77,16.71
2024-07-02T01:00:00,19.21,72.79,36.78
2024-07-02T01:00:00,19.21,72.81,9.42
2024-07-02T01:00:00,19.21,72.83,6.96
2024-07-02T01:00:00,19.21,72.85,2.12
2024-07-02T01:00:00,19.21,72.87,11.65
2024-07-02T01:00:00,19.21,72.89,5.03
2024-07-02T01:00:00,19.21,72.91,12.82
2024-07-02T01:00:00,19.21,72.93,2.78
2024-07-02T01:00:00,19.21,72.95,12.21
2024-07-02T01:00:00,19.21,72.97,19.6
2024-07-02T01:00:00,19.21,72.99,14.9
2024-07-02T01:00:00,19.23,72.77,30.96
2024-07-02T01:00:00,19.23,72.79,41.29
2024-07-02T01:00:00,19.23,72.81,22.89
2024-07-02T01:00:00,19.23,72.83,17.84
2024-07-02T01:00:00,19.23,72.85,23.96
2024-07-02T01:00:00,19.23,72.87,21.71
2024-07-02T01:00:00,19.23,72.89,29.73
2024-07-02T01:00:00,19.23,72.91,17.08
2024-07-02T01:00:00,19.23,72.93,5.28
2024-07-02T01:00:00,19.23,72.95,33.07
2024-07-02T01:00:00,19.23,72.97,2.89
2024-07-02T01:00:00,19.23,72.99,25.61
2024-07-02T01:00:00,19.25,72.77,26.49
2024-07-02T01:00:00,19.25,72.79,26.14
2024-07-02T01:00:00,19.25,72.81,19.71
2024-07-02T01:00:00,19.25,72.83,10.06
2024-07-02T01:00:00,19.25,72.85,16.19
2024-07-02T01:00:00,19.25,72.87,39.36
2024-07-02T01:00:00,19.25,72.89,23.47
2024-07-02T01:00:00,19.25,72.91,23.17
2024-07-02T01:00:00,19.25,72.93,37.62
2024-07-02T01:00:00,19.25,72.95,39.93
2024-07-02T01:00:00,19.25,72.97,26.83
2024-07-02T01:00:00,19.25,72.99,53.63
2024-07-02T02:00:00,18.87,72.77,26.85
2024-07-02T02:00:00,18.87,72.79,32.08
2024-07-02T02:00:00,18.87,72.81,35.97
2024-07-02T02:00:00,18.87,72.83,42.94
2024-07-02T02:00:00,18.87,72.85,7.9
2024-07-02T02:00:00,18.87,72.87,5.06
2024-07-02T02:00:00,18.87,72.89,5.72
2024-07-02T02:00:00,18.87,72.91,10.96
2024-07-02T02:00:00,18.87,72.93,32.0
2024-07-02T02:00:00,18.87,72.95,12.87
2024-07-02T02:00:00,18.87,72.97,14.11
2024-07-02T02:00:00,18.87,72.99,4.54
2024-07-02T02:00:00,18.89,72.77,6.49
2024-07-02T02:00:00,18.89,72.79,12.41
2024-07-02T02:00:00,18.89,72.81,9.7
2024-07-02T02:00:00,18.89,72.83,30.75
2024-07-02T02:00:00,18.89,72.85,5.17
2024-07-02T02:00:00,18.89,72.87,6.26
2024-07-02T02:00:00,18.89,72.89,20.68
2024-07-02T02:00:00,18.89,72.91,13.49
2024-07-02T02:00:00,18.89,72.93,12.37
2024-07-02T02:00:00,18.89,72.95,31.17
2024-07-02T02:00:00,18.89,72.97,12.24
2024-07-02T02:00:00,18.89,72.99,15.49
2024-07-02T02:00:00,18.91,72.77,12.92
2024-07-02T02:00:00,18.91,72.79,17.34
2024-07-02T02:00:00,18.91,72.81,32.37
2024-07-02T02:00:00,18.91,72.83,12.99
2024-07-02T02:00:00,18.91,72.85,19.84
2024-07-02T02:00:00,18.91,72.87,12.5
2024-07-02T02:00:00,18.91,72.89,1.88
2024-07-02T02:00:00,18.91,72.91,8.8
2024-07-02T02:00:00,18.91,72.93,10.31
2024-07-02T02:00:00,18.91,72.95,15.87
2024-07-02T02:00:00,18.91,72.97,23.43
2024-07-02T02:00:00,18.91,72.99,12.97
2024-07-02T02:00:00,18.93,72.77,14.0
2024-07-02T02:00:00,18.93,72.79,22.78
2024-07-02T02:00:00,18.93,72.81,17.93
2024-07-02T02:00:00,18.93,72.83,5.26
2024-07-02T02:00:00,18.93,72.85,44.12
2024-07-02T02:00:00,18.93,72.87,12.89
2024-07-02T02:00:00,18.93,72.89,16.22
2024-07-02T02:00:00,18.93,72.91,3.85
2024-07-02T02:00:00,18.93,72.93,33.05
2024-07-02T02:00:00,18.93,72.95,10.65
2024-07-02T02:00:00,18.93,72.97,41.96
2024-07-02T02:00:00,18.93,72.99,14.29
2024-07-02T02:00:00,18.95,72.77,28.43
2024-07-02T02:00:00,18.95,72.79,13.84
2024-07-02T02:00:00,18.95,72.81,5.82
2024-07-02T02:00:00,18.95,72.83,23.45
2024-07-02T02:00:00,18.95,72.85,22.68
2024-07-02T02:00:00,18.95,72.87,1.42
2024-07-02T02:00:00,18.95,72.89,4.76
2024-07-02T02:00:00,18.95,72.91,33.18
2024-07-02T02:00:00,18.95,72.93,10.89
2024-07-02T02:00:00,18.95,72.95,24.84
2024-07-02T02:00:00,18.95,72.97,55.36
2024-07-02T02:00:00,18.95,72.99,20.72
2024-07-02T02:00:00,18.97,72.77,18.61
2024-07-02T02:00:00,18.97,72.79,10.14
2024-07-02T02:00:00,18.97,72.81,22.16
2024-07-02T02:00:00,18.97,72.83,23.37
2024-07-02T02:00:00,18.97,72.85,17.95
2024-07-02T02:00:00,18.97,72.87,27.66
2024-07-02T02:00:00,18.97,72.89,5.76
2024-07-02T02:00:00,18.97,72.91,17.02
2024-07-02T02:00:00,18.97,72.93,15.25
2024-07-02T02:00:00,18.97,72.95,9.54
2024-07-02T02:00:00,18.97,72.97,19.85
2024-07-02T02:00:00,18.97,72.99,4.78
2024-07-02T02:00:00,18.99,72.77,9.91
2024-07-02T02:00:00,18.99,72.79,14.09
2024-07-02T02:00:00,18.99,72.81,15.38
2024-07-02T02:00:00,18.99,72.83,23.84
2024-07-02T02:00:00,18.99,72.85,25.01
2024-07-02T02:00:00,18.99,72.87,8.38
2024-07-02T02:00:00,18.99,72.89,44.9
2024-07-02T02:00:00,18.99,72.91,20.78
2024-07-02T02:00:00,18.99,72.93,51.82
2024-07-02T02:00:00,18.99,72.95,37.17
2024-07-02T02:00:00,18.99,72.97,9.59
2024-07-02T02:00:00,18.99,72.99,4.76
2024-07-02T02:00:00,19.01,72.77,4.74
2024-07-02T02:00:00,19.01,72.79,1.87
2024-07-02T02:00:00,19.01,72.81,21.19
2024-07-02T02:00:00,19.01,72.83,10.36
2024-07-02T02:00:00,19.01,72.85,26.09
2024-07-02T02:00:00,19.01,72.87,10.29
2024-07-02T02:00:00,19.01,72.89,8.1
2024-07-02T02:00:00,19.01,72.91,23.34
2024-07-02T02:00:00,19.01,72.93,60.51
2024-07-02T02:00:00,19.01,72.95,36.58
2024-07-02T02:00:00,19.01,72.97,22.4
2024-07-02T02:00:00,19.01,72.99,33.08
2024-07-02T02:00:00,19.03,72.77,26.28
2024-07-02T02:00:00,19.03,72.79,1.6
2024-07-02T02:00:00,19.03,72.81,30.26
2024-07-02T02:00:00,19.03,72.83,25.31
2024-07-02T02:00:00,19.03,72.85,32.79
2024-07-02T02:00:00,19.03,72.87,9.79
2024-07-02T02:00:00,19.03,72.89,34.67
2024-07-02T02:00:00,19.03,72.91,5.56
2024-07-02T02:00:00,19.03,72.93,17.42
2024-07-02T02:00:00,19.03,72.95,15.16
2024-07-02T02:00:00,19.03,72.97,0.74
2024-07-02T02:00:00,19.03,72.99,9.64
2024-07-02T02:00:00,19.05,72.77,27.42
2024-07-02T02:00:00,19.05,72.79,12.28
2024-07-02T02:00:00,19.05,72.81,46.68
2024-07-02T02:00:00,19.05,72.83,20.67
2024-07-02T02:00:00,19.05,72.85,13.82
2024-07-02T02:00:00,19.05,72.87,35.58
2024-07-02T02:00:00,19.05,72.89,11.59
2024-07-02T02:00:00,19.05,72.91,6.03
2024-07-02T02:00:00,19.05,72.93,23.65
2024-07-02T02:00:00,19.05,72.95,4.84
2024-07-02T02:00:00,19.05,72.97,10.17
2024-07-02T02:00:00,19.05,72.99,15.36
2024-07-02T02:00:00,19.07,72.77,15.38
2024-07-02T02:00:00,19.07,72.79,108.94
2024-07-02T02:00:00,19.07,72.81,24.88
2024-07-02T02:00:00,19.07,72.83,16.03
2024-07-02T02:00:00,19.07,72.85,10.28
2024-07-02T02:00:00,19.07,72.87,21.57
2024-07-02T02:00:00,19.07,72.89,35.8
2024-07-02T02:00:00,19.07,72.91,3.36
2024-07-02T02:00:00,19.07,72.93,19.88
2024-07-02T02:00:00,19.07,72.95,13.45
2024-07-02T02:00:00,19.07,72.97,26.34
2024-07-02T02:00:00,19.07,72.99,15.5
2024-07-02T02:00:00,19.09,72.77,27.14
2024-07-02T02:00:00,19.09,72.79,64.12
2024-07-02T02:00:00,19.09,72.81,32.08
2024-07-02T02:00:00,19.09,72.83,13.98
2024-07-02T02:00:00,19.09,72.85,7.32
2024-07-02T02:00:00,19.09,72.87,14.59
2024-07-02T02:00:00,19.09,72.89,7.09
2024-07-02T02:00:00,19.09,72.91,17.71
2024-07-02T02:00:00,19.09,72.93,17.42
2024-07-02T02:00:00,19.09,72.95,3.99
2024-07-02T02:00:00,19.09,72.97,16.46
2024-07-02T02:00:00,19.09,72.99,41.51
2024-07-02T02:00:00,19.11,72.77,20.29
2024-07-02T02:00:00,19.11,72.79,13.56
2024-07-02T02:00:00,19.11,72.81,30.35
2024-07-02T02:00:00,19.11,72.83,15.61
2024-07-02T02:00:00,19.11,72.85,16.17
2024-07-02T02:00:00,19.11,72.87,35.58
2024-07-02T02:00:00,19.11,72.89,7.53
2024-07-02T02:00:00,19.11,72.91,30.25
2024-07-02T02:00:00,19.11,72.93,3.85
2024-07-02T02:00:00,19.11,72.95,57.15
2024-07-02T02:00:00,19.11,72.97,7.18
2024-07-02T02:00:00,19.11,72.99,16.02
2024-07-02T02:00:00,19.13,72.77,47.81
2024-07-02T02:00:00,19.13,72.79,4.69
2024-07-02T02:00:00,19.13,72.81,11.95
2024-07-02T02:00:00,19.13,72.83,31.41
2024-07-02T02:00:00,19.13,72.85,2.8
2024-07-02T02:00:00,19.13,72.87,23.98
2024-07-02T02:00:00,19.13,72.89,21.02
2024-07-02T02:00:00,19.13,72.91,2.24
2024-07-02T02:00:00,19.13,72.93,1.82
2024-07-02T02:00:00,19.13,72.95,1.54
2024-07-02T02:00:00,19.13,72.97,18.85
2024-07-02T02:00:00,19.13,72.99,8.05
2024-07-02T02:00:00,19.15,72.77,4.35
2024-07-02T02:00:00,19.15,72.79,36.95
2024-07-02T02:00:00,19.15,72.81,47.29
2024-07-02T02:00:00,19.15,72.83,44.08
2024-07-02T02:00:00,19.15,72.85,18.41
2024-07-02T02:00:00,19.15,72.87,2.04
2024-07-02T02:00:00,19.15,72.89,3.53
2024-07-02T02:00:00,19.15,72.91,5.58
2024-07-02T02:00:00,19.15,72.93,8.9
2024-07-02T02:00:00,19.15,72.95,37.98
2024-07-02T02:00:00,19.15,72.97,19.94
2024-07-02T02:00:00,19.15,72.99,15.38
2024-07-02T02:00:00,19.17,72.77,21.46
2024-07-02T02:00:00,19.17,72.79,35.49
2024-07-02T02:00:00,19.17,72.81,32.92
2024-07-02T02:00:00,19.17,72.83,17.88
2024-07-02T02:00:00,19.17,72.85,37.35
2024-07-02T02:00:00,19.17,72.87,11.22
2024-07-02T02:00:00,19.17,72.89,28.55
2024-07-02T02:00:00,19.17,72.91,34.26
2024-07-02T02:00:00,19.17,72.93,29.74
2024-07-02T02:00:00,19.17,72.95,6.38
2024-07-02T02:00:00,19.17,72.97,12.78
2024-07-02T02:00:00,19.17,72.99,2.29
2024-07-02T02:00:00,19.19,72.77,5.56
2024-07-02T02:00:00,19.19,72.79,14.88
2024-07-02T02:00:00,19.19,72.81,19.14
2024-07-02T02:00:00,19.19,72.83,23.01
2024-07-02T02:00:00,19.19,72.85,4.85
2024-07-02T02:00:00,19.19,72.87,14.91
2024-07-02T02:00:00,19.19,72.89,32.01
2024-07-02T02:00:00,19.19,72.91,19.24
2024-07-02T02:00:00,19.19,72.93,23.32
2024-07-02T02:00:00,19.19,72.95,16.35
2024-07-02T02:00:00,19.19,72.97,7.98
2024-07-02T02:00:00,19.19,72.99,5.72
2024-07-02T02:00:00,19.21,72.77,16.18
2024-07-02T02:00:00,19.21,72.79,30.12
2024-07-02T02:00:00,19.21,72.81,8.2
2024-07-02T02:00:00,19.21,72.83,11.5
2024-07-02T02:00:00,19.21,72.85,17.35
2024-07-02T02:00:00,19.21,72.87,49.33
2024-07-02T02:00:00,19.21,72.89,20.69
2024-07-02T02:00:00,19.21,72.91,19.82
2024-07-02T02:00:00,19.21,72.93,11.67
2024-07-02T02:00:00,19.21,72.95,46.72
2024-07-02T02:00:00,19.21,72.97,16.43
2024-07-02T02:00:00,19.21,72.99,30.13
2024-07-02T02:00:00,19.23,72.77,7.37
2024-07-02T02:00:00,19.23,72.79,17.07
2024-07-02T02:00:00,19.23,72.81,97.18
2024-07-02T02:00:00,19.23,72.83,19.4
2024-07-02T02:00:00,19.23,72.85,12.31
2024-07-02T02:00:00,19.23,72.87,34.56
2024-07-02T02:00:00,19.23,72.89,12.76
2024-07-02T02:00:00,19.23,72.91,13.19
2024-07-02T02:00:00,19.23,72.93,2.67
2024-07-02T02:00:00,19.23,72.95,1.42
2024-07-02T02:00:00,19.23,72.97,20.63
2024-07-02T02:00:00,19.23,72.99,9.95
2024-07-02T02:00:00,19.25,72.77,29.83
2024-07-02T02:00:00,19.25,72.79,24.02
2024-07-02T02:00:00,19.25,72.81,19.22
2024-07-02T02:00:00,19.25,72.83,14.56
2024-07-02T02:00:00,19.25,72.85,8.27
2024-07-02T02:00:00,19.25,72.87,7.47
2024-07-02T02:00:00,19.25,72.89,3.94
2024-07-02T02:00:00,19.25,72.91,15.69
2024-07-02T02:00:00,19.25,72.93,46.42
2024-07-02T02:00:00,19.25,72.95,60.1
2024-07-02T02:00:00,19.25,72.97,7.1
2024-07-02T02:00:00,19.25,72.99,27.79
2024-07-02T03:00:00,18.87,72.77,45.24
2024-07-02T03:00:00,18.87,72.79,10.48
2024-07-02T03:00:00,18.87,72.81,29.1
2024-07-02T03:00:00,18.87,72.83,37.05
2024-07-02T03:00:00,18.87,72.85,3.91
2024-07-02T03:00:00,18.87,72.87,22.55
2024-07-02T03:00:00,18.87,72.89,6.09
2024-07-02T03:00:00,18.87,72.91,22.25
2024-07-02T03:00:00,18.87,72.93,15.19
2024-07-02T03:00:00,18.87,72.95,2.75
2024-07-02T03:00:00,18.87,72.97,7.98
2024-07-02T03:00:00,18.87,72.99,7.04
2024-07-02T03:00:00,18.89,72.77,39.46
2024-07-02T03:00:00,18.89,72.79,16.77
2024-07-02T03:00:00,18.89,72.81,7.85
2024-07-02T03:00:00,18.89,72.83,26.44
2024-07-02T03:00:00,18.89,72.85,13.09
2024-07-02T03:00:00,18.89,72.87,18.85
2024-07-02T03:00:00,18.89,72.89,13.79
2024-07-02T03:00:00,18.89,72.91,58.58
2024-07-02T03:00:00,18.89,72.93,17.59
2024-07-02T03:00:00,18.89,72.95,25.19
2024-07-02T03:00:00,18.89,72.97,31.05
2024-07-02T03:00:00,18.89,72.99,13.58
2024-07-02T03:00:00,18.91,72.77,45.92
2024-07-02T03:00:00,18.91,72.79,33.5
2024-07-02T03:00:00,18.91,72.81,1.9
2024-07-02T03:00:00,18.91,72.83,8.81
2024-07-02T03:00:00,18.91,72.85,15.73
2024-07-02T03:00:00,18.91,72.87,16.77
2024-07-02T03:00:00,18.91,72.89,9.39
2024-07-02T03:00:00,18.91,72.91,21.12
2024-07-02T03:00:00,18.91,72.93,11.74
2024-07-02T03:00:00,18.91,72.95,14.48
2024-07-02T03:00:00,18.91,72.97,10.96
2024-07-02T03:00:00,18.91,72.99,12.01
2024-07-02T03:00:00,18.93,72.77,7.57
2024-07-02T03:00:00,18.93,72.79,23.06
2024-07-02T03:00:00,18.93,72.81,26.17
2024-07-02T03:00:00,18.93,72.83,4.82
2024-07-02T03:00:00,18.93,72.85,10.05
2024-07-02T03:00:00,18.93,72.87,16.58
2024-07-02T03:00:00,18.93,72.89,45.09
2024-07-02T03:00:00,18.93,72.91,6.21
2024-07-02T03:00:00,18.93,72.93,11.67
2024-07-02T03:00:00,18.93,72.95,9.97
2024-07-02T03:00:00,18.93,72.97,18.0
2024-07-02T03:00:00,18.93,72.99,5.75
2024-07-02T03:00:00,18.95,72.77,10.7
2024-07-02T03:00:00,18.95,72.79,66.91
2024-07-02T03:00:00,18.95,72.81,2.21
2024-07-02T03:00:00,18.95,72.83,15.93
2024-07-02T03:00:00,18.95,72.85,16.17
2024-07-02T03:00:00,18.95,72.87,11.12
2024-07-02T03:00:00,18.95,72.89,33.07
2024-07-02T03:00:00,18.95,72.91,17.75
2024-07-02T03:00:00,18.95,72.93,46.13
2024-07-02T03:00:00,18.95,72.95,2.69
2024-07-02T03:00:00,18.95,72.97,19.96
2024-07-02T03:00:00,18.95,72.99,17.5
2024-07-02T03:00:00,18.97,72.77,27.01
2024-07-02T03:00:00,18.97,72.79,35.46
2024-07-02T03:00:00,18.97,72.81,43.95
2024-07-02T03:00:00,18.97,72.83,57.93
2024-07-02T03:00:00,18.97,72.85,5.3
2024-07-02T03:00:00,18.97,72.87,22.29
2024-07-02T03:00:00,18.97,72.89,34.44
2024-07-02T03:00:00,18.97,72.91,14.33
2024-07-02T03:00:00,18.97,72.93,6.59
2024-07-02T03:00:00,18.97,72.95,6.59
2024-07-02T03:00:00,18.97,72.97,8.1
2024-07-02T03:00:00,18.97,72.99,18.7
2024-07-02T03:00:00,18.99,72.77,10.77
2024-07-02T03:00:00,18.99,72.79,18.33
2024-07-02T03:00:00,18.99,72.81,4.13
2024-07-02T03:00:00,18.99,72.83,4.0
2024-07-02T03:00:00,18.99,72.85,25.82
2024-07-02T03:00:00,18.99,72.87,0.66
2024-07-02T03:00:00,18.99,72.89,41.43
2024-07-02T03:00:00,18.99,72.91,20.17
2024-07-02T03:00:00,18.99,72.93,4.39
2024-07-02T03:00:00,18.99,72.95,18.62
2024-07-02T03:00:00,18.99,72.97,10.06
2024-07-02T03:00:00,18.99,72.99,6.1
2024-07-02T03:00:00,19.01,72.77,41.91
2024-07-02T03:00:00,19.01,72.79,26.37
2024-07-02T03:00:00,19.01,72.81,10.42
2024-07-02T03:00:00,19.01,72.83,8.57
2024-07-02T03:00:00,19.01,72.85,52.23
2024-07-02T03:00:00,19.01,72.87,21.47
2024-07-02T03:00:00,19.01,72.89,16.35
2024-07-02T03:00:00,19.01,72.91,7.73
2024-07-02T03:00:00,19.01,72.93,7.45
2024-07-02T03:00:00,19.01,72.95,55.75
2024-07-02T03:00:00,19.01,72.97,23.73
2024-07-02T03:00:00,19.01,72.99,13.91
2024-07-02T03:00:00,19.03,72.77,4.91
2024-07-02T03:00:00,19.03,72.79,11.7
2024-07-02T03:00:00,19.03,72.81,23.12
2024-07-02T03:00:00,19.03,72.83,36.99
2024-07-02T03:00:00,19.03,72.85,18.09
2024-07-02T03:00:00,19.03,72.87,34.82
2024-07-02T03:00:00,19.03,72.89,17.4
2024-07-02T03:00:00,19.03,72.91,31.41
2024-07-02T03:00:00,19.03,72.93,12.33
2024-07-02T03:00:00,19.03,72.95,30.33
2024-07-02T03:00:00,19.03,72.97,9.97
2024-07-02T03:00:00,19.03,72.99,24.21
2024-07-02T03:00:00,19.05,72.77,21.8
2024-07-02T03:00:00,19.05,72.79,1.48
2024-07-02T03:00:00,19.05,72.81,9.24
2024-07-02T03:00:00,19.05,72.83,78.99
2024-07-02T03:00:00,19.05,72.85,24.12
2024-07-02T03:00:00,19.05,72.87,10.52
2024-07-02T03:00:00,19.05,72.89,4.08
2024-07-02T03:00:00,19.05,72.91,16.48
2024-07-02T03:00:00,19.05,72.93,21.87
2024-07-02T03:00:00,19.05,72.95,9.62
2024-07-02T03:00:00,19.05,72.97,18.0
2024-07-02T03:00:00,19.05,72.99,32.79
2024-07-02T03:00:00,19.07,72.77,8.43
2024-07-02T03:00:00,19.07,72.79,11.17
2024-07-02T03:00:00,19.07,72.81,3.49
2024-07-02T03:00:00,19.07,72.83,39.76
2024-07-02T03:00:00,19.07,72.85,12.12
2024-07-02T03:00:00,19.07,72.87,47.71
2024-07-02T03:00:00,19.07,72.89,0.97
2024-07-02T03:00:00,19.07,72.91,19.77
2024-07-02T03:00:00,19.07,72.93,23.26
2024-07-02T03:00:00,19.07,72.95,21.76
2024-07-02T03:00:00,19.07,72.97,27.02
2024-07-02T03:00:00,19.07,72.99,16.98
2024-07-02T03:00:00,19.09,72.77,20.88
2024-07-02T03:00:00,19.09,72.79,3.88
2024-07-02T03:00:00,19.09,72.81,15.92
2024-07-02T03:00:00,19.09,72.83,19.45
2024-07-02T03:00:00,19.09,72.85,8.98
2024-07-02T03:00:00,19.09,72.87,7.69
2024-07-02T03:00:00,19.09,72.89,22.81
2024-07-02T03:00:00,19.09,72.91,26.55
2024-07-02T03:00:00,19.09,72.93,7.7
2024-07-02T03:00:00,19.09,72.95,12.33
2024-07-02T03:00:00,19.09,72.97,19.04
2024-07-02T03:00:00,19.09,72.99,7.98
2024-07-02T03:00:00,19.11,72.77,18.37
2024-07-02T03:00:00,19.11,72.79,21.61
2024-07-02T03:00:00,19.11,72.81,57.87
2024-07-02T03:00:00,19.11,72.83,14.21
2024-07-02T03:00:00,19.11,72.85,2.81
2024-07-02T03:00:00,19.11,72.87,3.71
2024-07-02T03:00:00,19.11,72.89,8.68
2024-07-02T03:00:00,19.11,72.91,11.59
2024-07-02T03:00:00,19.11,72.93,33.0
2024-07-02T03:00:00,19.11,72.95,13.02
2024-07-02T03:00:00,19.11,72.97,21.5
2024-07-02T03:00:00,19.11,72.99,36.95
2024-07-02T03:00:00,19.13,72.77,31.05
2024-07-02T03:00:00,19.13,72.79,13.75
2024-07-02T03:00:00,19.13,72.81,16.01
2024-07-02T03:00:00,19.13,72.83,16.88
2024-07-02T03:00:00,19.13,72.85,44.21
2024-07-02T03:00:00,19.13,72.87,33.02
2024-07-02T03:00:00,19.13,72.89,30.99
2024-07-02T03:00:00,19.13,72.91,21.48
2024-07-02T03:00:00,19.13,72.93,17.9
2024-07-02T03:00:00,19.13,72.95,13.11
2024-07-02T03:00:00,19.13,72.97,4.86
2024-07-02T03:00:00,19.13,72.99,23.74
2024-07-02T03:00:00,19.15,72.77,11.82
2024-07-02T03:00:00,19.15,72.79,32.78
2024-07-02T03:00:00,19.15,72.81,2.26
2024-07-02T03:00:00,19.15,72.83,6.74
2024-07-02T03:00:00,19.15,72.85,33.05
2024-07-02T03:00:00,19.15,72.87,43.29
2024-07-02T03:00:00,19.15,72.89,28.6
2024-07-02T03:00:00,19.15,72.91,7.02
2024-07-02T03:00:00,19.15,72.93,32.01
2024-07-02T03:00:00,19.15,72.95,7.22
2024-07-02T03:00:00,19.15,72.97,31.18
2024-07-02T03:00:00,19.15,72.99,5.29
2024-07-02T03:00:00,19.17,72.77,13.09
2024-07-02T03:00:00,19.17,72.79,0.82
2024-07-02T03:00:00,19.17,72.81,6.86
2024-07-02T03:00:00,19.17,72.83,27.7
2024-07-02T03:00:00,19.17,72.85,58.12
2024-07-02T03:00:00,19.17,72.87,35.87
2024-07-02T03:00:00,19.17,72.89,27.85
2024-07-02T03:00:00,19.17,72.91,3.59
2024-07-02T03:00:00,19.17,72.93,10.83
2024-07-02T03:00:00,19.17,72.95,44.71
2024-07-02T03:00:00,19.17,72.97,15.31
2024-07-02T03:00:00,19.17,72.99,4.62
2024-07-02T03:00:00,19.19,72.77,13.21
2024-07-02T03:00:00,19.19,72.79,1.8
2024-07-02T03:00:00,19.19,72.81,33.14
2024-07-02T03:00:00,19.19,72.83,4.42
2024-07-02T03:00:00,19.19,72.85,16.64
2024-07-02T03:00:00,19.19,72.87,4.99
2024-07-02T03:00:00,19.19,72.89,18.19
2024-07-02T03:00:00,19.19,72.91,28.22
2024-07-02T03:00:00,19.19,72.93,9.73
2024-07-02T03:00:00,19.19,72.95,37.03
2024-07-02T03:00:00,19.19,72.97,24.82
2024-07-02T03:00:00,19.19,72.99,21.55
2024-07-02T03:00:00,19.21,72.77,45.14
2024-07-02T03:00:00,19.21,72.79,21.01
2024-07-02T03:00:00,19.21,72.81,13.12
2024-07-02T03:00:00,19.21,72.83,22.92
2024-07-02T03:00:00,19.21,72.85,5.43
2024-07-02T03:00:00,19.21,72.87,31.51
2024-07-02T03:00:00,19.21,72.89,30.84
2024-07-02T03:00:00,19.21,72.91,12.98
2024-07-02T03:00:00,19.21,72.93,9.16
2024-07-02T03:00:00,19.21,72.95,17.77
2024-07-02T03:00:00,19.21,72.97,4.09
2024-07-02T03:00:00,19.21,72.99,10.66
2024-07-02T03:00:00,19.23,72.77,43.54
2024-07-02T03:00:00,19.23,72.79,7.19
2024-07-02T03:00:00,19.23,72.81,44.75
2024-07-02T03:00:00,19.23,72.83,23.78
2024-07-02T03:00:00,19.23,72.85,25.4
2024-07-02T03:00:00,19.23,72.87,9.88
2024-07-02T03:00:00,19.23,72.89,7.25
2024-07-02T03:00:00,19.23,72.91,12.47
2024-07-02T03:00:00,19.23,72.93,46.72
2024-07-02T03:00:00,19.23,72.95,8.69
2024-07-02T03:00:00,19.23,72.97,1.13
2024-07-02T03:00:00,19.23,72.99,15.88
2024-07-02T03:00:00,19.25,72.77,41.63
2024-07-02T03:00:00,19.25,72.79,21.63
2024-07-02T03:00:00,19.25,72.81,56.19
2024-07-02T03:00:00,19.25,72.83,27.49
2024-07-02T03:00:00,19.25,72.85,20.08
2024-07-02T03:00:00,19.25,72.87,12.88
2024-07-02T03:00:00,19.25,72.89,23.3
2024-07-02T03:00:00,19.25,72.91,3.4
2024-07-02T03:00:00,19.25,72.93,46.77
2024-07-02T03:00:00,19.25,72.95,27.27
2024-07-02T03:00:00,19.25,72.97,26.72
2024-07-02T03:00:00,19.25,72.99,14.05
2024-07-02T04:00:00,18.87,72.77,44.23
2024-07-02T04:00:00,18.87,72.79,14.79
2024-07-02T04:00:00,18.87,72.81,10.7
2024-07-02T04:00:00,18.87,72.83,16.88
2024-07-02T04:00:00,18.87,72.85,29.34
2024-07-02T04:00:00,18.87,72.87,8.47
2024-07-02T04:00:00,18.87,72.89,7.09
2024-07-02T04:00:00,18.87,72.91,6.71
2024-07-02T04:00:00,18.87,72.93,9.87
2024-07-02T04:00:00,18.87,72.95,28.3
2024-07-02T04:00:00,18.87,72.97,16.05
2024-07-02T04:00:00,18.87,72.99,4.69
2024-07-02T04:00:00,18.89,72.77,75.11
2024-07-02T04:00:00,18.89,72.79,4.99
2024-07-02T04:00:00,18.89,72.81,11.43
2024-07-02T04:00:00,18.89,72.83,7.09
2024-07-02T04:00:00,18.89,72.85,8.88
2024-07-02T04:00:00,18.89,72.87,16.2
2024-07-02T04:00:00,18.89,72.89,12.65
2024-07-02T04:00:00,18.89,72.91,7.46
2024-07-02T04:00:00,18.89,72.93,18.36
2024-07-02T04:00:00,18.89,72.95,20.09
2024-07-02T04:00:00,18.89,72.97,22.42
2024-07-02T04:00:00,18.89,72.99,14.68
2024-07-02T04:00:00,18.91,72.77,24.28
2024-07-02T04:00:00,18.91,72.79,27.03
2024-07-02T04:00:00,18.91,72.81,9.53
2024-07-02T04:00:00,18.91,72.83,58.19
2024-07-02T04:00:00,18.91,72.85,47.1
2024-07-02T04:00:00,18.91,72.87,28.34
2024-07-02T04:00:00,18.91,72.89,11.3
2024-07-02T04:00:00,18.91,72.91,1.93
2024-07-02T04:00:00,18.91,72.93,2.49
2024-07-02T04:00:00,18.91,72.95,11.36
2024-07-02T04:00:00,18.91,72.97,41.98
2024-07-02T04:00:00,18.91,72.99,11.98
2024-07-02T04:00:00,18.93,72.77,7.67
2024-07-02T04:00:00,18.93,72.79,7.86
2024-07-02T04:00:00,18.93,72.81,49.26
2024-07-02T04:00:00,18.93,72.83,13.17
2024-07-02T04:00:00,18.93,72.85,44.79
2024-07-02T04:00:00,18.93,72.87,6.31
2024-07-02T04:00:00,18.93,72.89,7.23
2024-07-02T04:00:00,18.93,72.91,9.86
2024-07-02T04:00:00,18.93,72.93,20.84
2024-07-02T04:00:00,18.93,72.95,24.18
2024-07-02T04:00:00,18.93,72.97,7.48
2024-07-02T04:00:00,18.93,72.99,8.19
2024-07-02T04:00:00,18.95,72.77,4.32
2024-07-02T04:00:00,18.95,72.79,4.03
2024-07-02T04:00:00,18.95,72.81,7.35
2024-07-02T04:00:00,18.95,72.83,43.01
2024-07-02T04:00:00,18.95,72.85,6.88
2024-07-02T04:00:00,18.95,72.87,16.46
2024-07-02T04:00:00,18.95,72.89,11.15
2024-07-02T04:00:00,18.95,72.91,5.99
2024-07-02T04:00:00,18.95,72.93,22.39
2024-07-02T04:00:00,18.95,72.95,8.68
2024-07-02T04:00:00,18.95,72.97,26.68
2024-07-02T04:00:00,18.95,72.99,26.85
2024-07-02T04:00:00,18.97,72.77,11.21
2024-07-02T04:00:00,18.97,72.79,29.71
2024-07-02T04:00:00,18.97,72.81,28.73
2024-07-02T04:00:00,18.97,72.83,12.65
2024-07-02T04:00:00,18.97,72.85,11.04
2024-07-02T04:00:00,18.97,72.87,19.58
2024-07-02T04:00:00,18.97,72.89,51.44
2024-07-02T04:00:00,18.97,72.91,32.59
2024-07-02T04:00:00,18.97,72.93,15.18
2024-07-02T04:00:00,18.97,72.95,1.85
2024-07-02T04:00:00,18.97,72.97,13.53
2024-07-02T04:00:00,18.97,72.99,1.76
2024-07-02T04:00:00,18.99,72.77,3.61
2024-07-02T04:00:00,18.99,72.79,8.52
2024-07-02T04:00:00,18.99,72.81,17.83
2024-07-02T04:00:00,18.99,72.83,8.93
2024-07-02T04:00:00,18.99,72.85,37.22
2024-07-02T04:00:00,18.99,72.87,14.98
2024-07-02T04:00:00,18.99,72.89,8.63
2024-07-02T04:00:00,18.99,72.91,24.11
2024-07-02T04:00:00,18.99,72.93,7.49
2024-07-02T04:00:00,18.99,72.95,15.51
2024-07-02T04:00:00,18.99,72.97,0.83
2024-07-02T04:00:00,18.99,72.99,7.03
2024-07-02T04:00:00,19.01,72.77,39.97
2024-07-02T04:00:00,19.01,72.79,23.81
2024-07-02T04:00:00,19.01,72.81,19.72
2024-07-02T04:00:00,19.01,72.83,25.13
2024-07-02T04:00:00,19.01,72.85,35.78
2024-07-02T04:00:00,19.01,72.87,14.74
2024-07-02T04:00:00,19.01,72.89,9.53
2024-07-02T04:00:00,19.01,72.91,25.35
2024-07-02T04:00:00,19.01,72.93,12.11
2024-07-02T04:00:00,19.01,72.95,8.83
2024-07-02T04:00:00,19.01,72.97,10.54
2024-07-02T04:00:00,19.01,72.99,19.04
2024-07-02T04:00:00,19.03,72.77,2.75
2024-07-02T04:00:00,19.03,72.79,24.02
2024-07-02T04:00:00,19.03,72.81,5.92
2024-07-02T04:00:00,19.03,72.83,8.89
2024-07-02T04:00:00,19.03,72.85,4.34
2024-07-02T04:00:00,19.03,72.87,24.6
2024-07-02T04:00:00,19.03,72.89,17.88
2024-07-02T04:00:00,19.03,72.91,5.26
2024-07-02T04:00:00,19.03,72.93,25.79
2024-07-02T04:00:00,19.03,72.95,2.94
2024-07-02T04:00:00,19.03,72.97,10.03
2024-07-02T04:00:00,19.03,72.99,3.56
2024-07-02T04:00:00,19.05,72.77,15.13
2024-07-02T04:00:00,19.05,72.79,10.67
2024-07-02T04:00:00,19.05,72.81,5.35
2024-07-02T04:00:00,19.05,72.83,15.92
2024-07-02T04:00:00,19.05,72.85,6.03
2024-07-02T04:00:00,19.05,72.87,1.32
2024-07-02T04:00:00,19.05,72.89,2.99
2024-07-02T04:00:00,19.05,72.91,10.42
2024-07-02T04:00:00,19.05,72.93,11.44
2024-07-02T04:00:00,19.05,72.95,6.76
2024-07-02T04:00:00,19.05,72.97,35.83
2024-07-02T04:00:00,19.05,72.99,17.28
2024-07-02T04:00:00,19.07,72.77,23.51
2024-07-02T04:00:00,19.07,72.79,7.42
2024-07-02T04:00:00,19.07,72.81,6.4
2024-07-02T04:00:00,19.07,72.83,18.26
2024-07-02T04:00:00,19.07,72.85,12.31
2024-07-02T04:00:00,19.07,72.87,18.59
2024-07-02T04:00:00,19.07,72.89,11.62
2024-07-02T04:00:00,19.07,72.91,24.27
2024-07-02T04:00:00,19.07,72.93,14.33
2024-07-02T04:00:00,19.07,72.95,12.15
2024-07-02T04:00:00,19.07,72.97,19.67
2024-07-02T04:00:00,19.07,72.99,38.59
2024-07-02T04:00:00,19.09,72.77,27.93
2024-07-02T04:00:00,19.09,72.79,5.13
2024-07-02T04:00:00,19.09,72.81,13.9
2024-07-02T04:00:00,19.09,72.83,13.88
2024-07-02T04:00:00,19.09,72.85,19.42
2024-07-02T04:00:00,19.09,72.87,10.83
2024-07-02T04:00:00,19.09,72.89,14.57
2024-07-02T04:00:00,19.09,72.91,15.17
2024-07-02T04:00:00,19.09,72.93,17.12
2024-07-02T04:00:00,19.09,72.95,4.22
2024-07-02T04:00:00,19.09,72.97,4.75
2024-07-02T04:00:00,19.09,72.99,46.57
2024-07-02T04:00:00,19.11,72.77,2.03
2024-07-02T04:00:00,19.11,72.79,17.5
2024-07-02T04:00:00,19.11,72.81,26.24
2024-07-02T04:00:00,19.11,72.83,6.53
2024-07-02T04:00:00,19.11,72.85,34.75
2024-07-02T04:00:00,19.11,72.87,15.35
2024-07-02T04:00:00,19.11,72.89,43.07
2024-07-02T04:00:00,19.11,72.91,6.47
2024-07-02T04:00:00,19.11,72.93,12.19
2024-07-02T04:00:00,19.11,72.95,9.23
2024-07-02T04:00:00,19.11,72.97,8.05
2024-07-02T04:00:00,19.11,72.99,8.34
2024-07-02T04:00:00,19.13,72.77,13.21
2024-07-02T04:00:00,19.13,72.79,12.02
2024-07-02T04:00:00,19.13,72.81,28.41
2024-07-02T04:00:00,19.13,72.83,26.06
2024-07-02T04:00:00,19.13,72.85,3.46
2024-07-02T04:00:00,19.13,72.87,9.31
2024-07-02T04:00:00,19.13,72.89,19.23
2024-07-02T04:00:00,19.13,72.91,17.58
2024-07-02T04:00:00,19.13,72.93,11.68
2024-07-02T04:00:00,19.13,72.95,13.71
2024-07-02T04:00:00,19.13,72.97,10.01
2024-07-02T04:00:00,19.13,72.99,24.98
2024-07-02T04:00:00,19.15,72.77,29.73
2024-07-02T04:00:00,19.15,72.79,13.11
2024-07-02T04:00:00,19.15,72.81,15.46
2024-07-02T04:00:00,19.15,72.83,12.4
2024-07-02T04:00:00,19.15,72.85,13.7
2024-07-02T04:00:00,19.15,72.87,30.89
2024-07-02T04:00:00,19.15,72.89,10.54
2024-07-02T04:00:00,19.15,72.91,8.56
2024-07-02T04:00:00,19.15,72.93,13.36
2024-07-02T04:00:00,19.15,72.95,10.8
2024-07-02T04:00:00,19.15,72.97,7.12
2024-07-02T04:00:00,19.15,72.99,21.01
2024-07-02T04:00:00,19.17,72.77,29.15
2024-07-02T04:00:00,19.17,72.79,18.26
2024-07-02T04:00:00,19.17,72.81,9.26
2024-07-02T04:00:00,19.17,72.83,29.47
2024-07-02T04:00:00,19.17,72.85,5.12
2024-07-02T04:00:00,19.17,72.87,12.56
2024-07-02T04:00:00,19.17,72.89,49.81
2024-07-02T04:00:00,19.17,72.91,15.97
2024-07-02T04:00:00,19.17,72.93,10.62
2024-07-02T04:00:00,19.17,72.95,18.86
2024-07-02T04:00:00,19.17,72.97,18.54
2024-07-02T04:00:00,19.17,72.99,29.7
2024-07-02T04:00:00,19.19,72.77,8.48
2024-07-02T04:00:00,19.19,72.79,23.34
2024-07-02T04:00:00,19.19,72.81,15.37
2024-07-02T04:00:00,19.19,72.83,16.37
2024-07-02T04:00:00,19.19,72.85,14.15
2024-07-02T04:00:00,19.19,72.87,13.63
2024-07-02T04:00:00,19.19,72.89,3.37
2024-07-02T04:00:00,19.19,72.91,9.93
2024-07-02T04:00:00,19.19,72.93,13.06
2024-07-02T04:00:00,19.19,72.95,17.61
2024-07-02T04:00:00,19.19,72.97,14.22
2024-07-02T04:00:00,19.19,72.99,13.6
2024-07-02T04:00:00,19.21,72.77,25.59
2024-07-02T04:00:00,19.21,72.79,41.61
2024-07-02T04:00:00,19.21,72.81,13.52
2024-07-02T04:00:00,19.21,72.83,7.65
2024-07-02T04:00:00,19.21,72.85,28.48
2024-07-02T04:00:00,19.21,72.87,20.79
2024-07-02T04:00:00,19.21,72.89,11.5
2024-07-02T04:00:00,19.21,72.91,27.16
2024-07-02T04:00:00,19.21,72.93,6.64
2024-07-02T04:00:00,19.21,72.95,11.62
2024-07-02T04:00:00,19.21,72.97,10.4
2024-07-02T04:00:00,19.21,72.99,26.24
2024-07-02T04:00:00,19.23,72.77,20.85
2024-07-02T04:00:00,19.23,72.79,5.93
2024-07-02T04:00:00,19.23,72.81,66.86
2024-07-02T04:00:00,19.23,72.83,22.75
2024-07-02T04:00:00,19.23,72.85,8.67
2024-07-02T04:00:00,19.23,72.87,35.48
2024-07-02T04:00:00,19.23,72.89,14.36
2024-07-02T04:00:00,19.23,72.91,12.6
2024-07-02T04:00:00,19.23,72.93,12.96
2024-07-02T04:00:00,19.23,72.95,13.45
2024-07-02T04:00:00,19.23,72.97,12.91
2024-07-02T04:00:00,19.23,72.99,11.88
2024-07-02T04:00:00,19.25,72.77,11.11
2024-07-02T04:00:00,19.25,72.79,8.84
2024-07-02T04:00:00,19.25,72.81,17.88
2024-07-02T04:00:00,19.25,72.83,8.48
2024-07-02T04:00:00,19.25,72.85,19.02
2024-07-02T04:00:00,19.25,72.87,34.33
2024-07-02T04:00:00,19.25,72.89,14.2
2024-07-02T04:00:00,19.25,72.91,16.37
2024-07-02T04:00:00,19.25,72.93,27.6
2024-07-02T04:00:00,19.25,72.95,11.45
2024-07-02T04:00:00,19.25,72.97,8.36
2024-07-02T04:00:00,19.25,72.99,0.81
2024-07-02T05:00:00,18.87,72.77,17.17
2024-07-02T05:00:00,18.87,72.79,9.65
2024-07-02T05:00:00,18.87,72.81,11.83
2024-07-02T05:00:00,18.87,72.83,1.62
2024-07-02T05:00:00,18.87,72.85,11.18
2024-07-02T05:00:00,18.87,72.87,5.16
2024-07-02T05:00:00,18.87,72.89,4.19
2024-07-02T05:00:00,18.87,72.91,5.56
2024-07-02T05:00:00,18.87,72.93,4.89
2024-07-02T05:00:00,18.87,72.95,22.5
2024-07-02T05:00:00,18.87,72.97,25.79
2024-07-02T05:00:00,18.87,72.99,13.52
2024-07-02T05:00:00,18.89,72.77,46.54
2024-07-02T05:00:00,18.89,72.79,11.67
2024-07-02T05:00:00,18.89,72.81,7.07
2024-07-02T05:00:00,18.89,72.83,13.65
2024-07-02T05:00:00,18.89,72.85,6.06
2024-07-02T05:00:00,18.89,72.87,14.02
2024-07-02T05:00:00,18.89,72.89,20.64
2024-07-02T05:00:00,18.89,72.91,5.57
2024-07-02T05:00:00,18.89,72.93,33.13
2024-07-02T05:00:00,18.89,72.95,45.59
2024-07-02T05:00:00,18.89,72.97,39.62
2024-07-02T05:00:00,18.89,72.99,1.97
2024-07-02T05:00:00,18.91,72.77,10.41
2024-07-02T05:00:00,18.91,72.79,18.44
2024-07-02T05:00:00,18.91,72.81,4.06
2024-07-02T05:00:00,18.91,72.83,4.35
2024-07-02T05:00:00,18.91,72.85,2.05
2024-07-02T05:00:00,18.91,72.87,13.94
2024-07-02T05:00:00,18.91,72.89,16.98
2024-07-02T05:00:00,18.91,72.91,26.35
2024-07-02T05:00:00,18.91,72.93,18.19
2024-07-02T05:00:00,18.91,72.95,20.0
2024-07-02T05:00:00,18.91,72.97,2.41
2024-07-02T05:00:00,18.91,72.99,14.41
2024-07-02T05:00:00,18.93,72.77,14.61
2024-07-02T05:00:00,18.93,72.79,8.69
2024-07-02T05:00:00,18.93,72.81,10.83
2024-07-02T05:00:00,18.93,72.83,18.35
2024-07-02T05:00:00,18.93,72.85,23.13
2024-07-02T05:00:00,18.93,72.87,45.32
2024-07-02T05:00:00,18.93,72.89,17.77
2024-07-02T05:00:00,18.93,72.91,23.2
2024-07-02T05:00:00,18.93,72.93,22.21
2024-07-02T05:00:00,18.93,72.95,26.42
2024-07-02T05:00:00,18.93,72.97,4.66
2024-07-02T05:00:00,18.93,72.99,12.74
2024-07-02T05:00:00,18.95,72.77,7.05
2024-07-02T05:00:00,18.95,72.79,7.24
2024-07-02T05:00:00,18.95,72.81,20.08
2024-07-02T05:00:00,18.95,72.83,19.76
2024-07-02T05:00:00,18.95,72.85,18.48
2024-07-02T05:00:00,18.95,72.87,8.5
2024-07-02T05:00:00,18.95,72.89,14.23
2024-07-02T05:00:00,18.95,72.91,10.44
2024-07-02T05:00:00,18.95,72.93,16.93
2024-07-02T05:00:00,18.95,72.95,25.89
2024-07-02T05:00:00,18.95,72.97,5.3
2024-07-02T05:00:00,18.95,72.99,12.0
2024-07-02T05:00:00,18.97,72.77,27.86
2024-07-02T05:00:00,18.97,72.79,3.27
2024-07-02T05:00:00,18.97,72.81,27.86
2024-07-02T05:00:00,18.97,72.83,1.52
2024-07-02T05:00:00,18.97,72.85,5.23
2024-07-02T05:00:00,18.97,72.87,12.92
2024-07-02T05:00:00,18.97,72.89,10.41
2024-07-02T05:00:00,18.97,72.91,9.25
2024-07-02T05:00:00,18.97,72.93,40.23
2024-07-02T05:00:00,18.97,72.95,4.16
2024-07-02T05:00:00,18.97,72.97,17.35
2024-07-02T05:00:00,18.97,72.99,39.3
2024-07-02T05:00:00,18.99,72.77,28.43
2024-07-02T05:00:00,18.99,72.79,19.56
2024-07-02T05:00:00,18.99,72.81,17.33
2024-07-02T05:00:00,18.99,72.83,10.06
2024-07-02T05:00:00,18.99,72.85,9.23
2024-07-02T05:00:00,18.99,72.87,3.7
2024-07-02T05:00:00,18.99,72.89,26.33
2024-07-02T05:00:00,18.99,72.91,3.91
2024-07-02T05:00:00,18.99,72.93,11.93
2024-07-02T05:00:00,18.99,72.95,9.6
2024-07-02T05:00:00,18.99,72.97,14.05
2024-07-02T05:00:00,18.99,72.99,18.78
2024-07-02T05:00:00,19.01,72.77,10.74
2024-07-02T05:00:00,19.01,72.79,5.66
2024-07-02T05:00:00,19.01,72.81,8.13
2024-07-02T05:00:00,19.01,72.83,6.34
2024-07-02T05:00:00,19.01,72.85,45.77
2024-07-02T05:00:00,19.01,72.87,32.11
2024-07-02T05:00:00,19.01,72.89,3.51
2024-07-02T05:00:00,19.01,72.91,10.07
2024-07-02T05:00:00,19.01,72.93,5.44
2024-07-02T05:00:00,19.01,72.95,7.07
2024-07-02T05:00:00,19.01,72.97,7.78
2024-07-02T05:00:00,19.01,72.99,5.72
2024-07-02T05:00:00,19.03,72.77,29.09
2024-07-02T05:00:00,19.03,72.79,19.12
2024-07-02T05:00:00,19.03,72.81,17.5
2024-07-02T05:00:00,19.03,72.83,36.3
2024-07-02T05:00:00,19.03,72.85,24.67
2024-07-02T05:00:00,19.03,72.87,13.63
2024-07-02T05:00:00,19.03,72.89,16.08
2024-07-02T05:00:00,19.03,72.91,25.72
2024-07-02T05:00:00,19.03,72.93,24.12
2024-07-02T05:00:00,19.03,72.95,1.03
2024-07-02T05:00:00,19.03,72.97,16.87
2024-07-02T05:00:00,19.03,72.99,12.99
2024-07-02T05:00:00,19.05,72.77,25.05
2024-07-02T05:00:00,19.05,72.79,2.42
2024-07-02T05:00:00,19.05,72.81,30.81
2024-07-02T05:00:00,19.05,72.83,23.84
2024-07-02T05:00:00,19.05,72.85,10.28
2024-07-02T05:00:00,19.05,72.87,40.47
2024-07-02T05:00:00,19.05,72.89,4.91
2024-07-02T05:00:00,19.05,72.91,15.05
2024-07-02T05:00:00,19.05,72.93,7.93
2024-07-02T05:00:00,19.05,72.95,6.44
2024-07-02T05:00:00,19.05,72.97,11.45
2024-07-02T05:00:00,19.05,72.99,2.15
2024-07-02T05:00:00,19.07,72.77,26.1
2024-07-02T05:00:00,19.07,72.79,68.58
2024-07-02T05:00:00,19.07,72.81,5.24
2024-07-02T05:00:00,19.07,72.83,35.91
2024-07-02T05:00:00,19.07,72.85,28.06
2024-07-02T05:00:00,19.07,72.87,3.17
2024-07-02T05:00:00,19.07,72.89,4.45
2024-07-02T05:00:00,19.07,72.91,14.84
2024-07-02T05:00:00,19.07,72.93,20.42
2024-07-02T05:00:00,19.07,72.95,26.77
2024-07-02T05:00:00,19.07,72.97,11.77
2024-07-02T05:00:00,19.07,72.99,12.62
2024-07-02T05:00:00,19.09,72.77,4.15
2024-07-02T05:00:00,19.09,72.79,38.28
2024-07-02T05:00:00,19.09,72.81,30.04
2024-07-02T05:00:00,19.09,72.83,20.53
2024-07-02T05:00:00,19.09,72.85,13.66
2024-07-02T05:00:00,19.09,72.87,34.1
2024-07-02T05:00:00,19.09,72.89,4.66
2024-07-02T05:00:00,19.09,72.91,15.71
2024-07-02T05:00:00,19.09,72.93,42.76
2024-07-02T05:00:00,19.09,72.95,4.33
2024-07-02T05:00:00,19.09,72.97,48.05
2024-07-02T05:00:00,19.09,72.99,23.65
2024-07-02T05:00:00,19.11,72.77,25.68
2024-07-02T05:00:00,19.11,72.79,37.35
2024-07-02T05:00:00,19.11,72.81,31.72
2024-07-02T05:00:00,19.11,72.83,3.3
2024-07-02T05:00:00,19.11,72.85,3.1
2024-07-02T05:00:00,19.11,72.87,8.74
2024-07-02T05:00:00,19.11,72.89,17.2
2024-07-02T05:00:00,19.11,72.91,29.25
2024-07-02T05:00:00,19.11,72.93,10.6
2024-07-02T05:00:00,19.11,72.95,6.49
2024-07-02T05:00:00,19.11,72.97,23.0
2024-07-02T05:00:00,19.11,72.99,9.77
2024-07-02T05:00:00,19.13,72.77,21.18
2024-07-02T05:00:00,19.13,72.79,15.53
2024-07-02T05:00:00,19.13,72.81,7.99
2024-07-02T05:00:00,19.13,72.83,8.1
2024-07-02T05:00:00,19.13,72.85,4.81
2024-07-02T05:00:00,19.13,72.87,31.47
2024-07-02T05:00:00,19.13,72.89,9.64
2024-07-02T05:00:00,19.13,72.91,6.85
2024-07-02T05:00:00,19.13,72.93,2.02
2024-07-02T05:00:00,19.13,72.95,1.56
2024-07-02T05:00:00,19.13,72.97,4.54
2024-07-02T05:00:00,19.13,72.99,16.29
2024-07-02T05:00:00,19.15,72.77,16.54
2024-07-02T05:00:00,19.15,72.79,11.92
2024-07-02T05:00:00,19.15,72.81,5.44
2024-07-02T05:00:00,19.15,72.83,2.02
2024-07-02T05:00:00,19.15,72.85,7.41
2024-07-02T05:00:00,19.15,72.87,10.83
2024-07-02T05:00:00,19.15,72.89,22.54
2024-07-02T05:00:00,19.15,72.91,3.12
2024-07-02T05:00:00,19.15,72.93,9.51
2024-07-02T05:00:00,19.15,72.95,4.46
2024-07-02T05:00:00,19.15,72.97,7.72
2024-07-02T05:00:00,19.15,72.99,45.63
2024-07-02T05:00:00,19.17,72.77,6.9
2024-07-02T05:00:00,19.17,72.79,5.56
2024-07-02T05:00:00,19.17,72.81,79.05
2024-07-02T05:00:00,19.17,72.83,22.15
2024-07-02T05:00:00,19.17,72.85,20.46
2024-07-02T05:00:00,19.17,72.87,6.26
2024-07-02T05:00:00,19.17,72.89,49.21
2024-07-02T05:00:00,19.17,72.91,3.35
2024-07-02T05:00:00,19.17,72.93,27.36
2024-07-02T05:00:00,19.17,72.95,29.46
2024-07-02T05:00:00,19.17,72.97,33.45
2024-07-02T05:00:00,19.17,72.99,35.58
2024-07-02T05:00:00,19.19,72.77,12.91
2024-07-02T05:00:00,19.19,72.79,19.24
2024-07-02T05:00:00,19.19,72.81,15.56
2024-07-02T05:00:00,19.19,72.83,5.71
2024-07-02T05:00:00,19.19,72.85,10.9
2024-07-02T05:00:00,19.19,72.87,31.95
2024-07-02T05:00:00,19.19,72.89,3.65
2024-07-02T05:00:00,19.19,72.91,23.76
2024-07-02T05:00:00,19.19,72.93,24.1
2024-07-02T05:00:00,19.19,72.95,13.74
2024-07-02T05:00:00,19.19,72.97,24.21
2024-07-02T05:00:00,19.19,72.99,5.0
2024-07-02T05:00:00,19.21,72.77,5.44
2024-07-02T05:00:00,19.21,72.79,10.86
2024-07-02T05:00:00,19.21,72.81,19.17
2024-07-02T05:00:00,19.21,72.83,50.32
2024-07-02T05:00:00,19.21,72.85,15.19
2024-07-02T05:00:00,19.21,72.87,9.84
2024-07-02T05:00:00,19.21,72.89,30.44
2024-07-02T05:00:00,19.21,72.91,3.85
2024-07-02T05:00:00,19.21,72.93,3.06
2024-07-02T05:00:00,19.21,72.95,44.75
2024-07-02T05:00:00,19.21,72.97,6.43
2024-07-02T05:00:00,19.21,72.99,33.47
2024-07-02T05:00:00,19.23,72.77,39.53
2024-07-02T05:00:00,19.23,72.79,30.65
2024-07-02T05:00:00,19.23,72.81,33.56
2024-07-02T05:00:00,19.23,72.83,31.83
2024-07-02T05:00:00,19.23,72.85,1.32
2024-07-02T05:00:00,19.23,72.87,18.17
2024-07-02T05:00:00,19.23,72.89,15.02
2024-07-02T05:00:00,19.23,72.91,8.39
2024-07-02T05:00:00,19.23,72.93,10.22
2024-07-02T05:00:00,19.23,72.95,11.9
2024-07-02T05:00:00,19.23,72.97,10.09
2024-07-02T05:00:00,19.23,72.99,30.12
2024-07-02T05:00:00,19.25,72.77,12.87
2024-07-02T05:00:00,19.25,72.79,79.43
2024-07-02T05:00:00,19.25,72.81,8.55
2024-07-02T05:00:00,19.25,72.83,10.4
2024-07-02T05:00:00,19.25,72.85,12.36
2024-07-02T05:00:00,19.25,72.87,6.98
2024-07-02T05:00:00,19.25,72.89,11.75
2024-07-02T05:00:00,19.25,72.91,8.19
2024-07-02T05:00:00,19.25,72.93,23.41
2024-07-02T05:00:00,19.25,72.95,8.88
2024-07-02T05:00:00,19.25,72.97,5.61
2024-07-02T05:00:00,19.25,72.99,9.45
2024-07-02T06:00:00,18.87,72.77,14.42
2024-07-02T06:00:00,18.87,72.79,11.76
2024-07-02T06:00:00,18.87,72.81,72.58
2024-07-02T06:00:00,18.87,72.83,19.74
2024-07-02T06:00:00,18.87,72.85,4.23
2024-07-02T06:00:00,18.87,72.87,20.97
2024-07-02T06:00:00,18.87,72.89,15.91
2024-07-02T06:00:00,18.87,72.91,18.46
2024-07-02T06:00:00,18.87,72.93,19.61
2024-07-02T06:00:00,18.87,72.95,30.74
2024-07-02T06:00:00,18.87,72.97,10.62
2024-07-02T06:00:00,18.87,72.99,11.3
2024-07-02T06:00:00,18.89,72.77,8.18
2024-07-02T06:00:00,18.89,72.79,17.22
2024-07-02T06:00:00,18.89,72.81,7.02
2024-07-02T06:00:00,18.89,72.83,5.5
2024-07-02T06:00:00,18.89,72.85,42.73
2024-07-02T06:00:00,18.89,72.87,12.4
2024-07-02T06:00:00,18.89,72.89,18.57
2024-07-02T06:00:00,18.89,72.91,7.7
2024-07-02T06:00:00,18.89,72.93,44.67
2024-07-02T06:00:00,18.89,72.95,10.08
2024-07-02T06:00:00,18.89,72.97,33.24
2024-07-02T06:00:00,18.89,72.99,16.97
2024-07-02T06:00:00,18.91,72.77,16.0
2024-07-02T06:00:00,18.91,72.79,18.78
2024-07-02T06:00:00,18.91,72.81,13.31
2024-07-02T06:00:00,18.91,72.83,12.28
2024-07-02T06:00:00,18.91,72.85,16.38
2024-07-02T06:00:00,18.91,72.87,1.87
2024-07-02T06:00:00,18.91,72.89,7.85
2024-07-02T06:00:00,18.91,72.91,21.91
2024-07-02T06:00:00,18.91,72.93,22.77
2024-07-02T06:00:00,18.91,72.95,52.77
2024-07-02T06:00:00,18.91,72.97,24.3
2024-07-02T06:00:00,18.91,72.99,22.74
2024-07-02T06:00:00,18.93,72.77,19.82
2024-07-02T06:00:00,18.93,72.79,33.81
2024-07-02T06:00:00,18.93,72.81,16.14
2024-07-02T06:00:00,18.93,72.83,14.56
2024-07-02T06:00:00,18.93,72.85,14.49
2024-07-02T06:00:00,18.93,72.87,29.88
2024-07-02T06:00:00,18.93,72.89,13.71
2024-07-02T06:00:00,18.93,72.91,17.95
2024-07-02T06:00:00,18.93,72.93,8.12
2024-07-02T06:00:00,18.93,72.95,41.78
2024-07-02T06:00:00,18.93,72.97,9.43
2024-07-02T06:00:00,18.93,72.99,12.16
2024-07-02T06:00:00,18.95,72.77,29.06
2024-07-02T06:00:00,18.95,72.79,36.9
2024-07-02T06:00:00,18.95,72.81,15.67
2024-07-02T06:00:00,18.95,72.83,24.03
2024-07-02T06:00:00,18.95,72.85,6.81
2024-07-02T06:00:00,18.95,72.87,16.3
2024-07-02T06:00:00,18.95,72.89,22.13
2024-07-02T06:00:00,18.95,72.91,34.68
2024-07-02T06:00:00,18.95,72.93,3.97
2024-07-02T06:00:00,18.95,72.95,5.25
2024-07-02T06:00:00,18.95,72.97,2.51
2024-07-02T06:00:00,18.95,72.99,4.24
2024-07-02T06:00:00,18.97,72.77,35.84
2024-07-02T06:00:00,18.97,72.79,9.4
2024-07-02T06:00:00,18.97,72.81,15.28
2024-07-02T06:00:00,18.97,72.83,6.19
2024-07-02T06:00:00,18.97,72.85,9.5
2024-07-02T06:00:00,18.97,72.87,42.43
2024-07-02T06:00:00,18.97,72.89,16.96
2024-07-02T06:00:00,18.97,72.91,19.52
2024-07-02T06:00:00,18.97,72.93,11.55
2024-07-02T06:00:00,18.97,72.95,26.53
2024-07-02T06:00:00,18.97,72.97,25.63
2024-07-02T06:00:00,18.97,72.99,10.06
2024-07-02T06:00:00,18.99,72.77,15.5
2024-07-02T06:00:00,18.99,72.79,35.67
2024-07-02T06:00:00,18.99,72.81,15.22
2024-07-02T06:00:00,18.99,72.83,10.75
2024-07-02T06:00:00,18.99,72.85,11.08
2024-07-02T06:00:00,18.99,72.87,9.22
2024-07-02T06:00:00,18.99,72.89,13.64
2024-07-02T06:00:00,18.99,72.91,9.07
2024-07-02T06:00:00,18.99,72.93,13.08
2024-07-02T06:00:00,18.99,72.95,6.9
2024-07-02T06:00:00,18.99,72.97,15.99
2024-07-02T06:00:00,18.99,72.99,17.46
2024-07-02T06:00:00,19.01,72.77,25.27
2024-07-02T06:00:00,19.01,72.79,22.02
2024-07-02T06:00:00,19.01,72.81,29.46
2024-07-02T06:00:00,19.01,72.83,15.54
2024-07-02T06:00:00,19.01,72.85,14.17
2024-07-02T06:00:00,19.01,72.87,8.33
2024-07-02T06:00:00,19.01,72.89,22.91
2024-07-02T06:00:00,19.01,72.91,8.41
2024-07-02T06:00:00,19.01,72.93,2.37
2024-07-02T06:00:00,19.01,72.95,7.39
2024-07-02T06:00:00,19.01,72.97,22.41
2024-07-02T06:00:00,19.01,72.99,19.1
2024-07-02T06:00:00,19.03,72.77,18.75
2024-07-02T06:00:00,19.03,72.79,60.14
2024-07-02T06:00:00,19.03,72.81,19.1
2024-07-02T06:00:00,19.03,72.83,7.27
2024-07-02T06:00:00,19.03,72.85,6.54
2024-07-02T06:00:00,19.03,72.87,19.74
2024-07-02T06:00:00,19.03,72.89,34.52
2024-07-02T06:00:00,19.03,72.91,13.11
2024-07-02T06:00:00,19.03,72.93,16.96
2024-07-02T06:00:00,19.03,72.95,17.3
2024-07-02T06:00:00,19.03,72.97,50.26
2024-07-02T06:00:00,19.03,72.99,23.43
2024-07-02T06:00:00,19.05,72.77,35.26
2024-07-02T06:00:00,19.05,72.79,7.44
2024-07-02T06:00:00,19.05,72.81,9.47
2024-07-02T06:00:00,19.05,72.83,8.63
2024-07-02T06:00:00,19.05,72.85,11.69
2024-07-02T06:00:00,19.05,72.87,14.5
2024-07-02T06:00:00,19.05,72.89,16.77
2024-07-02T06:00:00,19.05,72.91,12.42
2024-07-02T06:00:00,19.05,72.93,7.57
2024-07-02T06:00:00,19.05,72.95,5.09
2024-07-02T06:00:00,19.05,72.97,16.76
2024-07-02T06:00:00,19.05,72.99,20.06
2024-07-02T06:00:00,19.07,72.77,13.59
2024-07-02T06:00:00,19.07,72.79,3.33
2024-07-02T06:00:00,19.07,72.81,28.11
2024-07-02T06:00:00,19.07,72.83,12.01
2024-07-02T06:00:00,19.07,72.85,4.19
2024-07-02T06:00:00,19.07,72.87,13.56
2024-07-02T06:00:00,19.07,72.89,26.62
2024-07-02T06:00:00,19.07,72.91,9.47
2024-07-02T06:00:00,19.07,72.93,0.9
2024-07-02T06:00:00,19.07,72.95,10.12
2024-07-02T06:00:00,19.07,72.97,7.01
2024-07-02T06:00:00,19.07,72.99,13.83
2024-07-02T06:00:00,19.09,72.77,15.88
2024-07-02T06:00:00,19.09,72.79,10.27
2024-07-02T06:00:00,19.09,72.81,9.48
2024-07-02T06:00:00,19.09,72.83,34.42
2024-07-02T06:00:00,19.09,72.85,20.14
2024-07-02T06:00:00,19.09,72.87,19.22
2024-07-02T06:00:00,19.09,72.89,24.44
2024-07-02T06:00:00,19.09,72.91,10.87
2024-07-02T06:00:00,19.09,72.93,36.28
2024-07-02T06:00:00,19.09,72.95,15.95
2024-07-02T06:00:00,19.09,72.97,13.53
2024-07-02T06:00:00,19.09,72.99,15.33
2024-07-02T06:00:00,19.11,72.77,12.58
2024-07-02T06:00:00,19.11,72.79,8.94
2024-07-02T06:00:00,19.11,72.81,31.39
2024-07-02T06:00:00,19.11,72.83,5.33
2024-07-02T06:00:00,19.11,72.85,5.61
2024-07-02T06:00:00,19.11,72.87,12.6
2024-07-02T06:00:00,19.11,72.89,6.58
2024-07-02T06:00:00,19.11,72.91,2.87
2024-07-02T06:00:00,19.11,72.93,4.99
2024-07-02T06:00:00,19.11,72.95,6.37
2024-07-02T06:00:00,19.11,72.97,16.21
2024-07-02T06:00:00,19.11,72.99,10.62
2024-07-02T06:00:00,19.13,72.77,29.64
2024-07-02T06:00:00,19.13,72.79,5.62
2024-07-02T06:00:00,19.13,72.81,6.34
2024-07-02T06:00:00,19.13,72.83,16.75
2024-07-02T06:00:00,19.13,72.85,7.93
2024-07-02T06:00:00,19.13,72.87,10.5
2024-07-02T06:00:00,19.13,72.89,5.25
2024-07-02T06:00:00,19.13,72.91,4.83
2024-07-02T06:00:00,19.13,72.93,7.05
2024-07-02T06:00:00,19.13,72.95,24.73
2024-07-02T06:00:00,19.13,72.97,3.63
2024-07-02T06:00:00,19.13,72.99,25.87
2024-07-02T06:00:00,19.15,72.77,28.87
2024-07-02T06:00:00,19.15,72.79,10.25
2024-07-02T06:00:00,19.15,72.81,14.88
2024-07-02T06:00:00,19.15,72.83,17.75
2024-07-02T06:00:00,19.15,72.85,22.14
2024-07-02T06:00:00,19.15,72.87,5.86
2024-07-02T06:00:00,19.15,72.89,22.85
2024-07-02T06:00:00,19.15,72.91,13.98
2024-07-02T06:00:00,19.15,72.93,5.86
2024-07-02T06:00:00,19.15,72.95,13.59
2024-07-02T06:00:00,19.15,72.97,5.62
2024-07-02T06:00:00,19.15,72.99,11.99
2024-07-02T06:00:00,19.17,72.77,10.97
2024-07-02T06:00:00,19.17,72.79,17.04
2024-07-02T06:00:00,19.17,72.81,17.25
2024-07-02T06:00:00,19.17,72.83,33.2
2024-07-02T06:00:00,19.17,72.85,21.26
2024-07-02T06:00:00,19.17,72.87,18.27
2024-07-02T06:00:00,19.17,72.89,2.76
2024-07-02T06:00:00,19.17,72.91,25.1
2024-07-02T06:00:00,19.17,72.93,9.26
2024-07-02T06:00:00,19.17,72.95,4.96
2024-07-02T06:00:00,19.17,72.97,43.94
2024-07-02T06:00:00,19.17,72.99,6.93
2024-07-02T06:00:00,19.19,72.77,38.98
2024-07-02T06:00:00,19.19,72.79,18.98
2024-07-02T06:00:00,19.19,72.81,21.35
2024-07-02T06:00:00,19.19,72.83,14.18
2024-07-02T06:00:00,19.19,72.85,6.54
2024-07-02T06:00:00,19.19,72.87,22.44
2024-07-02T06:00:00,19.19,72.89,15.81
2024-07-02T06:00:00,19.19,72.91,15.33
2024-07-02T06:00:00,19.19,72.93,13.52
2024-07-02T06:00:00,19.19,72.95,10.31
2024-07-02T06:00:00,19.19,72.97,20.49
2024-07-02T06:00:00,19.19,72.99,17.34
2024-07-02T06:00:00,19.21,72.77,27.97
2024-07-02T06:00:00,19.21,72.79,12.87
2024-07-02T06:00:00,19.21,72.81,11.73
2024-07-02T06:00:00,19.21,72.83,9.33
2024-07-02T06:00:00,19.21,72.85,15.05
2024-07-02T06:00:00,19.21,72.87,2.96
2024-07-02T06:00:00,19.21,72.89,62.42
2024-07-02T06:00:00,19.21,72.91,7.8
2024-07-02T06:00:00,19.21,72.93,28.99
2024-07-02T06:00:00,19.21,72.95,8.94
2024-07-02T06:00:00,19.21,72.97,18.67
2024-07-02T06:00:00,19.21,72.99,36.53
2024-07-02T06:00:00,19.23,72.77,22.74
2024-07-02T06:00:00,19.23,72.79,43.78
2024-07-02T06:00:00,19.23,72.81,32.06
2024-07-02T06:00:00,19.23,72.83,6.33
2024-07-02T06:00:00,19.23,72.85,23.25
2024-07-02T06:00:00,19.23,72.87,17.63
2024-07-02T06:00:00,19.23,72.89,7.43
2024-07-02T06:00:00,19.23,72.91,26.78
2024-07-02T06:00:00,19.23,72.93,4.6
2024-07-02T06:00:00,19.23,72.95,24.7
2024-07-02T06:00:00,19.23,72.97,20.8
2024-07-02T06:00:00,19.23,72.99,13.35
2024-07-02T06:00:00,19.25,72.77,9.75
2024-07-02T06:00:00,19.25,72.79,25.04
2024-07-02T06:00:00,19.25,72.81,2.27
2024-07-02T06:00:00,19.25,72.83,7.56
2024-07-02T06:00:00,19.25,72.85,13.97
2024-07-02T06:00:00,19.25,72.87,14.93
2024-07-02T06:00:00,19.25,72.89,7.18
2024-07-02T06:00:00,19.25,72.91,7.18
2024-07-02T06:00:00,19.25,72.93,18.98
2024-07-02T06:00:00,19.25,72.95,5.7
2024-07-02T06:00:00,19.25,72.97,9.4
2024-07-02T06:00:00,19.25,72.99,4.37
2024-07-02T07:00:00,18.87,72.77,14.77
2024-07-02T07:00:00,18.87,72.79,11.78
2024-07-02T07:00:00,18.87,72.81,1.85
2024-07-02T07:00:00,18.87,72.83,3.81
2024-07-02T07:00:00,18.87,72.85,29.77
2024-07-02T07:00:00,18.87,72.87,7.1
2024-07-02T07:00:00,18.87,72.89,15.87
2024-07-02T07:00:00,18.87,72.91,5.03
2024-07-02T07:00:00,18.87,72.93,30.0
2024-07-02T07:00:00,18.87,72.95,2.3
2024-07-02T07:00:00,18.87,72.97,24.66
2024-07-02T07:00:00,18.87,72.99,12.04
2024-07-02T07:00:00,18.89,72.77,22.95
2024-07-02T07:00:00,18.89,72.79,32.7
2024-07-02T07:00:00,18.89,72.81,16.18
2024-07-02T07:00:00,18.89,72.83,39.51
2024-07-02T07:00:00,18.89,72.85,29.73
2024-07-02T07:00:00,18.89,72.87,19.5
2024-07-02T07:00:00,18.89,72.89,25.41
2024-07-02T07:00:00,18.89,72.91,11.97
2024-07-02T07:00:00,18.89,72.93,5.47
2024-07-02T07:00:00,18.89,72.95,48.41
2024-07-02T07:00:00,18.89,72.97,11.94
2024-07-02T07:00:00,18.89,72.99,13.87
2024-07-02T07:00:00,18.91,72.77,4.37
2024-07-02T07:00:00,18.91,72.79,34.06
2024-07-02T07:00:00,18.91,72.81,16.43
2024-07-02T07:00:00,18.91,72.83,19.18
2024-07-02T07:00:00,18.91,72.85,20.49
2024-07-02T07:00:00,18.91,72.87,6.94
2024-07-02T07:00:00,18.91,72.89,29.35
2024-07-02T07:00:00,18.91,72.91,15.7
2024-07-02T07:00:00,18.91,72.93,1.73
2024-07-02T07:00:00,18.91,72.95,24.06
2024-07-02T07:00:00,18.91,72.97,10.56
2024-07-02T07:00:00,18.91,72.99,6.78
2024-07-02T07:00:00,18.93,72.77,3.2
2024-07-02T07:00:00,18.93,72.79,10.43
2024-07-02T07:00:00,18.93,72.81,9.24
2024-07-02T07:00:00,18.93,72.83,29.43
2024-07-02T07:00:00,18.93,72.85,8.21
2024-07-02T07:00:00,18.93,72.87,3.4
2024-07-02T07:00:00,18.93,72.89,17.97
2024-07-02T07:00:00,18.93,72.91,27.72
2024-07-02T07:00:00,18.93,72.93,9.26
2024-07-02T07:00:00,18.93,72.95,39.23
2024-07-02T07:00:00,18.93,72.97,23.47
2024-07-02T07:00:00,18.93,72.99,27.45
2024-07-02T07:00:00,18.95,72.77,20.72
2024-07-02T07:00:00,18.95,72.79,18.51
2024-07-02T07:00:00,18.95,72.81,8.35
2024-07-02T07:00:00,18.95,72.83,38.26
2024-07-02T07:00:00,18.95,72.85,33.26
2024-07-02T07:00:00,18.95,72.87,36.91
2024-07-02T07:00:00,18.95,72.89,12.27
2024-07-02T07:00:00,18.95,72.91,9.57
2024-07-02T07:00:00,18.95,72.93,20.4
2024-07-02T07:00:00,18.95,72.95,8.21
2024-07-02T07:00:00,18.95,72.97,11.49
2024-07-02T07:00:00,18.95,72.99,1.89
2024-07-02T07:00:00,18.97,72.77,17.9
2024-07-02T07:00:00,18.97,72.79,21.68
2024-07-02T07:00:00,18.97,72.81,33.67
2024-07-02T07:00:00,18.97,72.83,23.43
2024-07-02T07:00:00,18.97,72.85,25.55
2024-07-02T07:00:00,18.97,72.87,40.66
2024-07-02T07:00:00,18.97,72.89,6.44
2024-07-02T07:00:00,18.97,72.91,5.39
2024-07-02T07:00:00,18.97,72.93,13.89
2024-07-02T07:00:00,18.97,72.95,4.65
2024-07-02T07:00:00,18.97,72.97,14.81
2024-07-02T07:00:00,18.97,72.99,4.66
2024-07-02T07:00:00,18.99,72.77,7.14
2024-07-02T07:00:00,18.99,72.79,3.14
2024-07-02T07:00:00,18.99,72.81,16.64
2024-07-02T07:00:00,18.99,72.83,4.2
2024-07-02T07:00:00,18.99,72.85,19.07
2024-07-02T07:00:00,18.99,72.87,20.81
2024-07-02T07:00:00,18.99,72.89,7.08
2024-07-02T07:00:00,18.99,72.91,21.87
2024-07-02T07:00:00,18.99,72.93,19.82
2024-07-02T07:00:00,18.99,72.95,24.72
2024-07-02T07:00:00,18.99,72.97,6.11
2024-07-02T07:00:00,18.99,72.99,5.81
2024-07-02T07:00:00,19.01,72.77,23.08
2024-07-02T07:00:00,19.01,72.79,16.31
2024-07-02T07:00:00,19.01,72.81,16.93
2024-07-02T07:00:00,19.01,72.83,33.48
2024-07-02T07:00:00,19.01,72.85,24.5
2024-07-02T07:00:00,19.01,72.87,21.11
2024-07-02T07:00:00,19.01,72.89,19.05
2024-07-02T07:00:00,19.01,72.91,24.27
2024-07-02T07:00:00,19.01,72.93,10.52
2024-07-02T07:00:00,19.01,72.95,4.51
2024-07-02T07:00:00,19.01,72.97,7.26
2024-07-02T07:00:00,19.01,72.99,6.42
2024-07-02T07:00:00,19.03,72.77,0.79
2024-07-02T07:00:00,19.03,72.79,21.74
2024-07-02T07:00:00,19.03,72.81,10.9
2024-07-02T07:00:00,19.03,72.83,11.94
2024-07-02T07:00:00,19.03,72.85,8.6
2024-07-02T07:00:00,19.03,72.87,12.7
2024-07-02T07:00:00,19.03,72.89,34.21
2024-07-02T07:00:00,19.03,72.91,2.65
2024-07-02T07:00:00,19.03,72.93,36.89
2024-07-02T07:00:00,19.03,72.95,14.09
2024-07-02T07:00:00,19.03,72.97,8.03
2024-07-02T07:00:00,19.03,72.99,8.7
2024-07-02T07:00:00,19.05,72.77,7.04
2024-07-02T07:00:00,19.05,72.79,2.07
2024-07-02T07:00:00,19.05,72.81,5.66
2024-07-02T07:00:00,19.05,72.83,13.39
2024-07-02T07:00:00,19.05,72.85,10.89
2024-07-02T07:00:00,19.05,72.87,17.81
2024-07-02T07:00:00,19.05,72.89,8.27
2024-07-02T07:00:00,19.05,72.91,7.23
2024-07-02T07:00:00,19.05,72.93,45.26
2024-07-02T07:00:00,19.05,72.95,5.77
2024-07-02T07:00:00,19.05,72.97,5.99
2024-07-02T07:00:00,19.05,72.99,22.43
2024-07-02T07:00:00,19.07,72.77,24.24
2024-07-02T07:00:00,19.07,72.79,10.42
2024-07-02T07:00:00,19.07,72.81,24.08
2024-07-02T07:00:00,19.07,72.83,14.61
2024-07-02T07:00:00,19.07,72.85,8.74
2024-07-02T07:00:00,19.07,72.87,20.09
2024-07-02T07:00:00,19.07,72.89,12.61
2024-07-02T07:00:00,19.07,72.91,1.91
2024-07-02T07:00:00,19.07,72.93,18.89
2024-07-02T07:00:00,19.07,72.95,10.64
2024-07-02T07:00:00,19.07,72.97,30.14
2024-07-02T07:00:00,19.07,72.99,20.56
2024-07-02T07:00:00,19.09,72.77,16.91
2024-07-02T07:00:00,19.09,72.79,10.66
2024-07-02T07:00:00,19.09,72.81,13.67
2024-07-02T07:00:00,19.09,72.83,6.29
2024-07-02T07:00:00,19.09,72.85,15.05
2024-07-02T07:00:00,19.09,72.87,34.84
2024-07-02T07:00:00,19.09,72.89,41.48
2024-07-02T07:00:00,19.09,72.91,27.15
2024-07-02T07:00:00,19.09,72.93,13.24
2024-07-02T07:00:00,19.09,72.95,3.14
2024-07-02T07:00:00,19.09,72.97,10.96
2024-07-02T07:00:00,19.09,72.99,21.48
2024-07-02T07:00:00,19.11,72.77,25.56
2024-07-02T07:00:00,19.11,72.79,12.5
2024-07-02T07:00:00,19.11,72.81,11.39
2024-07-02T07:00:00,19.11,72.83,17.7
2024-07-02T07:00:00,19.11,72.85,13.55
2024-07-02T07:00:00,19.11,72.87,12.02
2024-07-02T07:00:00,19.11,72.89,11.32
2024-07-02T07:00:00,19.11,72.91,29.69
2024-07-02T07:00:00,19.11,72.93,4.98
2024-07-02T07:00:00,19.11,72.95,9.29
2024-07-02T07:00:00,19.11,72.97,9.55
2024-07-02T07:00:00,19.11,72.99,12.86
2024-07-02T07:00:00,19.13,72.77,14.86
2024-07-02T07:00:00,19.13,72.79,13.69
2024-07-02T07:00:00,19.13,72.81,6.06
2024-07-02T07:00:00,19.13,72.83,13.57
2024-07-02T07:00:00,19.13,72.85,20.23
2024-07-02T07:00:00,19.13,72.87,14.73
2024-07-02T07:00:00,19.13,72.89,5.1
2024-07-02T07:00:00,19.13,72.91,13.13
2024-07-02T07:00:00,19.13,72.93,12.29
2024-07-02T07:00:00,19.13,72.95,9.01
2024-07-02T07:00:00,19.13,72.97,13.48
2024-07-02T07:00:00,19.13,72.99,6.93
2024-07-02T07:00:00,19.15,72.77,23.41
2024-07-02T07:00:00,19.15,72.79,45.41
2024-07-02T07:00:00,19.15,72.81,23.31
2024-07-02T07:00:00,19.15,72.83,7.09
2024-07-02T07:00:00,19.15,72.85,20.06
2024-07-02T07:00:00,19.15,72.87,23.02
2024-07-02T07:00:00,19.15,72.89,16.27
2024-07-02T07:00:00,19.15,72.91,17.11
2024-07-02T07:00:00,19.15,72.93,11.31
2024-07-02T07:00:00,19.15,72.95,4.16
2024-07-02T07:00:00,19.15,72.97,10.38
2024-07-02T07:00:00,19.15,72.99,5.3
2024-07-02T07:00:00,19.17,72.77,12.3
2024-07-02T07:00:00,19.17,72.79,9.27
2024-07-02T07:00:00,19.17,72.81,6.04
2024-07-02T07:00:00,19.17,72.83,31.75
2024-07-02T07:00:00,19.17,72.85,13.03
2024-07-02T07:00:00,19.17,72.87,8.55
2024-07-02T07:00:00,19.17,72.89,2.86
2024-07-02T07:00:00,19.17,72.91,21.28
2024-07-02T07:00:00,19.17,72.93,14.17
2024-07-02T07:00:00,19.17,72.95,41.11
2024-07-02T07:00:00,19.17,72.97,6.58
2024-07-02T07:00:00,19.17,72.99,25.59
2024-07-02T07:00:00,19.19,72.77,13.15
2024-07-02T07:00:00,19.19,72.79,6.9
2024-07-02T07:00:00,19.19,72.81,10.1
2024-07-02T07:00:00,19.19,72.83,14.58
2024-07-02T07:00:00,19.19,72.85,8.76
2024-07-02T07:00:00,19.19,72.87,4.65
2024-07-02T07:00:00,19.19,72.89,5.88
2024-07-02T07:00:00,19.19,72.91,17.63
2024-07-02T07:00:00,19.19,72.93,5.04
2024-07-02T07:00:00,19.19,72.95,7.08
2024-07-02T07:00:00,19.19,72.97,5.04
2024-07-02T07:00:00,19.19,72.99,13.74
2024-07-02T07:00:00,19.21,72.77,67.77
2024-07-02T07:00:00,19.21,72.79,19.92
2024-07-02T07:00:00,19.21,72.81,7.52
2024-07-02T07:00:00,19.21,72.83,16.13
2024-07-02T07:00:00,19.21,72.85,7.49
2024-07-02T07:00:00,19.21,72.87,14.33
2024-07-02T07:00:00,19.21,72.89,31.87
2024-07-02T07:00:00,19.21,72.91,11.7
2024-07-02T07:00:00,19.21,72.93,15.14
2024-07-02T07:00:00,19.21,72.95,11.64
2024-07-02T07:00:00,19.21,72.97,21.39
2024-07-02T07:00:00,19.21,72.99,17.88
2024-07-02T07:00:00,19.23,72.77,11.12
2024-07-02T07:00:00,19.23,72.79,22.27
2024-07-02T07:00:00,19.23,72.81,15.59
2024-07-02T07:00:00,19.23,72.83,9.53
2024-07-02T07:00:00,19.23,72.85,9.41
2024-07-02T07:00:00,19.23,72.87,14.1
2024-07-02T07:00:00,19.23,72.89,15.59
2024-07-02T07:00:00,19.23,72.91,10.74
2024-07-02T07:00:00,19.23,72.93,15.24
2024-07-02T07:00:00,19.23,72.95,6.28
2024-07-02T07:00:00,19.23,72.97,4.69
2024-07-02T07:00:00,19.23,72.99,3.0
2024-07-02T07:00:00,19.25,72.77,20.94
2024-07-02T07:00:00,19.25,72.79,3.41
2024-07-02T07:00:00,19.25,72.81,17.41
2024-07-02T07:00:00,19.25,72.83,9.1
2024-07-02T07:00:00,19.25,72.85,10.15
2024-07-02T07:00:00,19.25,72.87,10.02
2024-07-02T07:00:00,19.25,72.89,51.16
2024-07-02T07:00:00,19.25,72.91,7.52
2024-07-02T07:00:00,19.25,72.93,5.51
2024-07-02T07:00:00,19.25,72.95,36.27
2024-07-02T07:00:00,19.25,72.97,3.37
2024-07-02T07:00:00,19.25,72.99,4.09
2024-07-02T08:00:00,18.87,72.77,23.04
2024-07-02T08:00:00,18.87,72.79,16.34
2024-07-02T08:00:00,18.87,72.81,8.81
2024-07-02T08:00:00,18.87,72.83,4.94
2024-07-02T08:00:00,18.87,72.85,1.59
2024-07-02T08:00:00,18.87,72.87,30.03
2024-07-02T08:00:00,18.87,72.89,17.41
2024-07-02T08:00:00,18.87,72.91,26.73
2024-07-02T08:00:00,18.87,72.93,21.19
2024-07-02T08:00:00,18.87,72.95,14.03
2024-07-02T08:00:00,18.87,72.97,6.2
2024-07-02T08:00:00,18.87,72.99,4.22
2024-07-02T08:00:00,18.89,72.77,27.66
2024-07-02T08:00:00,18.89,72.79,8.59
2024-07-02T08:00:00,18.89,72.81,5.35
2024-07-02T08:00:00,18.89,72.83,6.77
2024-07-02T08:00:00,18.89,72.85,25.64
2024-07-02T08:00:00,18.89,72.87,5.39
2024-07-02T08:00:00,18.89,72.89,8.0
2024-07-02T08:00:00,18.89,72.91,9.74
2024-07-02T08:00:00,18.89,72.93,12.27
2024-07-02T08:00:00,18.89,72.95,4.65
2024-07-02T08:00:00,18.89,72.97,9.01
2024-07-02T08:00:00,18.89,72.99,18.15
2024-07-02T08:00:00,18.91,72.77,45.63
2024-07-02T08:00:00,18.91,72.79,4.77
2024-07-02T08:00:00,18.91,72.81,5.31
2024-07-02T08:00:00,18.91,72.83,5.84
2024-07-02T08:00:00,18.91,72.85,17.43
2024-07-02T08:00:00,18.91,72.87,4.56
2024-07-02T08:00:00,18.91,72.89,9.44
2024-07-02T08:00:00,18.91,72.91,8.54
2024-07-02T08:00:00,18.91,72.93,39.38
2024-07-02T08:00:00,18.91,72.95,6.4
2024-07-02T08:00:00,18.91,72.97,6.0
2024-07-02T08:00:00,18.91,72.99,15.21
2024-07-02T08:00:00,18.93,72.77,15.67
2024-07-02T08:00:00,18.93,72.79,6.96
2024-07-02T08:00:00,18.93,72.81,28.32
2024-07-02T08:00:00,18.93,72.83,3.37
2024-07-02T08:00:00,18.93,72.85,10.67
2024-07-02T08:00:00,18.93,72.87,8.48
2024-07-02T08:00:00,18.93,72.89,9.53
2024-07-02T08:00:00,18.93,72.91,5.94
2024-07-02T08:00:00,18.93,72.93,9.31
2024-07-02T08:00:00,18.93,72.95,11.57
2024-07-02T08:00:00,18.93,72.97,0.83
2024-07-02T08:00:00,18.93,72.99,6.68
2024-07-02T08:00:00,18.95,72.77,6.44
2024-07-02T08:00:00,18.95,72.79,37.29
2024-07-02T08:00:00,18.95,72.81,16.04
2024-07-02T08:00:00,18.95,72.83,5.6
2024-07-02T08:00:00,18.95,72.85,7.32
2024-07-02T08:00:00,18.95,72.87,8.73
2024-07-02T08:00:00,18.95,72.89,6.87
2024-07-02T08:00:00,18.95,72.91,14.97
2024-07-02T08:00:00,18.95,72.93,27.98
2024-07-02T08:00:00,18.95,72.95,0.28
2024-07-02T08:00:00,18.95,72.97,7.56
2024-07-02T08:00:00,18.95,72.99,35.36
2024-07-02T08:00:00,18.97,72.77,9.88
2024-07-02T08:00:00,18.97,72.79,14.56
2024-07-02T08:00:00,18.97,72.81,1.33
2024-07-02T08:00:00,18.97,72.83,27.33
2024-07-02T08:00:00,18.97,72.85,4.32
2024-07-02T08:00:00,18.97,72.87,14.58
2024-07-02T08:00:00,18.97,72.89,4.83
2024-07-02T08:00:00,18.97,72.91,0.56
2024-07-02T08:00:00,18.97,72.93,12.81
2024-07-02T08:00:00,18.97,72.95,16.7
2024-07-02T08:00:00,18.97,72.97,9.25
2024-07-02T08:00:00,18.97,72.99,3.35
2024-07-02T08:00:00,18.99,72.77,51.37
2024-07-02T08:00:00,18.99,72.79,19.63
2024-07-02T08:00:00,18.99,72.81,13.15
2024-07-02T08:00:00,18.99,72.83,24.43
2024-07-02T08:00:00,18.99,72.85,7.19
2024-07-02T08:00:00,18.99,72.87,35.64
2024-07-02T08:00:00,18.99,72.89,17.44
2024-07-02T08:00:00,18.99,72.91,20.84
2024-07-02T08:00:00,18.99,72.93,7.69
2024-07-02T08:00:00,18.99,72.95,3.8
2024-07-02T08:00:00,18.99,72.97,11.16
2024-07-02T08:00:00,18.99,72.99,6.51
2024-07-02T08:00:00,19.01,72.77,44.19
2024-07-02T08:00:00,19.01,72.79,3.46
2024-07-02T08:00:00,19.01,72.81,29.74
2024-07-02T08:00:00,19.01,72.83,2.28
2024-07-02T08:00:00,19.01,72.85,5.04
2024-07-02T08:00:00,19.01,72.87,2.11
2024-07-02T08:00:00,19.01,72.89,6.88
2024-07-02T08:00:00,19.01,72.91,8.71
2024-07-02T08:00:00,19.01,72.93,5.93
2024-07-02T08:00:00,19.01,72.95,13.45
2024-07-02T08:00:00,19.01,72.97,8.31
2024-07-02T08:00:00,19.01,72.99,1.15
2024-07-02T08:00:00,19.03,72.77,5.39
2024-07-02T08:00:00,19.03,72.79,9.05
2024-07-02T08:00:00,19.03,72.81,24.39
2024-07-02T08:00:00,19.03,72.83,12.31
2024-07-02T08:00:00,19.03,72.85,7.51
2024-07-02T08:00:00,19.03,72.87,2.75
2024-07-02T08:00:00,19.03,72.89,11.82
2024-07-02T08:00:00,19.03,72.91,25.1
2024-07-02T08:00:00,19.03,72.93,7.9
2024-07-02T08:00:00,19.03,72.95,4.71
2024-07-02T08:00:00,19.03,72.97,14.7
2024-07-02T08:00:00,19.03,72.99,20.74
2024-07-02T08:00:00,19.05,72.77,10.75
2024-07-02T08:00:00,19.05,72.79,19.53
2024-07-02T08:00:00,19.05,72.81,8.27
2024-07-02T08:00:00,19.05,72.83,19.05
2024-07-02T08:00:00,19.05,72.85,27.76
2024-07-02T08:00:00,19.05,72.87,20.01
2024-07-02T08:00:00,19.05,72.89,15.36
2024-07-02T08:00:00,19.05,72.91,31.8
2024-07-02T08:00:00,19.05,72.93,8.22
2024-07-02T08:00:00,19.05,72.95,14.5
2024-07-02T08:00:00,19.05,72.97,8.15
2024-07-02T08:00:00,19.05,72.99,14.06
2024-07-02T08:00:00,19.07,72.77,20.31
2024-07-02T08:00:00,19.07,72.79,23.31
2024-07-02T08:00:00,19.07,72.81,11.99
2024-07-02T08:00:00,19.07,72.83,1.84
2024-07-02T08:00:00,19.07,72.85,9.34
2024-07-02T08:00:00,19.07,72.87,17.22
2024-07-02T08:00:00,19.07,72.89,13.26
2024-07-02T08:00:00,19.07,72.91,14.41
2024-07-02T08:00:00,19.07,72.93,17.32
2024-07-02T08:00:00,19.07,72.95,3.79
2024-07-02T08:00:00,19.07,72.97,17.34
2024-07-02T08:00:00,19.07,72.99,30.69
2024-07-02T08:00:00,19.09,72.77,9.35
2024-07-02T08:00:00,19.09,72.79,23.64
2024-07-02T08:00:00,19.09,72.81,12.54
2024-07-02T08:00:00,19.09,72.83,15.5
2024-07-02T08:00:00,19.09,72.85,20.31
2024-07-02T08:00:00,19.09,72.87,13.51
2024-07-02T08:00:00,19.09,72.89,7.56
2024-07-02T08:00:00,19.09,72.91,13.36
2024-07-02T08:00:00,19.09,72.93,4.77
2024-07-02T08:00:00,19.09,72.95,2.59
2024-07-02T08:00:00,19.09,72.97,25.68
2024-07-02T08:00:00,19.09,72.99,13.69
2024-07-02T08:00:00,19.11,72.77,20.46
2024-07-02T08:00:00,19.11,72.79,14.43
2024-07-02T08:00:00,19.11,72.81,2.35
2024-07-02T08:00:00,19.11,72.83,28.36
2024-07-02T08:00:00,19.11,72.85,7.93
2024-07-02T08:00:00,19.11,72.87,9.03
2024-07-02T08:00:00,19.11,72.89,24.25
2024-07-02T08:00:00,19.11,72.91,4.8
2024-07-02T08:00:00,19.11,72.93,7.92
2024-07-02T08:00:00,19.11,72.95,7.34
2024-07-02T08:00:00,19.11,72.97,4.43
2024-07-02T08:00:00,19.11,72.99,10.52
2024-07-02T08:00:00,19.13,72.77,6.32
2024-07-02T08:00:00,19.13,72.79,30.93
2024-07-02T08:00:00,19.13,72.81,2.8
2024-07-02T08:00:00,19.13,72.83,3.81
2024-07-02T08:00:00,19.13,72.85,8.62
2024-07-02T08:00:00,19.13,72.87,10.76
2024-07-02T08:00:00,19.13,72.89,6.1
2024-07-02T08:00:00,19.13,72.91,17.84
2024-07-02T08:00:00,19.13,72.93,8.81
2024-07-02T08:00:00,19.13,72.95,14.71
2024-07-02T08:00:00,19.13,72.97,24.0
2024-07-02T08:00:00,19.13,72.99,29.07
2024-07-02T08:00:00,19.15,72.77,9.87
2024-07-02T08:00:00,19.15,72.79,13.02
2024-07-02T08:00:00,19.15,72.81,14.55
2024-07-02T08:00:00,19.15,72.83,9.25
2024-07-02T08:00:00,19.15,72.85,4.71
2024-07-02T08:00:00,19.15,72.87,22.12
2024-07-02T08:00:00,19.15,72.89,4.5
2024-07-02T08:00:00,19.15,72.91,22.63
2024-07-02T08:00:00,19.15,72.93,14.18
2024-07-02T08:00:00,19.15,72.95,12.08
2024-07-02T08:00:00,19.15,72.97,5.35
2024-07-02T08:00:00,19.15,72.99,1.39
2024-07-02T08:00:00,19.17,72.77,25.02
2024-07-02T08:00:00,19.17,72.79,6.48
2024-07-02T08:00:00,19.17,72.81,17.05
2024-07-02T08:00:00,19.17,72.83,17.22
2024-07-02T08:00:00,19.17,72.85,11.16
2024-07-02T08:00:00,19.17,72.87,13.2
2024-07-02T08:00:00,19.17,72.89,14.61
2024-07-02T08:00:00,19.17,72.91,11.89
2024-07-02T08:00:00,19.17,72.93,5.0
2024-07-02T08:00:00,19.17,72.95,2.42
2024-07-02T08:00:00,19.17,72.97,5.71
2024-07-02T08:00:00,19.17,72.99,7.17
2024-07-02T08:00:00,19.19,72.77,31.5
2024-07-02T08:00:00,19.19,72.79,4.21
2024-07-02T08:00:00,19.19,72.81,32.48
2024-07-02T08:00:00,19.19,72.83,38.51
2024-07-02T08:00:00,19.19,72.85,6.63
2024-07-02T08:00:00,19.19,72.87,35.77
2024-07-02T08:00:00,19.19,72.89,9.49
2024-07-02T08:00:00,19.19,72.91,8.14
2024-07-02T08:00:00,19.19,72.93,25.73
2024-07-02T08:00:00,19.19,72.95,11.79
2024-07-02T08:00:00,19.19,72.97,10.36
2024-07-02T08:00:00,19.19,72.99,5.56
2024-07-02T08:00:00,19.21,72.77,7.7
2024-07-02T08:00:00,19.21,72.79,13.05
2024-07-02T08:00:00,19.21,72.81,29.6
2024-07-02T08:00:00,19.21,72.83,3.99
2024-07-02T08:00:00,19.21,72.85,10.35
2024-07-02T08:00:00,19.21,72.87,3.1
2024-07-02T08:00:00,19.21,72.89,5.8
2024-07-02T08:00:00,19.21,72.91,16.7
2024-07-02T08:00:00,19.21,72.93,4.69
2024-07-02T08:00:00,19.21,72.95,21.08
2024-07-02T08:00:00,19.21,72.97,4.51
2024-07-02T08:00:00,19.21,72.99,6.15
2024-07-02T08:00:00,19.23,72.77,2.02
2024-07-02T08:00:00,19.23,72.79,25.47
2024-07-02T08:00:00,19.23,72.81,22.29
2024-07-02T08:00:00,19.23,72.83,3.35
2024-07-02T08:00:00,19.23,72.85,8.75
2024-07-02T08:00:00,19.23,72.87,7.97
2024-07-02T08:00:00,19.23,72.89,7.25
2024-07-02T08:00:00,19.23,72.91,35.25
2024-07-02T08:00:00,19.23,72.93,6.9
2024-07-02T08:00:00,19.23,72.95,4.82
2024-07-02T08:00:00,19.23,72.97,1.81
2024-07-02T08:00:00,19.23,72.99,4.89
2024-07-02T08:00:00,19.25,72.77,31.44
2024-07-02T08:00:00,19.25,72.79,14.11
2024-07-02T08:00:00,19.25,72.81,13.71
2024-07-02T08:00:00,19.25,72.83,6.05
2024-07-02T08:00:00,19.25,72.85,25.08
2024-07-02T08:00:00,19.25,72.87,15.96
2024-07-02T08:00:00,19.25,72.89,7.34
2024-07-02T08:00:00,19.25,72.91,4.36
2024-07-02T08:00:00,19.25,72.93,9.51
2024-07-02T08:00:00,19.25,72.95,4.52
2024-07-02T08:00:00,19.25,72.97,8.38
2024-07-02T08:00:00,19.25,72.99,10.57
2024-07-02T09:00:00,18.87,72.77,6.02
2024-07-02T09:00:00,18.87,72.79,0.83
2024-07-02T09:00:00,18.87,72.81,13.84
2024-07-02T09:00:00,18.87,72.83,5.64
2024-07-02T09:00:00,18.87,72.85,10.53
2024-07-02T09:00:00,18.87,72.87,8.36
2024-07-02T09:00:00,18.87,72.89,27.99
2024-07-02T09:00:00,18.87,72.91,9.06
2024-07-02T09:00:00,18.87,72.93,16.85
2024-07-02T09:00:00,18.87,72.95,6.33
2024-07-02T09:00:00,18.87,72.97,3.96
2024-07-02T09:00:00,18.87,72.99,11.82
2024-07-02T09:00:00,18.89,72.77,5.81
2024-07-02T09:00:00,18.89,72.79,17.57
2024-07-02T09:00:00,18.89,72.81,3.36
2024-07-02T09:00:00,18.89,72.83,12.6
2024-07-02T09:00:00,18.89,72.85,9.49
2024-07-02T09:00:00,18.89,72.87,25.02
2024-07-02T09:00:00,18.89,72.89,12.59
2024-07-02T09:00:00,18.89,72.91,8.1
2024-07-02T09:00:00,18.89,72.93,15.62
2024-07-02T09:00:00,18.89,72.95,0.68
2024-07-02T09:00:00,18.89,72.97,12.77
2024-07-02T09:00:00,18.89,72.99,13.38
2024-07-02T09:00:00,18.91,72.77,18.62
2024-07-02T09:00:00,18.91,72.79,17.13
2024-07-02T09:00:00,18.91,72.81,14.75
2024-07-02T09:00:00,18.91,72.83,7.48
2024-07-02T09:00:00,18.91,72.85,10.77
2024-07-02T09:00:00,18.91,72.87,5.63
2024-07-02T09:00:00,18.91,72.89,4.55
2024-07-02T09:00:00,18.91,72.91,7.04
2024-07-02T09:00:00,18.91,72.93,7.62
2024-07-02T09:00:00,18.91,72.95,11.46
2024-07-02T09:00:00,18.91,72.97,20.39
2024-07-02T09:00:00,18.91,72.99,15.84
2024-07-02T09:00:00,18.93,72.77,13.47
2024-07-02T09:00:00,18.93,72.79,22.94
2024-07-02T09:00:00,18.93,72.81,10.3
2024-07-02T09:00:00,18.93,72.83,14.5
2024-07-02T09:00:00,18.93,72.85,7.31
2024-07-02T09:00:00,18.93,72.87,9.34
2024-07-02T09:00:00,18.93,72.89,7.5
2024-07-02T09:00:00,18.93,72.91,2.01
2024-07-02T09:00:00,18.93,72.93,2.02
2024-07-02T09:00:00,18.93,72.95,2.61
2024-07-02T09:00:00,18.93,72.97,10.69
2024-07-02T09:00:00,18.93,72.99,20.39
2024-07-02T09:00:00,18.95,72.77,23.63
2024-07-02T09:00:00,18.95,72.79,15.49
2024-07-02T09:00:00,18.95,72.81,6.69
2024-07-02T09:00:00,18.95,72.83,4.76
2024-07-02T09:00:00,18.95,72.85,10.52
2024-07-02T09:00:00,18.95,72.87,6.05
2024-07-02T09:00:00,18.95,72.89,2.52
2024-07-02T09:00:00,18.95,72.91,3.78
2024-07-02T09:00:00,18.95,72.93,6.66
2024-07-02T09:00:00,18.95,72.95,20.55
2024-07-02T09:00:00,18.95,72.97,1.66
2024-07-02T09:00:00,18.95,72.99,2.88
2024-07-02T09:00:00,18.97,72.77,8.71
2024-07-02T09:00:00,18.97,72.79,5.54
2024-07-02T09:00:00,18.97,72.81,13.79
2024-07-02T09:00:00,18.97,72.83,8.14
2024-07-02T09:00:00,18.97,72.85,2.59
2024-07-02T09:00:00,18.97,72.87,6.16
2024-07-02T09:00:00,18.97,72.89,10.36
2024-07-02T09:00:00,18.97,72.91,14.36
2024-07-02T09:00:00,18.97,72.93,2.99
2024-07-02T09:00:00,18.97,72.95,10.26
2024-07-02T09:00:00,18.97,72.97,6.58
2024-07-02T09:00:00,18.97,72.99,18.26
2024-07-02T09:00:00,18.99,72.77,7.17
2024-07-02T09:00:00,18.99,72.79,2.89
2024-07-02T09:00:00,18.99,72.81,5.7
2024-07-02T09:00:00,18.99,72.83,1.49
2024-07-02T09:00:00,18.99,72.85,1.87
2024-07-02T09:00:00,18.99,72.87,12.83
2024-07-02T09:00:00,18.99,72.89,11.54
2024-07-02T09:00:00,18.99,72.91,12.78
2024-07-02T09:00:00,18.99,72.93,5.35
2024-07-02T09:00:00,18.99,72.95,3.73
2024-07-02T09:00:00,18.99,72.97,32.45
2024-07-02T09:00:00,18.99,72.99,9.09
2024-07-02T09:00:00,19.01,72.77,4.17
2024-07-02T09:00:00,19.01,72.79,27.11
2024-07-02T09:00:00,19.01,72.81,23.76
2024-07-02T09:00:00,19.01,72.83,15.09
2024-07-02T09:00:00,19.01,72.85,8.23
2024-07-02T09:00:00,19.01,72.87,4.57
2024-07-02T09:00:00,19.01,72.89,6.29
2024-07-02T09:00:00,19.01,72.91,19.11
2024-07-02T09:00:00,19.01,72.93,4.77
2024-07-02T09:00:00,19.01,72.95,2.83
2024-07-02T09:00:00,19.01,72.97,12.88
2024-07-02T09:00:00,19.01,72.99,7.94
2024-07-02T09:00:00,19.03,72.77,6.04
2024-07-02T09:00:00,19.03,72.79,6.3
2024-07-02T09:00:00,19.03,72.81,1.16
2024-07-02T09:00:00,19.03,72.83,6.3
2024-07-02T09:00:00,19.03,72.85,19.17
2024-07-02T09:00:00,19.03,72.87,4.08
2024-07-02T09:00:00,19.03,72.89,38.68
2024-07-02T09:00:00,19.03,72.91,8.63
2024-07-02T09:00:00,19.03,72.93,2.23
2024-07-02T09:00:00,19.03,72.95,10.02
2024-07-02T09:00:00,19.03,72.97,3.7
2024-07-02T09:00:00,19.03,72.99,12.9
2024-07-02T09:00:00,19.05,72.77,24.01
2024-07-02T09:00:00,19.05,72.79,18.39
2024-07-02T09:00:00,19.05,72.81,17.56
2024-07-02T09:00:00,19.05,72.83,6.77
2024-07-02T09:00:00,19.05,72.85,4.28
2024-07-02T09:00:00,19.05,72.87,13.24
2024-07-02T09:00:00,19.05,72.89,4.36
2024-07-02T09:00:00,19.05,72.91,6.34
2024-07-02T09:00:00,19.05,72.93,4.34
2024-07-02T09:00:00,19.05,72.95,4.72
2024-07-02T09:00:00,19.05,72.97,12.71
2024-07-02T09:00:00,19.05,72.99,4.34
2024-07-02T09:00:00,19.07,72.77,16.32
2024-07-02T09:00:00,19.07,72.79,23.16
2024-07-02T09:00:00,19.07,72.81,6.31
2024-07-02T09:00:00,19.07,72.83,3.68
2024-07-02T09:00:00,19.07,72.85,18.44
2024-07-02T09:00:00,19.07,72.87,11.36
2024-07-02T09:00:00,19.07,72.89,4.63
2024-07-02T09:00:00,19.07,72.91,6.62
2024-07-02T09:00:00,19.07,72.93,11.34
2024-07-02T09:00:00,19.07,72.95,1.91
2024-07-02T09:00:00,19.07,72.97,24.34
2024-07-02T09:00:00,19.07,72.99,15.21
2024-07-02T09:00:00,19.09,72.77,10.53
2024-07-02T09:00:00,19.09,72.79,28.86
2024-07-02T09:00:00,19.09,72.81,24.98
2024-07-02T09:00:00,19.09,72.83,8.19
2024-07-02T09:00:00,19.09,72.85,7.5
2024-07-02T09:00:00,19.09,72.87,7.56
2024-07-02T09:00:00,19.09,72.89,13.25
2024-07-02T09:00:00,19.09,72.91,12.26
2024-07-02T09:00:00,19.09,72.93,1.33
2024-07-02T09:00:00,19.09,72.95,11.24
2024-07-02T09:00:00,19.09,72.97,11.01
2024-07-02T09:00:00,19.09,72.99,6.82
2024-07-02T09:00:00,19.11,72.77,11.02
2024-07-02T09:00:00,19.11,72.79,1.95
2024-07-02T09:00:00,19.11,72.81,3.22
2024-07-02T09:00:00,19.11,72.83,4.69
2024-07-02T09:00:00,19.11,72.85,14.01
2024-07-02T09:00:00,19.11,72.87,21.47
2024-07-02T09:00:00,19.11,72.89,12.75
2024-07-02T09:00:00,19.11,72.91,9.55
2024-07-02T09:00:00,19.11,72.93,14.25
2024-07-02T09:00:00,19.11,72.95,0.45
2024-07-02T09:00:00,19.11,72.97,18.43
2024-07-02T09:00:00,19.11,72.99,7.35
2024-07-02T09:00:00,19.13,72.77,21.38
2024-07-02T09:00:00,19.13,72.79,16.14
2024-07-02T09:00:00,19.13,72.81,5.11
2024-07-02T09:00:00,19.13,72.83,11.48
2024-07-02T09:00:00,19.13,72.85,5.23
2024-07-02T09:00:00,19.13,72.87,12.7
2024-07-02T09:00:00,19.13,72.89,28.31
2024-07-02T09:00:00,19.13,72.91,12.2
2024-07-02T09:00:00,19.13,72.93,4.27
2024-07-02T09:00:00,19.13,72.95,15.71
2024-07-02T09:00:00,19.13,72.97,3.92
2024-07-02T09:00:00,19.13,72.99,18.69
2024-07-02T09:00:00,19.15,72.77,4.19
2024-07-02T09:00:00,19.15,72.79,21.2
2024-07-02T09:00:00,19.15,72.81,6.46
2024-07-02T09:00:00,19.15,72.83,14.41
2024-07-02T09:00:00,19.15,72.85,17.55
2024-07-02T09:00:00,19.15,72.87,10.82
2024-07-02T09:00:00,19.15,72.89,6.41
2024-07-02T09:00:00,19.15,72.91,10.66
2024-07-02T09:00:00,19.15,72.93,7.72
2024-07-02T09:00:00,19.15,72.95,8.65
2024-07-02T09:00:00,19.15,72.97,1.89
2024-07-02T09:00:00,19.15,72.99,13.31
2024-07-02T09:00:00,19.17,72.77,12.18
2024-07-02T09:00:00,19.17,72.79,1.72
2024-07-02T09:00:00,19.17,72.81,7.46
2024-07-02T09:00:00,19.17,72.83,0.98
2024-07-02T09:00:00,19.17,72.85,9.76
2024-07-02T09:00:00,19.17,72.87,13.41
2024-07-02T09:00:00,19.17,72.89,5.15
2024-07-02T09:00:00,19.17,72.91,4.73
2024-07-02T09:00:00,19.17,72.93,6.21
2024-07-02T09:00:00,19.17,72.95,4.53
2024-07-02T09:00:00,19.17,72.97,3.78
2024-07-02T09:00:00,19.17,72.99,1.16
2024-07-02T09:00:00,19.19,72.77,5.49
2024-07-02T09:00:00,19.19,72.79,2.39
2024-07-02T09:00:00,19.19,72.81,21.88
2024-07-02T09:00:00,19.19,72.83,23.89
2024-07-02T09:00:00,19.19,72.85,13.17
2024-07-02T09:00:00,19.19,72.87,19.55
2024-07-02T09:00:00,19.19,72.89,4.33
2024-07-02T09:00:00,19.19,72.91,12.76
2024-07-02T09:00:00,19.19,72.93,12.28
2024-07-02T09:00:00,19.19,72.95,10.39
2024-07-02T09:00:00,19.19,72.97,5.86
2024-07-02T09:00:00,19.19,72.99,8.07
2024-07-02T09:00:00,19.21,72.77,12.58
2024-07-02T09:00:00,19.21,72.79,11.97
2024-07-02T09:00:00,19.21,72.81,4.25
2024-07-02T09:00:00,19.21,72.83,22.91
2024-07-02T09:00:00,19.21,72.85,9.8
2024-07-02T09:00:00,19.21,72.87,15.55
2024-07-02T09:00:00,19.21,72.89,5.6
2024-07-02T09:00:00,19.21,72.91,12.18
2024-07-02T09:00:00,19.21,72.93,9.46
2024-07-02T09:00:00,19.21,72.95,3.99
2024-07-02T09:00:00,19.21,72.97,8.28
2024-07-02T09:00:00,19.21,72.99,6.36
2024-07-02T09:00:00,19.23,72.77,8.86
2024-07-02T09:00:00,19.23,72.79,19.52
2024-07-02T09:00:00,19.23,72.81,9.01
2024-07-02T09:00:00,19.23,72.83,17.65
2024-07-02T09:00:00,19.23,72.85,13.93
2024-07-02T09:00:00,19.23,72.87,9.88
2024-07-02T09:00:00,19.23,72.89,17.8
2024-07-02T09:00:00,19.23,72.91,16.5
2024-07-02T09:00:00,19.23,72.93,9.3
2024-07-02T09:00:00,19.23,72.95,9.66
2024-07-02T09:00:00,19.23,72.97,16.66
2024-07-02T09:00:00,19.23,72.99,12.72
2024-07-02T09:00:00,19.25,72.77,24.9
2024-07-02T09:00:00,19.25,72.79,9.14
2024-07-02T09:00:00,19.25,72.81,3.6
2024-07-02T09:00:00,19.25,72.83,5.39
2024-07-02T09:00:00,19.25,72.85,1.46
2024-07-02T09:00:00,19.25,72.87,4.84
2024-07-02T09:00:00,19.25,72.89,13.79
2024-07-02T09:00:00,19.25,72.91,7.95
2024-07-02T09:00:00,19.25,72.93,4.03
2024-07-02T09:00:00,19.25,72.95,5.39
2024-07-02T09:00:00,19.25,72.97,10.23
2024-07-02T09:00:00,19.25,72.99,5.45
2024-07-02T10:00:00,18.87,72.77,7.53
2024-07-02T10:00:00,18.87,72.79,2.13
2024-07-02T10:00:00,18.87,72.81,18.58
2024-07-02T10:00:00,18.87,72.83,19.82
2024-07-02T10:00:00,18.87,72.85,3.97
2024-07-02T10:00:00,18.87,72.87,5.95
2024-07-02T10:00:00,18.87,72.89,1.04
2024-07-02T10:00:00,18.87,72.91,15.54
2024-07-02T10:00:00,18.87,72.93,2.35
2024-07-02T10:00:00,18.87,72.95,7.01
2024-07-02T10:00:00,18.87,72.97,2.92
2024-07-02T10:00:00,18.87,72.99,6.91
2024-07-02T10:00:00,18.89,72.77,16.3
2024-07-02T10:00:00,18.89,72.79,13.01
2024-07-02T10:00:00,18.89,72.81,13.29
2024-07-02T10:00:00,18.89,72.83,2.35
2024-07-02T10:00:00,18.89,72.85,7.62
2024-07-02T10:00:00,18.89,72.87,26.92
2024-07-02T10:00:00,18.89,72.89,9.09
2024-07-02T10:00:00,18.89,72.91,7.61
2024-07-02T10:00:00,18.89,72.93,5.97
2024-07-02T10:00:00,18.89,72.95,8.01
2024-07-02T10:00:00,18.89,72.97,7.0
2024-07-02T10:00:00,18.89,72.99,21.39
2024-07-02T10:00:00,18.91,72.77,15.61
2024-07-02T10:00:00,18.91,72.79,7.82
2024-07-02T10:00:00,18.91,72.81,14.17
2024-07-02T10:00:00,18.91,72.83,4.37
2024-07-02T10:00:00,18.91,72.85,7.8
2024-07-02T10:00:00,18.91,72.87,5.25
2024-07-02T10:00:00,18.91,72.89,12.22
2024-07-02T10:00:00,18.91,72.91,6.89
2024-07-02T10:00:00,18.91,72.93,8.06
2024-07-02T10:00:00,18.91,72.95,6.26
2024-07-02T10:00:00,18.91,72.97,9.12
2024-07-02T10:00:00,18.91,72.99,11.31
2024-07-02T10:00:00,18.93,72.77,21.74
2024-07-02T10:00:00,18.93,72.79,7.01
2024-07-02T10:00:00,18.93,72.81,3.66
2024-07-02T10:00:00,18.93,72.83,10.96
2024-07-02T10:00:00,18.93,72.85,2.7
2024-07-02T10:00:00,18.93,72.87,6.15
2024-07-02T10:00:00,18.93,72.89,1.95
2024-07-02T10:00:00,18.93,72.91,39.4
2024-07-02T10:00:00,18.93,72.93,16.24
2024-07-02T10:00:00,18.93,72.95,14.96
2024-07-02T10:00:00,18.93,72.97,17.74
2024-07-02T10:00:00,18.93,72.99,13.44
2024-07-02T10:00:00,18.95,72.77,10.75
2024-07-02T10:00:00,18.95,72.79,10.62
2024-07-02T10:00:00,18.95,72.81,19.76
2024-07-02T10:00:00,18.95,72.83,20.07
2024-07-02T10:00:00,18.95,72.85,3.75
2024-07-02T10:00:00,18.95,72.87,7.05
2024-07-02T10:00:00,18.95,72.89,8.17
2024-07-02T10:00:00,18.95,72.91,14.69
2024-07-02T10:00:00,18.95,72.93,3.93
2024-07-02T10:00:00,18.95,72.95,3.51
2024-07-02T10:00:00,18.95,72.97,2.21
2024-07-02T10:00:00,18.95,72.99,4.77
2024-07-02T10:00:00,18.97,72.77,7.01
2024-07-02T10:00:00,18.97,72.79,24.41
2024-07-02T10:00:00,18.97,72.81,15.31
2024-07-02T10:00:00,18.97,72.83,16.12
2024-07-02T10:00:00,18.97,72.85,3.36
2024-07-02T10:00:00,18.97,72.87,6.73
2024-07-02T10:00:00,18.97,72.89,12.67
2024-07-02T10:00:00,18.97,72.91,8.44
2024-07-02T10:00:00,18.97,72.93,10.76
2024-07-02T10:00:00,18.97,72.95,2.29
2024-07-02T10:00:00,18.97,72.97,7.77
2024-07-02T10:00:00,18.97,72.99,12.03
2024-07-02T10:00:00,18.99,72.77,3.9
2024-07-02T10:00:00,18.99,72.79,1.65
2024-07-02T10:00:00,18.99,72.81,3.53
2024-07-02T10:00:00,18.99,72.83,19.05
2024-07-02T10:00:00,18.99,72.85,2.89
2024-07-02T10:00:00,18.99,72.87,8.05
2024-07-02T10:00:00,18.99,72.89,1.39
2024-07-02T10:00:00,18.99,72.91,3.64
2024-07-02T10:00:00,18.99,72.93,8.66
2024-07-02T10:00:00,18.99,72.95,7.31
2024-07-02T10:00:00,18.99,72.97,14.75
2024-07-02T10:00:00,18.99,72.99,9.52
2024-07-02T10:00:00,19.01,72.77,3.9
2024-07-02T10:00:00,19.01,72.79,7.41
2024-07-02T10:00:00,19.01,72.81,6.1
2024-07-02T10:00:00,19.01,72.83,0.84
2024-07-02T10:00:00,19.01,72.85,22.82
2024-07-02T10:00:00,19.01,72.87,8.19
2024-07-02T10:00:00,19.01,72.89,9.1
2024-07-02T10:00:00,19.01,72.91,12.14
2024-07-02T10:00:00,19.01,72.93,12.02
2024-07-02T10:00:00,19.01,72.95,12.69
2024-07-02T10:00:00,19.01,72.97,5.36
2024-07-02T10:00:00,19.01,72.99,4.79
2024-07-02T10:00:00,19.03,72.77,19.18
2024-07-02T10:00:00,19.03,72.79,25.24
2024-07-02T10:00:00,19.03,72.81,1.53
2024-07-02T10:00:00,19.03,72.83,17.09
2024-07-02T10:00:00,19.03,72.85,6.81
2024-07-02T10:00:00,19.03,72.87,7.54
2024-07-02T10:00:00,19.03,72.89,0.41
2024-07-02T10:00:00,19.03,72.91,7.71
2024-07-02T10:00:00,19.03,72.93,4.7
2024-07-02T10:00:00,19.03,72.95,0.64
2024-07-02T10:00:00,19.03,72.97,16.15
2024-07-02T10:00:00,19.03,72.99,8.26
2024-07-02T10:00:00,19.05,72.77,11.82
2024-07-02T10:00:00,19.05,72.79,19.7
2024-07-02T10:00:00,19.05,72.81,14.01
2024-07-02T10:00:00,19.05,72.83,2.49
2024-07-02T10:00:00,19.05,72.85,15.42
2024-07-02T10:00:00,19.05,72.87,1.79
2024-07-02T10:00:00,19.05,72.89,11.99
2024-07-02T10:00:00,19.05,72.91,24.74
2024-07-02T10:00:00,19.05,72.93,11.6
2024-07-02T10:00:00,19.05,72.95,5.63
2024-07-02T10:00:00,19.05,72.97,22.93
2024-07-02T10:00:00,19.05,72.99,8.23
2024-07-02T10:00:00,19.07,72.77,4.01
2024-07-02T10:00:00,19.07,72.79,5.22
2024-07-02T10:00:00,19.07,72.81,4.92
2024-07-02T10:00:00,19.07,72.83,30.67
2024-07-02T10:00:00,19.07,72.85,12.49
2024-07-02T10:00:00,19.07,72.87,12.5
2024-07-02T10:00:00,19.07,72.89,10.83
2024-07-02T10:00:00,19.07,72.91,9.3
2024-07-02T10:00:00,19.07,72.93,5.08
2024-07-02T10:00:00,19.07,72.95,2.56
2024-07-02T10:00:00,19.07,72.97,9.43
2024-07-02T10:00:00,19.07,72.99,22.15
2024-07-02T10:00:00,19.09,72.77,11.5
2024-07-02T10:00:00,19.09,72.79,21.08
2024-07-02T10:00:00,19.09,72.81,1.47
2024-07-02T10:00:00,19.09,72.83,10.55
2024-07-02T10:00:00,19.09,72.85,5.25
2024-07-02T10:00:00,19.09,72.87,3.31
2024-07-02T10:00:00,19.09,72.89,20.86
2024-07-02T10:00:00,19.09,72.91,5.45
2024-07-02T10:00:00,19.09,72.93,11.44
2024-07-02T10:00:00,19.09,72.95,6.78
2024-07-02T10:00:00,19.09,72.97,2.15
2024-07-02T10:00:00,19.09,72.99,11.99
2024-07-02T10:00:00,19.11,72.77,6.94
2024-07-02T10:00:00,19.11,72.79,16.52
2024-07-02T10:00:00,19.11,72.81,4.13
2024-07-02T10:00:00,19.11,72.83,5.47
2024-07-02T10:00:00,19.11,72.85,12.14
2024-07-02T10:00:00,19.11,72.87,4.1
2024-07-02T10:00:00,19.11,72.89,12.95
2024-07-02T10:00:00,19.11,72.91,1.02
2024-07-02T10:00:00,19.11,72.93,2.64
2024-07-02T10:00:00,19.11,72.95,7.81
2024-07-02T10:00:00,19.11,72.97,11.38
2024-07-02T10:00:00,19.11,72.99,7.84
2024-07-02T10:00:00,19.13,72.77,13.24
2024-07-02T10:00:00,19.13,72.79,6.4
2024-07-02T10:00:00,19.13,72.81,1.04
2024-07-02T10:00:00,19.13,72.83,6.67
2024-07-02T10:00:00,19.13,72.85,6.62
2024-07-02T10:00:00,19.13,72.87,17.85
2024-07-02T10:00:00,19.13,72.89,12.77
2024-07-02T10:00:00,19.13,72.91,2.92
2024-07-02T10:00:00,19.13,72.93,0.62
2024-07-02T10:00:00,19.13,72.95,6.75
2024-07-02T10:00:00,19.13,72.97,4.63
2024-07-02T10:00:00,19.13,72.99,21.05
2024-07-02T10:00:00,19.15,72.77,20.98
2024-07-02T10:00:00,19.15,72.79,2.63
2024-07-02T10:00:00,19.15,72.81,13.82
2024-07-02T10:00:00,19.15,72.83,11.98
2024-07-02T10:00:00,19.15,72.85,11.36
2024-07-02T10:00:00,19.15,72.87,38.9
2024-07-02T10:00:00,19.15,72.89,7.33
2024-07-02T10:00:00,19.15,72.91,13.3
2024-07-02T10:00:00,19.15,72.93,14.34
2024-07-02T10:00:00,19.15,72.95,9.62
2024-07-02T10:00:00,19.15,72.97,21.18
2024-07-02T10:00:00,19.15,72.99,8.36
2024-07-02T10:00:00,19.17,72.77,16.93
2024-07-02T10:00:00,19.17,72.79,5.05
2024-07-02T10:00:00,19.17,72.81,3.02
2024-07-02T10:00:00,19.17,72.83,12.4
2024-07-02T10:00:00,19.17,72.85,7.98
2024-07-02T10:00:00,19.17,72.87,8.13
2024-07-02T10:00:00,19.17,72.89,6.08
2024-07-02T10:00:00,19.17,72.91,13.88
2024-07-02T10:00:00,19.17,72.93,8.66
2024-07-02T10:00:00,19.17,72.95,29.12
2024-07-02T10:00:00,19.17,72.97,8.16
2024-07-02T10:00:00,19.17,72.99,9.65
2024-07-02T10:00:00,19.19,72.77,18.13
2024-07-02T10:00:00,19.19,72.79,13.08
2024-07-02T10:00:00,19.19,72.81,3.15
2024-07-02T10:00:00,19.19,72.83,7.29
2024-07-02T10:00:00,19.19,72.85,4.37
2024-07-02T10:00:00,19.19,72.87,11.3
2024-07-02T10:00:00,19.19,72.89,9.64
2024-07-02T10:00:00,19.19,72.91,14.45
2024-07-02T10:00:00,19.19,72.93,15.52
2024-07-02T10:00:00,19.19,72.95,3.94
2024-07-02T10:00:00,19.19,72.97,14.8
2024-07-02T10:00:00,19.19,72.99,16.14
2024-07-02T10:00:00,19.21,72.77,4.04
2024-07-02T10:00:00,19.21,72.79,12.04
2024-07-02T10:00:00,19.21,72.81,21.98
2024-07-02T10:00:00,19.21,72.83,7.19
2024-07-02T10:00:00,19.21,72.85,8.37
2024-07-02T10:00:00,19.21,72.87,10.75
2024-07-02T10:00:00,19.21,72.89,8.88
2024-07-02T10:00:00,19.21,72.91,9.13
2024-07-02T10:00:00,19.21,72.93,12.1
2024-07-02T10:00:00,19.21,72.95,12.22
2024-07-02T10:00:00,19.21,72.97,7.23
2024-07-02T10:00:00,19.21,72.99,22.28
2024-07-02T10:00:00,19.23,72.77,4.89
2024-07-02T10:00:00,19.23,72.79,16.46
2024-07-02T10:00:00,19.23,72.81,0.77
2024-07-02T10:00:00,19.23,72.83,9.05
2024-07-02T10:00:00,19.23,72.85,0.55
2024-07-02T10:00:00,19.23,72.87,9.05
2024-07-02T10:00:00,19.23,72.89,11.37
2024-07-02T10:00:00,19.23,72.91,6.09
2024-07-02T10:00:00,19.23,72.93,7.9
2024-07-02T10:00:00,19.23,72.95,12.86
2024-07-02T10:00:00,19.23,72.97,0.06
2024-07-02T10:00:00,19.23,72.99,4.93
2024-07-02T10:00:00,19.25,72.77,23.87
2024-07-02T10:00:00,19.25,72.79,3.17
2024-07-02T10:00:00,19.25,72.81,5.09
2024-07-02T10:00:00,19.25,72.83,1.08
2024-07-02T10:00:00,19.25,72.85,5.68
2024-07-02T10:00:00,19.25,72.87,7.64
2024-07-02T10:00:00,19.25,72.89,37.13
2024-07-02T10:00:00,19.25,72.91,10.63
2024-07-02T10:00:00,19.25,72.93,5.42
2024-07-02T10:00:00,19.25,72.95,1.69
2024-07-02T10:00:00,19.25,72.97,4.31
2024-07-02T10:00:00,19.25,72.99,3.53
2024-07-02T11:00:00,18.87,72.77,0.79
2024-07-02T11:00:00,18.87,72.79,2.61
2024-07-02T11:00:00,18.87,72.81,5.45
2024-07-02T11:00:00,18.87,72.83,5.96
2024-07-02T11:00:00,18.87,72.85,11.96
2024-07-02T11:00:00,18.87,72.87,18.14
2024-07-02T11:00:00,18.87,72.89,5.44
2024-07-02T11:00:00,18.87,72.91,12.29
2024-07-02T11:00:00,18.87,72.93,4.61
2024-07-02T11:00:00,18.87,72.95,2.85
2024-07-02T11:00:00,18.87,72.97,10.23
2024-07-02T11:00:00,18.87,72.99,4.33
2024-07-02T11:00:00,18.89,72.77,4.0
2024-07-02T11:00:00,18.89,72.79,3.29
2024-07-02T11:00:00,18.89,72.81,1.45
2024-07-02T11:00:00,18.89,72.83,7.49
2024-07-02T11:00:00,18.89,72.85,4.3
2024-07-02T11:00:00,18.89,72.87,13.17
2024-07-02T11:00:00,18.89,72.89,20.89
2024-07-02T11:00:00,18.89,72.91,2.81
2024-07-02T11:00:00,18.89,72.93,1.76
2024-07-02T11:00:00,18.89,72.95,17.09
2024-07-02T11:00:00,18.89,72.97,6.98
2024-07-02T11:00:00,18.89,72.99,6.69
2024-07-02T11:00:00,18.91,72.77,10.14
2024-07-02T11:00:00,18.91,72.79,16.49
2024-07-02T11:00:00,18.91,72.81,15.92
2024-07-02T11:00:00,18.91,72.83,11.45
2024-07-02T11:00:00,18.91,72.85,2.46
2024-07-02T11:00:00,18.91,72.87,1.04
2024-07-02T11:00:00,18.91,72.89,2.37
2024-07-02T11:00:00,18.91,72.91,1.4
2024-07-02T11:00:00,18.91,72.93,11.11
2024-07-02T11:00:00,18.91,72.95,3.64
2024-07-02T11:00:00,18.91,72.97,9.74
2024-07-02T11:00:00,18.91,72.99,6.13
2024-07-02T11:00:00,18.93,72.77,4.48
2024-07-02T11:00:00,18.93,72.79,3.33
2024-07-02T11:00:00,18.93,72.81,3.96
2024-07-02T11:00:00,18.93,72.83,2.0
2024-07-02T11:00:00,18.93,72.85,22.29
2024-07-02T11:00:00,18.93,72.87,6.26
2024-07-02T11:00:00,18.93,72.89,6.7
2024-07-02T11:00:00,18.93,72.91,6.43
2024-07-02T11:00:00,18.93,72.93,10.91
2024-07-02T11:00:00,18.93,72.95,3.1
2024-07-02T11:00:00,18.93,72.97,13.92
2024-07-02T11:00:00,18.93,72.99,4.69
2024-07-02T11:00:00,18.95,72.77,5.83
2024-07-02T11:00:00,18.95,72.79,18.92
2024-07-02T11:00:00,18.95,72.81,3.58
2024-07-02T11:00:00,18.95,72.83,9.68
2024-07-02T11:00:00,18.95,72.85,6.83
2024-07-02T11:00:00,18.95,72.87,3.88
2024-07-02T11:00:00,18.95,72.89,10.08
2024-07-02T11:00:00,18.95,72.91,2.14
2024-07-02T11:00:00,18.95,72.93,3.61
2024-07-02T11:00:00,18.95,72.95,6.73
2024-07-02T11:00:00,18.95,72.97,17.83
2024-07-02T11:00:00,18.95,72.99,16.49
2024-07-02T11:00:00,18.97,72.77,10.71
2024-07-02T11:00:00,18.97,72.79,5.94
2024-07-02T11:00:00,18.97,72.81,0.84
2024-07-02T11:00:00,18.97,72.83,13.59
2024-07-02T11:00:00,18.97,72.85,14.6
2024-07-02T11:00:00,18.97,72.87,9.21
2024-07-02T11:00:00,18.97,72.89,5.41
2024-07-02T11:00:00,18.97,72.91,11.62
2024-07-02T11:00:00,18.97,72.93,6.13
2024-07-02T11:00:00,18.97,72.95,5.47
2024-07-02T11:00:00,18.97,72.97,1.33
2024-07-02T11:00:00,18.97,72.99,10.45
2024-07-02T11:00:00,18.99,72.77,8.63
2024-07-02T11:00:00,18.99,72.79,20.46
2024-07-02T11:00:00,18.99,72.81,4.45
2024-07-02T11:00:00,18.99,72.83,3.28
2024-07-02T11:00:00,18.99,72.85,14.5
2024-07-02T11:00:00,18.99,72.87,16.3
2024-07-02T11:00:00,18.99,72.89,6.69
2024-07-02T11:00:00,18.99,72.91,11.98
2024-07-02T11:00:00,18.99,72.93,4.91
2024-07-02T11:00:00,18.99,72.95,5.04
2024-07-02T11:00:00,18.99,72.97,8.4
2024-07-02T11:00:00,18.99,72.99,4.83
2024-07-02T11:00:00,19.01,72.77,9.49
2024-07-02T11:00:00,19.01,72.79,8.19
2024-07-02T11:00:00,19.01,72.81,2.69
2024-07-02T11:00:00,19.01,72.83,8.63
2024-07-02T11:00:00,19.01,72.85,2.62
2024-07-02T11:00:00,19.01,72.87,11.82
2024-07-02T11:00:00,19.01,72.89,14.0
2024-07-02T11:00:00,19.01,72.91,5.72
2024-07-02T11:00:00,19.01,72.93,18.53
2024-07-02T11:00:00,19.01,72.95,14.86
2024-07-02T11:00:00,19.01,72.97,7.55
2024-07-02T11:00:00,19.01,72.99,4.91
2024-07-02T11:00:00,19.03,72.77,15.51
2024-07-02T11:00:00,19.03,72.79,22.25
2024-07-02T11:00:00,19.03,72.81,9.52
2024-07-02T11:00:00,19.03,72.83,4.79
2024-07-02T11:00:00,19.03,72.85,11.29
2024-07-02T11:00:00,19.03,72.87,6.79
2024-07-02T11:00:00,19.03,72.89,2.92
2024-07-02T11:00:00,19.03,72.91,4.7
2024-07-02T11:00:00,19.03,72.93,13.41
2024-07-02T11:00:00,19.03,72.95,5.75
2024-07-02T11:00:00,19.03,72.97,3.98
2024-07-02T11:00:00,19.03,72.99,14.89
2024-07-02T11:00:00,19.05,72.77,16.09
2024-07-02T11:00:00,19.05,72.79,5.66
2024-07-02T11:00:00,19.05,72.81,24.78
2024-07-02T11:00:00,19.05,72.83,6.8
2024-07-02T11:00:00,19.05,72.85,9.05
2024-07-02T11:00:00,19.05,72.87,7.28
2024-07-02T11:00:00,19.05,72.89,3.34
2024-07-02T11:00:00,19.05,72.91,5.82
2024-07-02T11:00:00,19.05,72.93,6.3
2024-07-02T11:00:00,19.05,72.95,1.02
2024-07-02T11:00:00,19.05,72.97,7.73
2024-07-02T11:00:00,19.05,72.99,11.45
2024-07-02T11:00:00,19.07,72.77,2.98
2024-07-02T11:00:00,19.07,72.79,12.52
2024-07-02T11:00:00,19.07,72.81,15.98
2024-07-02T11:00:00,19.07,72.83,6.47
2024-07-02T11:00:00,19.07,72.85,23.21
2024-07-02T11:00:00,19.07,72.87,8.36
2024-07-02T11:00:00,19.07,72.89,1.02
2024-07-02T11:00:00,19.07,72.91,2.06
2024-07-02T11:00:00,19.07,72.93,8.12
2024-07-02T11:00:00,19.07,72.95,9.99
2024-07-02T11:00:00,19.07,72.97,6.51
2024-07-02T11:00:00,19.07,72.99,7.4
2024-07-02T11:00:00,19.09,72.77,8.44
2024-07-02T11:00:00,19.09,72.79,4.51
2024-07-02T11:00:00,19.09,72.81,7.94
2024-07-02T11:00:00,19.09,72.83,1.68
2024-07-02T11:00:00,19.09,72.85,5.4
2024-07-02T11:00:00,19.09,72.87,10.29
2024-07-02T11:00:00,19.09,72.89,3.16
2024-07-02T11:00:00,19.09,72.91,5.42
2024-07-02T11:00:00,19.09,72.93,7.27
2024-07-02T11:00:00,19.09,72.95,20.1
2024-07-02T11:00:00,19.09,72.97,12.64
2024-07-02T11:00:00,19.09,72.99,1.37
2024-07-02T11:00:00,19.11,72.77,29.12
2024-07-02T11:00:00,19.11,72.79,19.42
2024-07-02T11:00:00,19.11,72.81,8.77
2024-07-02T11:00:00,19.11,72.83,12.99
2024-07-02T11:00:00,19.11,72.85,3.74
2024-07-02T11:00:00,19.11,72.87,6.73
2024-07-02T11:00:00,19.11,72.89,3.38
2024-07-02T11:00:00,19.11,72.91,10.29
2024-07-02T11:00:00,19.11,72.93,28.63
2024-07-02T11:00:00,19.11,72.95,4.66
2024-07-02T11:00:00,19.11,72.97,5.62
2024-07-02T11:00:00,19.11,72.99,6.18
2024-07-02T11:00:00,19.13,72.77,6.07
2024-07-02T11:00:00,19.13,72.79,11.49
2024-07-02T11:00:00,19.13,72.81,15.85
2024-07-02T11:00:00,19.13,72.83,4.58
2024-07-02T11:00:00,19.13,72.85,7.01
2024-07-02T11:00:00,19.13,72.87,11.29
2024-07-02T11:00:00,19.13,72.89,3.12
2024-07-02T11:00:00,19.13,72.91,2.21
2024-07-02T11:00:00,19.13,72.93,4.02
2024-07-02T11:00:00,19.13,72.95,10.8
2024-07-02T11:00:00,19.13,72.97,2.77
2024-07-02T11:00:00,19.13,72.99,4.06
2024-07-02T11:00:00,19.15,72.77,7.93
2024-07-02T11:00:00,19.15,72.79,8.68
2024-07-02T11:00:00,19.15,72.81,6.69
2024-07-02T11:00:00,19.15,72.83,7.37
2024-07-02T11:00:00,19.15,72.85,1.79
2024-07-02T11:00:00,19.15,72.87,4.14
2024-07-02T11:00:00,19.15,72.89,12.05
2024-07-02T11:00:00,19.15,72.91,3.7
2024-07-02T11:00:00,19.15,72.93,7.47
2024-07-02T11:00:00,19.15,72.95,6.81
2024-07-02T11:00:00,19.15,72.97,10.41
2024-07-02T11:00:00,19.15,72.99,11.32
2024-07-02T11:00:00,19.17,72.77,17.4
2024-07-02T11:00:00,19.17,72.79,20.4
2024-07-02T11:00:00,19.17,72.81,3.33
2024-07-02T11:00:00,19.17,72.83,0.87
2024-07-02T11:00:00,19.17,72.85,5.18
2024-07-02T11:00:00,19.17,72.87,2.88
2024-07-02T11:00:00,19.17,72.89,3.39
2024-07-02T11:00:00,19.17,72.91,9.59
2024-07-02T11:00:00,19.17,72.93,13.64
2024-07-02T11:00:00,19.17,72.95,7.48
2024-07-02T11:00:00,19.17,72.97,3.63
2024-07-02T11:00:00,19.17,72.99,7.52
2024-07-02T11:00:00,19.19,72.77,13.51
2024-07-02T11:00:00,19.19,72.79,1.96
2024-07-02T11:00:00,19.19,72.81,5.79
2024-07-02T11:00:00,19.19,72.83,6.02
2024-07-02T11:00:00,19.19,72.85,6.2
2024-07-02T11:00:00,19.19,72.87,3.26
2024-07-02T11:00:00,19.19,72.89,8.37
2024-07-02T11:00:00,19.19,72.91,8.77
2024-07-02T11:00:00,19.19,72.93,2.84
2024-07-02T11:00:00,19.19,72.95,15.65
2024-07-02T11:00:00,19.19,72.97,2.16
2024-07-02T11:00:00,19.19,72.99,3.47
2024-07-02T11:00:00,19.21,72.77,2.49
2024-07-02T11:00:00,19.21,72.79,2.06
2024-07-02T11:00:00,19.21,72.81,8.12
2024-07-02T11:00:00,19.21,72.83,4.07
2024-07-02T11:00:00,19.21,72.85,13.01
2024-07-02T11:00:00,19.21,72.87,3.29
2024-07-02T11:00:00,19.21,72.89,3.82
2024-07-02T11:00:00,19.21,72.91,11.06
2024-07-02T11:00:00,19.21,72.93,2.46
2024-07-02T11:00:00,19.21,72.95,4.32
2024-07-02T11:00:00,19.21,72.97,15.23
2024-07-02T11:00:00,19.21,72.99,0.33
2024-07-02T11:00:00,19.23,72.77,2.03
2024-07-02T11:00:00,19.23,72.79,20.92
2024-07-02T11:00:00,19.23,72.81,10.03
2024-07-02T11:00:00,19.23,72.83,8.97
2024-07-02T11:00:00,19.23,72.85,1.81
2024-07-02T11:00:00,19.23,72.87,7.29
2024-07-02T11:00:00,19.23,72.89,3.01
2024-07-02T11:00:00,19.23,72.91,12.39
2024-07-02T11:00:00,19.23,72.93,12.56
2024-07-02T11:00:00,19.23,72.95,3.9
2024-07-02T11:00:00,19.23,72.97,8.9
2024-07-02T11:00:00,19.23,72.99,7.92
2024-07-02T11:00:00,19.25,72.77,7.06
2024-07-02T11:00:00,19.25,72.79,3.54
2024-07-02T11:00:00,19.25,72.81,5.08
2024-07-02T11:00:00,19.25,72.83,13.23
2024-07-02T11:00:00,19.25,72.85,17.35
2024-07-02T11:00:00,19.25,72.87,5.06
2024-07-02T11:00:00,19.25,72.89,17.72
2024-07-02T11:00:00,19.25,72.91,8.89
2024-07-02T11:00:00,19.25,72.93,5.92
2024-07-02T11:00:00,19.25,72.95,5.3
2024-07-02T11:00:00,19.25,72.97,3.05
2024-07-02T11:00:00,19.25,72.99,9.22
2024-07-02T12:00:00,18.87,72.77,19.47
2024-07-02T12:00:00,18.87,72.79,5.68
2024-07-02T12:00:00,18.87,72.81,2.56
2024-07-02T12:00:00,18.87,72.83,10.14
2024-07-02T12:00:00,18.87,72.85,4.15
2024-07-02T12:00:00,18.87,72.87,2.77
2024-07-02T12:00:00,18.87,72.89,1.37
2024-07-02T12:00:00,18.87,72.91,8.05
2024-07-02T12:00:00,18.87,72.93,11.86
2024-07-02T12:00:00,18.87,72.95,1.72
2024-07-02T12:00:00,18.87,72.97,4.01
2024-07-02T12:00:00,18.87,72.99,4.24
2024-07-02T12:00:00,18.89,72.77,3.4
2024-07-02T12:00:00,18.89,72.79,16.56
2024-07-02T12:00:00,18.89,72.81,1.45
2024-07-02T12:00:00,18.89,72.83,8.22
2024-07-02T12:00:00,18.89,72.85,9.16
2024-07-02T12:00:00,18.89,72.87,2.93
2024-07-02T12:00:00,18.89,72.89,2.27
2024-07-02T12:00:00,18.89,72.91,3.24
2024-07-02T12:00:00,18.89,72.93,0.82
2024-07-02T12:00:00,18.89,72.95,3.35
2024-07-02T12:00:00,18.89,72.97,3.69
2024-07-02T12:00:00,18.89,72.99,17.26
2024-07-02T12:00:00,18.91,72.77,1.21
2024-07-02T12:00:00,18.91,72.79,5.64
2024-07-02T12:00:00,18.91,72.81,10.63
2024-07-02T12:00:00,18.91,72.83,18.15
2024-07-02T12:00:00,18.91,72.85,1.23
2024-07-02T12:00:00,18.91,72.87,18.93
2024-07-02T12:00:00,18.91,72.89,4.3
2024-07-02T12:00:00,18.91,72.91,4.24
2024-07-02T12:00:00,18.91,72.93,1.79
2024-07-02T12:00:00,18.91,72.95,5.5
2024-07-02T12:00:00,18.91,72.97,17.24
2024-07-02T12:00:00,18.91,72.99,5.25
2024-07-02T12:00:00,18.93,72.77,3.08
2024-07-02T12:00:00,18.93,72.79,3.56
2024-07-02T12:00:00,18.93,72.81,3.6
2024-07-02T12:00:00,18.93,72.83,16.46
2024-07-02T12:00:00,18.93,72.85,18.48
2024-07-02T12:00:00,18.93,72.87,1.33
2024-07-02T12:00:00,18.93,72.89,2.0
2024-07-02T12:00:00,18.93,72.91,2.2
2024-07-02T12:00:00,18.93,72.93,3.3
2024-07-02T12:00:00,18.93,72.95,18.84
2024-07-02T12:00:00,18.93,72.97,17.01
2024-07-02T12:00:00,18.93,72.99,5.02
2024-07-02T12:00:00,18.95,72.77,4.48
2024-07-02T12:00:00,18.95,72.79,0.7
2024-07-02T12:00:00,18.95,72.81,7.13
2024-07-02T12:00:00,18.95,72.83,6.35
2024-07-02T12:00:00,18.95,72.85,1.87
2024-07-02T12:00:00,18.95,72.87,7.64
2024-07-02T12:00:00,18.95,72.89,10.7
2024-07-02T12:00:00,18.95,72.91,1.73
2024-07-02T12:00:00,18.95,72.93,3.46
2024-07-02T12:00:00,18.95,72.95,9.75
2024-07-02T12:00:00,18.95,72.97,2.76
2024-07-02T12:00:00,18.95,72.99,3.17
2024-07-02T12:00:00,18.97,72.77,4.32
2024-07-02T12:00:00,18.97,72.79,8.8
2024-07-02T12:00:00,18.97,72.81,13.01
2024-07-02T12:00:00,18.97,72.83,17.4
2024-07-02T12:00:00,18.97,72.85,11.71
2024-07-02T12:00:00,18.97,72.87,5.57
2024-07-02T12:00:00,18.97,72.89,8.74
2024-07-02T12:00:00,18.97,72.91,1.61
2024-07-02T12:00:00,18.97,72.93,20.85
2024-07-02T12:00:00,18.97,72.95,2.57
2024-07-02T12:00:00,18.97,72.97,7.68
2024-07-02T12:00:00,18.97,72.99,5.63
2024-07-02T12:00:00,18.99,72.77,1.73
2024-07-02T12:00:00,18.99,72.79,3.12
2024-07-02T12:00:00,18.99,72.81,13.61
2024-07-02T12:00:00,18.99,72.83,5.27
2024-07-02T12:00:00,18.99,72.85,2.44
2024-07-02T12:00:00,18.99,72.87,4.42
2024-07-02T12:00:00,18.99,72.89,2.33
2024-07-02T12:00:00,18.99,72.91,3.37
2024-07-02T12:00:00,18.99,72.93,1.09
2024-07-02T12:00:00,18.99,72.95,5.14
2024-07-02T12:00:00,18.99,72.97,5.67
2024-07-02T12:00:00,18.99,72.99,3.19
2024-07-02T12:00:00,19.01,72.77,14.44
2024-07-02T12:00:00,19.01,72.79,4.17
2024-07-02T12:00:00,19.01,72.81,5.42
2024-07-02T12:00:00,19.01,72.83,3.55
2024-07-02T12:00:00,19.01,72.85,4.15
2024-07-02T12:00:00,19.01,72.87,9.22
2024-07-02T12:00:00,19.01,72.89,1.7
2024-07-02T12:00:00,19.01,72.91,7.26
2024-07-02T12:00:00,19.01,72.93,2.84
2024-07-02T12:00:00,19.01,72.95,1.67
2024-07-02T12:00:00,19.01,72.97,3.78
2024-07-02T12:00:00,19.01,72.99,7.51
2024-07-02T12:00:00,19.03,72.77,4.71
2024-07-02T12:00:00,19.03,72.79,2.75
2024-07-02T12:00:00,19.03,72.81,19.77
2024-07-02T12:00:00,19.03,72.83,7.21
2024-07-02T12:00:00,19.03,72.85,5.86
2024-07-02T12:00:00,19.03,72.87,8.22
2024-07-02T12:00:00,19.03,72.89,8.67
2024-07-02T12:00:00,19.03,72.91,3.55
2024-07-02T12:00:00,19.03,72.93,9.52
2024-07-02T12:00:00,19.03,72.95,1.33
2024-07-02T12:00:00,19.03,72.97,7.8
2024-07-02T12:00:00,19.03,72.99,3.49
2024-07-02T12:00:00,19.05,72.77,14.75
2024-07-02T12:00:00,19.05,72.79,4.1
2024-07-02T12:00:00,19.05,72.81,12.15
2024-07-02T12:00:00,19.05,72.83,7.38
2024-07-02T12:00:00,19.05,72.85,10.08
2024-07-02T12:00:00,19.05,72.87,5.82
2024-07-02T12:00:00,19.05,72.89,0.96
2024-07-02T12:00:00,19.05,72.91,11.66
2024-07-02T12:00:00,19.05,72.93,11.97
2024-07-02T12:00:00,19.05,72.95,3.9
2024-07-02T12:00:00,19.05,72.97,2.83
2024-07-02T12:00:00,19.05,72.99,9.33
2024-07-02T12:00:00,19.07,72.77,7.97
2024-07-02T12:00:00,19.07,72.79,5.44
2024-07-02T12:00:00,19.07,72.81,8.57
2024-07-02T12:00:00,19.07,72.83,4.43
2024-07-02T12:00:00,19.07,72.85,12.91
2024-07-02T12:00:00,19.07,72.87,4.49
2024-07-02T12:00:00,19.07,72.89,10.19
2024-07-02T12:00:00,19.07,72.91,5.57
2024-07-02T12:00:00,19.07,72.93,6.84
2024-07-02T12:00:00,19.07,72.95,16.53
2024-07-02T12:00:00,19.07,72.97,3.43
2024-07-02T12:00:00,19.07,72.99,8.9
2024-07-02T12:00:00,19.09,72.77,17.49
2024-07-02T12:00:00,19.09,72.79,10.79
2024-07-02T12:00:00,19.09,72.81,14.17
2024-07-02T12:00:00,19.09,72.83,6.61
2024-07-02T12:00:00,19.09,72.85,9.54
2024-07-02T12:00:00,19.09,72.87,11.2
2024-07-02T12:00:00,19.09,72.89,5.59
2024-07-02T12:00:00,19.09,72.91,2.66
2024-07-02T12:00:00,19.09,72.93,2.22
2024-07-02T12:00:00,19.09,72.95,15.3
2024-07-02T12:00:00,19.09,72.97,13.43
2024-07-02T12:00:00,19.09,72.99,2.85
2024-07-02T12:00:00,19.11,72.77,15.08
2024-07-02T12:00:00,19.11,72.79,8.89
2024-07-02T12:00:00,19.11,72.81,6.35
2024-07-02T12:00:00,19.11,72.83,3.25
2024-07-02T12:00:00,19.11,72.85,5.37
2024-07-02T12:00:00,19.11,72.87,2.59
2024-07-02T12:00:00,19.11,72.89,4.47
2024-07-02T12:00:00,19.11,72.91,2.42
2024-07-02T12:00:00,19.11,72.93,1.52
2024-07-02T12:00:00,19.11,72.95,12.3
2024-07-02T12:00:00,19.11,72.97,4.53
2024-07-02T12:00:00,19.11,72.99,6.68
2024-07-02T12:00:00,19.13,72.77,4.17
2024-07-02T12:00:00,19.13,72.79,5.35
2024-07-02T12:00:00,19.13,72.81,2.66
2024-07-02T12:00:00,19.13,72.83,17.53
2024-07-02T12:00:00,19.13,72.85,10.98
2024-07-02T12:00:00,19.13,72.87,3.56
2024-07-02T12:00:00,19.13,72.89,2.39
2024-07-02T12:00:00,19.13,72.91,1.43
2024-07-02T12:00:00,19.13,72.93,5.89
2024-07-02T12:00:00,19.13,72.95,9.05
2024-07-02T12:00:00,19.13,72.97,8.27
2024-07-02T12:00:00,19.13,72.99,3.58
2024-07-02T12:00:00,19.15,72.77,5.49
2024-07-02T12:00:00,19.15,72.79,2.66
2024-07-02T12:00:00,19.15,72.81,3.0
2024-07-02T12:00:00,19.15,72.83,13.98
2024-07-02T12:00:00,19.15,72.85,1.02
2024-07-02T12:00:00,19.15,72.87,0.86
2024-07-02T12:00:00,19.15,72.89,3.12
2024-07-02T12:00:00,19.15,72.91,15.84
2024-07-02T12:00:00,19.15,72.93,5.43
2024-07-02T12:00:00,19.15,72.95,22.96
2024-07-02T12:00:00,19.15,72.97,3.95
2024-07-02T12:00:00,19.15,72.99,8.35
2024-07-02T12:00:00,19.17,72.77,13.9
2024-07-02T12:00:00,19.17,72.79,24.49
2024-07-02T12:00:00,19.17,72.81,3.71
2024-07-02T12:00:00,19.17,72.83,6.02
2024-07-02T12:00:00,19.17,72.85,5.02
2024-07-02T12:00:00,19.17,72.87,9.89
2024-07-02T12:00:00,19.17,72.89,15.01
2024-07-02T12:00:00,19.17,72.91,14.67
2024-07-02T12:00:00,19.17,72.93,3.16
2024-07-02T12:00:00,19.17,72.95,2.57
2024-07-02T12:00:00,19.17,72.97,8.31
2024-07-02T12:00:00,19.17,72.99,1.89
2024-07-02T12:00:00,19.19,72.77,11.58
2024-07-02T12:00:00,19.19,72.79,6.37
2024-07-02T12:00:00,19.19,72.81,14.82
2024-07-02T12:00:00,19.19,72.83,12.87
2024-07-02T12:00:00,19.19,72.85,6.45
2024-07-02T12:00:00,19.19,72.87,1.94
2024-07-02T12:00:00,19.19,72.89,2.06
2024-07-02T12:00:00,19.19,72.91,5.7
2024-07-02T12:00:00,19.19,72.93,7.59
2024-07-02T12:00:00,19.19,72.95,4.08
2024-07-02T12:00:00,19.19,72.97,2.32
2024-07-02T12:00:00,19.19,72.99,4.06
2024-07-02T12:00:00,19.21,72.77,15.86
2024-07-02T12:00:00,19.21,72.79,5.06
2024-07-02T12:00:00,19.21,72.81,3.75
2024-07-02T12:00:00,19.21,72.83,2.15
2024-07-02T12:00:00,19.21,72.85,5.55
2024-07-02T12:00:00,19.21,72.87,12.33
2024-07-02T12:00:00,19.21,72.89,12.46
2024-07-02T12:00:00,19.21,72.91,2.77
2024-07-02T12:00:00,19.21,72.93,5.95
2024-07-02T12:00:00,19.21,72.95,2.9
2024-07-02T12:00:00,19.21,72.97,3.85
2024-07-02T12:00:00,19.21,72.99,4.78
2024-07-02T12:00:00,19.23,72.77,4.37
2024-07-02T12:00:00,19.23,72.79,18.62
2024-07-02T12:00:00,19.23,72.81,3.73
2024-07-02T12:00:00,19.23,72.83,3.39
2024-07-02T12:00:00,19.23,72.85,2.95
2024-07-02T12:00:00,19.23,72.87,1.37
2024-07-02T12:00:00,19.23,72.89,16.67
2024-07-02T12:00:00,19.23,72.91,5.39
2024-07-02T12:00:00,19.23,72.93,7.66
2024-07-02T12:00:00,19.23,72.95,6.83
2024-07-02T12:00:00,19.23,72.97,3.37
2024-07-02T12:00:00,19.23,72.99,5.02
2024-07-02T12:00:00,19.25,72.77,10.94
2024-07-02T12:00:00,19.25,72.79,1.72
2024-07-02T12:00:00,19.25,72.81,4.52
2024-07-02T12:00:00,19.25,72.83,5.03
2024-07-02T12:00:00,19.25,72.85,3.7
2024-07-02T12:00:00,19.25,72.87,3.55
2024-07-02T12:00:00,19.25,72.89,6.31
2024-07-02T12:00:00,19.25,72.91,13.64
2024-07-02T12:00:00,19.25,72.93,7.4
2024-07-02T12:00:00,19.25,72.95,2.59
2024-07-02T12:00:00,19.25,72.97,25.67
2024-07-02T12:00:00,19.25,72.99,12.83
2024-07-02T13:00:00,18.87,72.77,3.63
2024-07-02T13:00:00,18.87,72.79,13.28
2024-07-02T13:00:00,18.87,72.81,5.84
2024-07-02T13:00:00,18.87,72.83,1.73
2024-07-02T13:00:00,18.87,72.85,11.17
2024-07-02T13:00:00,18.87,72.87,2.31
2024-07-02T13:00:00,18.87,72.89,6.55
2024-07-02T13:00:00,18.87,72.91,4.97
2024-07-02T13:00:00,18.87,72.93,6.68
2024-07-02T13:00:00,18.87,72.95,13.61
2024-07-02T13:00:00,18.87,72.97,4.15
2024-07-02T13:00:00,18.87,72.99,1.45
2024-07-02T13:00:00,18.89,72.77,3.0
2024-07-02T13:00:00,18.89,72.79,1.68
2024-07-02T13:00:00,18.89,72.81,1.17
2024-07-02T13:00:00,18.89,72.83,10.51
2024-07-02T13:00:00,18.89,72.85,5.17
2024-07-02T13:00:00,18.89,72.87,4.16
2024-07-02T13:00:00,18.89,72.89,3.14
2024-07-02T13:00:00,18.89,72.91,8.07
2024-07-02T13:00:00,18.89,72.93,12.06
2024-07-02T13:00:00,18.89,72.95,2.08
2024-07-02T13:00:00,18.89,72.97,5.91
2024-07-02T13:00:00,18.89,72.99,8.51
2024-07-02T13:00:00,18.91,72.77,6.43
2024-07-02T13:00:00,18.91,72.79,8.86
2024-07-02T13:00:00,18.91,72.81,1.73
2024-07-02T13:00:00,18.91,72.83,13.75
2024-07-02T13:00:00,18.91,72.85,8.66
2024-07-02T13:00:00,18.91,72.87,6.99
2024-07-02T13:00:00,18.91,72.89,8.86
2024-07-02T13:00:00,18.91,72.91,3.5
2024-07-02T13:00:00,18.91,72.93,1.79
2024-07-02T13:00:00,18.91,72.95,1.41
2024-07-02T13:00:00,18.91,72.97,1.18
2024-07-02T13:00:00,18.91,72.99,5.77
2024-07-02T13:00:00,18.93,72.77,3.83
2024-07-02T13:00:00,18.93,72.79,13.97
2024-07-02T13:00:00,18.93,72.81,11.69
2024-07-02T13:00:00,18.93,72.83,8.85
2024-07-02T13:00:00,18.93,72.85,7.33
2024-07-02T13:00:00,18.93,72.87,2.59
2024-07-02T13:00:00,18.93,72.89,2.95
2024-07-02T13:00:00,18.93,72.91,2.47
2024-07-02T13:00:00,18.93,72.93,1.73
2024-07-02T13:00:00,18.93,72.95,3.93
2024-07-02T13:00:00,18.93,72.97,8.56
2024-07-02T13:00:00,18.93,72.99,3.62
2024-07-02T13:00:00,18.95,72.77,2.84
2024-07-02T13:00:00,18.95,72.79,4.52
2024-07-02T13:00:00,18.95,72.81,5.71
2024-07-02T13:00:00,18.95,72.83,3.26
2024-07-02T13:00:00,18.95,72.85,4.39
2024-07-02T13:00:00,18.95,72.87,22.98
2024-07-02T13:00:00,18.95,72.89,1.23
2024-07-02T13:00:00,18.95,72.91,0.51
2024-07-02T13:00:00,18.95,72.93,4.7
2024-07-02T13:00:00,18.95,72.95,5.75
2024-07-02T13:00:00,18.95,72.97,3.75
2024-07-02T13:00:00,18.95,72.99,1.79
2024-07-02T13:00:00,18.97,72.77,14.25
2024-07-02T13:00:00,18.97,72.79,5.33
2024-07-02T13:00:00,18.97,72.81,5.6
2024-07-02T13:00:00,18.97,72.83,8.75
2024-07-02T13:00:00,18.97,72.85,4.09
2024-07-02T13:00:00,18.97,72.87,3.7
2024-07-02T13:00:00,18.97,72.89,12.11
2024-07-02T13:00:00,18.97,72.91,0.86
2024-07-02T13:00:00,18.97,72.93,5.63
2024-07-02T13:00:00,18.97,72.95,5.18
2024-07-02T13:00:00,18.97,72.97,3.0
2024-07-02T13:00:00,18.97,72.99,3.69
2024-07-02T13:00:00,18.99,72.77,13.42
2024-07-02T13:00:00,18.99,72.79,2.57
2024-07-02T13:00:00,18.99,72.81,8.58
2024-07-02T13:00:00,18.99,72.83,4.91
2024-07-02T13:00:00,18.99,72.85,7.53
2024-07-02T13:00:00,18.99,72.87,6.31
2024-07-02T13:00:00,18.99,72.89,0.48
2024-07-02T13:00:00,18.99,72.91,2.16
2024-07-02T13:00:00,18.99,72.93,2.42
2024-07-02T13:00:00,18.99,72.95,1.83
2024-07-02T13:00:00,18.99,72.97,2.6
2024-07-02T13:00:00,18.99,72.99,4.63
2024-07-02T13:00:00,19.01,72.77,10.22
2024-07-02T13:00:00,19.01,72.79,1.6
2024-07-02T13:00:00,19.01,72.81,5.1
2024-07-02T13:00:00,19.01,72.83,6.06
2024-07-02T13:00:00,19.01,72.85,10.32
2024-07-02T13:00:00,19.01,72.87,13.34
2024-07-02T13:00:00,19.01,72.89,3.88
2024-07-02T13:00:00,19.01,72.91,1.93
2024-07-02T13:00:00,19.01,72.93,5.68
2024-07-02T13:00:00,19.01,72.95,1.95
2024-07-02T13:00:00,19.01,72.97,5.16
2024-07-02T13:00:00,19.01,72.99,2.21
2024-07-02T13:00:00,19.03,72.77,7.78
2024-07-02T13:00:00,19.03,72.79,2.92
2024-07-02T13:00:00,19.03,72.81,13.54
2024-07-02T13:00:00,19.03,72.83,4.92
2024-07-02T13:00:00,19.03,72.85,1.03
2024-07-02T13:00:00,19.03,72.87,9.06
2024-07-02T13:00:00,19.03,72.89,3.93
2024-07-02T13:00:00,19.03,72.91,6.83
2024-07-02T13:00:00,19.03,72.93,8.62
2024-07-02T13:00:00,19.03,72.95,4.5
2024-07-02T13:00:00,19.03,72.97,1.22
2024-07-02T13:00:00,19.03,72.99,4.67
2024-07-02T13:00:00,19.05,72.77,13.13
2024-07-02T13:00:00,19.05,72.79,4.8
2024-07-02T13:00:00,19.05,72.81,6.83
2024-07-02T13:00:00,19.05,72.83,2.44
2024-07-02T13:00:00,19.05,72.85,1.15
2024-07-02T13:00:00,19.05,72.87,4.08
2024-07-02T13:00:00,19.05,72.89,4.66
2024-07-02T13:00:00,19.05,72.91,9.52
2024-07-02T13:00:00,19.05,72.93,4.7
2024-07-02T13:00:00,19.05,72.95,8.69
2024-07-02T13:00:00,19.05,72.97,2.96
2024-07-02T13:00:00,19.05,72.99,1.17
2024-07-02T13:00:00,19.07,72.77,7.57
2024-07-02T13:00:00,19.07,72.79,13.63
2024-07-02T13:00:00,19.07,72.81,3.13
2024-07-02T13:00:00,19.07,72.83,7.66
2024-07-02T13:00:00,19.07,72.85,7.67
2024-07-02T13:00:00,19.07,72.87,3.95
2024-07-02T13:00:00,19.07,72.89,7.55
2024-07-02T13:00:00,19.07,72.91,5.78
2024-07-02T13:00:00,19.07,72.93,7.26
2024-07-02T13:00:00,19.07,72.95,6.31
2024-07-02T13:00:00,19.07,72.97,3.95
2024-07-02T13:00:00,19.07,72.99,4.26
2024-07-02T13:00:00,19.09,72.77,11.22
2024-07-02T13:00:00,19.09,72.79,5.81
2024-07-02T13:00:00,19.09,72.81,2.78
2024-07-02T13:00:00,19.09,72.83,4.2
2024-07-02T13:00:00,19.09,72.85,6.45
2024-07-02T13:00:00,19.09,72.87,9.33
2024-07-02T13:00:00,19.09,72.89,1.09
2024-07-02T13:00:00,19.09,72.91,3.67
2024-07-02T13:00:00,19.09,72.93,8.32
2024-07-02T13:00:00,19.09,72.95,2.12
2024-07-02T13:00:00,19.09,72.97,2.09
2024-07-02T13:00:00,19.09,72.99,4.22
2024-07-02T13:00:00,19.11,72.77,1.18
2024-07-02T13:00:00,19.11,72.79,16.12
2024-07-02T13:00:00,19.11,72.81,6.75
2024-07-02T13:00:00,19.11,72.83,7.64
2024-07-02T13:00:00,19.11,72.85,10.46
2024-07-02T13:00:00,19.11,72.87,19.96
2024-07-02T13:00:00,19.11,72.89,4.27
2024-07-02T13:00:00,19.11,72.91,1.05
2024-07-02T13:00:00,19.11,72.93,5.5
2024-07-02T13:00:00,19.11,72.95,2.24
2024-07-02T13:00:00,19.11,72.97,1.52
2024-07-02T13:00:00,19.11,72.99,2.8
2024-07-02T13:00:00,19.13,72.77,4.95
2024-07-02T13:00:00,19.13,72.79,11.52
2024-07-02T13:00:00,19.13,72.81,15.92
2024-07-02T13:00:00,19.13,72.83,1.98
2024-07-02T13:00:00,19.13,72.85,3.4
2024-07-02T13:00:00,19.13,72.87,7.04
2024-07-02T13:00:00,19.13,72.89,7.57
2024-07-02T13:00:00,19.13,72.91,2.0
2024-07-02T13:00:00,19.13,72.93,8.33
2024-07-02T13:00:00,19.13,72.95,2.37
2024-07-02T13:00:00,19.13,72.97,1.83
2024-07-02T13:00:00,19.13,72.99,6.11
2024-07-02T13:00:00,19.15,72.77,12.12
2024-07-02T13:00:00,19.15,72.79,6.52
2024-07-02T13:00:00,19.15,72.81,5.57
2024-07-02T13:00:00,19.15,72.83,4.59
2024-07-02T13:00:00,19.15,72.85,5.05
2024-07-02T13:00:00,19.15,72.87,3.91
2024-07-02T13:00:00,19.15,72.89,6.82
2024-07-02T13:00:00,19.15,72.91,4.73
2024-07-02T13:00:00,19.15,72.93,18.01
2024-07-02T13:00:00,19.15,72.95,5.56
2024-07-02T13:00:00,19.15,72.97,3.56
2024-07-02T13:00:00,19.15,72.99,1.71
2024-07-02T13:00:00,19.17,72.77,2.47
2024-07-02T13:00:00,19.17,72.79,6.92
2024-07-02T13:00:00,19.17,72.81,3.24
2024-07-02T13:00:00,19.17,72.83,5.62
2024-07-02T13:00:00,19.17,72.85,11.21
2024-07-02T13:00:00,19.17,72.87,1.57
2024-07-02T13:00:00,19.17,72.89,4.03
2024-07-02T13:00:00,19.17,72.91,1.1
2024-07-02T13:00:00,19.17,72.93,5.17
2024-07-02T13:00:00,19.17,72.95,1.18
2024-07-02T13:00:00,19.17,72.97,1.39
2024-07-02T13:00:00,19.17,72.99,12.2
2024-07-02T13:00:00,19.19,72.77,3.16
2024-07-02T13:00:00,19.19,72.79,2.24
2024-07-02T13:00:00,19.19,72.81,11.78
2024-07-02T13:00:00,19.19,72.83,2.1
2024-07-02T13:00:00,19.19,72.85,6.1
2024-07-02T13:00:00,19.19,72.87,6.08
2024-07-02T13:00:00,19.19,72.89,8.28
2024-07-02T13:00:00,19.19,72.91,1.64
2024-07-02T13:00:00,19.19,72.93,2.15
2024-07-02T13:00:00,19.19,72.95,2.56
2024-07-02T13:00:00,19.19,72.97,2.16
2024-07-02T13:00:00,19.19,72.99,7.23
2024-07-02T13:00:00,19.21,72.77,7.0
2024-07-02T13:00:00,19.21,72.79,7.55
2024-07-02T13:00:00,19.21,72.81,1.17
2024-07-02T13:00:00,19.21,72.83,5.68
2024-07-02T13:00:00,19.21,72.85,12.38
2024-07-02T13:00:00,19.21,72.87,17.57
2024-07-02T13:00:00,19.21,72.89,3.11
2024-07-02T13:00:00,19.21,72.91,8.23
2024-07-02T13:00:00,19.21,72.93,2.2
2024-07-02T13:00:00,19.21,72.95,1.04
2024-07-02T13:00:00,19.21,72.97,1.09
2024-07-02T13:00:00,19.21,72.99,9.85
2024-07-02T13:00:00,19.23,72.77,3.88
2024-07-02T13:00:00,19.23,72.79,3.18
2024-07-02T13:00:00,19.23,72.81,8.52
2024-07-02T13:00:00,19.23,72.83,1.55
2024-07-02T13:00:00,19.23,72.85,6.72
2024-07-02T13:00:00,19.23,72.87,3.9
2024-07-02T13:00:00,19.23,72.89,16.12
2024-07-02T13:00:00,19.23,72.91,3.16
2024-07-02T13:00:00,19.23,72.93,3.89
2024-07-02T13:00:00,19.23,72.95,1.09
2024-07-02T13:00:00,19.23,72.97,16.51
2024-07-02T13:00:00,19.23,72.99,3.12
2024-07-02T13:00:00,19.25,72.77,16.17
2024-07-02T13:00:00,19.25,72.79,0.94
2024-07-02T13:00:00,19.25,72.81,6.17
2024-07-02T13:00:00,19.25,72.83,17.78
2024-07-02T13:00:00,19.25,72.85,2.82
2024-07-02T13:00:00,19.25,72.87,5.42
2024-07-02T13:00:00,19.25,72.89,11.01
2024-07-02T13:00:00,19.25,72.91,3.38
2024-07-02T13:00:00,19.25,72.93,1.08
2024-07-02T13:00:00,19.25,72.95,2.87
2024-07-02T13:00:00,19.25,72.97,5.23
2024-07-02T13:00:00,19.25,72.99,5.11
2024-07-02T14:00:00,18.87,72.77,7.07
2024-07-02T14:00:00,18.87,72.79,2.03
2024-07-02T14:00:00,18.87,72.81,14.05
2024-07-02T14:00:00,18.87,72.83,1.97
2024-07-02T14:00:00,18.87,72.85,4.09
2024-07-02T14:00:00,18.87,72.87,4.79
2024-07-02T14:00:00,18.87,72.89,4.36
2024-07-02T14:00:00,18.87,72.91,1.33
2024-07-02T14:00:00,18.87,72.93,8.71
2024-07-02T14:00:00,18.87,72.95,2.23
2024-07-02T14:00:00,18.87,72.97,4.64
2024-07-02T14:00:00,18.87,72.99,3.9
2024-07-02T14:00:00,18.89,72.77,5.0
2024-07-02T14:00:00,18.89,72.79,0.94
2024-07-02T14:00:00,18.89,72.81,2.43
2024-07-02T14:00:00,18.89,72.83,5.33
2024-07-02T14:00:00,18.89,72.85,0.92
2024-07-02T14:00:00,18.89,72.87,3.15
2024-07-02T14:00:00,18.89,72.89,3.99
2024-07-02T14:00:00,18.89,72.91,5.68
2024-07-02T14:00:00,18.89,72.93,3.77
2024-07-02T14:00:00,18.89,72.95,2.99
2024-07-02T14:00:00,18.89,72.97,4.1
2024-07-02T14:00:00,18.89,72.99,2.76
2024-07-02T14:00:00,18.91,72.77,2.03
2024-07-02T14:00:00,18.91,72.79,2.78
2024-07-02T14:00:00,18.91,72.81,5.43
2024-07-02T14:00:00,18.91,72.83,3.42
2024-07-02T14:00:00,18.91,72.85,17.95
2024-07-02T14:00:00,18.91,72.87,1.34
2024-07-02T14:00:00,18.91,72.89,4.8
2024-07-02T14:00:00,18.91,72.91,5.26
2024-07-02T14:00:00,18.91,72.93,3.7
2024-07-02T14:00:00,18.91,72.95,2.7
2024-07-02T14:00:00,18.91,72.97,3.36
2024-07-02T14:00:00,18.91,72.99,3.32
2024-07-02T14:00:00,18.93,72.77,12.1
2024-07-02T14:00:00,18.93,72.79,0.68
2024-07-02T14:00:00,18.93,72.81,1.86
2024-07-02T14:00:00,18.93,72.83,4.77
2024-07-02T14:00:00,18.93,72.85,7.91
2024-07-02T14:00:00,18.93,72.87,1.82
2024-07-02T14:00:00,18.93,72.89,1.39
2024-07-02T14:00:00,18.93,72.91,3.22
2024-07-02T14:00:00,18.93,72.93,1.63
2024-07-02T14:00:00,18.93,72.95,3.12
2024-07-02T14:00:00,18.93,72.97,1.61
2024-07-02T14:00:00,18.93,72.99,5.36
2024-07-02T14:00:00,18.95,72.77,2.09
2024-07-02T14:00:00,18.95,72.79,0.84
2024-07-02T14:00:00,18.95,72.81,6.5
2024-07-02T14:00:00,18.95,72.83,3.95
2024-07-02T14:00:00,18.95,72.85,2.74
2024-07-02T14:00:00,18.95,72.87,2.73
2024-07-02T14:00:00,18.95,72.89,3.99
2024-07-02T14:00:00,18.95,72.91,1.37
2024-07-02T14:00:00,18.95,72.93,0.97
2024-07-02T14:00:00,18.95,72.95,1.67
2024-07-02T14:00:00,18.95,72.97,2.66
2024-07-02T14:00:00,18.95,72.99,1.5
2024-07-02T14:00:00,18.97,72.77,12.05
2024-07-02T14:00:00,18.97,72.79,2.02
2024-07-02T14:00:00,18.97,72.81,4.18
2024-07-02T14:00:00,18.97,72.83,5.52
2024-07-02T14:00:00,18.97,72.85,8.6
2024-07-02T14:00:00,18.97,72.87,11.57
2024-07-02T14:00:00,18.97,72.89,14.25
2024-07-02T14:00:00,18.97,72.91,7.78
2024-07-02T14:00:00,18.97,72.93,6.85
2024-07-02T14:00:00,18.97,72.95,1.4
2024-07-02T14:00:00,18.97,72.97,4.97
2024-07-02T14:00:00,18.97,72.99,2.74
2024-07-02T14:00:00,18.99,72.77,3.55
2024-07-02T14:00:00,18.99,72.79,2.99
2024-07-02T14:00:00,18.99,72.81,1.61
2024-07-02T14:00:00,18.99,72.83,2.46
2024-07-02T14:00:00,18.99,72.85,1.77
2024-07-02T14:00:00,18.99,72.87,0.61
2024-07-02T14:00:00,18.99,72.89,9.07
2024-07-02T14:00:00,18.99,72.91,3.64
2024-07-02T14:00:00,18.99,72.93,3.69
2024-07-02T14:00:00,18.99,72.95,3.27
2024-07-02T14:00:00,18.99,72.97,6.99
2024-07-02T14:00:00,18.99,72.99,3.76
2024-07-02T14:00:00,19.01,72.77,10.91
2024-07-02T14:00:00,19.01,72.79,6.54
2024-07-02T14:00:00,19.01,72.81,2.18
2024-07-02T14:00:00,19.01,72.83,8.97
2024-07-02T14:00:00,19.01,72.85,4.88
2024-07-02T14:00:00,19.01,72.87,3.48
2024-07-02T14:00:00,19.01,72.89,6.93
2024-07-02T14:00:00,19.01,72.91,3.68
2024-07-02T14:00:00,19.01,72.93,5.86
2024-07-02T14:00:00,19.01,72.95,1.18
2024-07-02T14:00:00,19.01,72.97,3.54
2024-07-02T14:00:00,19.01,72.99,1.91
2024-07-02T14:00:00,19.03,72.77,16.39
2024-07-02T14:00:00,19.03,72.79,10.08
2024-07-02T14:00:00,19.03,72.81,4.75
2024-07-02T14:00:00,19.03,72.83,8.93
2024-07-02T14:00:00,19.03,72.85,2.22
2024-07-02T14:00:00,19.03,72.87,2.59
2024-07-02T14:00:00,19.03,72.89,0.47
2024-07-02T14:00:00,19.03,72.91,5.76
2024-07-02T14:00:00,19.03,72.93,0.39
2024-07-02T14:00:00,19.03,72.95,2.19
2024-07-02T14:00:00,19.03,72.97,1.12
2024-07-02T14:00:00,19.03,72.99,6.77
2024-07-02T14:00:00,19.05,72.77,15.35
2024-07-02T14:00:00,19.05,72.79,7.46
2024-07-02T14:00:00,19.05,72.81,6.38
2024-07-02T14:00:00,19.05,72.83,4.65
2024-07-02T14:00:00,19.05,72.85,4.24
2024-07-02T14:00:00,19.05,72.87,1.85
2024-07-02T14:00:00,19.05,72.89,0.84
2024-07-02T14:00:00,19.05,72.91,3.91
2024-07-02T14:00:00,19.05,72.93,4.52
2024-07-02T14:00:00,19.05,72.95,4.42
2024-07-02T14:00:00,19.05,72.97,4.82
2024-07-02T14:00:00,19.05,72.99,5.66
2024-07-02T14:00:00,19.07,72.77,4.54
2024-07-02T14:00:00,19.07,72.79,1.88
2024-07-02T14:00:00,19.07,72.81,5.6
2024-07-02T14:00:00,19.07,72.83,6.37
2024-07-02T14:00:00,19.07,72.85,3.04
2024-07-02T14:00:00,19.07,72.87,6.07
2024-07-02T14:00:00,19.07,72.89,4.02
2024-07-02T14:00:00,19.07,72.91,1.41
2024-07-02T14:00:00,19.07,72.93,15.36
2024-07-02T14:00:00,19.07,72.95,2.63
2024-07-02T14:00:00,19.07,72.97,1.43
2024-07-02T14:00:00,19.07,72.99,1.89
2024-07-02T14:00:00,19.09,72.77,0.33
2024-07-02T14:00:00,19.09,72.79,3.39
2024-07-02T14:00:00,19.09,72.81,10.12
2024-07-02T14:00:00,19.09,72.83,4.6
2024-07-02T14:00:00,19.09,72.85,1.99
2024-07-02T14:00:00,19.09,72.87,3.63
2024-07-02T14:00:00,19.09,72.89,3.58
2024-07-02T14:00:00,19.09,72.91,2.79
2024-07-02T14:00:00,19.09,72.93,6.8
2024-07-02T14:00:00,19.09,72.95,4.48
2024-07-02T14:00:00,19.09,72.97,1.49
2024-07-02T14:00:00,19.09,72.99,6.36
2024-07-02T14:00:00,19.11,72.77,10.09
2024-07-02T14:00:00,19.11,72.79,5.54
2024-07-02T14:00:00,19.11,72.81,3.41
2024-07-02T14:00:00,19.11,72.83,2.57
2024-07-02T14:00:00,19.11,72.85,11.06
2024-07-02T14:00:00,19.11,72.87,4.69
2024-07-02T14:00:00,19.11,72.89,3.95
2024-07-02T14:00:00,19.11,72.91,1.28
2024-07-02T14:00:00,19.11,72.93,1.69
2024-07-02T14:00:00,19.11,72.95,0.92
2024-07-02T14:00:00,19.11,72.97,2.84
2024-07-02T14:00:00,19.11,72.99,2.14
2024-07-02T14:00:00,19.13,72.77,4.82
2024-07-02T14:00:00,19.13,72.79,8.94
2024-07-02T14:00:00,19.13,72.81,6.59
2024-07-02T14:00:00,19.13,72.83,7.31
2024-07-02T14:00:00,19.13,72.85,8.08
2024-07-02T14:00:00,19.13,72.87,1.93
2024-07-02T14:00:00,19.13,72.89,2.67
2024-07-02T14:00:00,19.13,72.91,2.33
2024-07-02T14:00:00,19.13,72.93,5.93
2024-07-02T14:00:00,19.13,72.95,1.19
2024-07-02T14:00:00,19.13,72.97,8.77
2024-07-02T14:00:00,19.13,72.99,2.37
2024-07-02T14:00:00,19.15,72.77,1.59
2024-07-02T14:00:00,19.15,72.79,3.05
2024-07-02T14:00:00,19.15,72.81,3.12
2024-07-02T14:00:00,19.15,72.83,3.39
2024-07-02T14:00:00,19.15,72.85,3.42
2024-07-02T14:00:00,19.15,72.87,7.84
2024-07-02T14:00:00,19.15,72.89,4.64
2024-07-02T14:00:00,19.15,72.91,1.31
2024-07-02T14:00:00,19.15,72.93,2.67
2024-07-02T14:00:00,19.15,72.95,2.19
2024-07-02T14:00:00,19.15,72.97,3.56
2024-07-02T14:00:00,19.15,72.99,3.14
2024-07-02T14:00:00,19.17,72.77,13.43
2024-07-02T14:00:00,19.17,72.79,7.72
2024-07-02T14:00:00,19.17,72.81,6.15
2024-07-02T14:00:00,19.17,72.83,0.46
2024-07-02T14:00:00,19.17,72.85,6.91
2024-07-02T14:00:00,19.17,72.87,0.65
2024-07-02T14:00:00,19.17,72.89,2.5
2024-07-02T14:00:00,19.17,72.91,2.71
2024-07-02T14:00:00,19.17,72.93,7.18
2024-07-02T14:00:00,19.17,72.95,1.47
2024-07-02T14:00:00,19.17,72.97,2.94
2024-07-02T14:00:00,19.17,72.99,0.97
2024-07-02T14:00:00,19.19,72.77,6.19
2024-07-02T14:00:00,19.19,72.79,2.87
2024-07-02T14:00:00,19.19,72.81,4.57
2024-07-02T14:00:00,19.19,72.83,0.17
2024-07-02T14:00:00,19.19,72.85,1.46
2024-07-02T14:00:00,19.19,72.87,4.33
2024-07-02T14:00:00,19.19,72.89,5.8
2024-07-02T14:00:00,19.19,72.91,9.33
2024-07-02T14:00:00,19.19,72.93,8.28
2024-07-02T14:00:00,19.19,72.95,2.1
2024-07-02T14:00:00,19.19,72.97,3.79
2024-07-02T14:00:00,19.19,72.99,5.73
2024-07-02T14:00:00,19.21,72.77,5.39
2024-07-02T14:00:00,19.21,72.79,3.18
2024-07-02T14:00:00,19.21,72.81,4.66
2024-07-02T14:00:00,19.21,72.83,9.75
2024-07-02T14:00:00,19.21,72.85,3.72
2024-07-02T14:00:00,19.21,72.87,5.46
2024-07-02T14:00:00,19.21,72.89,4.42
2024-07-02T14:00:00,19.21,72.91,2.08
2024-07-02T14:00:00,19.21,72.93,7.15
2024-07-02T14:00:00,19.21,72.95,3.43
2024-07-02T14:00:00,19.21,72.97,2.57
2024-07-02T14:00:00,19.21,72.99,4.02
2024-07-02T14:00:00,19.23,72.77,9.44
2024-07-02T14:00:00,19.23,72.79,4.77
2024-07-02T14:00:00,19.23,72.81,4.57
2024-07-02T14:00:00,19.23,72.83,5.61
2024-07-02T14:00:00,19.23,72.85,6.4
2024-07-02T14:00:00,19.23,72.87,3.07
2024-07-02T14:00:00,19.23,72.89,3.31
2024-07-02T14:00:00,19.23,72.91,2.77
2024-07-02T14:00:00,19.23,72.93,4.98
2024-07-02T14:00:00,19.23,72.95,3.42
2024-07-02T14:00:00,19.23,72.97,3.5
2024-07-02T14:00:00,19.23,72.99,3.53
2024-07-02T14:00:00,19.25,72.77,1.43
2024-07-02T14:00:00,19.25,72.79,6.56
2024-07-02T14:00:00,19.25,72.81,3.24
2024-07-02T14:00:00,19.25,72.83,3.93
2024-07-02T14:00:00,19.25,72.85,2.66
2024-07-02T14:00:00,19.25,72.87,1.59
2024-07-02T14:00:00,19.25,72.89,4.16
2024-07-02T14:00:00,19.25,72.91,4.87
2024-07-02T14:00:00,19.25,72.93,15.19
2024-07-02T14:00:00,19.25,72.95,2.24
2024-07-02T14:00:00,19.25,72.97,5.96
2024-07-02T14:00:00,19.25,72.99,2.64
2024-07-02T15:00:00,18.87,72.77,6.38
2024-07-02T15:00:00,18.87,72.79,5.03
2024-07-02T15:00:00,18.87,72.81,2.11
2024-07-02T15:00:00,18.87,72.83,1.23
2024-07-02T15:00:00,18.87,72.85,0.88
2024-07-02T15:00:00,18.87,72.87,5.92
2024-07-02T15:00:00,18.87,72.89,1.43
2024-07-02T15:00:00,18.87,72.91,5.59
2024-07-02T15:00:00,18.87,72.93,2.91
2024-07-02T15:00:00,18.87,72.95,2.29
2024-07-02T15:00:00,18.87,72.97,4.52
2024-07-02T15:00:00,18.87,72.99,2.11
2024-07-02T15:00:00,18.89,72.77,5.36
2024-07-02T15:00:00,18.89,72.79,2.18
2024-07-02T15:00:00,18.89,72.81,7.91
2024-07-02T15:00:00,18.89,72.83,1.81
2024-07-02T15:00:00,18.89,72.85,4.82
2024-07-02T15:00:00,18.89,72.87,6.45
2024-07-02T15:00:00,18.89,72.89,0.07
2024-07-02T15:00:00,18.89,72.91,4.21
2024-07-02T15:00:00,18.89,72.93,1.64
2024-07-02T15:00:00,18.89,72.95,4.57
2024-07-02T15:00:00,18.89,72.97,3.28
2024-07-02T15:00:00,18.89,72.99,3.84
2024-07-02T15:00:00,18.91,72.77,3.37
2024-07-02T15:00:00,18.91,72.79,7.51
2024-07-02T15:00:00,18.91,72.81,0.97
2024-07-02T15:00:00,18.91,72.83,6.58
2024-07-02T15:00:00,18.91,72.85,2.03
2024-07-02T15:00:00,18.91,72.87,0.49
2024-07-02T15:00:00,18.91,72.89,3.11
2024-07-02T15:00:00,18.91,72.91,1.72
2024-07-02T15:00:00,18.91,72.93,3.93
2024-07-02T15:00:00,18.91,72.95,4.12
2024-07-02T15:00:00,18.91,72.97,2.48
2024-07-02T15:00:00,18.91,72.99,3.86
2024-07-02T15:00:00,18.93,72.77,4.34
2024-07-02T15:00:00,18.93,72.79,3.5
2024-07-02T15:00:00,18.93,72.81,2.88
2024-07-02T15:00:00,18.93,72.83,2.19
2024-07-02T15:00:00,18.93,72.85,9.59
2024-07-02T15:00:00,18.93,72.87,3.04
2024-07-02T15:00:00,18.93,72.89,3.81
2024-07-02T15:00:00,18.93,72.91,4.6
2024-07-02T15:00:00,18.93,72.93,2.35
2024-07-02T15:00:00,18.93,72.95,3.78
2024-07-02T15:00:00,18.93,72.97,8.01
2024-07-02T15:00:00,18.93,72.99,1.54
2024-07-02T15:00:00,18.95,72.77,10.14
2024-07-02T15:00:00,18.95,72.79,5.61
2024-07-02T15:00:00,18.95,72.81,2.12
2024-07-02T15:00:00,18.95,72.83,1.72
2024-07-02T15:00:00,18.95,72.85,9.0
2024-07-02T15:00:00,18.95,72.87,5.97
2024-07-02T15:00:00,18.95,72.89,2.73
2024-07-02T15:00:00,18.95,72.91,2.06
2024-07-02T15:00:00,18.95,72.93,1.85
2024-07-02T15:00:00,18.95,72.95,2.49
2024-07-02T15:00:00,18.95,72.97,2.62
2024-07-02T15:00:00,18.95,72.99,3.12
2024-07-02T15:00:00,18.97,72.77,1.65
2024-07-02T15:00:00,18.97,72.79,2.12
2024-07-02T15:00:00,18.97,72.81,2.8
2024-07-02T15:00:00,18.97,72.83,11.54
2024-07-02T15:00:00,18.97,72.85,3.85
2024-07-02T15:00:00,18.97,72.87,1.01
2024-07-02T15:00:00,18.97,72.89,1.46
2024-07-02T15:00:00,18.97,72.91,8.34
2024-07-02T15:00:00,18.97,72.93,6.36
2024-07-02T15:00:00,18.97,72.95,2.16
2024-07-02T15:00:00,18.97,72.97,3.97
2024-07-02T15:00:00,18.97,72.99,3.61
2024-07-02T15:00:00,18.99,72.77,3.57
2024-07-02T15:00:00,18.99,72.79,1.84
2024-07-02T15:00:00,18.99,72.81,0.71
2024-07-02T15:00:00,18.99,72.83,5.84
2024-07-02T15:00:00,18.99,72.85,4.2
2024-07-02T15:00:00,18.99,72.87,1.67
2024-07-02T15:00:00,18.99,72.89,6.43
2024-07-02T15:00:00,18.99,72.91,8.13
2024-07-02T15:00:00,18.99,72.93,3.45
2024-07-02T15:00:00,18.99,72.95,2.79
2024-07-02T15:00:00,18.99,72.97,0.77
2024-07-02T15:00:00,18.99,72.99,2.43
2024-07-02T15:00:00,19.01,72.77,1.52
2024-07-02T15:00:00,19.01,72.79,3.16
2024-07-02T15:00:00,19.01,72.81,6.62
2024-07-02T15:00:00,19.01,72.83,5.03
2024-07-02T15:00:00,19.01,72.85,6.87
2024-07-02T15:00:00,19.01,72.87,2.55
2024-07-02T15:00:00,19.01,72.89,1.04
2024-07-02T15:00:00,19.01,72.91,2.37
2024-07-02T15:00:00,19.01,72.93,3.46
2024-07-02T15:00:00,19.01,72.95,6.37
2024-07-02T15:00:00,19.01,72.97,4.92
2024-07-02T15:00:00,19.01,72.99,0.65
2024-07-02T15:00:00,19.03,72.77,4.14
2024-07-02T15:00:00,19.03,72.79,6.78
2024-07-02T15:00:00,19.03,72.81,7.8
2024-07-02T15:00:00,19.03,72.83,6.73
2024-07-02T15:00:00,19.03,72.85,1.87
2024-07-02T15:00:00,19.03,72.87,1.9
2024-07-02T15:00:00,19.03,72.89,9.16
2024-07-02T15:00:00,19.03,72.91,2.12
2024-07-02T15:00:00,19.03,72.93,7.9
2024-07-02T15:00:00,19.03,72.95,1.39
2024-07-02T15:00:00,19.03,72.97,2.57
2024-07-02T15:00:00,19.03,72.99,0.41
2024-07-02T15:00:00,19.05,72.77,3.09
2024-07-02T15:00:00,19.05,72.79,1.81
2024-07-02T15:00:00,19.05,72.81,5.2
2024-07-02T15:00:00,19.05,72.83,5.02
2024-07-02T15:00:00,19.05,72.85,4.31
2024-07-02T15:00:00,19.05,72.87,1.69
2024-07-02T15:00:00,19.05,72.89,6.57
2024-07-02T15:00:00,19.05,72.91,3.07
2024-07-02T15:00:00,19.05,72.93,4.77
2024-07-02T15:00:00,19.05,72.95,5.93
2024-07-02T15:00:00,19.05,72.97,3.15
2024-07-02T15:00:00,19.05,72.99,0.87
2024-07-02T15:00:00,19.07,72.77,4.32
2024-07-02T15:00:00,19.07,72.79,3.02
2024-07-02T15:00:00,19.07,72.81,1.68
2024-07-02T15:00:00,19.07,72.83,8.22
2024-07-02T15:00:00,19.07,72.85,2.55
2024-07-02T15:00:00,19.07,72.87,4.59
2024-07-02T15:00:00,19.07,72.89,5.23
2024-07-02T15:00:00,19.07,72.91,3.6
2024-07-02T15:00:00,19.07,72.93,2.15
2024-07-02T15:00:00,19.07,72.95,0.81
2024-07-02T15:00:00,19.07,72.97,3.79
2024-07-02T15:00:00,19.07,72.99,2.24
2024-07-02T15:00:00,19.09,72.77,10.6
2024-07-02T15:00:00,19.09,72.79,2.07
2024-07-02T15:00:00,19.09,72.81,0.51
2024-07-02T15:00:00,19.09,72.83,1.27
2024-07-02T15:00:00,19.09,72.85,6.55
2024-07-02T15:00:00,19.09,72.87,5.46
2024-07-02T15:00:00,19.09,72.89,7.6
2024-07-02T15:00:00,19.09,72.91,2.63
2024-07-02T15:00:00,19.09,72.93,4.7
2024-07-02T15:00:00,19.09,72.95,3.35
2024-07-02T15:00:00,19.09,72.97,1.79
2024-07-02T15:00:00,19.09,72.99,2.85
2024-07-02T15:00:00,19.11,72.77,2.73
2024-07-02T15:00:00,19.11,72.79,8.35
2024-07-02T15:00:00,19.11,72.81,2.12
2024-07-02T15:00:00,19.11,72.83,8.63
2024-07-02T15:00:00,19.11,72.85,1.91
2024-07-02T15:00:00,19.11,72.87,2.38
2024-07-02T15:00:00,19.11,72.89,3.22
2024-07-02T15:00:00,19.11,72.91,1.72
2024-07-02T15:00:00,19.11,72.93,3.08
2024-07-02T15:00:00,19.11,72.95,3.32
2024-07-02T15:00:00,19.11,72.97,6.57
2024-07-02T15:00:00,19.11,72.99,0.41
2024-07-02T15:00:00,19.13,72.77,2.16
2024-07-02T15:00:00,19.13,72.79,9.92
2024-07-02T15:00:00,19.13,72.81,2.53
2024-07-02T15:00:00,19.13,72.83,2.46
2024-07-02T15:00:00,19.13,72.85,1.82
2024-07-02T15:00:00,19.13,72.87,4.93
2024-07-02T15:00:00,19.13,72.89,0.8
2024-07-02T15:00:00,19.13,72.91,3.86
2024-07-02T15:00:00,19.13,72.93,9.17
2024-07-02T15:00:00,19.13,72.95,0.59
2024-07-02T15:00:00,19.13,72.97,4.51
2024-07-02T15:00:00,19.13,72.99,1.03
2024-07-02T15:00:00,19.15,72.77,4.84
2024-07-02T15:00:00,19.15,72.79,4.41
2024-07-02T15:00:00,19.15,72.81,5.62
2024-07-02T15:00:00,19.15,72.83,2.22
2024-07-02T15:00:00,19.15,72.85,2.25
2024-07-02T15:00:00,19.15,72.87,5.3
2024-07-02T15:00:00,19.15,72.89,2.05
2024-07-02T15:00:00,19.15,72.91,5.48
2024-07-02T15:00:00,19.15,72.93,0.31
2024-07-02T15:00:00,19.15,72.95,3.5
2024-07-02T15:00:00,19.15,72.97,4.97
2024-07-02T15:00:00,19.15,72.99,2.46
2024-07-02T15:00:00,19.17,72.77,8.55
2024-07-02T15:00:00,19.17,72.79,2.42
2024-07-02T15:00:00,19.17,72.81,3.99
2024-07-02T15:00:00,19.17,72.83,6.42
2024-07-02T15:00:00,19.17,72.85,1.3
2024-07-02T15:00:00,19.17,72.87,6.46
2024-07-02T15:00:00,19.17,72.89,3.91
2024-07-02T15:00:00,19.17,72.91,1.65
2024-07-02T15:00:00,19.17,72.93,2.9
2024-07-02T15:00:00,19.17,72.95,1.48
2024-07-02T15:00:00,19.17,72.97,4.27
2024-07-02T15:00:00,19.17,72.99,2.31
2024-07-02T15:00:00,19.19,72.77,2.7
2024-07-02T15:00:00,19.19,72.79,5.36
2024-07-02T15:00:00,19.19,72.81,2.92
2024-07-02T15:00:00,19.19,72.83,3.36
2024-07-02T15:00:00,19.19,72.85,3.11
2024-07-02T15:00:00,19.19,72.87,0.44
2024-07-02T15:00:00,19.19,72.89,0.94
2024-07-02T15:00:00,19.19,72.91,1.81
2024-07-02T15:00:00,19.19,72.93,1.88
2024-07-02T15:00:00,19.19,72.95,0.37
2024-07-02T15:00:00,19.19,72.97,2.9
2024-07-02T15:00:00,19.19,72.99,2.56
2024-07-02T15:00:00,19.21,72.77,3.98
2024-07-02T15:00:00,19.21,72.79,2.75
2024-07-02T15:00:00,19.21,72.81,8.69
2024-07-02T15:00:00,19.21,72.83,4.65
2024-07-02T15:00:00,19.21,72.85,8.92
2024-07-02T15:00:00,19.21,72.87,1.26
2024-07-02T15:00:00,19.21,72.89,2.36
2024-07-02T15:00:00,19.21,72.91,1.95
2024-07-02T15:00:00,19.21,72.93,0.72
2024-07-02T15:00:00,19.21,72.95,2.54
2024-07-02T15:00:00,19.21,72.97,0.33
2024-07-02T15:00:00,19.21,72.99,4.18
2024-07-02T15:00:00,19.23,72.77,7.85
2024-07-02T15:00:00,19.23,72.79,2.93
2024-07-02T15:00:00,19.23,72.81,3.72
2024-07-02T15:00:00,19.23,72.83,7.22
2024-07-02T15:00:00,19.23,72.85,1.51
2024-07-02T15:00:00,19.23,72.87,0.76
2024-07-02T15:00:00,19.23,72.89,0.35
2024-07-02T15:00:00,19.23,72.91,1.54
2024-07-02T15:00:00,19.23,72.93,1.73
2024-07-02T15:00:00,19.23,72.95,4.53
2024-07-02T15:00:00,19.23,72.97,0.91
2024-07-02T15:00:00,19.23,72.99,0.65
2024-07-02T15:00:00,19.25,72.77,6.33
2024-07-02T15:00:00,19.25,72.79,2.17
2024-07-02T15:00:00,19.25,72.81,3.74
2024-07-02T15:00:00,19.25,72.83,5.38
2024-07-02T15:00:00,19.25,72.85,14.25
2024-07-02T15:00:00,19.25,72.87,4.06
2024-07-02T15:00:00,19.25,72.89,1.74
2024-07-02T15:00:00,19.25,72.91,5.2
2024-07-02T15:00:00,19.25,72.93,1.32
2024-07-02T15:00:00,19.25,72.95,6.29
2024-07-02T15:00:00,19.25,72.97,1.53
2024-07-02T15:00:00,19.25,72.99,1.06
2024-07-02T16:00:00,18.87,72.77,2.85
2024-07-02T16:00:00,18.87,72.79,3.48
2024-07-02T16:00:00,18.87,72.81,1.05
2024-07-02T16:00:00,18.87,72.83,1.57
2024-07-02T16:00:00,18.87,72.85,3.45
2024-07-02T16:00:00,18.87,72.87,2.77
2024-07-02T16:00:00,18.87,72.89,3.17
2024-07-02T16:00:00,18.87,72.91,5.19
2024-07-02T16:00:00,18.87,72.93,2.8
2024-07-02T16:00:00,18.87,72.95,5.92
2024-07-02T16:00:00,18.87,72.97,4.03
2024-07-02T16:00:00,18.87,72.99,1.36
2024-07-02T16:00:00,18.89,72.77,6.42
2024-07-02T16:00:00,18.89,72.79,3.23
2024-07-02T16:00:00,18.89,72.81,5.42
2024-07-02T16:00:00,18.89,72.83,3.45
2024-07-02T16:00:00,18.89,72.85,7.66
2024-07-02T16:00:00,18.89,72.87,0.93
2024-07-02T16:00:00,18.89,72.89,1.99
2024-07-02T16:00:00,18.89,72.91,3.56
2024-07-02T16:00:00,18.89,72.93,2.51
2024-07-02T16:00:00,18.89,72.95,1.02
2024-07-02T16:00:00,18.89,72.97,6.35
2024-07-02T16:00:00,18.89,72.99,2.03
2024-07-02T16:00:00,18.91,72.77,5.4
2024-07-02T16:00:00,18.91,72.79,3.91
2024-07-02T16:00:00,18.91,72.81,4.49
2024-07-02T16:00:00,18.91,72.83,0.92
2024-07-02T16:00:00,18.91,72.85,2.4
2024-07-02T16:00:00,18.91,72.87,4.23
2024-07-02T16:00:00,18.91,72.89,4.57
2024-07-02T16:00:00,18.91,72.91,4.21
2024-07-02T16:00:00,18.91,72.93,1.25
2024-07-02T16:00:00,18.91,72.95,0.47
2024-07-02T16:00:00,18.91,72.97,0.71
2024-07-02T16:00:00,18.91,72.99,2.18
2024-07-02T16:00:00,18.93,72.77,3.01
2024-07-02T16:00:00,18.93,72.79,2.7
2024-07-02T16:00:00,18.93,72.81,0.98
2024-07-02T16:00:00,18.93,72.83,1.64
2024-07-02T16:00:00,18.93,72.85,7.12
2024-07-02T16:00:00,18.93,72.87,3.14
2024-07-02T16:00:00,18.93,72.89,2.26
2024-07-02T16:00:00,18.93,72.91,6.55
2024-07-02T16:00:00,18.93,72.93,7.41
2024-07-02T16:00:00,18.93,72.95,1.57
2024-07-02T16:00:00,18.93,72.97,2.87
2024-07-02T16:00:00,18.93,72.99,0.56
2024-07-02T16:00:00,18.95,72.77,0.54
2024-07-02T16:00:00,18.95,72.79,2.26
2024-07-02T16:00:00,18.95,72.81,0.92
2024-07-02T16:00:00,18.95,72.83,1.65
2024-07-02T16:00:00,18.95,72.85,3.01
2024-07-02T16:00:00,18.95,72.87,5.94
2024-07-02T16:00:00,18.95,72.89,3.15
2024-07-02T16:00:00,18.95,72.91,1.64
2024-07-02T16:00:00,18.95,72.93,7.69
2024-07-02T16:00:00,18.95,72.95,2.37
2024-07-02T16:00:00,18.95,72.97,4.28
2024-07-02T16:00:00,18.95,72.99,4.46
2024-07-02T16:00:00,18.97,72.77,2.64
2024-07-02T16:00:00,18.97,72.79,0.19
2024-07-02T16:00:00,18.97,72.81,1.53
2024-07-02T16:00:00,18.97,72.83,1.55
2024-07-02T16:00:00,18.97,72.85,2.41
2024-07-02T16:00:00,18.97,72.87,1.98
2024-07-02T16:00:00,18.97,72.89,2.02
2024-07-02T16:00:00,18.97,72.91,2.36
2024-07-02T16:00:00,18.97,72.93,2.65
2024-07-02T16:00:00,18.97,72.95,0.46
2024-07-02T16:00:00,18.97,72.97,2.53
2024-07-02T16:00:00,18.97,72.99,3.51
2024-07-02T16:00:00,18.99,72.77,9.51
2024-07-02T16:00:00,18.99,72.79,3.02
2024-07-02T16:00:00,18.99,72.81,4.88
2024-07-02T16:00:00,18.99,72.83,3.86
2024-07-02T16:00:00,18.99,72.85,1.31
2024-07-02T16:00:00,18.99,72.87,2.84
2024-07-02T16:00:00,18.99,72.89,6.31
2024-07-02T16:00:00,18.99,72.91,5.97
2024-07-02T16:00:00,18.99,72.93,5.85
2024-07-02T16:00:00,18.99,72.95,11.56
2024-07-02T16:00:00,18.99,72.97,3.53
2024-07-02T16:00:00,18.99,72.99,1.56
2024-07-02T16:00:00,19.01,72.77,4.54
2024-07-02T16:00:00,19.01,72.79,1.25
2024-07-02T16:00:00,19.01,72.81,3.77
2024-07-02T16:00:00,19.01,72.83,1.12
2024-07-02T16:00:00,19.01,72.85,1.44
2024-07-02T16:00:00,19.01,72.87,0.44
2024-07-02T16:00:00,19.01,72.89,3.23
2024-07-02T16:00:00,19.01,72.91,5.76
2024-07-02T16:00:00,19.01,72.93,2.56
2024-07-02T16:00:00,19.01,72.95,2.28
2024-07-02T16:00:00,19.01,72.97,1.36
2024-07-02T16:00:00,19.01,72.99,4.32
2024-07-02T16:00:00,19.03,72.77,6.19
2024-07-02T16:00:00,19.03,72.79,0.73
2024-07-02T16:00:00,19.03,72.81,3.14
2024-07-02T16:00:00,19.03,72.83,4.95
2024-07-02T16:00:00,19.03,72.85,1.77
2024-07-02T16:00:00,19.03,72.87,0.56
2024-07-02T16:00:00,19.03,72.89,0.99
2024-07-02T16:00:00,19.03,72.91,6.39
2024-07-02T16:00:00,19.03,72.93,4.93
2024-07-02T16:00:00,19.03,72.95,5.27
2024-07-02T16:00:00,19.03,72.97,0.71
2024-07-02T16:00:00,19.03,72.99,4.18
2024-07-02T16:00:00,19.05,72.77,8.01
2024-07-02T16:00:00,19.05,72.79,1.57
2024-07-02T16:00:00,19.05,72.81,2.3
2024-07-02T16:00:00,19.05,72.83,3.15
2024-07-02T16:00:00,19.05,72.85,3.45
2024-07-02T16:00:00,19.05,72.87,1.81
2024-07-02T16:00:00,19.05,72.89,4.94
2024-07-02T16:00:00,19.05,72.91,3.61
2024-07-02T16:00:00,19.05,72.93,1.11
2024-07-02T16:00:00,19.05,72.95,4.45
2024-07-02T16:00:00,19.05,72.97,2.04
2024-07-02T16:00:00,19.05,72.99,3.48
2024-07-02T16:00:00,19.07,72.77,1.46
2024-07-02T16:00:00,19.07,72.79,1.49
2024-07-02T16:00:00,19.07,72.81,0.55
2024-07-02T16:00:00,19.07,72.83,5.78
2024-07-02T16:00:00,19.07,72.85,4.61
2024-07-02T16:00:00,19.07,72.87,3.01
2024-07-02T16:00:00,19.07,72.89,0.73
2024-07-02T16:00:00,19.07,72.91,5.87
2024-07-02T16:00:00,19.07,72.93,3.61
2024-07-02T16:00:00,19.07,72.95,1.67
2024-07-02T16:00:00,19.07,72.97,2.93
2024-07-02T16:00:00,19.07,72.99,1.97
2024-07-02T16:00:00,19.09,72.77,4.42
2024-07-02T16:00:00,19.09,72.79,1.21
2024-07-02T16:00:00,19.09,72.81,0.33
2024-07-02T16:00:00,19.09,72.83,3.77
2024-07-02T16:00:00,19.09,72.85,4.1
2024-07-02T16:00:00,19.09,72.87,0.51
2024-07-02T16:00:00,19.09,72.89,0.17
2024-07-02T16:00:00,19.09,72.91,2.91
2024-07-02T16:00:00,19.09,72.93,3.46
2024-07-02T16:00:00,19.09,72.95,1.97
2024-07-02T16:00:00,19.09,72.97,1.05
2024-07-02T16:00:00,19.09,72.99,7.42
2024-07-02T16:00:00,19.11,72.77,3.97
2024-07-02T16:00:00,19.11,72.79,6.08
2024-07-02T16:00:00,19.11,72.81,1.0
2024-07-02T16:00:00,19.11,72.83,6.32
2024-07-02T16:00:00,19.11,72.85,3.44
2024-07-02T16:00:00,19.11,72.87,7.75
2024-07-02T16:00:00,19.11,72.89,3.8
2024-07-02T16:00:00,19.11,72.91,2.58
2024-07-02T16:00:00,19.11,72.93,2.21
2024-07-02T16:00:00,19.11,72.95,1.34
2024-07-02T16:00:00,19.11,72.97,2.15
2024-07-02T16:00:00,19.11,72.99,3.52
2024-07-02T16:00:00,19.13,72.77,5.09
2024-07-02T16:00:00,19.13,72.79,1.41
2024-07-02T16:00:00,19.13,72.81,0.72
2024-07-02T16:00:00,19.13,72.83,3.32
2024-07-02T16:00:00,19.13,72.85,0.49
2024-07-02T16:00:00,19.13,72.87,2.41
2024-07-02T16:00:00,19.13,72.89,0.74
2024-07-02T16:00:00,19.13,72.91,4.12
2024-07-02T16:00:00,19.13,72.93,1.69
2024-07-02T16:00:00,19.13,72.95,1.83
2024-07-02T16:00:00,19.13,72.97,0.56
2024-07-02T16:00:00,19.13,72.99,4.56
2024-07-02T16:00:00,19.15,72.77,3.35
2024-07-02T16:00:00,19.15,72.79,3.33
2024-07-02T16:00:00,19.15,72.81,0.86
2024-07-02T16:00:00,19.15,72.83,0.45
2024-07-02T16:00:00,19.15,72.85,1.29
2024-07-02T16:00:00,19.15,72.87,1.76
2024-07-02T16:00:00,19.15,72.89,1.2
2024-07-02T16:00:00,19.15,72.91,7.45
2024-07-02T16:00:00,19.15,72.93,4.87
2024-07-02T16:00:00,19.15,72.95,2.27
2024-07-02T16:00:00,19.15,72.97,1.22
2024-07-02T16:00:00,19.15,72.99,0.84
2024-07-02T16:00:00,19.17,72.77,2.73
2024-07-02T16:00:00,19.17,72.79,3.41
2024-07-02T16:00:00,19.17,72.81,1.82
2024-07-02T16:00:00,19.17,72.83,3.56
2024-07-02T16:00:00,19.17,72.85,1.62
2024-07-02T16:00:00,19.17,72.87,0.93
2024-07-02T16:00:00,19.17,72.89,3.31
2024-07-02T16:00:00,19.17,72.91,0.39
2024-07-02T16:00:00,19.17,72.93,0.62
2024-07-02T16:00:00,19.17,72.95,1.0
2024-07-02T16:00:00,19.17,72.97,1.34
2024-07-02T16:00:00,19.17,72.99,3.53
2024-07-02T16:00:00,19.19,72.77,0.72
2024-07-02T16:00:00,19.19,72.79,2.22
2024-07-02T16:00:00,19.19,72.81,3.34
2024-07-02T16:00:00,19.19,72.83,3.05
2024-07-02T16:00:00,19.19,72.85,4.04
2024-07-02T16:00:00,19.19,72.87,2.04
2024-07-02T16:00:00,19.19,72.89,1.41
2024-07-02T16:00:00,19.19,72.91,5.49
2024-07-02T16:00:00,19.19,72.93,1.31
2024-07-02T16:00:00,19.19,72.95,1.14
2024-07-02T16:00:00,19.19,72.97,1.05
2024-07-02T16:00:00,19.19,72.99,1.0
2024-07-02T16:00:00,19.21,72.77,7.64
2024-07-02T16:00:00,19.21,72.79,8.22
2024-07-02T16:00:00,19.21,72.81,4.64
2024-07-02T16:00:00,19.21,72.83,3.67
2024-07-02T16:00:00,19.21,72.85,1.27
2024-07-02T16:00:00,19.21,72.87,1.67
2024-07-02T16:00:00,19.21,72.89,0.53
2024-07-02T16:00:00,19.21,72.91,1.92
2024-07-02T16:00:00,19.21,72.93,0.69
2024-07-02T16:00:00,19.21,72.95,2.54
2024-07-02T16:00:00,19.21,72.97,1.2
2024-07-02T16:00:00,19.21,72.99,2.61
2024-07-02T16:00:00,19.23,72.77,1.31
2024-07-02T16:00:00,19.23,72.79,0.5
2024-07-02T16:00:00,19.23,72.81,1.06
2024-07-02T16:00:00,19.23,72.83,3.27
2024-07-02T16:00:00,19.23,72.85,3.34
2024-07-02T16:00:00,19.23,72.87,3.02
2024-07-02T16:00:00,19.23,72.89,2.66
2024-07-02T16:00:00,19.23,72.91,2.35
2024-07-02T16:00:00,19.23,72.93,3.55
2024-07-02T16:00:00,19.23,72.95,0.16
2024-07-02T16:00:00,19.23,72.97,5.85
2024-07-02T16:00:00,19.23,72.99,1.76
2024-07-02T16:00:00,19.25,72.77,4.38
2024-07-02T16:00:00,19.25,72.79,2.56
2024-07-02T16:00:00,19.25,72.81,1.4
2024-07-02T16:00:00,19.25,72.83,1.94
2024-07-02T16:00:00,19.25,72.85,0.95
2024-07-02T16:00:00,19.25,72.87,1.08
2024-07-02T16:00:00,19.25,72.89,3.29
2024-07-02T16:00:00,19.25,72.91,2.65
2024-07-02T16:00:00,19.25,72.93,0.37
2024-07-02T16:00:00,19.25,72.95,1.03
2024-07-02T16:00:00,19.25,72.97,1.78
2024-07-02T16:00:00,19.25,72.99,2.07
2024-07-02T17:00:00,18.87,72.77,7.22
2024-07-02T17:00:00,18.87,72.79,2.33
2024-07-02T17:00:00,18.87,72.81,0.27
2024-07-02T17:00:00,18.87,72.83,1.95
2024-07-02T17:00:00,18.87,72.85,0.59
2024-07-02T17:00:00,18.87,72.87,1.57
2024-07-02T17:00:00,18.87,72.89,6.51
2024-07-02T17:00:00,18.87,72.91,1.17
2024-07-02T17:00:00,18.87,72.93,3.21
2024-07-02T17:00:00,18.87,72.95,1.7
2024-07-02T17:00:00,18.87,72.97,4.38
2024-07-02T17:00:00,18.87,72.99,2.44
2024-07-02T17:00:00,18.89,72.77,4.29
2024-07-02T17:00:00,18.89,72.79,2.65
2024-07-02T17:00:00,18.89,72.81,1.31
2024-07-02T17:00:00,18.89,72.83,4.68
2024-07-02T17:00:00,18.89,72.85,2.25
2024-07-02T17:00:00,18.89,72.87,1.28
2024-07-02T17:00:00,18.89,72.89,0.98
2024-07-02T17:00:00,18.89,72.91,2.15
2024-07-02T17:00:00,18.89,72.93,3.71
2024-07-02T17:00:00,18.89,72.95,2.34
2024-07-02T17:00:00,18.89,72.97,1.23
2024-07-02T17:00:00,18.89,72.99,2.2
2024-07-02T17:00:00,18.91,72.77,3.67
2024-07-02T17:00:00,18.91,72.79,0.44
2024-07-02T17:00:00,18.91,72.81,0.63
2024-07-02T17:00:00,18.91,72.83,3.14
2024-07-02T17:00:00,18.91,72.85,0.58
2024-07-02T17:00:00,18.91,72.87,1.57
2024-07-02T17:00:00,18.91,72.89,1.94
2024-07-02T17:00:00,18.91,72.91,0.74
2024-07-02T17:00:00,18.91,72.93,1.52
2024-07-02T17:00:00,18.91,72.95,1.85
2024-07-02T17:00:00,18.91,72.97,3.69
2024-07-02T17:00:00,18.91,72.99,3.38
2024-07-02T17:00:00,18.93,72.77,2.58
2024-07-02T17:00:00,18.93,72.79,1.24
2024-07-02T17:00:00,18.93,72.81,4.15
2024-07-02T17:00:00,18.93,72.83,4.13
2024-07-02T17:00:00,18.93,72.85,1.01
2024-07-02T17:00:00,18.93,72.87,2.1
2024-07-02T17:00:00,18.93,72.89,1.25
2024-07-02T17:00:00,18.93,72.91,2.2
2024-07-02T17:00:00,18.93,72.93,0.87
2024-07-02T17:00:00,18.93,72.95,2.92
2024-07-02T17:00:00,18.93,72.97,2.1
2024-07-02T17:00:00,18.93,72.99,0.83
2024-07-02T17:00:00,18.95,72.77,3.42
2024-07-02T17:00:00,18.95,72.79,1.23
2024-07-02T17:00:00,18.95,72.81,0.34
2024-07-02T17:00:00,18.95,72.83,0.79
2024-07-02T17:00:00,18.95,72.85,3.49
2024-07-02T17:00:00,18.95,72.87,5.2
2024-07-02T17:00:00,18.95,72.89,5.16
2024-07-02T17:00:00,18.95,72.91,1.11
2024-07-02T17:00:00,18.95,72.93,1.47
2024-07-02T17:00:00,18.95,72.95,1.2
2024-07-02T17:00:00,18.95,72.97,1.63
2024-07-02T17:00:00,18.95,72.99,0.48
2024-07-02T17:00:00,18.97,72.77,1.37
2024-07-02T17:00:00,18.97,72.79,2.35
2024-07-02T17:00:00,18.97,72.81,3.69
2024-07-02T17:00:00,18.97,72.83,2.36
2024-07-02T17:00:00,18.97,72.85,1.55
2024-07-02T17:00:00,18.97,72.87,0.77
2024-07-02T17:00:00,18.97,72.89,3.48
2024-07-02T17:00:00,18.97,72.91,0.45
2024-07-02T17:00:00,18.97,72.93,0.54
2024-07-02T17:00:00,18.97,72.95,2.55
2024-07-02T17:00:00,18.97,72.97,2.75
2024-07-02T17:00:00,18.97,72.99,0.11
2024-07-02T17:00:00,18.99,72.77,1.75
2024-07-02T17:00:00,18.99,72.79,0.28
2024-07-02T17:00:00,18.99,72.81,1.72
2024-07-02T17:00:00,18.99,72.83,1.41
2024-07-02T17:00:00,18.99,72.85,4.59
2024-07-02T17:00:00,18.99,72.87,2.48
2024-07-02T17:00:00,18.99,72.89,2.48
2024-07-02T17:00:00,18.99,72.91,3.83
2024-07-02T17:00:00,18.99,72.93,3.85
2024-07-02T17:00:00,18.99,72.95,1.86
2024-07-02T17:00:00,18.99,72.97,0.98
2024-07-02T17:00:00,18.99,72.99,2.94
2024-07-02T17:00:00,19.01,72.77,3.66
2024-07-02T17:00:00,19.01,72.79,3.06
2024-07-02T17:00:00,19.01,72.81,2.17
2024-07-02T17:00:00,19.01,72.83,1.66
2024-07-02T17:00:00,19.01,72.85,4.21
2024-07-02T17:00:00,19.01,72.87,1.34
2024-07-02T17:00:00,19.01,72.89,1.02
2024-07-02T17:00:00,19.01,72.91,1.44
2024-07-02T17:00:00,19.01,72.93,0.85
2024-07-02T17:00:00,19.01,72.95,2.94
2024-07-02T17:00:00,19.01,72.97,1.83
2024-07-02T17:00:00,19.01,72.99,0.25
2024-07-02T17:00:00,19.03,72.77,2.87
2024-07-02T17:00:00,19.03,72.79,1.72
2024-07-02T17:00:00,19.03,72.81,1.99
2024-07-02T17:00:00,19.03,72.83,2.31
2024-07-02T17:00:00,19.03,72.85,1.24
2024-07-02T17:00:00,19.03,72.87,1.03
2024-07-02T17:00:00,19.03,72.89,2.69
2024-07-02T17:00:00,19.03,72.91,0.62
2024-07-02T17:00:00,19.03,72.93,0.77
2024-07-02T17:00:00,19.03,72.95,0.9
2024-07-02T17:00:00,19.03,72.97,3.2
2024-07-02T17:00:00,19.03,72.99,3.78
2024-07-02T17:00:00,19.05,72.77,1.11
2024-07-02T17:00:00,19.05,72.79,0.93
2024-07-02T17:00:00,19.05,72.81,2.16
2024-07-02T17:00:00,19.05,72.83,1.62
2024-07-02T17:00:00,19.05,72.85,3.31
2024-07-02T17:00:00,19.05,72.87,2.6
2024-07-02T17:00:00,19.05,72.89,5.36
2024-07-02T17:00:00,19.05,72.91,0.83
2024-07-02T17:00:00,19.05,72.93,3.0
2024-07-02T17:00:00,19.05,72.95,1.24
2024-07-02T17:00:00,19.05,72.97,0.71
2024-07-02T17:00:00,19.05,72.99,1.19
2024-07-02T17:00:00,19.07,72.77,1.66
2024-07-02T17:00:00,19.07,72.79,4.42
2024-07-02T17:00:00,19.07,72.81,0.48
2024-07-02T17:00:00,19.07,72.83,1.04
2024-07-02T17:00:00,19.07,72.85,1.97
2024-07-02T17:00:00,19.07,72.87,0.74
2024-07-02T17:00:00,19.07,72.89,5.02
2024-07-02T17:00:00,19.07,72.91,5.42
2024-07-02T17:00:00,19.07,72.93,1.7
2024-07-02T17:00:00,19.07,72.95,2.54
2024-07-02T17:00:00,19.07,72.97,4.17
2024-07-02T17:00:00,19.07,72.99,1.46
2024-07-02T17:00:00,19.09,72.77,3.04
2024-07-02T17:00:00,19.09,72.79,0.74
2024-07-02T17:00:00,19.09,72.81,0.31
2024-07-02T17:00:00,19.09,72.83,3.63
2024-07-02T17:00:00,19.09,72.85,1.75
2024-07-02T17:00:00,19.09,72.87,5.55
2024-07-02T17:00:00,19.09,72.89,1.1
2024-07-02T17:00:00,19.09,72.91,0.58
2024-07-02T17:00:00,19.09,72.93,3.03
2024-07-02T17:00:00,19.09,72.95,4.86
2024-07-02T17:00:00,19.09,72.97,0.61
2024-07-02T17:00:00,19.09,72.99,0.77
2024-07-02T17:00:00,19.11,72.77,5.14
2024-07-02T17:00:00,19.11,72.79,7.47
2024-07-02T17:00:00,19.11,72.81,2.87
2024-07-02T17:00:00,19.11,72.83,1.1
2024-07-02T17:00:00,19.11,72.85,4.31
2024-07-02T17:00:00,19.11,72.87,1.46
2024-07-02T17:00:00,19.11,72.89,1.05
2024-07-02T17:00:00,19.11,72.91,1.16
2024-07-02T17:00:00,19.11,72.93,2.76
2024-07-02T17:00:00,19.11,72.95,1.74
2024-07-02T17:00:00,19.11,72.97,2.32
2024-07-02T17:00:00,19.11,72.99,2.94
2024-07-02T17:00:00,19.13,72.77,1.75
2024-07-02T17:00:00,19.13,72.79,3.99
2024-07-02T17:00:00,19.13,72.81,1.98
2024-07-02T17:00:00,19.13,72.83,1.29
2024-07-02T17:00:00,19.13,72.85,0.5
2024-07-02T17:00:00,19.13,72.87,1.47
2024-07-02T17:00:00,19.13,72.89,4.68
2024-07-02T17:00:00,19.13,72.91,3.04
2024-07-02T17:00:00,19.13,72.93,2.39
2024-07-02T17:00:00,19.13,72.95,0.67
2024-07-02T17:00:00,19.13,72.97,1.08
2024-07-02T17:00:00,19.13,72.99,2.57
2024-07-02T17:00:00,19.15,72.77,3.9
2024-07-02T17:00:00,19.15,72.79,3.59
2024-07-02T17:00:00,19.15,72.81,2.38
2024-07-02T17:00:00,19.15,72.83,1.0
2024-07-02T17:00:00,19.15,72.85,3.47
2024-07-02T17:00:00,19.15,72.87,1.19
2024-07-02T17:00:00,19.15,72.89,3.35
2024-07-02T17:00:00,19.15,72.91,1.41
2024-07-02T17:00:00,19.15,72.93,5.04
2024-07-02T17:00:00,19.15,72.95,1.25
2024-07-02T17:00:00,19.15,72.97,1.21
2024-07-02T17:00:00,19.15,72.99,1.54
2024-07-02T17:00:00,19.17,72.77,1.11
2024-07-02T17:00:00,19.17,72.79,0.91
2024-07-02T17:00:00,19.17,72.81,1.01
2024-07-02T17:00:00,19.17,72.83,4.58
2024-07-02T17:00:00,19.17,72.85,0.89
2024-07-02T17:00:00,19.17,72.87,1.34
2024-07-02T17:00:00,19.17,72.89,6.95
2024-07-02T17:00:00,19.17,72.91,3.35
2024-07-02T17:00:00,19.17,72.93,3.25
2024-07-02T17:00:00,19.17,72.95,5.92
2024-07-02T17:00:00,19.17,72.97,1.53
2024-07-02T17:00:00,19.17,72.99,0.28
2024-07-02T17:00:00,19.19,72.77,3.73
2024-07-02T17:00:00,19.19,72.79,1.72
2024-07-02T17:00:00,19.19,72.81,7.73
2024-07-02T17:00:00,19.19,72.83,0.28
2024-07-02T17:00:00,19.19,72.85,0.84
2024-07-02T17:00:00,19.19,72.87,1.15
2024-07-02T17:00:00,19.19,72.89,1.67
2024-07-02T17:00:00,19.19,72.91,0.53
2024-07-02T17:00:00,19.19,72.93,2.23
2024-07-02T17:00:00,19.19,72.95,1.01
2024-07-02T17:00:00,19.19,72.97,3.32
2024-07-02T17:00:00,19.19,72.99,4.08
2024-07-02T17:00:00,19.21,72.77,1.62
2024-07-02T17:00:00,19.21,72.79,2.96
2024-07-02T17:00:00,19.21,72.81,1.97
2024-07-02T17:00:00,19.21,72.83,1.81
2024-07-02T17:00:00,19.21,72.85,0.53
2024-07-02T17:00:00,19.21,72.87,1.65
2024-07-02T17:00:00,19.21,72.89,3.33
2024-07-02T17:00:00,19.21,72.91,2.31
2024-07-02T17:00:00,19.21,72.93,0.79
2024-07-02T17:00:00,19.21,72.95,0.48
2024-07-02T17:00:00,19.21,72.97,1.46
2024-07-02T17:00:00,19.21,72.99,0.88
2024-07-02T17:00:00,19.23,72.77,1.24
2024-07-02T17:00:00,19.23,72.79,1.11
2024-07-02T17:00:00,19.23,72.81,1.99
2024-07-02T17:00:00,19.23,72.83,2.93
2024-07-02T17:00:00,19.23,72.85,0.97
2024-07-02T17:00:00,19.23,72.87,0.92
2024-07-02T17:00:00,19.23,72.89,0.6
2024-07-02T17:00:00,19.23,72.91,1.99
2024-07-02T17:00:00,19.23,72.93,3.15
2024-07-02T17:00:00,19.23,72.95,1.54
2024-07-02T17:00:00,19.23,72.97,2.54
2024-07-02T17:00:00,19.23,72.99,3.58
2024-07-02T17:00:00,19.25,72.77,2.51
2024-07-02T17:00:00,19.25,72.79,0.96
2024-07-02T17:00:00,19.25,72.81,0.84
2024-07-02T17:00:00,19.25,72.83,0.95
2024-07-02T17:00:00,19.25,72.85,5.95
2024-07-02T17:00:00,19.25,72.87,6.91
2024-07-02T17:00:00,19.25,72.89,1.33
2024-07-02T17:00:00,19.25,72.91,3.7
2024-07-02T17:00:00,19.25,72.93,4.08
2024-07-02T17:00:00,19.25,72.95,0.49
2024-07-02T17:00:00,19.25,72.97,5.07
2024-07-02T17:00:00,19.25,72.99,1.34
2024-07-02T18:00:00,18.87,72.77,1.26
2024-07-02T18:00:00,18.87,72.79,0.54
2024-07-02T18:00:00,18.87,72.81,4.8
2024-07-02T18:00:00,18.87,72.83,1.54
2024-07-02T18:00:00,18.87,72.85,4.24
2024-07-02T18:00:00,18.87,72.87,3.17
2024-07-02T18:00:00,18.87,72.89,1.03
2024-07-02T18:00:00,18.87,72.91,1.43
2024-07-02T18:00:00,18.87,72.93,0.76
2024-07-02T18:00:00,18.87,72.95,0.82
2024-07-02T18:00:00,18.87,72.97,1.74
2024-07-02T18:00:00,18.87,72.99,2.12
2024-07-02T18:00:00,18.89,72.77,0.26
2024-07-02T18:00:00,18.89,72.79,0.26
2024-07-02T18:00:00,18.89,72.81,0.99
2024-07-02T18:00:00,18.89,72.83,1.8
2024-07-02T18:00:00,18.89,72.85,3.42
2024-07-02T18:00:00,18.89,72.87,1.45
2024-07-02T18:00:00,18.89,72.89,1.11
2024-07-02T18:00:00,18.89,72.91,2.01
2024-07-02T18:00:00,18.89,72.93,0.61
2024-07-02T18:00:00,18.89,72.95,1.36
2024-07-02T18:00:00,18.89,72.97,1.13
2024-07-02T18:00:00,18.89,72.99,1.4
2024-07-02T18:00:00,18.91,72.77,3.52
2024-07-02T18:00:00,18.91,72.79,0.31
2024-07-02T18:00:00,18.91,72.81,1.41
2024-07-02T18:00:00,18.91,72.83,2.48
2024-07-02T18:00:00,18.91,72.85,2.05
2024-07-02T18:00:00,18.91,72.87,0.31
2024-07-02T18:00:00,18.91,72.89,0.23
2024-07-02T18:00:00,18.91,72.91,2.14
2024-07-02T18:00:00,18.91,72.93,0.27
2024-07-02T18:00:00,18.91,72.95,1.38
2024-07-02T18:00:00,18.91,72.97,2.66
2024-07-02T18:00:00,18.91,72.99,0.34
2024-07-02T18:00:00,18.93,72.77,4.79
2024-07-02T18:00:00,18.93,72.79,2.44
2024-07-02T18:00:00,18.93,72.81,7.81
2024-07-02T18:00:00,18.93,72.83,0.99
2024-07-02T18:00:00,18.93,72.85,3.53
2024-07-02T18:00:00,18.93,72.87,1.03
2024-07-02T18:00:00,18.93,72.89,1.39
2024-07-02T18:00:00,18.93,72.91,0.76
2024-07-02T18:00:00,18.93,72.93,1.29
2024-07-02T18:00:00,18.93,72.95,2.46
2024-07-02T18:00:00,18.93,72.97,3.87
2024-07-02T18:00:00,18.93,72.99,0.59
2024-07-02T18:00:00,18.95,72.77,1.83
2024-07-02T18:00:00,18.95,72.79,0.98
2024-07-02T18:00:00,18.95,72.81,1.79
2024-07-02T18:00:00,18.95,72.83,3.08
2024-07-02T18:00:00,18.95,72.85,0.97
2024-07-02T18:00:00,18.95,72.87,1.94
2024-07-02T18:00:00,18.95,72.89,0.61
2024-07-02T18:00:00,18.95,72.91,2.97
2024-07-02T18:00:00,18.95,72.93,2.27
2024-07-02T18:00:00,18.95,72.95,0.67
2024-07-02T18:00:00,18.95,72.97,0.65
2024-07-02T18:00:00,18.95,72.99,3.2
2024-07-02T18:00:00,18.97,72.77,5.83
2024-07-02T18:00:00,18.97,72.79,0.84
2024-07-02T18:00:00,18.97,72.81,2.89
2024-07-02T18:00:00,18.97,72.83,1.11
2024-07-02T18:00:00,18.97,72.85,3.67
2024-07-02T18:00:00,18.97,72.87,1.1
2024-07-02T18:00:00,18.97,72.89,2.23
2024-07-02T18:00:00,18.97,72.91,1.49
2024-07-02T18:00:00,18.97,72.93,0.15
2024-07-02T18:00:00,18.97,72.95,0.62
2024-07-02T18:00:00,18.97,72.97,2.05
2024-07-02T18:00:00,18.97,72.99,1.85
2024-07-02T18:00:00,18.99,72.77,1.97
2024-07-02T18:00:00,18.99,72.79,4.85
2024-07-02T18:00:00,18.99,72.81,2.75
2024-07-02T18:00:00,18.99,72.83,2.45
2024-07-02T18:00:00,18.99,72.85,0.16
2024-07-02T18:00:00,18.99,72.87,2.64
2024-07-02T18:00:00,18.99,72.89,0.32
2024-07-02T18:00:00,18.99,72.91,1.32
2024-07-02T18:00:00,18.99,72.93,0.31
2024-07-02T18:00:00,18.99,72.95,1.82
2024-07-02T18:00:00,18.99,72.97,2.74
2024-07-02T18:00:00,18.99,72.99,1.16
2024-07-02T18:00:00,19.01,72.77,1.53
2024-07-02T18:00:00,19.01,72.79,0.68
2024-07-02T18:00:00,19.01,72.81,3.23
2024-07-02T18:00:00,19.01,72.83,0.38
2024-07-02T18:00:00,19.01,72.85,1.59
2024-07-02T18:00:00,19.01,72.87,1.28
2024-07-02T18:00:00,19.01,72.89,1.79
2024-07-02T18:00:00,19.01,72.91,2.35
2024-07-02T18:00:00,19.01,72.93,1.15
2024-07-02T18:00:00,19.01,72.95,2.44
2024-07-02T18:00:00,19.01,72.97,1.22
2024-07-02T18:00:00,19.01,72.99,1.6
2024-07-02T18:00:00,19.03,72.77,0.6
2024-07-02T18:00:00,19.03,72.79,1.1
2024-07-02T18:00:00,19.03,72.81,0.31
2024-07-02T18:00:00,19.03,72.83,1.53
2024-07-02T18:00:00,19.03,72.85,2.42
2024-07-02T18:00:00,19.03,72.87,1.17
2024-07-02T18:00:00,19.03,72.89,1.26
2024-07-02T18:00:00,19.03,72.91,1.78
2024-07-02T18:00:00,19.03,72.93,1.88
2024-07-02T18:00:00,19.03,72.95,0.25
2024-07-02T18:00:00,19.03,72.97,0.76
2024-07-02T18:00:00,19.03,72.99,0.29
2024-07-02T18:00:00,19.05,72.77,1.16
2024-07-02T18:00:00,19.05,72.79,4.27
2024-07-02T18:00:00,19.05,72.81,2.58
2024-07-02T18:00:00,19.05,72.83,1.44
2024-07-02T18:00:00,19.05,72.85,4.67
2024-07-02T18:00:00,19.05,72.87,1.73
2024-07-02T18:00:00,19.05,72.89,6.08
2024-07-02T18:00:00,19.05,72.91,1.47
2024-07-02T18:00:00,19.05,72.93,0.79
2024-07-02T18:00:00,19.05,72.95,0.45
2024-07-02T18:00:00,19.05,72.97,2.01
2024-07-02T18:00:00,19.05,72.99,0.89
2024-07-02T18:00:00,19.07,72.77,1.76
2024-07-02T18:00:00,19.07,72.79,2.19
2024-07-02T18:00:00,19.07,72.81,0.72
2024-07-02T18:00:00,19.07,72.83,1.8
2024-07-02T18:00:00,19.07,72.85,1.22
2024-07-02T18:00:00,19.07,72.87,0.35
2024-07-02T18:00:00,19.07,72.89,2.0
2024-07-02T18:00:00,19.07,72.91,2.14
2024-07-02T18:00:00,19.07,72.93,3.16
2024-07-02T18:00:00,19.07,72.95,0.46
2024-07-02T18:00:00,19.07,72.97,4.67
2024-07-02T18:00:00,19.07,72.99,0.65
2024-07-02T18:00:00,19.09,72.77,0.21
2024-07-02T18:00:00,19.09,72.79,1.58
2024-07-02T18:00:00,19.09,72.81,1.98
2024-07-02T18:00:00,19.09,72.83,1.29
2024-07-02T18:00:00,19.09,72.85,0.5
2024-07-02T18:00:00,19.09,72.87,0.94
2024-07-02T18:00:00,19.09,72.89,1.72
2024-07-02T18:00:00,19.09,72.91,5.41
2024-07-02T18:00:00,19.09,72.93,0.48
2024-07-02T18:00:00,19.09,72.95,0.77
2024-07-02T18:00:00,19.09,72.97,0.36
2024-07-02T18:00:00,19.09,72.99,0.9
2024-07-02T18:00:00,19.11,72.77,1.49
2024-07-02T18:00:00,19.11,72.79,3.09
2024-07-02T18:00:00,19.11,72.81,1.93
2024-07-02T18:00:00,19.11,72.83,3.91
2024-07-02T18:00:00,19.11,72.85,1.38
2024-07-02T18:00:00,19.11,72.87,0.03
2024-07-02T18:00:00,19.11,72.89,1.8
2024-07-02T18:00:00,19.11,72.91,0.24
2024-07-02T18:00:00,19.11,72.93,2.55
2024-07-02T18:00:00,19.11,72.95,1.24
2024-07-02T18:00:00,19.11,72.97,0.73
2024-07-02T18:00:00,19.11,72.99,0.41
2024-07-02T18:00:00,19.13,72.77,1.04
2024-07-02T18:00:00,19.13,72.79,1.44
2024-07-02T18:00:00,19.13,72.81,5.05
2024-07-02T18:00:00,19.13,72.83,1.27
2024-07-02T18:00:00,19.13,72.85,1.67
2024-07-02T18:00:00,19.13,72.87,1.27
2024-07-02T18:00:00,19.13,72.89,1.6
2024-07-02T18:00:00,19.13,72.91,1.5
2024-07-02T18:00:00,19.13,72.93,1.28
2024-07-02T18:00:00,19.13,72.95,0.72
2024-07-02T18:00:00,19.13,72.97,2.06
2024-07-02T18:00:00,19.13,72.99,0.46
2024-07-02T18:00:00,19.15,72.77,2.28
2024-07-02T18:00:00,19.15,72.79,2.56
2024-07-02T18:00:00,19.15,72.81,0.21
2024-07-02T18:00:00,19.15,72.83,0.49
2024-07-02T18:00:00,19.15,72.85,0.23
2024-07-02T18:00:00,19.15,72.87,3.26
2024-07-02T18:00:00,19.15,72.89,0.86
2024-07-02T18:00:00,19.15,72.91,3.01
2024-07-02T18:00:00,19.15,72.93,0.98
2024-07-02T18:00:00,19.15,72.95,0.51
2024-07-02T18:00:00,19.15,72.97,0.68
2024-07-02T18:00:00,19.15,72.99,1.38
2024-07-02T18:00:00,19.17,72.77,2.62
2024-07-02T18:00:00,19.17,72.79,1.56
2024-07-02T18:00:00,19.17,72.81,2.86
2024-07-02T18:00:00,19.17,72.83,1.25
2024-07-02T18:00:00,19.17,72.85,1.33
2024-07-02T18:00:00,19.17,72.87,0.7
2024-07-02T18:00:00,19.17,72.89,0.62
2024-07-02T18:00:00,19.17,72.91,2.29
2024-07-02T18:00:00,19.17,72.93,0.49
2024-07-02T18:00:00,19.17,72.95,0.96
2024-07-02T18:00:00,19.17,72.97,2.25
2024-07-02T18:00:00,19.17,72.99,0.25
2024-07-02T18:00:00,19.19,72.77,3.82
2024-07-02T18:00:00,19.19,72.79,0.63
2024-07-02T18:00:00,19.19,72.81,3.6
2024-07-02T18:00:00,19.19,72.83,0.54
2024-07-02T18:00:00,19.19,72.85,2.45
2024-07-02T18:00:00,19.19,72.87,0.85
2024-07-02T18:00:00,19.19,72.89,4.68
2024-07-02T18:00:00,19.19,72.91,1.08
2024-07-02T18:00:00,19.19,72.93,0.43
2024-07-02T18:00:00,19.19,72.95,1.83
2024-07-02T18:00:00,19.19,72.97,0.85
2024-07-02T18:00:00,19.19,72.99,1.9
2024-07-02T18:00:00,19.21,72.77,3.79
2024-07-02T18:00:00,19.21,72.79,2.71
2024-07-02T18:00:00,19.21,72.81,0.28
2024-07-02T18:00:00,19.21,72.83,0.53
2024-07-02T18:00:00,19.21,72.85,1.71
2024-07-02T18:00:00,19.21,72.87,1.8
2024-07-02T18:00:00,19.21,72.89,0.4
2024-07-02T18:00:00,19.21,72.91,0.53
2024-07-02T18:00:00,19.21,72.93,3.25
2024-07-02T18:00:00,19.21,72.95,0.71
2024-07-02T18:00:00,19.21,72.97,2.06
2024-07-02T18:00:00,19.21,72.99,2.66
2024-07-02T18:00:00,19.23,72.77,0.86
2024-07-02T18:00:00,19.23,72.79,1.41
2024-07-02T18:00:00,19.23,72.81,2.46
2024-07-02T18:00:00,19.23,72.83,0.27
2024-07-02T18:00:00,19.23,72.85,1.11
2024-07-02T18:00:00,19.23,72.87,3.19
2024-07-02T18:00:00,19.23,72.89,1.73
2024-07-02T18:00:00,19.23,72.91,1.7
2024-07-02T18:00:00,19.23,72.93,2.5
2024-07-02T18:00:00,19.23,72.95,0.78
2024-07-02T18:00:00,19.23,72.97,0.49
2024-07-02T18:00:00,19.23,72.99,1.51
2024-07-02T18:00:00,19.25,72.77,1.03
2024-07-02T18:00:00,19.25,72.79,0.95
2024-07-02T18:00:00,19.25,72.81,0.56
2024-07-02T18:00:00,19.25,72.83,2.07
2024-07-02T18:00:00,19.25,72.85,1.18
2024-07-02T18:00:00,19.25,72.87,0.53
2024-07-02T18:00:00,19.25,72.89,2.71
2024-07-02T18:00:00,19.25,72.91,0.98
2024-07-02T18:00:00,19.25,72.93,1.88
2024-07-02T18:00:00,19.25,72.95,3.73
2024-07-02T18:00:00,19.25,72.97,2.49
2024-07-02T18:00:00,19.25,72.99,3.35
2024-07-02T19:00:00,18.87,72.77,2.33
2024-07-02T19:00:00,18.87,72.79,0.9
2024-07-02T19:00:00,18.87,72.81,0.54
2024-07-02T19:00:00,18.87,72.83,0.82
2024-07-02T19:00:00,18.87,72.85,0.84
2024-07-02T19:00:00,18.87,72.87,2.45
2024-07-02T19:00:00,18.87,72.89,0.67
2024-07-02T19:00:00,18.87,72.91,0.3
2024-07-02T19:00:00,18.87,72.93,1.14
2024-07-02T19:00:00,18.87,72.95,0.98
2024-07-02T19:00:00,18.87,72.97,0.47
2024-07-02T19:00:00,18.87,72.99,0.66
2024-07-02T19:00:00,18.89,72.77,3.29
2024-07-02T19:00:00,18.89,72.79,1.64
2024-07-02T19:00:00,18.89,72.81,0.85
2024-07-02T19:00:00,18.89,72.83,0.54
2024-07-02T19:00:00,18.89,72.85,3.99
2024-07-02T19:00:00,18.89,72.87,3.26
2024-07-02T19:00:00,18.89,72.89,1.89
2024-07-02T19:00:00,18.89,72.91,0.82
2024-07-02T19:00:00,18.89,72.93,0.47
2024-07-02T19:00:00,18.89,72.95,0.47
2024-07-02T19:00:00,18.89,72.97,0.77
2024-07-02T19:00:00,18.89,72.99,0.61
2024-07-02T19:00:00,18.91,72.77,1.16
2024-07-02T19:00:00,18.91,72.79,1.08
2024-07-02T19:00:00,18.91,72.81,0.47
2024-07-02T19:00:00,18.91,72.83,0.47
2024-07-02T19:00:00,18.91,72.85,0.81
2024-07-02T19:00:00,18.91,72.87,0.95
2024-07-02T19:00:00,18.91,72.89,2.64
2024-07-02T19:00:00,18.91,72.91,1.21
2024-07-02T19:00:00,18.91,72.93,1.16
2024-07-02T19:00:00,18.91,72.95,1.2
2024-07-02T19:00:00,18.91,72.97,2.07
2024-07-02T19:00:00,18.91,72.99,7.61
2024-07-02T19:00:00,18.93,72.77,0.74
2024-07-02T19:00:00,18.93,72.79,4.12
2024-07-02T19:00:00,18.93,72.81,0.29
2024-07-02T19:00:00,18.93,72.83,0.84
2024-07-02T19:00:00,18.93,72.85,0.4
2024-07-02T19:00:00,18.93,72.87,1.66
2024-07-02T19:00:00,18.93,72.89,1.97
2024-07-02T19:00:00,18.93,72.91,0.3
2024-07-02T19:00:00,18.93,72.93,2.05
2024-07-02T19:00:00,18.93,72.95,1.23
2024-07-02T19:00:00,18.93,72.97,1.68
2024-07-02T19:00:00,18.93,72.99,2.16
2024-07-02T19:00:00,18.95,72.77,1.95
2024-07-02T19:00:00,18.95,72.79,0.28
2024-07-02T19:00:00,18.95,72.81,0.8
2024-07-02T19:00:00,18.95,72.83,0.31
2024-07-02T19:00:00,18.95,72.85,0.13
2024-07-02T19:00:00,18.95,72.87,0.37
2024-07-02T19:00:00,18.95,72.89,0.77
2024-07-02T19:00:00,18.95,72.91,3.36
2024-07-02T19:00:00,18.95,72.93,0.94
2024-07-02T19:00:00,18.95,72.95,1.23
2024-07-02T19:00:00,18.95,72.97,0.6
2024-07-02T19:00:00,18.95,72.99,0.77
2024-07-02T19:00:00,18.97,72.77,1.24
2024-07-02T19:00:00,18.97,72.79,0.92
2024-07-02T19:00:00,18.97,72.81,1.67
2024-07-02T19:00:00,18.97,72.83,0.63
2024-07-02T19:00:00,18.97,72.85,0.28
2024-07-02T19:00:00,18.97,72.87,0.21
2024-07-02T19:00:00,18.97,72.89,1.86
2024-07-02T19:00:00,18.97,72.91,0.06
2024-07-02T19:00:00,18.97,72.93,0.8
2024-07-02T19:00:00,18.97,72.95,0.35
2024-07-02T19:00:00,18.97,72.97,1.44
2024-07-02T19:00:00,18.97,72.99,0.91
2024-07-02T19:00:00,18.99,72.77,1.2
2024-07-02T19:00:00,18.99,72.79,1.24
2024-07-02T19:00:00,18.99,72.81,1.17
2024-07-02T19:00:00,18.99,72.83,0.28
2024-07-02T19:00:00,18.99,72.85,0.71
2024-07-02T19:00:00,18.99,72.87,0.48
2024-07-02T19:00:00,18.99,72.89,0.55
2024-07-02T19:00:00,18.99,72.91,1.05
2024-07-02T19:00:00,18.99,72.93,1.8
2024-07-02T19:00:00,18.99,72.95,1.72
2024-07-02T19:00:00,18.99,72.97,1.13
2024-07-02T19:00:00,18.99,72.99,0.65
2024-07-02T19:00:00,19.01,72.77,1.2
2024-07-02T19:00:00,19.01,72.79,1.9
2024-07-02T19:00:00,19.01,72.81,0.6
2024-07-02T19:00:00,19.01,72.83,1.06
2024-07-02T19:00:00,19.01,72.85,0.67
2024-07-02T19:00:00,19.01,72.87,0.55
2024-07-02T19:00:00,19.01,72.89,0.94
2024-07-02T19:00:00,19.01,72.91,0.7
2024-07-02T19:00:00,19.01,72.93,1.18
2024-07-02T19:00:00,19.01,72.95,0.68
2024-07-02T19:00:00,19.01,72.97,0.81
2024-07-02T19:00:00,19.01,72.99,0.24
2024-07-02T19:00:00,19.03,72.77,2.02
2024-07-02T19:00:00,19.03,72.79,1.98
2024-07-02T19:00:00,19.03,72.81,0.52
2024-07-02T19:00:00,19.03,72.83,0.54
2024-07-02T19:00:00,19.03,72.85,1.16
2024-07-02T19:00:00,19.03,72.87,0.67
2024-07-02T19:00:00,19.03,72.89,1.2
2024-07-02T19:00:00,19.03,72.91,2.44
2024-07-02T19:00:00,19.03,72.93,0.47
2024-07-02T19:00:00,19.03,72.95,1.71
2024-07-02T19:00:00,19.03,72.97,0.39
2024-07-02T19:00:00,19.03,72.99,0.5
2024-07-02T19:00:00,19.05,72.77,1.32
2024-07-02T19:00:00,19.05,72.79,1.71
2024-07-02T19:00:00,19.05,72.81,2.69
2024-07-02T19:00:00,19.05,72.83,3.24
2024-07-02T19:00:00,19.05,72.85,0.81
2024-07-02T19:00:00,19.05,72.87,1.0
2024-07-02T19:00:00,19.05,72.89,1.25
2024-07-02T19:00:00,19.05,72.91,0.92
2024-07-02T19:00:00,19.05,72.93,0.74
2024-07-02T19:00:00,19.05,72.95,0.59
2024-07-02T19:00:00,19.05,72.97,1.41
2024-07-02T19:00:00,19.05,72.99,2.24
2024-07-02T19:00:00,19.07,72.77,0.27
2024-07-02T19:00:00,19.07,72.79,0.94
2024-07-02T19:00:00,19.07,72.81,0.26
2024-07-02T19:00:00,19.07,72.83,1.56
2024-07-02T19:00:00,19.07,72.85,0.56
2024-07-02T19:00:00,19.07,72.87,2.27
2024-07-02T19:00:00,19.07,72.89,0.87
2024-07-02T19:00:00,19.07,72.91,1.43
2024-07-02T19:00:00,19.07,72.93,0.46
2024-07-02T19:00:00,19.07,72.95,1.02
2024-07-02T19:00:00,19.07,72.97,1.0
2024-07-02T19:00:00,19.07,72.99,1.2
2024-07-02T19:00:00,19.09,72.77,0.69
2024-07-02T19:00:00,19.09,72.79,2.39
2024-07-02T19:00:00,19.09,72.81,1.39
2024-07-02T19:00:00,19.09,72.83,2.55
2024-07-02T19:00:00,19.09,72.85,0.28
2024-07-02T19:00:00,19.09,72.87,1.12
2024-07-02T19:00:00,19.09,72.89,0.85
2024-07-02T19:00:00,19.09,72.91,2.99
2024-07-02T19:00:00,19.09,72.93,1.48
2024-07-02T19:00:00,19.09,72.95,0.9
2024-07-02T19:00:00,19.09,72.97,1.37
2024-07-02T19:00:00,19.09,72.99,0.63
2024-07-02T19:00:00,19.11,72.77,1.58
2024-07-02T19:00:00,19.11,72.79,4.8
2024-07-02T19:00:00,19.11,72.81,0.68
2024-07-02T19:00:00,19.11,72.83,1.16
2024-07-02T19:00:00,19.11,72.85,0.54
2024-07-02T19:00:00,19.11,72.87,0.45
2024-07-02T19:00:00,19.11,72.89,1.83
2024-07-02T19:00:00,19.11,72.91,0.35
2024-07-02T19:00:00,19.11,72.93,1.28
2024-07-02T19:00:00,19.11,72.95,1.65
2024-07-02T19:00:00,19.11,72.97,0.66
2024-07-02T19:00:00,19.11,72.99,2.12
2024-07-02T19:00:00,19.13,72.77,2.56
2024-07-02T19:00:00,19.13,72.79,0.81
2024-07-02T19:00:00,19.13,72.81,0.33
2024-07-02T19:00:00,19.13,72.83,1.51
2024-07-02T19:00:00,19.13,72.85,0.98
2024-07-02T19:00:00,19.13,72.87,1.15
2024-07-02T19:00:00,19.13,72.89,1.39
2024-07-02T19:00:00,19.13,72.91,0.25
2024-07-02T19:00:00,19.13,72.93,0.65
2024-07-02T19:00:00,19.13,72.95,2.69
2024-07-02T19:00:00,19.13,72.97,1.07
2024-07-02T19:00:00,19.13,72.99,1.34
2024-07-02T19:00:00,19.15,72.77,1.27
2024-07-02T19:00:00,19.15,72.79,1.63
2024-07-02T19:00:00,19.15,72.81,2.37
2024-07-02T19:00:00,19.15,72.83,0.15
2024-07-02T19:00:00,19.15,72.85,1.75
2024-07-02T19:00:00,19.15,72.87,0.96
2024-07-02T19:00:00,19.15,72.89,1.87
2024-07-02T19:00:00,19.15,72.91,0.72
2024-07-02T19:00:00,19.15,72.93,0.68
2024-07-02T19:00:00,19.15,72.95,0.32
2024-07-02T19:00:00,19.15,72.97,0.89
2024-07-02T19:00:00,19.15,72.99,0.29
2024-07-02T19:00:00,19.17,72.77,1.06
2024-07-02T19:00:00,19.17,72.79,1.28
2024-07-02T19:00:00,19.17,72.81,0.61
2024-07-02T19:00:00,19.17,72.83,0.24
2024-07-02T19:00:00,19.17,72.85,0.18
2024-07-02T19:00:00,19.17,72.87,0.43
2024-07-02T19:00:00,19.17,72.89,0.16
2024-07-02T19:00:00,19.17,72.91,1.08
2024-07-02T19:00:00,19.17,72.93,4.12
2024-07-02T19:00:00,19.17,72.95,0.32
2024-07-02T19:00:00,19.17,72.97,4.61
2024-07-02T19:00:00,19.17,72.99,0.98
2024-07-02T19:00:00,19.19,72.77,1.46
2024-07-02T19:00:00,19.19,72.79,0.27
2024-07-02T19:00:00,19.19,72.81,1.26
2024-07-02T19:00:00,19.19,72.83,0.69
2024-07-02T19:00:00,19.19,72.85,2.86
2024-07-02T19:00:00,19.19,72.87,0.17
2024-07-02T19:00:00,19.19,72.89,0.66
2024-07-02T19:00:00,19.19,72.91,0.48
2024-07-02T19:00:00,19.19,72.93,1.23
2024-07-02T19:00:00,19.19,72.95,0.07
2024-07-02T19:00:00,19.19,72.97,2.48
2024-07-02T19:00:00,19.19,72.99,1.14
2024-07-02T19:00:00,19.21,72.77,1.39
2024-07-02T19:00:00,19.21,72.79,0.4
2024-07-02T19:00:00,19.21,72.81,1.92
2024-07-02T19:00:00,19.21,72.83,1.73
2024-07-02T19:00:00,19.21,72.85,2.39
2024-07-02T19:00:00,19.21,72.87,0.8
2024-07-02T19:00:00,19.21,72.89,0.22
2024-07-02T19:00:00,19.21,72.91,0.56
2024-07-02T19:00:00,19.21,72.93,1.85
2024-07-02T19:00:00,19.21,72.95,0.62
2024-07-02T19:00:00,19.21,72.97,3.24
2024-07-02T19:00:00,19.21,72.99,1.61
2024-07-02T19:00:00,19.23,72.77,3.74
2024-07-02T19:00:00,19.23,72.79,0.79
2024-07-02T19:00:00,19.23,72.81,1.51
2024-07-02T19:00:00,19.23,72.83,0.46
2024-07-02T19:00:00,19.23,72.85,1.92
2024-07-02T19:00:00,19.23,72.87,1.47
2024-07-02T19:00:00,19.23,72.89,1.69
2024-07-02T19:00:00,19.23,72.91,0.73
2024-07-02T19:00:00,19.23,72.93,1.06
2024-07-02T19:00:00,19.23,72.95,1.0
2024-07-02T19:00:00,19.23,72.97,0.69
2024-07-02T19:00:00,19.23,72.99,1.06
2024-07-02T19:00:00,19.25,72.77,1.54
2024-07-02T19:00:00,19.25,72.79,1.7
2024-07-02T19:00:00,19.25,72.81,0.81
2024-07-02T19:00:00,19.25,72.83,1.89
2024-07-02T19:00:00,19.25,72.85,1.76
2024-07-02T19:00:00,19.25,72.87,1.54
2024-07-02T19:00:00,19.25,72.89,1.86
2024-07-02T19:00:00,19.25,72.91,0.86
2024-07-02T19:00:00,19.25,72.93,0.36
2024-07-02T19:00:00,19.25,72.95,1.59
2024-07-02T19:00:00,19.25,72.97,0.59
2024-07-02T19:00:00,19.25,72.99,0.21
2024-07-02T20:00:00,18.87,72.77,0.56
2024-07-02T20:00:00,18.87,72.79,0.96
2024-07-02T20:00:00,18.87,72.81,2.06
2024-07-02T20:00:00,18.87,72.83,1.05
2024-07-02T20:00:00,18.87,72.85,1.43
2024-07-02T20:00:00,18.87,72.87,1.25
2024-07-02T20:00:00,18.87,72.89,0.94
2024-07-02T20:00:00,18.87,72.91,0.59
2024-07-02T20:00:00,18.87,72.93,0.3
2024-07-02T20:00:00,18.87,72.95,2.63
2024-07-02T20:00:00,18.87,72.97,0.45
2024-07-02T20:00:00,18.87,72.99,0.55
2024-07-02T20:00:00,18.89,72.77,0.8
2024-07-02T20:00:00,18.89,72.79,0.54
2024-07-02T20:00:00,18.89,72.81,1.19
2024-07-02T20:00:00,18.89,72.83,0.52
2024-07-02T20:00:00,18.89,72.85,0.61
2024-07-02T20:00:00,18.89,72.87,0.46
2024-07-02T20:00:00,18.89,72.89,0.58
2024-07-02T20:00:00,18.89,72.91,0.26
2024-07-02T20:00:00,18.89,72.93,0.2
2024-07-02T20:00:00,18.89,72.95,2.02
2024-07-02T20:00:00,18.89,72.97,1.27
2024-07-02T20:00:00,18.89,72.99,1.75
2024-07-02T20:00:00,18.91,72.77,2.39
2024-07-02T20:00:00,18.91,72.79,0.4
2024-07-02T20:00:00,18.91,72.81,2.06
2024-07-02T20:00:00,18.91,72.83,1.65
2024-07-02T20:00:00,18.91,72.85,0.6
2024-07-02T20:00:00,18.91,72.87,0.99
2024-07-02T20:00:00,18.91,72.89,1.34
2024-07-02T20:00:00,18.91,72.91,1.12
2024-07-02T20:00:00,18.91,72.93,0.66
2024-07-02T20:00:00,18.91,72.95,0.8
2024-07-02T20:00:00,18.91,72.97,0.97
2024-07-02T20:00:00,18.91,72.99,0.51
2024-07-02T20:00:00,18.93,72.77,1.33
2024-07-02T20:00:00,18.93,72.79,0.48
2024-07-02T20:00:00,18.93,72.81,2.1
2024-07-02T20:00:00,18.93,72.83,1.6
2024-07-02T20:00:00,18.93,72.85,1.42
2024-07-02T20:00:00,18.93,72.87,1.02
2024-07-02T20:00:00,18.93,72.89,0.89
2024-07-02T20:00:00,18.93,72.91,1.5
2024-07-02T20:00:00,18.93,72.93,0.28
2024-07-02T20:00:00,18.93,72.95,0.36
2024-07-02T20:00:00,18.93,72.97,1.07
2024-07-02T20:00:00,18.93,72.99,0.67
2024-07-02T20:00:00,18.95,72.77,0.56
2024-07-02T20:00:00,18.95,72.79,1.83
2024-07-02T20:00:00,18.95,72.81,0.92
2024-07-02T20:00:00,18.95,72.83,1.04
2024-07-02T20:00:00,18.95,72.85,1.71
2024-07-02T20:00:00,18.95,72.87,0.69
2024-07-02T20:00:00,18.95,72.89,2.6
2024-07-02T20:00:00,18.95,72.91,0.31
2024-07-02T20:00:00,18.95,72.93,1.54
2024-07-02T20:00:00,18.95,72.95,0.47
2024-07-02T20:00:00,18.95,72.97,1.33
2024-07-02T20:00:00,18.95,72.99,0.39
2024-07-02T20:00:00,18.97,72.77,0.24
2024-07-02T20:00:00,18.97,72.79,1.64
2024-07-02T20:00:00,18.97,72.81,0.64
2024-07-02T20:00:00,18.97,72.83,0.23
2024-07-02T20:00:00,18.97,72.85,1.56
2024-07-02T20:00:00,18.97,72.87,0.91
2024-07-02T20:00:00,18.97,72.89,0.57
2024-07-02T20:00:00,18.97,72.91,0.98
2024-07-02T20:00:00,18.97,72.93,0.65
2024-07-02T20:00:00,18.97,72.95,0.58
2024-07-02T20:00:00,18.97,72.97,1.23
2024-07-02T20:00:00,18.97,72.99,0.82
2024-07-02T20:00:00,18.99,72.77,0.48
2024-07-02T20:00:00,18.99,72.79,0.86
2024-07-02T20:00:00,18.99,72.81,1.45
2024-07-02T20:00:00,18.99,72.83,0.33
2024-07-02T20:00:00,18.99,72.85,1.79
2024-07-02T20:00:00,18.99,72.87,0.89
2024-07-02T20:00:00,18.99,72.89,0.82
2024-07-02T20:00:00,18.99,72.91,0.84
2024-07-02T20:00:00,18.99,72.93,2.12
2024-07-02T20:00:00,18.99,72.95,0.71
2024-07-02T20:00:00,18.99,72.97,0.54
2024-07-02T20:00:00,18.99,72.99,0.63
2024-07-02T20:00:00,19.01,72.77,1.7
2024-07-02T20:00:00,19.01,72.79,1.35
2024-07-02T20:00:00,19.01,72.81,0.84
2024-07-02T20:00:00,19.01,72.83,3.17
2024-07-02T20:00:00,19.01,72.85,1.17
2024-07-02T20:00:00,19.01,72.87,0.37
2024-07-02T20:00:00,19.01,72.89,0.11
2024-07-02T20:00:00,19.01,72.91,1.17
2024-07-02T20:00:00,19.01,72.93,0.59
2024-07-02T20:00:00,19.01,72.95,0.19
2024-07-02T20:00:00,19.01,72.97,0.65
2024-07-02T20:00:00,19.01,72.99,1.15
2024-07-02T20:00:00,19.03,72.77,0.78
2024-07-02T20:00:00,19.03,72.79,0.84
2024-07-02T20:00:00,19.03,72.81,0.1
2024-07-02T20:00:00,19.03,72.83,1.29
2024-07-02T20:00:00,19.03,72.85,0.17
2024-07-02T20:00:00,19.03,72.87,0.49
2024-07-02T20:00:00,19.03,72.89,0.93
2024-07-02T20:00:00,19.03,72.91,0.39
2024-07-02T20:00:00,19.03,72.93,0.45
2024-07-02T20:00:00,19.03,72.95,0.85
2024-07-02T20:00:00,19.03,72.97,0.88
2024-07-02T20:00:00,19.03,72.99,0.71
2024-07-02T20:00:00,19.05,72.77,0.1
2024-07-02T20:00:00,19.05,72.79,0.14
2024-07-02T20:00:00,19.05,72.81,1.59
2024-07-02T20:00:00,19.05,72.83,0.61
2024-07-02T20:00:00,19.05,72.85,3.43
2024-07-02T20:00:00,19.05,72.87,0.92
2024-07-02T20:00:00,19.05,72.89,2.57
2024-07-02T20:00:00,19.05,72.91,0.64
2024-07-02T20:00:00,19.05,72.93,0.49
2024-07-02T20:00:00,19.05,72.95,1.14
2024-07-02T20:00:00,19.05,72.97,1.53
2024-07-02T20:00:00,19.05,72.99,0.6
2024-07-02T20:00:00,19.07,72.77,1.39
2024-07-02T20:00:00,19.07,72.79,0.18
2024-07-02T20:00:00,19.07,72.81,0.4
2024-07-02T20:00:00,19.07,72.83,1.1
2024-07-02T20:00:00,19.07,72.85,0.59
2024-07-02T20:00:00,19.07,72.87,0.95
2024-07-02T20:00:00,19.07,72.89,1.04
2024-07-02T20:00:00,19.07,72.91,1.14
2024-07-02T20:00:00,19.07,72.93,1.37
2024-07-02T20:00:00,19.07,72.95,1.36
2024-07-02T20:00:00,19.07,72.97,0.28
2024-07-02T20:00:00,19.07,72.99,0.61
2024-07-02T20:00:00,19.09,72.77,0.77
2024-07-02T20:00:00,19.09,72.79,0.82
2024-07-02T20:00:00,19.09,72.81,0.67
2024-07-02T20:00:00,19.09,72.83,0.82
2024-07-02T20:00:00,19.09,72.85,0.48
2024-07-02T20:00:00,19.09,72.87,1.39
2024-07-02T20:00:00,19.09,72.89,1.04
2024-07-02T20:00:00,19.09,72.91,0.44
2024-07-02T20:00:00,19.09,72.93,0.74
2024-07-02T20:00:00,19.09,72.95,2.27
2024-07-02T20:00:00,19.09,72.97,0.29
2024-07-02T20:00:00,19.09,72.99,0.34
2024-07-02T20:00:00,19.11,72.77,1.65
2024-07-02T20:00:00,19.11,72.79,2.36
2024-07-02T20:00:00,19.11,72.81,1.06
2024-07-02T20:00:00,19.11,72.83,0.87
2024-07-02T20:00:00,19.11,72.85,0.27
2024-07-02T20:00:00,19.11,72.87,0.54
2024-07-02T20:00:00,19.11,72.89,0.51
2024-07-02T20:00:00,19.11,72.91,0.52
2024-07-02T20:00:00,19.11,72.93,0.39
2024-07-02T20:00:00,19.11,72.95,0.23
2024-07-02T20:00:00,19.11,72.97,1.13
2024-07-02T20:00:00,19.11,72.99,0.91
2024-07-02T20:00:00,19.13,72.77,0.29
2024-07-02T20:00:00,19.13,72.79,0.89
2024-07-02T20:00:00,19.13,72.81,0.65
2024-07-02T20:00:00,19.13,72.83,2.41
2024-07-02T20:00:00,19.13,72.85,1.83
2024-07-02T20:00:00,19.13,72.87,2.28
2024-07-02T20:00:00,19.13,72.89,0.52
2024-07-02T20:00:00,19.13,72.91,0.14
2024-07-02T20:00:00,19.13,72.93,0.28
2024-07-02T20:00:00,19.13,72.95,0.5
2024-07-02T20:00:00,19.13,72.97,0.58
2024-07-02T20:00:00,19.13,72.99,2.07
2024-07-02T20:00:00,19.15,72.77,1.59
2024-07-02T20:00:00,19.15,72.79,1.14
2024-07-02T20:00:00,19.15,72.81,1.95
2024-07-02T20:00:00,19.15,72.83,1.21
2024-07-02T20:00:00,19.15,72.85,1.36
2024-07-02T20:00:00,19.15,72.87,0.61
2024-07-02T20:00:00,19.15,72.89,0.2
2024-07-02T20:00:00,19.15,72.91,0.16
2024-07-02T20:00:00,19.15,72.93,0.16
2024-07-02T20:00:00,19.15,72.95,1.14
2024-07-02T20:00:00,19.15,72.97,0.36
2024-07-02T20:00:00,19.15,72.99,0.54
2024-07-02T20:00:00,19.17,72.77,0.27
2024-07-02T20:00:00,19.17,72.79,1.84
2024-07-02T20:00:00,19.17,72.81,0.83
2024-07-02T20:00:00,19.17,72.83,0.96
2024-07-02T20:00:00,19.17,72.85,1.01
2024-07-02T20:00:00,19.17,72.87,1.07
2024-07-02T20:00:00,19.17,72.89,1.67
2024-07-02T20:00:00,19.17,72.91,1.21
2024-07-02T20:00:00,19.17,72.93,0.31
2024-07-02T20:00:00,19.17,72.95,0.35
2024-07-02T20:00:00,19.17,72.97,3.53
2024-07-02T20:00:00,19.17,72.99,1.35
2024-07-02T20:00:00,19.19,72.77,3.52
2024-07-02T20:00:00,19.19,72.79,0.72
2024-07-02T20:00:00,19.19,72.81,2.29
2024-07-02T20:00:00,19.19,72.83,1.16
2024-07-02T20:00:00,19.19,72.85,0.98
2024-07-02T20:00:00,19.19,72.87,0.79
2024-07-02T20:00:00,19.19,72.89,1.34
2024-07-02T20:00:00,19.19,72.91,1.09
2024-07-02T20:00:00,19.19,72.93,0.63
2024-07-02T20:00:00,19.19,72.95,0.44
2024-07-02T20:00:00,19.19,72.97,0.63
2024-07-02T20:00:00,19.19,72.99,0.69
2024-07-02T20:00:00,19.21,72.77,0.65
2024-07-02T20:00:00,19.21,72.79,0.41
2024-07-02T20:00:00,19.21,72.81,0.88
2024-07-02T20:00:00,19.21,72.83,1.09
2024-07-02T20:00:00,19.21,72.85,0.97
2024-07-02T20:00:00,19.21,72.87,0.29
2024-07-02T20:00:00,19.21,72.89,2.22
2024-07-02T20:00:00,19.21,72.91,2.53
2024-07-02T20:00:00,19.21,72.93,1.14
2024-07-02T20:00:00,19.21,72.95,1.29
2024-07-02T20:00:00,19.21,72.97,0.84
2024-07-02T20:00:00,19.21,72.99,0.9
2024-07-02T20:00:00,19.23,72.77,0.18
2024-07-02T20:00:00,19.23,72.79,0.8
2024-07-02T20:00:00,19.23,72.81,0.79
2024-07-02T20:00:00,19.23,72.83,2.72
2024-07-02T20:00:00,19.23,72.85,0.63
2024-07-02T20:00:00,19.23,72.87,2.25
2024-07-02T20:00:00,19.23,72.89,0.77
2024-07-02T20:00:00,19.23,72.91,0.53
2024-07-02T20:00:00,19.23,72.93,0.16
2024-07-02T20:00:00,19.23,72.95,0.91
2024-07-02T20:00:00,19.23,72.97,0.37
2024-07-02T20:00:00,19.23,72.99,0.17
2024-07-02T20:00:00,19.25,72.77,1.39
2024-07-02T20:00:00,19.25,72.79,1.13
2024-07-02T20:00:00,19.25,72.81,1.17
2024-07-02T20:00:00,19.25,72.83,0.82
2024-07-02T20:00:00,19.25,72.85,0.46
2024-07-02T20:00:00,19.25,72.87,0.32
2024-07-02T20:00:00,19.25,72.89,2.02
2024-07-02T20:00:00,19.25,72.91,1.23
2024-07-02T20:00:00,19.25,72.93,1.43
2024-07-02T20:00:00,19.25,72.95,0.64
2024-07-02T20:00:00,19.25,72.97,0.36
2024-07-02T20:00:00,19.25,72.99,0.33
2024-07-02T21:00:00,18.87,72.77,0.69
2024-07-02T21:00:00,18.87,72.79,0.34
2024-07-02T21:00:00,18.87,72.81,0.11
2024-07-02T21:00:00,18.87,72.83,0.89
2024-07-02T21:00:00,18.87,72.85,1.13
2024-07-02T21:00:00,18.87,72.87,0.36
2024-07-02T21:00:00,18.87,72.89,0.13
2024-07-02T21:00:00,18.87,72.91,0.61
2024-07-02T21:00:00,18.87,72.93,0.47
2024-07-02T21:00:00,18.87,72.95,0.39
2024-07-02T21:00:00,18.87,72.97,0.7
2024-07-02T21:00:00,18.87,72.99,0.55
2024-07-02T21:00:00,18.89,72.77,0.87
2024-07-02T21:00:00,18.89,72.79,0.66
2024-07-02T21:00:00,18.89,72.81,0.33
2024-07-02T21:00:00,18.89,72.83,0.3
2024-07-02T21:00:00,18.89,72.85,0.58
2024-07-02T21:00:00,18.89,72.87,1.05
2024-07-02T21:00:00,18.89,72.89,0.59
2024-07-02T21:00:00,18.89,72.91,0.32
2024-07-02T21:00:00,18.89,72.93,0.6
2024-07-02T21:00:00,18.89,72.95,0.61
2024-07-02T21:00:00,18.89,72.97,0.28
2024-07-02T21:00:00,18.89,72.99,1.7
2024-07-02T21:00:00,18.91,72.77,1.16
2024-07-02T21:00:00,18.91,72.79,0.56
2024-07-02T21:00:00,18.91,72.81,1.96
2024-07-02T21:00:00,18.91,72.83,0.76
2024-07-02T21:00:00,18.91,72.85,0.7
2024-07-02T21:00:00,18.91,72.87,1.4
2024-07-02T21:00:00,18.91,72.89,0.99
2024-07-02T21:00:00,18.91,72.91,0.76
2024-07-02T21:00:00,18.91,72.93,0.39
2024-07-02T21:00:00,18.91,72.95,0.52
2024-07-02T21:00:00,18.91,72.97,0.45
2024-07-02T21:00:00,18.91,72.99,0.3
2024-07-02T21:00:00,18.93,72.77,2.66
2024-07-02T21:00:00,18.93,72.79,1.14
2024-07-02T21:00:00,18.93,72.81,0.52
2024-07-02T21:00:00,18.93,72.83,0.78
2024-07-02T21:00:00,18.93,72.85,0.52
2024-07-02T21:00:00,18.93,72.87,0.29
2024-07-02T21:00:00,18.93,72.89,0.1
2024-07-02T21:00:00,18.93,72.91,0.75
2024-07-02T21:00:00,18.93,72.93,0.54
2024-07-02T21:00:00,18.93,72.95,1.13
2024-07-02T21:00:00,18.93,72.97,0.33
2024-07-02T21:00:00,18.93,72.99,1.09
2024-07-02T21:00:00,18.95,72.77,1.51
2024-07-02T21:00:00,18.95,72.79,1.23
2024-07-02T21:00:00,18.95,72.81,1.07
2024-07-02T21:00:00,18.95,72.83,0.56
2024-07-02T21:00:00,18.95,72.85,1.24
2024-07-02T21:00:00,18.95,72.87,1.08
2024-07-02T21:00:00,18.95,72.89,0.61
2024-07-02T21:00:00,18.95,72.91,0.13
2024-07-02T21:00:00,18.95,72.93,0.44
2024-07-02T21:00:00,18.95,72.95,1.03
2024-07-02T21:00:00,18.95,72.97,0.65
2024-07-02T21:00:00,18.95,72.99,0.36
2024-07-02T21:00:00,18.97,72.77,0.68
2024-07-02T21:00:00,18.97,72.79,0.69
2024-07-02T21:00:00,18.97,72.81,0.31
2024-07-02T21:00:00,18.97,72.83,0.41
2024-07-02T21:00:00,18.97,72.85,2.25
2024-07-02T21:00:00,18.97,72.87,0.03
2024-07-02T21:00:00,18.97,72.89,0.57
2024-07-02T21:00:00,18.97,72.91,1.07
2024-07-02T21:00:00,18.97,72.93,0.55
2024-07-02T21:00:00,18.97,72.95,0.33
2024-07-02T21:00:00,18.97,72.97,0.4
2024-07-02T21:00:00,18.97,72.99,1.65
2024-07-02T21:00:00,18.99,72.77,1.05
2024-07-02T21:00:00,18.99,72.79,0.97
2024-07-02T21:00:00,18.99,72.81,0.58
2024-07-02T21:00:00,18.99,72.83,0.72
2024-07-02T21:00:00,18.99,72.85,0.25
2024-07-02T21:00:00,18.99,72.87,1.92
2024-07-02T21:00:00,18.99,72.89,0.93
2024-07-02T21:00:00,18.99,72.91,0.56
2024-07-02T21:00:00,18.99,72.93,0.61
2024-07-02T21:00:00,18.99,72.95,0.76
2024-07-02T21:00:00,18.99,72.97,0.22
2024-07-02T21:00:00,18.99,72.99,0.41
2024-07-02T21:00:00,19.01,72.77,0.29
2024-07-02T21:00:00,19.01,72.79,1.05
2024-07-02T21:00:00,19.01,72.81,0.2
2024-07-02T21:00:00,19.01,72.83,0.28
2024-07-02T21:00:00,19.01,72.85,1.06
2024-07-02T21:00:00,19.01,72.87,0.69
2024-07-02T21:00:00,19.01,72.89,1.67
2024-07-02T21:00:00,19.01,72.91,0.44
2024-07-02T21:00:00,19.01,72.93,0.48
2024-07-02T21:00:00,19.01,72.95,1.36
2024-07-02T21:00:00,19.01,72.97,1.12
2024-07-02T21:00:00,19.01,72.99,0.94
2024-07-02T21:00:00,19.03,72.77,0.36
2024-07-02T21:00:00,19.03,72.79,0.38
2024-07-02T21:00:00,19.03,72.81,0.59
2024-07-02T21:00:00,19.03,72.83,0.57
2024-07-02T21:00:00,19.03,72.85,0.33
2024-07-02T21:00:00,19.03,72.87,0.44
2024-07-02T21:00:00,19.03,72.89,0.55
2024-07-02T21:00:00,19.03,72.91,1.13
2024-07-02T21:00:00,19.03,72.93,1.32
2024-07-02T21:00:00,19.03,72.95,0.85
2024-07-02T21:00:00,19.03,72.97,0.14
2024-07-02T21:00:00,19.03,72.99,1.15
2024-07-02T21:00:00,19.05,72.77,1.07
2024-07-02T21:00:00,19.05,72.79,1.2
2024-07-02T21:00:00,19.05,72.81,0.36
2024-07-02T21:00:00,19.05,72.83,1.59
2024-07-02T21:00:00,19.05,72.85,0.51
2024-07-02T21:00:00,19.05,72.87,0.32
2024-07-02T21:00:00,19.05,72.89,0.96
2024-07-02T21:00:00,19.05,72.91,0.53
2024-07-02T21:00:00,19.05,72.93,0.85
2024-07-02T21:00:00,19.05,72.95,0.4
2024-07-02T21:00:00,19.05,72.97,0.21
2024-07-02T21:00:00,19.05,72.99,0.38
2024-07-02T21:00:00,19.07,72.77,0.21
2024-07-02T21:00:00,19.07,72.79,1.04
2024-07-02T21:00:00,19.07,72.81,0.05
2024-07-02T21:00:00,19.07,72.83,1.3
2024-07-02T21:00:00,19.07,72.85,0.21
2024-07-02T21:00:00,19.07,72.87,1.13
2024-07-02T21:00:00,19.07,72.89,0.83
2024-07-02T21:00:00,19.07,72.91,0.08
2024-07-02T21:00:00,19.07,72.93,0.63
2024-07-02T21:00:00,19.07,72.95,0.16
2024-07-02T21:00:00,19.07,72.97,0.61
2024-07-02T21:00:00,19.07,72.99,0.31
2024-07-02T21:00:00,19.09,72.77,0.09
2024-07-02T21:00:00,19.09,72.79,0.92
2024-07-02T21:00:00,19.09,72.81,0.58
2024-07-02T21:00:00,19.09,72.83,0.61
2024-07-02T21:00:00,19.09,72.85,0.1
2024-07-02T21:00:00,19.09,72.87,0.09
2024-07-02T21:00:00,19.09,72.89,0.45
2024-07-02T21:00:00,19.09,72.91,1.06
2024-07-02T21:00:00,19.09,72.93,0.88
2024-07-02T21:00:00,19.09,72.95,0.74
2024-07-02T21:00:00,19.09,72.97,1.23
2024-07-02T21:00:00,19.09,72.99,0.32
2024-07-02T21:00:00,19.11,72.77,0.96
2024-07-02T21:00:00,19.11,72.79,0.14
2024-07-02T21:00:00,19.11,72.81,2.47
2024-07-02T21:00:00,19.11,72.83,0.32
2024-07-02T21:00:00,19.11,72.85,0.81
2024-07-02T21:00:00,19.11,72.87,1.69
2024-07-02T21:00:00,19.11,72.89,0.42
2024-07-02T21:00:00,19.11,72.91,0.75
2024-07-02T21:00:00,19.11,72.93,0.62
2024-07-02T21:00:00,19.11,72.95,0.38
2024-07-02T21:00:00,19.11,72.97,0.31
2024-07-02T21:00:00,19.11,72.99,0.18
2024-07-02T21:00:00,19.13,72.77,0.58
2024-07-02T21:00:00,19.13,72.79,0.35
2024-07-02T21:00:00,19.13,72.81,0.32
2024-07-02T21:00:00,19.13,72.83,0.92
2024-07-02T21:00:00,19.13,72.85,0.64
2024-07-02T21:00:00,19.13,72.87,1.16
2024-07-02T21:00:00,19.13,72.89,0.4
2024-07-02T21:00:00,19.13,72.91,0.2
2024-07-02T21:00:00,19.13,72.93,0.83
2024-07-02T21:00:00,19.13,72.95,0.85
2024-07-02T21:00:00,19.13,72.97,0.64
2024-07-02T21:00:00,19.13,72.99,0.26
2024-07-02T21:00:00,19.15,72.77,0.68
2024-07-02T21:00:00,19.15,72.79,0.23
2024-07-02T21:00:00,19.15,72.81,0.34
2024-07-02T21:00:00,19.15,72.83,1.34
2024-07-02T21:00:00,19.15,72.85,0.39
2024-07-02T21:00:00,19.15,72.87,1.07
2024-07-02T21:00:00,19.15,72.89,0.72
2024-07-02T21:00:00,19.15,72.91,1.59
2024-07-02T21:00:00,19.15,72.93,0.67
2024-07-02T21:00:00,19.15,72.95,0.63
2024-07-02T21:00:00,19.15,72.97,0.12
2024-07-02T21:00:00,19.15,72.99,0.28
2024-07-02T21:00:00,19.17,72.77,0.53
2024-07-02T21:00:00,19.17,72.79,2.34
2024-07-02T21:00:00,19.17,72.81,0.37
2024-07-02T21:00:00,19.17,72.83,0.23
2024-07-02T21:00:00,19.17,72.85,0.16
2024-07-02T21:00:00,19.17,72.87,0.12
2024-07-02T21:00:00,19.17,72.89,2.1
2024-07-02T21:00:00,19.17,72.91,0.62
2024-07-02T21:00:00,19.17,72.93,0.23
2024-07-02T21:00:00,19.17,72.95,1.27
2024-07-02T21:00:00,19.17,72.97,1.64
2024-07-02T21:00:00,19.17,72.99,0.23
2024-07-02T21:00:00,19.19,72.77,0.45
2024-07-02T21:00:00,19.19,72.79,1.38
2024-07-02T21:00:00,19.19,72.81,1.0
2024-07-02T21:00:00,19.19,72.83,0.52
2024-07-02T21:00:00,19.19,72.85,1.29
2024-07-02T21:00:00,19.19,72.87,0.12
2024-07-02T21:00:00,19.19,72.89,0.2
2024-07-02T21:00:00,19.19,72.91,0.29
2024-07-02T21:00:00,19.19,72.93,0.26
2024-07-02T21:00:00,19.19,72.95,0.05
2024-07-02T21:00:00,19.19,72.97,0.38
2024-07-02T21:00:00,19.19,72.99,0.75
2024-07-02T21:00:00,19.21,72.77,1.18
2024-07-02T21:00:00,19.21,72.79,1.08
2024-07-02T21:00:00,19.21,72.81,1.28
2024-07-02T21:00:00,19.21,72.83,0.81
2024-07-02T21:00:00,19.21,72.85,0.37
2024-07-02T21:00:00,19.21,72.87,0.09
2024-07-02T21:00:00,19.21,72.89,0.09
2024-07-02T21:00:00,19.21,72.91,0.59
2024-07-02T21:00:00,19.21,72.93,0.24
2024-07-02T21:00:00,19.21,72.95,0.55
2024-07-02T21:00:00,19.21,72.97,0.17
2024-07-02T21:00:00,19.21,72.99,1.2
2024-07-02T21:00:00,19.23,72.77,0.49
2024-07-02T21:00:00,19.23,72.79,0.51
2024-07-02T21:00:00,19.23,72.81,0.53
2024-07-02T21:00:00,19.23,72.83,1.3
2024-07-02T21:00:00,19.23,72.85,0.22
2024-07-02T21:00:00,19.23,72.87,0.5
2024-07-02T21:00:00,19.23,72.89,0.57
2024-07-02T21:00:00,19.23,72.91,0.27
2024-07-02T21:00:00,19.23,72.93,0.8
2024-07-02T21:00:00,19.23,72.95,1.06
2024-07-02T21:00:00,19.23,72.97,0.08
2024-07-02T21:00:00,19.23,72.99,0.82
2024-07-02T21:00:00,19.25,72.77,0.08
2024-07-02T21:00:00,19.25,72.79,0.31
2024-07-02T21:00:00,19.25,72.81,0.38
2024-07-02T21:00:00,19.25,72.83,0.38
2024-07-02T21:00:00,19.25,72.85,1.32
2024-07-02T21:00:00,19.25,72.87,0.38
2024-07-02T21:00:00,19.25,72.89,0.37
2024-07-02T21:00:00,19.25,72.91,0.16
2024-07-02T21:00:00,19.25,72.93,0.65
2024-07-02T21:00:00,19.25,72.95,0.43
2024-07-02T21:00:00,19.25,72.97,0.72
2024-07-02T21:00:00,19.25,72.99,0.14
2024-07-02T22:00:00,18.87,72.77,1.39
2024-07-02T22:00:00,18.87,72.79,0.77
2024-07-02T22:00:00,18.87,72.81,0.44
2024-07-02T22:00:00,18.87,72.83,0.83
2024-07-02T22:00:00,18.87,72.85,1.26
2024-07-02T22:00:00,18.87,72.87,0.5
2024-07-02T22:00:00,18.87,72.89,0.34
2024-07-02T22:00:00,18.87,72.91,0.26
2024-07-02T22:00:00,18.87,72.93,0.29
2024-07-02T22:00:00,18.87,72.95,0.42
2024-07-02T22:00:00,18.87,72.97,0.3
2024-07-02T22:00:00,18.87,72.99,0.58
2024-07-02T22:00:00,18.89,72.77,1.18
2024-07-02T22:00:00,18.89,72.79,0.15
2024-07-02T22:00:00,18.89,72.81,0.15
2024-07-02T22:00:00,18.89,72.83,0.29
2024-07-02T22:00:00,18.89,72.85,0.07
2024-07-02T22:00:00,18.89,72.87,1.15
2024-07-02T22:00:00,18.89,72.89,0.83
2024-07-02T22:00:00,18.89,72.91,0.33
2024-07-02T22:00:00,18.89,72.93,0.34
2024-07-02T22:00:00,18.89,72.95,0.47
2024-07-02T22:00:00,18.89,72.97,0.18
2024-07-02T22:00:00,18.89,72.99,0.27
2024-07-02T22:00:00,18.91,72.77,0.25
2024-07-02T22:00:00,18.91,72.79,0.46
2024-07-02T22:00:00,18.91,72.81,0.46
2024-07-02T22:00:00,18.91,72.83,0.38
2024-07-02T22:00:00,18.91,72.85,0.81
2024-07-02T22:00:00,18.91,72.87,0.36
2024-07-02T22:00:00,18.91,72.89,0.37
2024-07-02T22:00:00,18.91,72.91,0.09
2024-07-02T22:00:00,18.91,72.93,0.59
2024-07-02T22:00:00,18.91,72.95,0.41
2024-07-02T22:00:00,18.91,72.97,0.62
2024-07-02T22:00:00,18.91,72.99,0.17
2024-07-02T22:00:00,18.93,72.77,0.17
2024-07-02T22:00:00,18.93,72.79,0.36
2024-07-02T22:00:00,18.93,72.81,0.06
2024-07-02T22:00:00,18.93,72.83,1.26
2024-07-02T22:00:00,18.93,72.85,0.33
2024-07-02T22:00:00,18.93,72.87,0.02
2024-07-02T22:00:00,18.93,72.89,0.25
2024-07-02T22:00:00,18.93,72.91,0.33
2024-07-02T22:00:00,18.93,72.93,0.96
2024-07-02T22:00:00,18.93,72.95,0.38
2024-07-02T22:00:00,18.93,72.97,0.09
2024-07-02T22:00:00,18.93,72.99,0.46
2024-07-02T22:00:00,18.95,72.77,0.47
2024-07-02T22:00:00,18.95,72.79,0.37
2024-07-02T22:00:00,18.95,72.81,0.32
2024-07-02T22:00:00,18.95,72.83,0.79
2024-07-02T22:00:00,18.95,72.85,0.41
2024-07-02T22:00:00,18.95,72.87,0.38
2024-07-02T22:00:00,18.95,72.89,0.86
2024-07-02T22:00:00,18.95,72.91,0.67
2024-07-02T22:00:00,18.95,72.93,0.49
2024-07-02T22:00:00,18.95,72.95,0.2
2024-07-02T22:00:00,18.95,72.97,0.28
2024-07-02T22:00:00,18.95,72.99,0.33
2024-07-02T22:00:00,18.97,72.77,0.13
2024-07-02T22:00:00,18.97,72.79,0.29
2024-07-02T22:00:00,18.97,72.81,0.44
2024-07-02T22:00:00,18.97,72.83,0.63
2024-07-02T22:00:00,18.97,72.85,0.6
2024-07-02T22:00:00,18.97,72.87,0.08
2024-07-02T22:00:00,18.97,72.89,0.29
2024-07-02T22:00:00,18.97,72.91,0.19
2024-07-02T22:00:00,18.97,72.93,0.06
2024-07-02T22:00:00,18.97,72.95,0.33
2024-07-02T22:00:00,18.97,72.97,0.24
2024-07-02T22:00:00,18.97,72.99,0.36
2024-07-02T22:00:00,18.99,72.77,0.67
2024-07-02T22:00:00,18.99,72.79,0.57
2024-07-02T22:00:00,18.99,72.81,1.41
2024-07-02T22:00:00,18.99,72.83,0.47
2024-07-02T22:00:00,18.99,72.85,1.02
2024-07-02T22:00:00,18.99,72.87,0.15
2024-07-02T22:00:00,18.99,72.89,0.5
2024-07-02T22:00:00,18.99,72.91,0.21
2024-07-02T22:00:00,18.99,72.93,0.3
2024-07-02T22:00:00,18.99,72.95,0.65
2024-07-02T22:00:00,18.99,72.97,0.29
2024-07-02T22:00:00,18.99,72.99,0.72
2024-07-02T22:00:00,19.01,72.77,0.26
2024-07-02T22:00:00,19.01,72.79,0.16
2024-07-02T22:00:00,19.01,72.81,0.5
2024-07-02T22:00:00,19.01,72.83,0.51
2024-07-02T22:00:00,19.01,72.85,0.31
2024-07-02T22:00:00,19.01,72.87,0.62
2024-07-02T22:00:00,19.01,72.89,0.05
2024-07-02T22:00:00,19.01,72.91,0.16
2024-07-02T22:00:00,19.01,72.93,0.51
2024-07-02T22:00:00,19.01,72.95,0.31
2024-07-02T22:00:00,19.01,72.97,0.21
2024-07-02T22:00:00,19.01,72.99,0.39
2024-07-02T22:00:00,19.03,72.77,0.87
2024-07-02T22:00:00,19.03,72.79,0.57
2024-07-02T22:00:00,19.03,72.81,0.73
2024-07-02T22:00:00,19.03,72.83,0.56
2024-07-02T22:00:00,19.03,72.85,0.92
2024-07-02T22:00:00,19.03,72.87,0.26
2024-07-02T22:00:00,19.03,72.89,0.78
2024-07-02T22:00:00,19.03,72.91,0.08
2024-07-02T22:00:00,19.03,72.93,0.13
2024-07-02T22:00:00,19.03,72.95,0.56
2024-07-02T22:00:00,19.03,72.97,0.11
2024-07-02T22:00:00,19.03,72.99,0.27
2024-07-02T22:00:00,19.05,72.77,1.02
2024-07-02T22:00:00,19.05,72.79,0.17
2024-07-02T22:00:00,19.05,72.81,0.78
2024-07-02T22:00:00,19.05,72.83,0.31
2024-07-02T22:00:00,19.05,72.85,0.14
2024-07-02T22:00:00,19.05,72.87,0.39
2024-07-02T22:00:00,19.05,72.89,0.83
2024-07-02T22:00:00,19.05,72.91,0.12
2024-07-02T22:00:00,19.05,72.93,0.11
2024-07-02T22:00:00,19.05,72.95,0.55
2024-07-02T22:00:00,19.05,72.97,0.23
2024-07-02T22:00:00,19.05,72.99,1.18
2024-07-02T22:00:00,19.07,72.77,0.55
2024-07-02T22:00:00,19.07,72.79,0.84
2024-07-02T22:00:00,19.07,72.81,0.51
2024-07-02T22:00:00,19.07,72.83,0.13
2024-07-02T22:00:00,19.07,72.85,0.19
2024-07-02T22:00:00,19.07,72.87,0.2
2024-07-02T22:00:00,19.07,72.89,0.54
2024-07-02T22:00:00,19.07,72.91,0.37
2024-07-02T22:00:00,19.07,72.93,0.06
2024-07-02T22:00:00,19.07,72.95,0.58
2024-07-02T22:00:00,19.07,72.97,1.35
2024-07-02T22:00:00,19.07,72.99,0.13
2024-07-02T22:00:00,19.09,72.77,0.2
2024-07-02T22:00:00,19.09,72.79,0.25
2024-07-02T22:00:00,19.09,72.81,0.38
2024-07-02T22:00:00,19.09,72.83,0.17
2024-07-02T22:00:00,19.09,72.85,0.9
2024-07-02T22:00:00,19.09,72.87,1.11
2024-07-02T22:00:00,19.09,72.89,0.41
2024-07-02T22:00:00,19.09,72.91,0.35
2024-07-02T22:00:00,19.09,72.93,0.07
2024-07-02T22:00:00,19.09,72.95,0.13
2024-07-02T22:00:00,19.09,72.97,0.04
2024-07-02T22:00:00,19.09,72.99,0.21
2024-07-02T22:00:00,19.11,72.77,0.31
2024-07-02T22:00:00,19.11,72.79,0.66
2024-07-02T22:00:00,19.11,72.81,0.46
2024-07-02T22:00:00,19.11,72.83,0.2
2024-07-02T22:00:00,19.11,72.85,0.63
2024-07-02T22:00:00,19.11,72.87,1.64
2024-07-02T22:00:00,19.11,72.89,0.62
2024-07-02T22:00:00,19.11,72.91,0.24
2024-07-02T22:00:00,19.11,72.93,0.43
2024-07-02T22:00:00,19.11,72.95,0.14
2024-07-02T22:00:00,19.11,72.97,0.13
2024-07-02T22:00:00,19.11,72.99,1.04
2024-07-02T22:00:00,19.13,72.77,0.54
2024-07-02T22:00:00,19.13,72.79,0.86
2024-07-02T22:00:00,19.13,72.81,0.34
2024-07-02T22:00:00,19.13,72.83,0.15
2024-07-02T22:00:00,19.13,72.85,0.12
2024-07-02T22:00:00,19.13,72.87,0.18
2024-07-02T22:00:00,19.13,72.89,0.5
2024-07-02T22:00:00,19.13,72.91,0.09
2024-07-02T22:00:00,19.13,72.93,0.37
2024-07-02T22:00:00,19.13,72.95,0.52
2024-07-02T22:00:00,19.13,72.97,0.12
2024-07-02T22:00:00,19.13,72.99,1.46
2024-07-02T22:00:00,19.15,72.77,0.82
2024-07-02T22:00:00,19.15,72.79,0.39
2024-07-02T22:00:00,19.15,72.81,0.22
2024-07-02T22:00:00,19.15,72.83,0.5
2024-07-02T22:00:00,19.15,72.85,0.48
2024-07-02T22:00:00,19.15,72.87,0.4
2024-07-02T22:00:00,19.15,72.89,0.48
2024-07-02T22:00:00,19.15,72.91,0.16
2024-07-02T22:00:00,19.15,72.93,0.59
2024-07-02T22:00:00,19.15,72.95,0.1
2024-07-02T22:00:00,19.15,72.97,0.04
2024-07-02T22:00:00,19.15,72.99,0.52
2024-07-02T22:00:00,19.17,72.77,0.58
2024-07-02T22:00:00,19.17,72.79,0.42
2024-07-02T22:00:00,19.17,72.81,0.24
2024-07-02T22:00:00,19.17,72.83,0.27
2024-07-02T22:00:00,19.17,72.85,0.16
2024-07-02T22:00:00,19.17,72.87,0.46
2024-07-02T22:00:00,19.17,72.89,0.03
2024-07-02T22:00:00,19.17,72.91,0.06
2024-07-02T22:00:00,19.17,72.93,0.16
2024-07-02T22:00:00,19.17,72.95,0.39
2024-07-02T22:00:00,19.17,72.97,0.32
2024-07-02T22:00:00,19.17,72.99,0.83
2024-07-02T22:00:00,19.19,72.77,0.35
2024-07-02T22:00:00,19.19,72.79,0.74
2024-07-02T22:00:00,19.19,72.81,0.44
2024-07-02T22:00:00,19.19,72.83,0.05
2024-07-02T22:00:00,19.19,72.85,0.14
2024-07-02T22:00:00,19.19,72.87,0.16
2024-07-02T22:00:00,19.19,72.89,0.19
2024-07-02T22:00:00,19.19,72.91,0.27
2024-07-02T22:00:00,19.19,72.93,0.74
2024-07-02T22:00:00,19.19,72.95,0.3
2024-07-02T22:00:00,19.19,72.97,0.2
2024-07-02T22:00:00,19.19,72.99,0.63
2024-07-02T22:00:00,19.21,72.77,0.8
2024-07-02T22:00:00,19.21,72.79,0.03
2024-07-02T22:00:00,19.21,72.81,0.38
2024-07-02T22:00:00,19.21,72.83,0.9
2024-07-02T22:00:00,19.21,72.85,0.32
2024-07-02T22:00:00,19.21,72.87,0.15
2024-07-02T22:00:00,19.21,72.89,0.65
2024-07-02T22:00:00,19.21,72.91,0.12
2024-07-02T22:00:00,19.21,72.93,0.38
2024-07-02T22:00:00,19.21,72.95,0.28
2024-07-02T22:00:00,19.21,72.97,0.07
2024-07-02T22:00:00,19.21,72.99,0.68
2024-07-02T22:00:00,19.23,72.77,0.56
2024-07-02T22:00:00,19.23,72.79,1.06
2024-07-02T22:00:00,19.23,72.81,0.38
2024-07-02T22:00:00,19.23,72.83,0.16
2024-07-02T22:00:00,19.23,72.85,0.08
2024-07-02T22:00:00,19.23,72.87,0.7
2024-07-02T22:00:00,19.23,72.89,0.14
2024-07-02T22:00:00,19.23,72.91,1.56
2024-07-02T22:00:00,19.23,72.93,1.12
2024-07-02T22:00:00,19.23,72.95,0.35
2024-07-02T22:00:00,19.23,72.97,0.26
2024-07-02T22:00:00,19.23,72.99,0.17
2024-07-02T22:00:00,19.25,72.77,0.25
2024-07-02T22:00:00,19.25,72.79,1.6
2024-07-02T22:00:00,19.25,72.81,0.27
2024-07-02T22:00:00,19.25,72.83,0.54
2024-07-02T22:00:00,19.25,72.85,0.56
2024-07-02T22:00:00,19.25,72.87,0.73
2024-07-02T22:00:00,19.25,72.89,0.47
2024-07-02T22:00:00,19.25,72.91,0.34
2024-07-02T22:00:00,19.25,72.93,0.17
2024-07-02T22:00:00,19.25,72.95,0.49
2024-07-02T22:00:00,19.25,72.97,0.41
2024-07-02T22:00:00,19.25,72.99,0.22
2024-07-02T23:00:00,18.87,72.77,0.41
2024-07-02T23:00:00,18.87,72.79,0.26
2024-07-02T23:00:00,18.87,72.81,0.35
2024-07-02T23:00:00,18.87,72.83,0.45
2024-07-02T23:00:00,18.87,72.85,0.29
2024-07-02T23:00:00,18.87,72.87,0.46
2024-07-02T23:00:00,18.87,72.89,0.28
2024-07-02T23:00:00,18.87,72.91,0.49
2024-07-02T23:00:00,18.87,72.93,0.18
2024-07-02T23:00:00,18.87,72.95,0.1
2024-07-02T23:00:00,18.87,72.97,0.28
2024-07-02T23:00:00,18.87,72.99,0.69
2024-07-02T23:00:00,18.89,72.77,0.55
2024-07-02T23:00:00,18.89,72.79,0.85
2024-07-02T23:00:00,18.89,72.81,0.19
2024-07-02T23:00:00,18.89,72.83,0.26
2024-07-02T23:00:00,18.89,72.85,0.11
2024-07-02T23:00:00,18.89,72.87,0.08
2024-07-02T23:00:00,18.89,72.89,0.67
2024-07-02T23:00:00,18.89,72.91,0.62
2024-07-02T23:00:00,18.89,72.93,0.38
2024-07-02T23:00:00,18.89,72.95,0.16
2024-07-02T23:00:00,18.89,72.97,0.4
2024-07-02T23:00:00,18.89,72.99,0.54
2024-07-02T23:00:00,18.91,72.77,0.95
2024-07-02T23:00:00,18.91,72.79,0.07
2024-07-02T23:00:00,18.91,72.81,0.21
2024-07-02T23:00:00,18.91,72.83,0.19
2024-07-02T23:00:00,18.91,72.85,0.23
2024-07-02T23:00:00,18.91,72.87,0.38
2024-07-02T23:00:00,18.91,72.89,0.03
2024-07-02T23:00:00,18.91,72.91,0.17
2024-07-02T23:00:00,18.91,72.93,0.18
2024-07-02T23:00:00,18.91,72.95,0.26
2024-07-02T23:00:00,18.91,72.97,0.28
2024-07-02T23:00:00,18.91,72.99,0.2
2024-07-02T23:00:00,18.93,72.77,1.08
2024-07-02T23:00:00,18.93,72.79,0.26
2024-07-02T23:00:00,18.93,72.81,0.41
2024-07-02T23:00:00,18.93,72.83,0.45
2024-07-02T23:00:00,18.93,72.85,0.12
2024-07-02T23:00:00,18.93,72.87,0.13
2024-07-02T23:00:00,18.93,72.89,0.42
2024-07-02T23:00:00,18.93,72.91,0.62
2024-07-02T23:00:00,18.93,72.93,0.77
2024-07-02T23:00:00,18.93,72.95,0.11
2024-07-02T23:00:00,18.93,72.97,0.49
2024-07-02T23:00:00,18.93,72.99,0.24
2024-07-02T23:00:00,18.95,72.77,0.74
2024-07-02T23:00:00,18.95,72.79,0.39
2024-07-02T23:00:00,18.95,72.81,0.44
2024-07-02T23:00:00,18.95,72.83,0.76
2024-07-02T23:00:00,18.95,72.85,0.79
2024-07-02T23:00:00,18.95,72.87,0.3
2024-07-02T23:00:00,18.95,72.89,0.05
2024-07-02T23:00:00,18.95,72.91,0.14
2024-07-02T23:00:00,18.95,72.93,0.97
2024-07-02T23:00:00,18.95,72.95,0.39
2024-07-02T23:00:00,18.95,72.97,0.11
2024-07-02T23:00:00,18.95,72.99,0.15
2024-07-02T23:00:00,18.97,72.77,0.66
2024-07-02T23:00:00,18.97,72.79,1.03
2024-07-02T23:00:00,18.97,72.81,0.3
2024-07-02T23:00:00,18.97,72.83,0.68
2024-07-02T23:00:00,18.97,72.85,0.54
2024-07-02T23:00:00,18.97,72.87,0.35
2024-07-02T23:00:00,18.97,72.89,0.45
2024-07-02T23:00:00,18.97,72.91,0.33
2024-07-02T23:00:00,18.97,72.93,0.62
2024-07-02T23:00:00,18.97,72.95,0.44
2024-07-02T23:00:00,18.97,72.97,0.06
2024-07-02T23:00:00,18.97,72.99,0.21
2024-07-02T23:00:00,18.99,72.77,0.14
2024-07-02T23:00:00,18.99,72.79,0.34
2024-07-02T23:00:00,18.99,72.81,0.24
2024-07-02T23:00:00,18.99,72.83,0.17
2024-07-02T23:00:00,18.99,72.85,0.09
2024-07-02T23:00:00,18.99,72.87,0.03
2024-07-02T23:00:00,18.99,72.89,0.64
2024-07-02T23:00:00,18.99,72.91,0.62
2024-07-02T23:00:00,18.99,72.93,0.08
2024-07-02T23:00:00,18.99,72.95,0.32
2024-07-02T23:00:00,18.99,72.97,0.04
2024-07-02T23:00:00,18.99,72.99,0.12
2024-07-02T23:00:00,19.01,72.77,0.24
2024-07-02T23:00:00,19.01,72.79,0.17
2024-07-02T23:00:00,19.01,72.81,0.45
2024-07-02T23:00:00,19.01,72.83,0.01
2024-07-02T23:00:00,19.01,72.85,0.14
2024-07-02T23:00:00,19.01,72.87,0.5
2024-07-02T23:00:00,19.01,72.89,0.04
2024-07-02T23:00:00,19.01,72.91,0.14
2024-07-02T23:00:00,19.01,72.93,0.52
2024-07-02T23:00:00,19.01,72.95,0.92
2024-07-02T23:00:00,19.01,72.97,0.59
2024-07-02T23:00:00,19.01,72.99,0.19
2024-07-02T23:00:00,19.03,72.77,1.14
2024-07-02T23:00:00,19.03,72.79,0.57
2024-07-02T23:00:00,19.03,72.81,0.1
2024-07-02T23:00:00,19.03,72.83,0.05
2024-07-02T23:00:00,19.03,72.85,0.5
2024-07-02T23:00:00,19.03,72.87,0.24
2024-07-02T23:00:00,19.03,72.89,0.08
2024-07-02T23:00:00,19.03,72.91,0.22
2024-07-02T23:00:00,19.03,72.93,0.55
2024-07-02T23:00:00,19.03,72.95,0.14
2024-07-02T23:00:00,19.03,72.97,0.14
2024-07-02T23:00:00,19.03,72.99,0.2
2024-07-02T23:00:00,19.05,72.77,0.29
2024-07-02T23:00:00,19.05,72.79,0.22
2024-07-02T23:00:00,19.05,72.81,0.46
2024-07-02T23:00:00,19.05,72.83,0.48
2024-07-02T23:00:00,19.05,72.85,0.25
2024-07-02T23:00:00,19.05,72.87,0.15
2024-07-02T23:00:00,19.05,72.89,0.17
2024-07-02T23:00:00,19.05,72.91,0.67
2024-07-02T23:00:00,19.05,72.93,0.92
2024-07-02T23:00:00,19.05,72.95,0.07
2024-07-02T23:00:00,19.05,72.97,0.08
2024-07-02T23:00:00,19.05,72.99,0.15
2024-07-02T23:00:00,19.07,72.77,0.81
2024-07-02T23:00:00,19.07,72.79,0.22
2024-07-02T23:00:00,19.07,72.81,0.45
2024-07-02T23:00:00,19.07,72.83,0.24
2024-07-02T23:00:00,19.07,72.85,0.18
2024-07-02T23:00:00,19.07,72.87,0.22
2024-07-02T23:00:00,19.07,72.89,0.08
2024-07-02T23:00:00,19.07,72.91,0.44
2024-07-02T23:00:00,19.07,72.93,0.13
2024-07-02T23:00:00,19.07,72.95,0.15
2024-07-02T23:00:00,19.07,72.97,0.12
2024-07-02T23:00:00,19.07,72.99,0.7
2024-07-02T23:00:00,19.09,72.77,0.21
2024-07-02T23:00:00,19.09,72.79,0.35
2024-07-02T23:00:00,19.09,72.81,0.03
2024-07-02T23:00:00,19.09,72.83,0.01
2024-07-02T23:00:00,19.09,72.85,0.09
2024-07-02T23:00:00,19.09,72.87,0.55
2024-07-02T23:00:00,19.09,72.89,0.3
2024-07-02T23:00:00,19.09,72.91,0.8
2024-07-02T23:00:00,19.09,72.93,0.57
2024-07-02T23:00:00,19.09,72.95,0.12
2024-07-02T23:00:00,19.09,72.97,0.21
2024-07-02T23:00:00,19.09,72.99,0.61
2024-07-02T23:00:00,19.11,72.77,0.25
2024-07-02T23:00:00,19.11,72.79,0.5
2024-07-02T23:00:00,19.11,72.81,0.08
2024-07-02T23:00:00,19.11,72.83,0.36
2024-07-02T23:00:00,19.11,72.85,0.27
2024-07-02T23:00:00,19.11,72.87,0.13
2024-07-02T23:00:00,19.11,72.89,0.23
2024-07-02T23:00:00,19.11,72.91,0.33
2024-07-02T23:00:00,19.11,72.93,0.51
2024-07-02T23:00:00,19.11,72.95,0.73
2024-07-02T23:00:00,19.11,72.97,0.44
2024-07-02T23:00:00,19.11,72.99,0.57
2024-07-02T23:00:00,19.13,72.77,0.13
2024-07-02T23:00:00,19.13,72.79,0.11
2024-07-02T23:00:00,19.13,72.81,0.44
2024-07-02T23:00:00,19.13,72.83,0.08
2024-07-02T23:00:00,19.13,72.85,0.23
2024-07-02T23:00:00,19.13,72.87,0.48
2024-07-02T23:00:00,19.13,72.89,0.69
2024-07-02T23:00:00,19.13,72.91,0.34
2024-07-02T23:00:00,19.13,72.93,0.1
2024-07-02T23:00:00,19.13,72.95,0.25
2024-07-02T23:00:00,19.13,72.97,0.27
2024-07-02T23:00:00,19.13,72.99,0.13
2024-07-02T23:00:00,19.15,72.77,0.06
2024-07-02T23:00:00,19.15,72.79,0.54
2024-07-02T23:00:00,19.15,72.81,0.24
2024-07-02T23:00:00,19.15,72.83,0.46
2024-07-02T23:00:00,19.15,72.85,0.34
2024-07-02T23:00:00,19.15,72.87,0.23
2024-07-02T23:00:00,19.15,72.89,0.2
2024-07-02T23:00:00,19.15,72.91,0.25
2024-07-02T23:00:00,19.15,72.93,0.38
2024-07-02T23:00:00,19.15,72.95,0.02
2024-07-02T23:00:00,19.15,72.97,0.36
2024-07-02T23:00:00,19.15,72.99,0.33
2024-07-02T23:00:00,19.17,72.77,0.56
2024-07-02T23:00:00,19.17,72.79,0.82
2024-07-02T23:00:00,19.17,72.81,0.16
2024-07-02T23:00:00,19.17,72.83,0.07
2024-07-02T23:00:00,19.17,72.85,0.32
2024-07-02T23:00:00,19.17,72.87,0.3
2024-07-02T23:00:00,19.17,72.89,0.2
2024-07-02T23:00:00,19.17,72.91,0.37
2024-07-02T23:00:00,19.17,72.93,0.15
2024-07-02T23:00:00,19.17,72.95,0.21
2024-07-02T23:00:00,19.17,72.97,0.36
2024-07-02T23:00:00,19.17,72.99,0.19
2024-07-02T23:00:00,19.19,72.77,0.34
2024-07-02T23:00:00,19.19,72.79,0.23
2024-07-02T23:00:00,19.19,72.81,0.12
2024-07-02T23:00:00,19.19,72.83,0.51
2024-07-02T23:00:00,19.19,72.85,0.46
2024-07-02T23:00:00,19.19,72.87,0.44
2024-07-02T23:00:00,19.19,72.89,0.24
2024-07-02T23:00:00,19.19,72.91,0.49
2024-07-02T23:00:00,19.19,72.93,0.49
2024-07-02T23:00:00,19.19,72.95,0.62
2024-07-02T23:00:00,19.19,72.97,0.22
2024-07-02T23:00:00,19.19,72.99,0.28
2024-07-02T23:00:00,19.21,72.77,0.12
2024-07-02T23:00:00,19.21,72.79,0.82
2024-07-02T23:00:00,19.21,72.81,0.23
2024-07-02T23:00:00,19.21,72.83,0.09
2024-07-02T23:00:00,19.21,72.85,0.7
2024-07-02T23:00:00,19.21,72.87,0.24
2024-07-02T23:00:00,19.21,72.89,0.91
2024-07-02T23:00:00,19.21,72.91,0.27
2024-07-02T23:00:00,19.21,72.93,0.14
2024-07-02T23:00:00,19.21,72.95,0.46
2024-07-02T23:00:00,19.21,72.97,0.21
2024-07-02T23:00:00,19.21,72.99,0.38
2024-07-02T23:00:00,19.23,72.77,0.18
2024-07-02T23:00:00,19.23,72.79,0.44
2024-07-02T23:00:00,19.23,72.81,0.22
2024-07-02T23:00:00,19.23,72.83,0.49
2024-07-02T23:00:00,19.23,72.85,0.26
2024-07-02T23:00:00,19.23,72.87,0.31
2024-07-02T23:00:00,19.23,72.89,0.22
2024-07-02T23:00:00,19.23,72.91,0.25
2024-07-02T23:00:00,19.23,72.93,0.44
2024-07-02T23:00:00,19.23,72.95,0.1
2024-07-02T23:00:00,19.23,72.97,0.31
2024-07-02T23:00:00,19.23,72.99,1.12
2024-07-02T23:00:00,19.25,72.77,0.72
2024-07-02T23:00:00,19.25,72.79,0.27
2024-07-02T23:00:00,19.25,72.81,0.32
2024-07-02T23:00:00,19.25,72.83,0.2
2024-07-02T23:00:00,19.25,72.85,0.43
2024-07-02T23:00:00,19.25,72.87,0.08
2024-07-02T23:00:00,19.25,72.89,0.19
2024-07-02T23:00:00,19.25,72.91,0.14
2024-07-02T23:00:00,19.25,72.93,0.18
2024-07-02T23:00:00,19.25,72.95,0.3
2024-07-02T23:00:00,19.25,72.97,0.02
2024-07-02T23:00:00,19.25,72.99,0.19
2024-07-03T00:00:00,18.87,72.77,0.14
2024-07-03T00:00:00,18.87,72.79,0.42
2024-07-03T00:00:00,18.87,72.81,0.09
2024-07-03T00:00:00,18.87,72.83,0.24
2024-07-03T00:00:00,18.87,72.85,0.17
2024-07-03T00:00:00,18.87,72.87,0.39
2024-07-03T00:00:00,18.87,72.89,0.35
2024-07-03T00:00:00,18.87,72.91,0.54
2024-07-03T00:00:00,18.87,72.93,0.38
2024-07-03T00:00:00,18.87,72.95,0.22
2024-07-03T00:00:00,18.87,72.97,0.31
2024-07-03T00:00:00,18.87,72.99,0.14
2024-07-03T00:00:00,18.89,72.77,0.24
2024-07-03T00:00:00,18.89,72.79,0.24
2024-07-03T00:00:00,18.89,72.81,0.1
2024-07-03T00:00:00,18.89,72.83,0.4
2024-07-03T00:00:00,18.89,72.85,0.5
2024-07-03T00:00:00,18.89,72.87,0.17
2024-07-03T00:00:00,18.89,72.89,0.18
2024-07-03T00:00:00,18.89,72.91,0.11
2024-07-03T00:00:00,18.89,72.93,0.06
2024-07-03T00:00:00,18.89,72.95,0.29
2024-07-03T00:00:00,18.89,72.97,0.06
2024-07-03T00:00:00,18.89,72.99,0.06
2024-07-03T00:00:00,18.91,72.77,0.34
2024-07-03T00:00:00,18.91,72.79,0.24
2024-07-03T00:00:00,18.91,72.81,0.34
2024-07-03T00:00:00,18.91,72.83,0.1
2024-07-03T00:00:00,18.91,72.85,0.63
2024-07-03T00:00:00,18.91,72.87,0.09
2024-07-03T00:00:00,18.91,72.89,0.12
2024-07-03T00:00:00,18.91,72.91,0.1
2024-07-03T00:00:00,18.91,72.93,0.57
2024-07-03T00:00:00,18.91,72.95,0.13
2024-07-03T00:00:00,18.91,72.97,0.07
2024-07-03T00:00:00,18.91,72.99,0.74
2024-07-03T00:00:00,18.93,72.77,0.62
2024-07-03T00:00:00,18.93,72.79,0.49
2024-07-03T00:00:00,18.93,72.81,0.56
2024-07-03T00:00:00,18.93,72.83,0.09
2024-07-03T00:00:00,18.93,72.85,0.58
2024-07-03T00:00:00,18.93,72.87,0.16
2024-07-03T00:00:00,18.93,72.89,0.24
2024-07-03T00:00:00,18.93,72.91,0.18
2024-07-03T00:00:00,18.93,72.93,0.45
2024-07-03T00:00:00,18.93,72.95,0.01
2024-07-03T00:00:00,18.93,72.97,0.07
2024-07-03T00:00:00,18.93,72.99,0.46
2024-07-03T00:00:00,18.95,72.77,0.13
2024-07-03T00:00:00,18.95,72.79,0.52
2024-07-03T00:00:00,18.95,72.81,0.12
2024-07-03T00:00:00,18.95,72.83,0.16
2024-07-03T00:00:00,18.95,72.85,0.66
2024-07-03T00:00:00,18.95,72.87,0.34
2024-07-03T00:00:00,18.95,72.89,0.22
2024-07-03T00:00:00,18.95,72.91,0.27
2024-07-03T00:00:00,18.95,72.93,0.38
2024-07-03T00:00:00,18.95,72.95,0.2
2024-07-03T00:00:00,18.95,72.97,0.27
2024-07-03T00:00:00,18.95,72.99,0.75
2024-07-03T00:00:00,18.97,72.77,0.09
2024-07-03T00:00:00,18.97,72.79,0.24
2024-07-03T00:00:00,18.97,72.81,0.14
2024-07-03T00:00:00,18.97,72.83,0.1
2024-07-03T00:00:00,18.97,72.85,0.22
2024-07-03T00:00:00,18.97,72.87,0.09
2024-07-03T00:00:00,18.97,72.89,0.08
2024-07-03T00:00:00,18.97,72.91,0.17
2024-07-03T00:00:00,18.97,72.93,0.27
2024-07-03T00:00:00,18.97,72.95,0.25
2024-07-03T00:00:00,18.97,72.97,0.16
2024-07-03T00:00:00,18.97,72.99,0.05
2024-07-03T00:00:00,18.99,72.77,0.06
2024-07-03T00:00:00,18.99,72.79,0.28
2024-07-03T00:00:00,18.99,72.81,0.12
2024-07-03T00:00:00,18.99,72.83,0.24
2024-07-03T00:00:00,18.99,72.85,0.21
2024-07-03T00:00:00,18.99,72.87,0.03
2024-07-03T00:00:00,18.99,72.89,0.51
2024-07-03T00:00:00,18.99,72.91,0.05
2024-07-03T00:00:00,18.99,72.93,0.15
2024-07-03T00:00:00,18.99,72.95,0.06
2024-07-03T00:00:00,18.99,72.97,0.1
2024-07-03T00:00:00,18.99,72.99,0.11
2024-07-03T00:00:00,19.01,72.77,0.16
2024-07-03T00:00:00,19.01,72.79,0.18
2024-07-03T00:00:00,19.01,72.81,0.65
2024-07-03T00:00:00,19.01,72.83,0.09
2024-07-03T00:00:00,19.01,72.85,0.31
2024-07-03T00:00:00,19.01,72.87,0.43
2024-07-03T00:00:00,19.01,72.89,0.27
2024-07-03T00:00:00,19.01,72.91,0.48
2024-07-03T00:00:00,19.01,72.93,0.26
2024-07-03T00:00:00,19.01,72.95,0.25
2024-07-03T00:00:00,19.01,72.97,0.4
2024-07-03T00:00:00,19.01,72.99,0.22
2024-07-03T00:00:00,19.03,72.77,0.5
2024-07-03T00:00:00,19.03,72.79,0.27
2024-07-03T00:00:00,19.03,72.81,0.47
2024-07-03T00:00:00,19.03,72.83,0.59
2024-07-03T00:00:00,19.03,72.85,0.15
2024-07-03T00:00:00,19.03,72.87,0.13
2024-07-03T00:00:00,19.03,72.89,0.48
2024-07-03T00:00:00,19.03,72.91,0.41
2024-07-03T00:00:00,19.03,72.93,0.03
2024-07-03T00:00:00,19.03,72.95,0.21
2024-07-03T00:00:00,19.03,72.97,0.59
2024-07-03T00:00:00,19.03,72.99,0.06
2024-07-03T00:00:00,19.05,72.77,0.07
2024-07-03T00:00:00,19.05,72.79,0.12
2024-07-03T00:00:00,19.05,72.81,0.15
2024-07-03T00:00:00,19.05,72.83,0.04
2024-07-03T00:00:00,19.05,72.85,0.07
2024-07-03T00:00:00,19.05,72.87,0.04
2024-07-03T00:00:00,19.05,72.89,0.22
2024-07-03T00:00:00,19.05,72.91,0.21
2024-07-03T00:00:00,19.05,72.93,0.47
2024-07-03T00:00:00,19.05,72.95,0.22
2024-07-03T00:00:00,19.05,72.97,0.27
2024-07-03T00:00:00,19.05,72.99,0.29
2024-07-03T00:00:00,19.07,72.77,0.1
2024-07-03T00:00:00,19.07,72.79,0.08
2024-07-03T00:00:00,19.07,72.81,0.07
2024-07-03T00:00:00,19.07,72.83,0.14
2024-07-03T00:00:00,19.07,72.85,0.13
2024-07-03T00:00:00,19.07,72.87,0.2
2024-07-03T00:00:00,19.07,72.89,0.33
2024-07-03T00:00:00,19.07,72.91,0.28
2024-07-03T00:00:00,19.07,72.93,0.12
2024-07-03T00:00:00,19.07,72.95,0.1
2024-07-03T00:00:00,19.07,72.97,0.11
2024-07-03T00:00:00,19.07,72.99,0.12
2024-07-03T00:00:00,19.09,72.77,0.06
2024-07-03T00:00:00,19.09,72.79,0.27
2024-07-03T00:00:00,19.09,72.81,0.7
2024-07-03T00:00:00,19.09,72.83,0.21
2024-07-03T00:00:00,19.09,72.85,0.21
2024-07-03T00:00:00,19.09,72.87,0.27
2024-07-03T00:00:00,19.09,72.89,0.07
2024-07-03T00:00:00,19.09,72.91,0.11
2024-07-03T00:00:00,19.09,72.93,0.11
2024-07-03T00:00:00,19.09,72.95,0.06
2024-07-03T00:00:00,19.09,72.97,0.51
2024-07-03T00:00:00,19.09,72.99,0.29
2024-07-03T00:00:00,19.11,72.77,0.4
2024-07-03T00:00:00,19.11,72.79,0.16
2024-07-03T00:00:00,19.11,72.81,0.23
2024-07-03T00:00:00,19.11,72.83,0.14
2024-07-03T00:00:00,19.11,72.85,0.17
2024-07-03T00:00:00,19.11,72.87,0.2
2024-07-03T00:00:00,19.11,72.89,0.17
2024-07-03T00:00:00,19.11,72.91,0.19
2024-07-03T00:00:00,19.11,72.93,0.04
2024-07-03T00:00:00,19.11,72.95,0.07
2024-07-03T00:00:00,19.11,72.97,0.12
2024-07-03T00:00:00,19.11,72.99,0.14
2024-07-03T00:00:00,19.13,72.77,0.18
2024-07-03T00:00:00,19.13,72.79,0.32
2024-07-03T00:00:00,19.13,72.81,0.25
2024-07-03T00:00:00,19.13,72.83,0.27
2024-07-03T00:00:00,19.13,72.85,0.12
2024-07-03T00:00:00,19.13,72.87,0.08
2024-07-03T00:00:00,19.13,72.89,0.16
2024-07-03T00:00:00,19.13,72.91,0.3
2024-07-03T00:00:00,19.13,72.93,0.51
2024-07-03T00:00:00,19.13,72.95,0.11
2024-07-03T00:00:00,19.13,72.97,0.49
2024-07-03T00:00:00,19.13,72.99,0.07
2024-07-03T00:00:00,19.15,72.77,0.05
2024-07-03T00:00:00,19.15,72.79,0.17
2024-07-03T00:00:00,19.15,72.81,0.09
2024-07-03T00:00:00,19.15,72.83,0.11
2024-07-03T00:00:00,19.15,72.85,0.38
2024-07-03T00:00:00,19.15,72.87,0.34
2024-07-03T00:00:00,19.15,72.89,0.23
2024-07-03T00:00:00,19.15,72.91,0.21
2024-07-03T00:00:00,19.15,72.93,0.1
2024-07-03T00:00:00,19.15,72.95,0.16
2024-07-03T00:00:00,19.15,72.97,0.13
2024-07-03T00:00:00,19.15,72.99,0.05
2024-07-03T00:00:00,19.17,72.77,0.7
2024-07-03T00:00:00,19.17,72.79,0.17
2024-07-03T00:00:00,19.17,72.81,0.08
2024-07-03T00:00:00,19.17,72.83,0.06
2024-07-03T00:00:00,19.17,72.85,0.28
2024-07-03T00:00:00,19.17,72.87,0.57
2024-07-03T00:00:00,19.17,72.89,0.68
2024-07-03T00:00:00,19.17,72.91,0.17
2024-07-03T00:00:00,19.17,72.93,0.14
2024-07-03T00:00:00,19.17,72.95,0.19
2024-07-03T00:00:00,19.17,72.97,0.18
2024-07-03T00:00:00,19.17,72.99,0.03
2024-07-03T00:00:00,19.19,72.77,0.16
2024-07-03T00:00:00,19.19,72.79,0.27
2024-07-03T00:00:00,19.19,72.81,0.3
2024-07-03T00:00:00,19.19,72.83,0.31
2024-07-03T00:00:00,19.19,72.85,0.2
2024-07-03T00:00:00,19.19,72.87,0.07
2024-07-03T00:00:00,19.19,72.89,0.17
2024-07-03T00:00:00,19.19,72.91,0.43
2024-07-03T00:00:00,19.19,72.93,0.24
2024-07-03T00:00:00,19.19,72.95,0.14
2024-07-03T00:00:00,19.19,72.97,0.67
2024-07-03T00:00:00,19.19,72.99,0.19
2024-07-03T00:00:00,19.21,72.77,0.2
2024-07-03T00:00:00,19.21,72.79,0.35
2024-07-03T00:00:00,19.21,72.81,0.07
2024-07-03T00:00:00,19.21,72.83,0.16
2024-07-03T00:00:00,19.21,72.85,0.18
2024-07-03T00:00:00,19.21,72.87,0.04
2024-07-03T00:00:00,19.21,72.89,0.22
2024-07-03T00:00:00,19.21,72.91,0.27
2024-07-03T00:00:00,19.21,72.93,0.12
2024-07-03T00:00:00,19.21,72.95,0.3
2024-07-03T00:00:00,19.21,72.97,0.37
2024-07-03T00:00:00,19.21,72.99,0.39
2024-07-03T00:00:00,19.23,72.77,0.09
2024-07-03T00:00:00,19.23,72.79,0.24
2024-07-03T00:00:00,19.23,72.81,0.33
2024-07-03T00:00:00,19.23,72.83,0.23
2024-07-03T00:00:00,19.23,72.85,0.39
2024-07-03T00:00:00,19.23,72.87,0.23
2024-07-03T00:00:00,19.23,72.89,0.07
2024-07-03T00:00:00,19.23,72.91,0.37
2024-07-03T00:00:00,19.23,72.93,0.2
2024-07-03T00:00:00,19.23,72.95,0.51
2024-07-03T00:00:00,19.23,72.97,0.07
2024-07-03T00:00:00,19.23,72.99,0.19
2024-07-03T00:00:00,19.25,72.77,0.61
2024-07-03T00:00:00,19.25,72.79,0.26
2024-07-03T00:00:00,19.25,72.81,0.37
2024-07-03T00:00:00,19.25,72.83,0.43
2024-07-03T00:00:00,19.25,72.85,0.21
2024-07-03T00:00:00,19.25,72.87,0.1
2024-07-03T00:00:00,19.25,72.89,0.36
2024-07-03T00:00:00,19.25,72.91,0.17
2024-07-03T00:00:00,19.25,72.93,0.03
2024-07-03T00:00:00,19.25,72.95,0.43
2024-07-03T00:00:00,19.25,72.97,0.55
2024-07-03T00:00:00,19.25,72.99,0.11
2024-07-03T01:00:00,18.87,72.77,0.15
2024-07-03T01:00:00,18.87,72.79,0.48
2024-07-03T01:00:00,18.87,72.81,0.39
2024-07-03T01:00:00,18.87,72.83,0.22
2024-07-03T01:00:00,18.87,72.85,0.35
2024-07-03T01:00:00,18.87,72.87,0.11
2024-07-03T01:00:00,18.87,72.89,0.04
2024-07-03T01:00:00,18.87,72.91,0.28
2024-07-03T01:00:00,18.87,72.93,0.12
2024-07-03T01:00:00,18.87,72.95,0.03
2024-07-03T01:00:00,18.87,72.97,0.08
2024-07-03T01:00:00,18.87,72.99,0.1
2024-07-03T01:00:00,18.89,72.77,0.14
2024-07-03T01:00:00,18.89,72.79,0.08
2024-07-03T01:00:00,18.89,72.81,0.06
2024-07-03T01:00:00,18.89,72.83,0.03
2024-07-03T01:00:00,18.89,72.85,0.03
2024-07-03T01:00:00,18.89,72.87,0.13
2024-07-03T01:00:00,18.89,72.89,0.16
2024-07-03T01:00:00,18.89,72.91,0.05
2024-07-03T01:00:00,18.89,72.93,0.32
2024-07-03T01:00:00,18.89,72.95,0.09
2024-07-03T01:00:00,18.89,72.97,0.11
2024-07-03T01:00:00,18.89,72.99,0.1
2024-07-03T01:00:00,18.91,72.77,0.02
2024-07-03T01:00:00,18.91,72.79,0.29
2024-07-03T01:00:00,18.91,72.81,0.22
2024-07-03T01:00:00,18.91,72.83,0.36
2024-07-03T01:00:00,18.91,72.85,0.34
2024-07-03T01:00:00,18.91,72.87,0.18
2024-07-03T01:00:00,18.91,72.89,0.21
2024-07-03T01:00:00,18.91,72.91,0.05
2024-07-03T01:00:00,18.91,72.93,0.09
2024-07-03T01:00:00,18.91,72.95,0.11
2024-07-03T01:00:00,18.91,72.97,0.08
2024-07-03T01:00:00,18.91,72.99,0.29
2024-07-03T01:00:00,18.93,72.77,0.17
2024-07-03T01:00:00,18.93,72.79,0.08
2024-07-03T01:00:00,18.93,72.81,0.33
2024-07-03T01:00:00,18.93,72.83,0.16
2024-07-03T01:00:00,18.93,72.85,0.26
2024-07-03T01:00:00,18.93,72.87,0.05
2024-07-03T01:00:00,18.93,72.89,0.16
2024-07-03T01:00:00,18.93,72.91,0.06
2024-07-03T01:00:00,18.93,72.93,0.15
2024-07-03T01:00:00,18.93,72.95,0.19
2024-07-03T01:00:00,18.93,72.97,0.04
2024-07-03T01:00:00,18.93,72.99,0.11
2024-07-03T01:00:00,18.95,72.77,0.06
2024-07-03T01:00:00,18.95,72.79,0.3
2024-07-03T01:00:00,18.95,72.81,0.15
2024-07-03T01:00:00,18.95,72.83,0.07
2024-07-03T01:00:00,18.95,72.85,0.09
2024-07-03T01:00:00,18.95,72.87,0.09
2024-07-03T01:00:00,18.95,72.89,0.33
2024-07-03T01:00:00,18.95,72.91,0.12
2024-07-03T01:00:00,18.95,72.93,0.22
2024-07-03T01:00:00,18.95,72.95,0.12
2024-07-03T01:00:00,18.95,72.97,0.05
2024-07-03T01:00:00,18.95,72.99,0.07
2024-07-03T01:00:00,18.97,72.77,0.19
2024-07-03T01:00:00,18.97,72.79,0.02
2024-07-03T01:00:00,18.97,72.81,0.21
2024-07-03T01:00:00,18.97,72.83,0.08
2024-07-03T01:00:00,18.97,72.85,0.15
2024-07-03T01:00:00,18.97,72.87,0.09
2024-07-03T01:00:00,18.97,72.89,0.21
2024-07-03T01:00:00,18.97,72.91,0.13
2024-07-03T01:00:00,18.97,72.93,0.2
2024-07-03T01:00:00,18.97,72.95,0.02
2024-07-03T01:00:00,18.97,72.97,0.1
2024-07-03T01:00:00,18.97,72.99,0.07
2024-07-03T01:00:00,18.99,72.77,0.21
2024-07-03T01:00:00,18.99,72.79,0.29
2024-07-03T01:00:00,18.99,72.81,0.28
2024-07-03T01:00:00,18.99,72.83,0.37
2024-07-03T01:00:00,18.99,72.85,0.27
2024-07-03T01:00:00,18.99,72.87,0.11
2024-07-03T01:00:00,18.99,72.89,0.06
2024-07-03T01:00:00,18.99,72.91,0.03
2024-07-03T01:00:00,18.99,72.93,0.05
2024-07-03T01:00:00,18.99,72.95,0.02
2024-07-03T01:00:00,18.99,72.97,0.04
2024-07-03T01:00:00,18.99,72.99,0.14
2024-07-03T01:00:00,19.01,72.77,0.03
2024-07-03T01:00:00,19.01,72.79,0.2
2024-07-03T01:00:00,19.01,72.81,0.09
2024-07-03T01:00:00,19.01,72.83,0.15
2024-07-03T01:00:00,19.01,72.85,0.15
2024-07-03T01:00:00,19.01,72.87,0.35
2024-07-03T01:00:00,19.01,72.89,0.14
2024-07-03T01:00:00,19.01,72.91,0.04
2024-07-03T01:00:00,19.01,72.93,0.06
2024-07-03T01:00:00,19.01,72.95,0.13
2024-07-03T01:00:00,19.01,72.97,0.1
2024-07-03T01:00:00,19.01,72.99,0.13
2024-07-03T01:00:00,19.03,72.77,0.2
2024-07-03T01:00:00,19.03,72.79,0.07
2024-07-03T01:00:00,19.03,72.81,0.2
2024-07-03T01:00:00,19.03,72.83,0.21
2024-07-03T01:00:00,19.03,72.85,0.15
2024-07-03T01:00:00,19.03,72.87,0.43
2024-07-03T01:00:00,19.03,72.89,0.03
2024-07-03T01:00:00,19.03,72.91,0.37
2024-07-03T01:00:00,19.03,72.93,0.1
2024-07-03T01:00:00,19.03,72.95,0.07
2024-07-03T01:00:00,19.03,72.97,0.17
2024-07-03T01:00:00,19.03,72.99,0.07
2024-07-03T01:00:00,19.05,72.77,0.29
2024-07-03T01:00:00,19.05,72.79,0.11
2024-07-03T01:00:00,19.05,72.81,0.3
2024-07-03T01:00:00,19.05,72.83,0.06
2024-07-03T01:00:00,19.05,72.85,0.17
2024-07-03T01:00:00,19.05,72.87,0.07
2024-07-03T01:00:00,19.05,72.89,0.17
2024-07-03T01:00:00,19.05,72.91,0.03
2024-07-03T01:00:00,19.05,72.93,0.04
2024-07-03T01:00:00,19.05,72.95,0.09
2024-07-03T01:00:00,19.05,72.97,0.26
2024-07-03T01:00:00,19.05,72.99,0.03
2024-07-03T01:00:00,19.07,72.77,0.37
2024-07-03T01:00:00,19.07,72.79,0.19
2024-07-03T01:00:00,19.07,72.81,0.29
2024-07-03T01:00:00,19.07,72.83,0.14
2024-07-03T01:00:00,19.07,72.85,0.15
2024-07-03T01:00:00,19.07,72.87,0.11
2024-07-03T01:00:00,19.07,72.89,0.1
2024-07-03T01:00:00,19.07,72.91,0.21
2024-07-03T01:00:00,19.07,72.93,0.05
2024-07-03T01:00:00,19.07,72.95,0.12
2024-07-03T01:00:00,19.07,72.97,0.03
2024-07-03T01:00:00,19.07,72.99,0.04
2024-07-03T01:00:00,19.09,72.77,0.14
2024-07-03T01:00:00,19.09,72.79,0.09
2024-07-03T01:00:00,19.09,72.81,0.12
2024-07-03T01:00:00,19.09,72.83,0.07
2024-07-03T01:00:00,19.09,72.85,0.21
2024-07-03T01:00:00,19.09,72.87,0.04
2024-07-03T01:00:00,19.09,72.89,0.39
2024-07-03T01:00:00,19.09,72.91,0.3
2024-07-03T01:00:00,19.09,72.93,0.18
2024-07-03T01:00:00,19.09,72.95,0.03
2024-07-03T01:00:00,19.09,72.97,0.1
2024-07-03T01:00:00,19.09,72.99,0.17
2024-07-03T01:00:00,19.11,72.77,0.3
2024-07-03T01:00:00,19.11,72.79,0.29
2024-07-03T01:00:00,19.11,72.81,0.24
2024-07-03T01:00:00,19.11,72.83,0.02
2024-07-03T01:00:00,19.11,72.85,0.06
2024-07-03T01:00:00,19.11,72.87,0.23
2024-07-03T01:00:00,19.11,72.89,0.08
2024-07-03T01:00:00,19.11,72.91,0.16
2024-07-03T01:00:00,19.11,72.93,0.39
2024-07-03T01:00:00,19.11,72.95,0.07
2024-07-03T01:00:00,19.11,72.97,0.25
2024-07-03T01:00:00,19.11,72.99,0.15
2024-07-03T01:00:00,19.13,72.77,0.62
2024-07-03T01:00:00,19.13,72.79,0.19
2024-07-03T01:00:00,19.13,72.81,0.09
2024-07-03T01:00:00,19.13,72.83,0.14
2024-07-03T01:00:00,19.13,72.85,0.05
2024-07-03T01:00:00,19.13,72.87,0.22
2024-07-03T01:00:00,19.13,72.89,0.09
2024-07-03T01:00:00,19.13,72.91,0.13
2024-07-03T01:00:00,19.13,72.93,0.27
2024-07-03T01:00:00,19.13,72.95,0.04
2024-07-03T01:00:00,19.13,72.97,0.24
2024-07-03T01:00:00,19.13,72.99,0.03
2024-07-03T01:00:00,19.15,72.77,0.14
2024-07-03T01:00:00,19.15,72.79,0.21
2024-07-03T01:00:00,19.15,72.81,0.25
2024-07-03T01:00:00,19.15,72.83,0.06
2024-07-03T01:00:00,19.15,72.85,0.43
2024-07-03T01:00:00,19.15,72.87,0.19
2024-07-03T01:00:00,19.15,72.89,0.23
2024-07-03T01:00:00,19.15,72.91,0.18
2024-07-03T01:00:00,19.15,72.93,0.05
2024-07-03T01:00:00,19.15,72.95,0.07
2024-07-03T01:00:00,19.15,72.97,0.28
2024-07-03T01:00:00,19.15,72.99,0.29
2024-07-03T01:00:00,19.17,72.77,0.02
2024-07-03T01:00:00,19.17,72.79,0.24
2024-07-03T01:00:00,19.17,72.81,0.13
2024-07-03T01:00:00,19.17,72.83,0.19
2024-07-03T01:00:00,19.17,72.85,0.16
2024-07-03T01:00:00,19.17,72.87,0.15
2024-07-03T01:00:00,19.17,72.89,0.06
2024-07-03T01:00:00,19.17,72.91,0.25
2024-07-03T01:00:00,19.17,72.93,0.08
2024-07-03T01:00:00,19.17,72.95,0.11
2024-07-03T01:00:00,19.17,72.97,0.06
2024-07-03T01:00:00,19.17,72.99,0.12
2024-07-03T01:00:00,19.19,72.77,0.05
2024-07-03T01:00:00,19.19,72.79,0.1
2024-07-03T01:00:00,19.19,72.81,0.28
2024-07-03T01:00:00,19.19,72.83,0.05
2024-07-03T01:00:00,19.19,72.85,0.22
2024-07-03T01:00:00,19.19,72.87,0.04
2024-07-03T01:00:00,19.19,72.89,0.08
2024-07-03T01:00:00,19.19,72.91,0.08
2024-07-03T01:00:00,19.19,72.93,0.23
2024-07-03T01:00:00,19.19,72.95,0.3
2024-07-03T01:00:00,19.19,72.97,0.09
2024-07-03T01:00:00,19.19,72.99,0.04
2024-07-03T01:00:00,19.21,72.77,0.1
2024-07-03T01:00:00,19.21,72.79,0.11
2024-07-03T01:00:00,19.21,72.81,0.09
2024-07-03T01:00:00,19.21,72.83,0.13
2024-07-03T01:00:00,19.21,72.85,0.07
2024-07-03T01:00:00,19.21,72.87,0.05
2024-07-03T01:00:00,19.21,72.89,0.02
2024-07-03T01:00:00,19.21,72.91,0.23
2024-07-03T01:00:00,19.21,72.93,0.14
2024-07-03T01:00:00,19.21,72.95,0.19
2024-07-03T01:00:00,19.21,72.97,0.17
2024-07-03T01:00:00,19.21,72.99,0.11
2024-07-03T01:00:00,19.23,72.77,0.14
2024-07-03T01:00:00,19.23,72.79,0.46
2024-07-03T01:00:00,19.23,72.81,0.1
2024-07-03T01:00:00,19.23,72.83,0.14
2024-07-03T01:00:00,19.23,72.85,0.1
2024-07-03T01:00:00,19.23,72.87,0.06
2024-07-03T01:00:00,19.23,72.89,0.52
2024-07-03T01:00:00,19.23,72.91,0.19
2024-07-03T01:00:00,19.23,72.93,0.07
2024-07-03T01:00:00,19.23,72.95,0.06
2024-07-03T01:00:00,19.23,72.97,0.19
2024-07-03T01:00:00,19.23,72.99,0.25
2024-07-03T01:00:00,19.25,72.77,0.06
2024-07-03T01:00:00,19.25,72.79,0.13
2024-07-03T01:00:00,19.25,72.81,0.15
2024-07-03T01:00:00,19.25,72.83,0.14
2024-07-03T01:00:00,19.25,72.85,0.16
2024-07-03T01:00:00,19.25,72.87,0.11
2024-07-03T01:00:00,19.25,72.89,0.12
2024-07-03T01:00:00,19.25,72.91,0.12
2024-07-03T01:00:00,19.25,72.93,0.05
2024-07-03T01:00:00,19.25,72.95,0.38
2024-07-03T01:00:00,19.25,72.97,0.2
2024-07-03T01:00:00,19.25,72.99,0.24
2024-07-03T02:00:00,18.87,72.77,0.13
2024-07-03T02:00:00,18.87,72.79,0.41
2024-07-03T02:00:00,18.87,72.81,0.01
2024-07-03T02:00:00,18.87,72.83,0.1
2024-07-03T02:00:00,18.87,72.85,0.04
2024-07-03T02:00:00,18.87,72.87,0.1
2024-07-03T02:00:00,18.87,72.89,0.23
2024-07-03T02:00:00,18.87,72.91,0.14
2024-07-03T02:00:00,18.87,72.93,0.08
2024-07-03T02:00:00,18.87,72.95,0.24
2024-07-03T02:00:00,18.87,72.97,0.15
2024-07-03T02:00:00,18.87,72.99,0.12
2024-07-03T02:00:00,18.89,72.77,0.15
2024-07-03T02:00:00,18.89,72.79,0.18
2024-07-03T02:00:00,18.89,72.81,0.06
2024-07-03T02:00:00,18.89,72.83,0.05
2024-07-03T02:00:00,18.89,72.85,0.04
2024-07-03T02:00:00,18.89,72.87,0.06
2024-07-03T02:00:00,18.89,72.89,0.24
2024-07-03T02:00:00,18.89,72.91,0.07
2024-07-03T02:00:00,18.89,72.93,0.23
2024-07-03T02:00:00,18.89,72.95,0.05
2024-07-03T02:00:00,18.89,72.97,0.17
2024-07-03T02:00:00,18.89,72.99,0.19
2024-07-03T02:00:00,18.91,72.77,0.12
2024-07-03T02:00:00,18.91,72.79,0.09
2024-07-03T02:00:00,18.91,72.81,0.05
2024-07-03T02:00:00,18.91,72.83,0.18
2024-07-03T02:00:00,18.91,72.85,0.08
2024-07-03T02:00:00,18.91,72.87,0.07
2024-07-03T02:00:00,18.91,72.89,0.12
2024-07-03T02:00:00,18.91,72.91,0.14
2024-07-03T02:00:00,18.91,72.93,0.04
2024-07-03T02:00:00,18.91,72.95,0.11
2024-07-03T02:00:00,18.91,72.97,0.2
2024-07-03T02:00:00,18.91,72.99,0.03
2024-07-03T02:00:00,18.93,72.77,0.21
2024-07-03T02:00:00,18.93,72.79,0.2
2024-07-03T02:00:00,18.93,72.81,0.2
2024-07-03T02:00:00,18.93,72.83,0.15
2024-07-03T02:00:00,18.93,72.85,0.14
2024-07-03T02:00:00,18.93,72.87,0.17
2024-07-03T02:00:00,18.93,72.89,0.11
2024-07-03T02:00:00,18.93,72.91,0.06
2024-07-03T02:00:00,18.93,72.93,0.06
2024-07-03T02:00:00,18.93,72.95,0.08
2024-07-03T02:00:00,18.93,72.97,0.14
2024-07-03T02:00:00,18.93,72.99,0.08
2024-07-03T02:00:00,18.95,72.77,0.09
2024-07-03T02:00:00,18.95,72.79,0.21
2024-07-03T02:00:00,18.95,72.81,0.11
2024-07-03T02:00:00,18.95,72.83,0.03
2024-07-03T02:00:00,18.95,72.85,0.04
2024-07-03T02:00:00,18.95,72.87,0.03
2024-07-03T02:00:00,18.95,72.89,0.09
2024-07-03T02:00:00,18.95,72.91,0.04
2024-07-03T02:00:00,18.95,72.93,0.07
2024-07-03T02:00:00,18.95,72.95,0.05
2024-07-03T02:00:00,18.95,72.97,0.02
2024-07-03T02:00:00,18.95,72.99,0.03
2024-07-03T02:00:00,18.97,72.77,0.29
2024-07-03T02:00:00,18.97,72.79,0.08
2024-07-03T02:00:00,18.97,72.81,0.07
2024-07-03T02:00:00,18.97,72.83,0.07
2024-07-03T02:00:00,18.97,72.85,0.11
2024-07-03T02:00:00,18.97,72.87,0.09
2024-07-03T02:00:00,18.97,72.89,0.29
2024-07-03T02:00:00,18.97,72.91,0.19
2024-07-03T02:00:00,18.97,72.93,0.27
2024-07-03T02:00:00,18.97,72.95,0.14
2024-07-03T02:00:00,18.97,72.97,0.13
2024-07-03T02:00:00,18.97,72.99,0.03
2024-07-03T02:00:00,18.99,72.77,0.03
2024-07-03T02:00:00,18.99,72.79,0.03
2024-07-03T02:00:00,18.99,72.81,0.09
2024-07-03T02:00:00,18.99,72.83,0.18
2024-07-03T02:00:00,18.99,72.85,0.06
2024-07-03T02:00:00,18.99,72.87,0.04
2024-07-03T02:00:00,18.99,72.89,0.16
2024-07-03T02:00:00,18.99,72.91,0.04
2024-07-03T02:00:00,18.99,72.93,0.23
2024-07-03T02:00:00,18.99,72.95,0.04
2024-07-03T02:00:00,18.99,72.97,0.15
2024-07-03T02:00:00,18.99,72.99,0.1
2024-07-03T02:00:00,19.01,72.77,0.01
2024-07-03T02:00:00,19.01,72.79,0.05
2024-07-03T02:00:00,19.01,72.81,0.19
2024-07-03T02:00:00,19.01,72.83,0.02
2024-07-03T02:00:00,19.01,72.85,0.07
2024-07-03T02:00:00,19.01,72.87,0.02
2024-07-03T02:00:00,19.01,72.89,0.08
2024-07-03T02:00:00,19.01,72.91,0.11
2024-07-03T02:00:00,19.01,72.93,0.09
2024-07-03T02:00:00,19.01,72.95,0.1
2024-07-03T02:00:00,19.01,72.97,0.09
2024-07-03T02:00:00,19.01,72.99,0.07
2024-07-03T02:00:00,19.03,72.77,0.18
2024-07-03T02:00:00,19.03,72.79,0.03
2024-07-03T02:00:00,19.03,72.81,0.25
2024-07-03T02:00:00,19.03,72.83,0.11
2024-07-03T02:00:00,19.03,72.85,0.03
2024-07-03T02:00:00,19.03,72.87,0.21
2024-07-03T02:00:00,19.03,72.89,0.07
2024-07-03T02:00:00,19.03,72.91,0.06
2024-07-03T02:00:00,19.03,72.93,0.03
2024-07-03T02:00:00,19.03,72.95,0.05
2024-07-03T02:00:00,19.03,72.97,0.15
2024-07-03T02:00:00,19.03,72.99,0.04
2024-07-03T02:00:00,19.05,72.77,0.19
2024-07-03T02:00:00,19.05,72.79,0.07
2024-07-03T02:00:00,19.05,72.81,0.04
2024-07-03T02:00:00,19.05,72.83,0.06
2024-07-03T02:00:00,19.05,72.85,0.13
2024-07-03T02:00:00,19.05,72.87,0.1
2024-07-03T02:00:00,19.05,72.89,0.25
2024-07-03T02:00:00,19.05,72.91,0.07
2024-07-03T02:00:00,19.05,72.93,0.16
2024-07-03T02:00:00,19.05,72.95,0.07
2024-07-03T02:00:00,19.05,72.97,0.04
2024-07-03T02:00:00,19.05,72.99,0.03
2024-07-03T02:00:00,19.07,72.77,0.08
2024-07-03T02:00:00,19.07,72.79,0.1
2024-07-03T02:00:00,19.07,72.81,0.23
2024-07-03T02:00:00,19.07,72.83,0.26
2024-07-03T02:00:00,19.07,72.85,0.26
2024-07-03T02:00:00,19.07,72.87,0.05
2024-07-03T02:00:00,19.07,72.89,0.04
2024-07-03T02:00:00,19.07,72.91,0.05
2024-07-03T02:00:00,19.07,72.93,0.07
2024-07-03T02:00:00,19.07,72.95,0.02
2024-07-03T02:00:00,19.07,72.97,0.04
2024-07-03T02:00:00,19.07,72.99,0.18
2024-07-03T02:00:00,19.09,72.77,0.13
2024-07-03T02:00:00,19.09,72.79,0.06
2024-07-03T02:00:00,19.09,72.81,0.02
2024-07-03T02:00:00,19.09,72.83,0.11
2024-07-03T02:00:00,19.09,72.85,0.09
2024-07-03T02:00:00,19.09,72.87,0.04
2024-07-03T02:00:00,19.09,72.89,0.14
2024-07-03T02:00:00,19.09,72.91,0.06
2024-07-03T02:00:00,19.09,72.93,0.09
2024-07-03T02:00:00,19.09,72.95,0.23
2024-07-03T02:00:00,19.09,72.97,0.13
2024-07-03T02:00:00,19.09,72.99,0.02
2024-07-03T02:00:00,19.11,72.77,0.16
2024-07-03T02:00:00,19.11,72.79,0.06
2024-07-03T02:00:00,19.11,72.81,0.14
2024-07-03T02:00:00,19.11,72.83,0.17
2024-07-03T02:00:00,19.11,72.85,0.1
2024-07-03T02:00:00,19.11,72.87,0.03
2024-07-03T02:00:00,19.11,72.89,0.01
2024-07-03T02:00:00,19.11,72.91,0.18
2024-07-03T02:00:00,19.11,72.93,0.22
2024-07-03T02:00:00,19.11,72.95,0.04
2024-07-03T02:00:00,19.11,72.97,0.01
2024-07-03T02:00:00,19.11,72.99,0.02
2024-07-03T02:00:00,19.13,72.77,0.07
2024-07-03T02:00:00,19.13,72.79,0.18
2024-07-03T02:00:00,19.13,72.81,0.01
2024-07-03T02:00:00,19.13,72.83,0.22
2024-07-03T02:00:00,19.13,72.85,0.2
2024-07-03T02:00:00,19.13,72.87,0.2
2024-07-03T02:00:00,19.13,72.89,0.04
2024-07-03T02:00:00,19.13,72.91,0.17
2024-07-03T02:00:00,19.13,72.93,0.08
2024-07-03T02:00:00,19.13,72.95,0.03
2024-07-03T02:00:00,19.13,72.97,0.09
2024-07-03T02:00:00,19.13,72.99,0.08
2024-07-03T02:00:00,19.15,72.77,0.03
2024-07-03T02:00:00,19.15,72.79,0.15
2024-07-03T02:00:00,19.15,72.81,0.09
2024-07-03T02:00:00,19.15,72.83,0.07
2024-07-03T02:00:00,19.15,72.85,0.06
2024-07-03T02:00:00,19.15,72.87,0.11
2024-07-03T02:00:00,19.15,72.89,0.06
2024-07-03T02:00:00,19.15,72.91,0.01
2024-07-03T02:00:00,19.15,72.93,0.03
2024-07-03T02:00:00,19.15,72.95,0.08
2024-07-03T02:00:00,19.15,72.97,0.05
2024-07-03T02:00:00,19.15,72.99,0.06
2024-07-03T02:00:00,19.17,72.77,0.04
2024-07-03T02:00:00,19.17,72.79,0.04
2024-07-03T02:00:00,19.17,72.81,0.14
2024-07-03T02:00:00,19.17,72.83,0.1
2024-07-03T02:00:00,19.17,72.85,0.04
2024-07-03T02:00:00,19.17,72.87,0.06
2024-07-03T02:00:00,19.17,72.89,0.15
2024-07-03T02:00:00,19.17,72.91,0.03
2024-07-03T02:00:00,19.17,72.93,0.15
2024-07-03T02:00:00,19.17,72.95,0.07
2024-07-03T02:00:00,19.17,72.97,0.06
2024-07-03T02:00:00,19.17,72.99,0.02
2024-07-03T02:00:00,19.19,72.77,0.47
2024-07-03T02:00:00,19.19,72.79,0.13
2024-07-03T02:00:00,19.19,72.81,0.01
2024-07-03T02:00:00,19.19,72.83,0.11
2024-07-03T02:00:00,19.19,72.85,0.19
2024-07-03T02:00:00,19.19,72.87,0.11
2024-07-03T02:00:00,19.19,72.89,0.15
2024-07-03T02:00:00,19.19,72.91,0.05
2024-07-03T02:00:00,19.19,72.93,0.05
2024-07-03T02:00:00,19.19,72.95,0.06
2024-07-03T02:00:00,19.19,72.97,0.08
2024-07-03T02:00:00,19.19,72.99,0.05
2024-07-03T02:00:00,19.21,72.77,0.09
2024-07-03T02:00:00,19.21,72.79,0.04
2024-07-03T02:00:00,19.21,72.81,0.02
2024-07-03T02:00:00,19.21,72.83,0.05
2024-07-03T02:00:00,19.21,72.85,0.28
2024-07-03T02:00:00,19.21,72.87,0.2
2024-07-03T02:00:00,19.21,72.89,0.1
2024-07-03T02:00:00,19.21,72.91,0.02
2024-07-03T02:00:00,19.21,72.93,0.07
2024-07-03T02:00:00,19.21,72.95,0.09
2024-07-03T02:00:00,19.21,72.97,0.05
2024-07-03T02:00:00,19.21,72.99,0.19
2024-07-03T02:00:00,19.23,72.77,0.04
2024-07-03T02:00:00,19.23,72.79,0.14
2024-07-03T02:00:00,19.23,72.81,0.03
2024-07-03T02:00:00,19.23,72.83,0.04
2024-07-03T02:00:00,19.23,72.85,0.08
2024-07-03T02:00:00,19.23,72.87,0.01
2024-07-03T02:00:00,19.23,72.89,0.1
2024-07-03T02:00:00,19.23,72.91,0.06
2024-07-03T02:00:00,19.23,72.93,0.07
2024-07-03T02:00:00,19.23,72.95,0.04
2024-07-03T02:00:00,19.23,72.97,0.19
2024-07-03T02:00:00,19.23,72.99,0.14
2024-07-03T02:00:00,19.25,72.77,0.14
2024-07-03T02:00:00,19.25,72.79,0.04
2024-07-03T02:00:00,19.25,72.81,0.15
2024-07-03T02:00:00,19.25,72.83,0.11
2024-07-03T02:00:00,19.25,72.85,0.38
2024-07-03T02:00:00,19.25,72.87,0.02
2024-07-03T02:00:00,19.25,72.89,0.07
2024-07-03T02:00:00,19.25,72.91,0.05
2024-07-03T02:00:00,19.25,72.93,0.1
2024-07-03T02:00:00,19.25,72.95,0.02
2024-07-03T02:00:00,19.25,72.97,0.13
2024-07-03T02:00:00,19.25,72.99,0.02
2024-07-03T03:00:00,18.87,72.77,0.08
2024-07-03T03:00:00,18.87,72.79,0.05
2024-07-03T03:00:00,18.87,72.81,0.03
2024-07-03T03:00:00,18.87,72.83,0.02
2024-07-03T03:00:00,18.87,72.85,0.03
2024-07-03T03:00:00,18.87,72.87,0.04
2024-07-03T03:00:00,18.87,72.89,0.05
2024-07-03T03:00:00,18.87,72.91,0.06
2024-07-03T03:00:00,18.87,72.93,0.04
2024-07-03T03:00:00,18.87,72.95,0.04
2024-07-03T03:00:00,18.87,72.97,0.15
2024-07-03T03:00:00,18.87,72.99,0.08
2024-07-03T03:00:00,18.89,72.77,0.04
2024-07-03T03:00:00,18.89,72.79,0.06
2024-07-03T03:00:00,18.89,72.81,0.03
2024-07-03T03:00:00,18.89,72.83,0.05
2024-07-03T03:00:00,18.89,72.85,0.02
2024-07-03T03:00:00,18.89,72.87,0.06
2024-07-03T03:00:00,18.89,72.89,0.19
2024-07-03T03:00:00,18.89,72.91,0.06
2024-07-03T03:00:00,18.89,72.93,0.06
2024-07-03T03:00:00,18.89,72.95,0.04
2024-07-03T03:00:00,18.89,72.97,0.02
2024-07-03T03:00:00,18.89,72.99,0.15
2024-07-03T03:00:00,18.91,72.77,0.08
2024-07-03T03:00:00,18.91,72.79,0.09
2024-07-03T03:00:00,18.91,72.81,0.04
2024-07-03T03:00:00,18.91,72.83,0.09
2024-07-03T03:00:00,18.91,72.85,0.17
2024-07-03T03:00:00,18.91,72.87,0.13
2024-07-03T03:00:00,18.91,72.89,0.0
2024-07-03T03:00:00,18.91,72.91,0.12
2024-07-03T03:00:00,18.91,72.93,0.02
2024-07-03T03:00:00,18.91,72.95,0.02
2024-07-03T03:00:00,18.91,72.97,0.02
2024-07-03T03:00:00,18.91,72.99,0.07
2024-07-03T03:00:00,18.93,72.77,0.07
2024-07-03T03:00:00,18.93,72.79,0.1
2024-07-03T03:00:00,18.93,72.81,0.06
2024-07-03T03:00:00,18.93,72.83,0.02
2024-07-03T03:00:00,18.93,72.85,0.1
2024-07-03T03:00:00,18.93,72.87,0.04
2024-07-03T03:00:00,18.93,72.89,0.09
2024-07-03T03:00:00,18.93,72.91,0.06
2024-07-03T03:00:00,18.93,72.93,0.06
2024-07-03T03:00:00,18.93,72.95,0.18
2024-07-03T03:00:00,18.93,72.97,0.01
2024-07-03T03:00:00,18.93,72.99,0.01
2024-07-03T03:00:00,18.95,72.77,0.04
2024-07-03T03:00:00,18.95,72.79,0.11
2024-07-03T03:00:00,18.95,72.81,0.04
2024-07-03T03:00:00,18.95,72.83,0.05
2024-07-03T03:00:00,18.95,72.85,0.01
2024-07-03T03:00:00,18.95,72.87,0.09
2024-07-03T03:00:00,18.95,72.89,0.01
2024-07-03T03:00:00,18.95,72.91,0.04
2024-07-03T03:00:00,18.95,72.93,0.01
2024-07-03T03:00:00,18.95,72.95,0.1
2024-07-03T03:00:00,18.95,72.97,0.01
2024-07-03T03:00:00,18.95,72.99,0.03
2024-07-03T03:00:00,18.97,72.77,0.04
2024-07-03T03:00:00,18.97,72.79,0.09
2024-07-03T03:00:00,18.97,72.81,0.07
2024-07-03T03:00:00,18.97,72.83,0.19
2024-07-03T03:00:00,18.97,72.85,0.01
2024-07-03T03:00:00,18.97,72.87,0.13
2024-07-03T03:00:00,18.97,72.89,0.14
2024-07-03T03:00:00,18.97,72.91,0.17
2024-07-03T03:00:00,18.97,72.93,0.05
2024-07-03T03:00:00,18.97,72.95,0.02
2024-07-03T03:00:00,18.97,72.97,0.07
2024-07-03T03:00:00,18.97,72.99,0.01
2024-07-03T03:00:00,18.99,72.77,0.14
2024-07-03T03:00:00,18.99,72.79,0.06
2024-07-03T03:00:00,18.99,72.81,0.08
2024-07-03T03:00:00,18.99,72.83,0.19
2024-07-03T03:00:00,18.99,72.85,0.06
2024-07-03T03:00:00,18.99,72.87,0.02
2024-07-03T03:00:00,18.99,72.89,0.05
2024-07-03T03:00:00,18.99,72.91,0.03
2024-07-03T03:00:00,18.99,72.93,0.06
2024-07-03T03:00:00,18.99,72.95,0.04
2024-07-03T03:00:00,18.99,72.97,0.03
2024-07-03T03:00:00,18.99,72.99,0.05
2024-07-03T03:00:00,19.01,72.77,0.02
2024-07-03T03:00:00,19.01,72.79,0.05
2024-07-03T03:00:00,19.01,72.81,0.09
2024-07-03T03:00:00,19.01,72.83,0.16
2024-07-03T03:00:00,19.01,72.85,0.03
2024-07-03T03:00:00,19.01,72.87,0.21
2024-07-03T03:00:00,19.01,72.89,0.07
2024-07-03T03:00:00,19.01,72.91,0.04
2024-07-03T03:00:00,19.01,72.93,0.04
2024-07-03T03:00:00,19.01,72.95,0.05
2024-07-03T03:00:00,19.01,72.97,0.03
2024-07-03T03:00:00,19.01,72.99,0.03
2024-07-03T03:00:00,19.03,72.77,0.07
2024-07-03T03:00:00,19.03,72.79,0.01
2024-07-03T03:00:00,19.03,72.81,0.03
2024-07-03T03:00:00,19.03,72.83,0.1
2024-07-03T03:00:00,19.03,72.85,0.01
2024-07-03T03:00:00,19.03,72.87,0.07
2024-07-03T03:00:00,19.03,72.89,0.06
2024-07-03T03:00:00,19.03,72.91,0.03
2024-07-03T03:00:00,19.03,72.93,0.04
2024-07-03T03:00:00,19.03,72.95,0.05
2024-07-03T03:00:00,19.03,72.97,0.07
2024-07-03T03:00:00,19.03,72.99,0.06
2024-07-03T03:00:00,19.05,72.77,0.14
2024-07-03T03:00:00,19.05,72.79,0.08
2024-07-03T03:00:00,19.05,72.81,0.15
2024-07-03T03:00:00,19.05,72.83,0.01
2024-07-03T03:00:00,19.05,72.85,0.12
2024-07-03T03:00:00,19.05,72.87,0.04
2024-07-03T03:00:00,19.05,72.89,0.06
2024-07-03T03:00:00,19.05,72.91,0.08
2024-07-03T03:00:00,19.05,72.93,0.02
2024-07-03T03:00:00,19.05,72.95,0.04
2024-07-03T03:00:00,19.05,72.97,0.12
2024-07-03T03:00:00,19.05,72.99,0.14
2024-07-03T03:00:00,19.07,72.77,0.04
2024-07-03T03:00:00,19.07,72.79,0.09
2024-07-03T03:00:00,19.07,72.81,0.04
2024-07-03T03:00:00,19.07,72.83,0.01
2024-07-03T03:00:00,19.07,72.85,0.15
2024-07-03T03:00:00,19.07,72.87,0.02
2024-07-03T03:00:00,19.07,72.89,0.25
2024-07-03T03:00:00,19.07,72.91,0.02
2024-07-03T03:00:00,19.07,72.93,0.11
2024-07-03T03:00:00,19.07,72.95,0.11
2024-07-03T03:00:00,19.07,72.97,0.04
2024-07-03T03:00:00,19.07,72.99,0.06
2024-07-03T03:00:00,19.09,72.77,0.05
2024-07-03T03:00:00,19.09,72.79,0.03
2024-07-03T03:00:00,19.09,72.81,0.08
2024-07-03T03:00:00,19.09,72.83,0.11
2024-07-03T03:00:00,19.09,72.85,0.03
2024-07-03T03:00:00,19.09,72.87,0.15
2024-07-03T03:00:00,19.09,72.89,0.07
2024-07-03T03:00:00,19.09,72.91,0.05
2024-07-03T03:00:00,19.09,72.93,0.05
2024-07-03T03:00:00,19.09,72.95,0.13
2024-07-03T03:00:00,19.09,72.97,0.04
2024-07-03T03:00:00,19.09,72.99,0.04
2024-07-03T03:00:00,19.11,72.77,0.16
2024-07-03T03:00:00,19.11,72.79,0.16
2024-07-03T03:00:00,19.11,72.81,0.12
2024-07-03T03:00:00,19.11,72.83,0.02
2024-07-03T03:00:00,19.11,72.85,0.21
2024-07-03T03:00:00,19.11,72.87,0.06
2024-07-03T03:00:00,19.11,72.89,0.05
2024-07-03T03:00:00,19.11,72.91,0.11
2024-07-03T03:00:00,19.11,72.93,0.07
2024-07-03T03:00:00,19.11,72.95,0.04
2024-07-03T03:00:00,19.11,72.97,0.15
2024-07-03T03:00:00,19.11,72.99,0.05
2024-07-03T03:00:00,19.13,72.77,0.07
2024-07-03T03:00:00,19.13,72.79,0.18
2024-07-03T03:00:00,19.13,72.81,0.12
2024-07-03T03:00:00,19.13,72.83,0.09
2024-07-03T03:00:00,19.13,72.85,0.04
2024-07-03T03:00:00,19.13,72.87,0.08
2024-07-03T03:00:00,19.13,72.89,0.08
2024-07-03T03:00:00,19.13,72.91,0.08
2024-07-03T03:00:00,19.13,72.93,0.05
2024-07-03T03:00:00,19.13,72.95,0.03
2024-07-03T03:00:00,19.13,72.97,0.11
2024-07-03T03:00:00,19.13,72.99,0.03
2024-07-03T03:00:00,19.15,72.77,0.07
2024-07-03T03:00:00,19.15,72.79,0.0
2024-07-03T03:00:00,19.15,72.81,0.11
2024-07-03T03:00:00,19.15,72.83,0.03
2024-07-03T03:00:00,19.15,72.85,0.08
2024-07-03T03:00:00,19.15,72.87,0.02
2024-07-03T03:00:00,19.15,72.89,0.05
2024-07-03T03:00:00,19.15,72.91,0.04
2024-07-03T03:00:00,19.15,72.93,0.02
2024-07-03T03:00:00,19.15,72.95,0.06
2024-07-03T03:00:00,19.15,72.97,0.01
2024-07-03T03:00:00,19.15,72.99,0.09
2024-07-03T03:00:00,19.17,72.77,0.12
2024-07-03T03:00:00,19.17,72.79,0.03
2024-07-03T03:00:00,19.17,72.81,0.15
2024-07-03T03:00:00,19.17,72.83,0.05
2024-07-03T03:00:00,19.17,72.85,0.02
2024-07-03T03:00:00,19.17,72.87,0.01
2024-07-03T03:00:00,19.17,72.89,0.13
2024-07-03T03:00:00,19.17,72.91,0.03
2024-07-03T03:00:00,19.17,72.93,0.04
2024-07-03T03:00:00,19.17,72.95,0.04
2024-07-03T03:00:00,19.17,72.97,0.1
2024-07-03T03:00:00,19.17,72.99,0.08
2024-07-03T03:00:00,19.19,72.77,0.07
2024-07-03T03:00:00,19.19,72.79,0.02
2024-07-03T03:00:00,19.19,72.81,0.18
2024-07-03T03:00:00,19.19,72.83,0.09
2024-07-03T03:00:00,19.19,72.85,0.09
2024-07-03T03:00:00,19.19,72.87,0.02
2024-07-03T03:00:00,19.19,72.89,0.02
2024-07-03T03:00:00,19.19,72.91,0.06
2024-07-03T03:00:00,19.19,72.93,0.06
2024-07-03T03:00:00,19.19,72.95,0.02
2024-07-03T03:00:00,19.19,72.97,0.02
2024-07-03T03:00:00,19.19,72.99,0.03
2024-07-03T03:00:00,19.21,72.77,0.05
2024-07-03T03:00:00,19.21,72.79,0.02
2024-07-03T03:00:00,19.21,72.81,0.09
2024-07-03T03:00:00,19.21,72.83,0.1
2024-07-03T03:00:00,19.21,72.85,0.08
2024-07-03T03:00:00,19.21,72.87,0.02
2024-07-03T03:00:00,19.21,72.89,0.03
2024-07-03T03:00:00,19.21,72.91,0.1
2024-07-03T03:00:00,19.21,72.93,0.06
2024-07-03T03:00:00,19.21,72.95,0.13
2024-07-03T03:00:00,19.21,72.97,0.12
2024-07-03T03:00:00,19.21,72.99,0.05
2024-07-03T03:00:00,19.23,72.77,0.04
2024-07-03T03:00:00,19.23,72.79,0.11
2024-07-03T03:00:00,19.23,72.81,0.11
2024-07-03T03:00:00,19.23,72.83,0.12
2024-07-03T03:00:00,19.23,72.85,0.07
2024-07-03T03:00:00,19.23,72.87,0.03
2024-07-03T03:00:00,19.23,72.89,0.08
2024-07-03T03:00:00,19.23,72.91,0.08
2024-07-03T03:00:00,19.23,72.93,0.09
2024-07-03T03:00:00,19.23,72.95,0.04
2024-07-03T03:00:00,19.23,72.97,0.07
2024-07-03T03:00:00,19.23,72.99,0.01
2024-07-03T03:00:00,19.25,72.77,0.12
2024-07-03T03:00:00,19.25,72.79,0.07
2024-07-03T03:00:00,19.25,72.81,0.04
2024-07-03T03:00:00,19.25,72.83,0.15
2024-07-03T03:00:00,19.25,72.85,0.04
2024-07-03T03:00:00,19.25,72.87,0.06
2024-07-03T03:00:00,19.25,72.89,0.04
2024-07-03T03:00:00,19.25,72.91,0.06
2024-07-03T03:00:00,19.25,72.93,0.08
2024-07-03T03:00:00,19.25,72.95,0.04
2024-07-03T03:00:00,19.25,72.97,0.05
2024-07-03T03:00:00,19.25,72.99,0.09
2024-07-03T04:00:00,18.87,72.77,0.01
2024-07-03T04:00:00,18.87,72.79,0.08
2024-07-03T04:00:00,18.87,72.81,0.08
2024-07-03T04:00:00,18.87,72.83,0.02
2024-07-03T04:00:00,18.87,72.85,0.01
2024-07-03T04:00:00,18.87,72.87,0.01
2024-07-03T04:00:00,18.87,72.89,0.02
2024-07-03T04:00:00,18.87,72.91,0.01
2024-07-03T04:00:00,18.87,72.93,0.05
2024-07-03T04:00:00,18.87,72.95,0.03
2024-07-03T04:00:00,18.87,72.97,0.04
2024-07-03T04:00:00,18.87,72.99,0.07
2024-07-03T04:00:00,18.89,72.77,0.07
2024-07-03T04:00:00,18.89,72.79,0.12
2024-07-03T04:00:00,18.89,72.81,0.09
2024-07-03T04:00:00,18.89,72.83,0.03
2024-07-03T04:00:00,18.89,72.85,0.05
2024-07-03T04:00:00,18.89,72.87,0.11
2024-07-03T04:00:00,18.89,72.89,0.03
2024-07-03T04:00:00,18.89,72.91,0.05
2024-07-03T04:00:00,18.89,72.93,0.12
2024-07-03T04:00:00,18.89,72.95,0.06
2024-07-03T04:00:00,18.89,72.97,0.01
2024-07-03T04:00:00,18.89,72.99,0.01
2024-07-03T04:00:00,18.91,72.77,0.02
2024-07-03T04:00:00,18.91,72.79,0.04
2024-07-03T04:00:00,18.91,72.81,0.13
2024-07-03T04:00:00,18.91,72.83,0.08
2024-07-03T04:00:00,18.91,72.85,0.03
2024-07-03T04:00:00,18.91,72.87,0.02
2024-07-03T04:00:00,18.91,72.89,0.02
2024-07-03T04:00:00,18.91,72.91,0.14
2024-07-03T04:00:00,18.91,72.93,0.01
2024-07-03T04:00:00,18.91,72.95,0.06
2024-07-03T04:00:00,18.91,72.97,0.06
2024-07-03T04:00:00,18.91,72.99,0.03
2024-07-03T04:00:00,18.93,72.77,0.02
2024-07-03T04:00:00,18.93,72.79,0.06
2024-07-03T04:00:00,18.93,72.81,0.12
2024-07-03T04:00:00,18.93,72.83,0.01
2024-07-03T04:00:00,18.93,72.85,0.04
2024-07-03T04:00:00,18.93,72.87,0.06
2024-07-03T04:00:00,18.93,72.89,0.11
2024-07-03T04:00:00,18.93,72.91,0.01
2024-07-03T04:00:00,18.93,72.93,0.05
2024-07-03T04:00:00,18.93,72.95,0.1
2024-07-03T04:00:00,18.93,72.97,0.06
2024-07-03T04:00:00,18.93,72.99,0.02
2024-07-03T04:00:00,18.95,72.77,0.05
2024-07-03T04:00:00,18.95,72.79,0.08
2024-07-03T04:00:00,18.95,72.81,0.08
2024-07-03T04:00:00,18.95,72.83,0.07
2024-07-03T04:00:00,18.95,72.85,0.05
2024-07-03T04:00:00,18.95,72.87,0.04
2024-07-03T04:00:00,18.95,72.89,0.08
2024-07-03T04:00:00,18.95,72.91,0.05
2024-07-03T04:00:00,18.95,72.93,0.04
2024-07-03T04:00:00,18.95,72.95,0.02
2024-07-03T04:00:00,18.95,72.97,0.02
2024-07-03T04:00:00,18.95,72.99,0.03
2024-07-03T04:00:00,18.97,72.77,0.07
2024-07-03T04:00:00,18.97,72.79,0.06
2024-07-03T04:00:00,18.97,72.81,0.06
2024-07-03T04:00:00,18.97,72.83,0.04
2024-07-03T04:00:00,18.97,72.85,0.08
2024-07-03T04:00:00,18.97,72.87,0.09
2024-07-03T04:00:00,18.97,72.89,0.01
2024-07-03T04:00:00,18.97,72.91,0.02
2024-07-03T04:00:00,18.97,72.93,0.13
2024-07-03T04:00:00,18.97,72.95,0.03
2024-07-03T04:00:00,18.97,72.97,0.03
2024-07-03T04:00:00,18.97,72.99,0.02
2024-07-03T04:00:00,18.99,72.77,0.09
2024-07-03T04:00:00,18.99,72.79,0.18
2024-07-03T04:00:00,18.99,72.81,0.02
2024-07-03T04:00:00,18.99,72.83,0.09
2024-07-03T04:00:00,18.99,72.85,0.02
2024-07-03T04:00:00,18.99,72.87,0.07
2024-07-03T04:00:00,18.99,72.89,0.02
2024-07-03T04:00:00,18.99,72.91,0.0
2024-07-03T04:00:00,18.99,72.93,0.13
2024-07-03T04:00:00,18.99,72.95,0.02
2024-07-03T04:00:00,18.99,72.97,0.01
2024-07-03T04:00:00,18.99,72.99,0.04
2024-07-03T04:00:00,19.01,72.77,0.07
2024-07-03T04:00:00,19.01,72.79,0.09
2024-07-03T04:00:00,19.01,72.81,0.04
2024-07-03T04:00:00,19.01,72.83,0.03
2024-07-03T04:00:00,19.01,72.85,0.03
2024-07-03T04:00:00,19.01,72.87,0.04
2024-07-03T04:00:00,19.01,72.89,0.06
2024-07-03T04:00:00,19.01,72.91,0.05
2024-07-03T04:00:00,19.01,72.93,0.02
2024-07-03T04:00:00,19.01,72.95,0.04
2024-07-03T04:00:00,19.01,72.97,0.01
2024-07-03T04:00:00,19.01,72.99,0.03
2024-07-03T04:00:00,19.03,72.77,0.03
2024-07-03T04:00:00,19.03,72.79,0.09
2024-07-03T04:00:00,19.03,72.81,0.05
2024-07-03T04:00:00,19.03,72.83,0.04
2024-07-03T04:00:00,19.03,72.85,0.04
2024-07-03T04:00:00,19.03,72.87,0.03
2024-07-03T04:00:00,19.03,72.89,0.02
2024-07-03T04:00:00,19.03,72.91,0.06
2024-07-03T04:00:00,19.03,72.93,0.0
2024-07-03T04:00:00,19.03,72.95,0.02
2024-07-03T04:00:00,19.03,72.97,0.02
2024-07-03T04:00:00,19.03,72.99,0.02
2024-07-03T04:00:00,19.05,72.77,0.07
2024-07-03T04:00:00,19.05,72.79,0.04
2024-07-03T04:00:00,19.05,72.81,0.04
2024-07-03T04:00:00,19.05,72.83,0.06
2024-07-03T04:00:00,19.05,72.85,0.06
2024-07-03T04:00:00,19.05,72.87,0.05
2024-07-03T04:00:00,19.05,72.89,0.04
2024-07-03T04:00:00,19.05,72.91,0.08
2024-07-03T04:00:00,19.05,72.93,0.02
2024-07-03T04:00:00,19.05,72.95,0.03
2024-07-03T04:00:00,19.05,72.97,0.03
2024-07-03T04:00:00,19.05,72.99,0.03
2024-07-03T04:00:00,19.07,72.77,0.02
2024-07-03T04:00:00,19.07,72.79,0.08
2024-07-03T04:00:00,19.07,72.81,0.06
2024-07-03T04:00:00,19.07,72.83,0.04
2024-07-03T04:00:00,19.07,72.85,0.05
2024-07-03T04:00:00,19.07,72.87,0.07
2024-07-03T04:00:00,19.07,72.89,0.1
2024-07-03T04:00:00,19.07,72.91,0.01
2024-07-03T04:00:00,19.07,72.93,0.03
2024-07-03T04:00:00,19.07,72.95,0.08
2024-07-03T04:00:00,19.07,72.97,0.13
2024-07-03T04:00:00,19.07,72.99,0.04
2024-07-03T04:00:00,19.09,72.77,0.08
2024-07-03T04:00:00,19.09,72.79,0.0
2024-07-03T04:00:00,19.09,72.81,0.06
2024-07-03T04:00:00,19.09,72.83,0.03
2024-07-03T04:00:00,19.09,72.85,0.07
2024-07-03T04:00:00,19.09,72.87,0.11
2024-07-03T04:00:00,19.09,72.89,0.04
2024-07-03T04:00:00,19.09,72.91,0.04
2024-07-03T04:00:00,19.09,72.93,0.02
2024-07-03T04:00:00,19.09,72.95,0.0
2024-07-03T04:00:00,19.09,72.97,0.02
2024-07-03T04:00:00,19.09,72.99,0.01
2024-07-03T04:00:00,19.11,72.77,0.01
2024-07-03T04:00:00,19.11,72.79,0.06
2024-07-03T04:00:00,19.11,72.81,0.01
2024-07-03T04:00:00,19.11,72.83,0.04
2024-07-03T04:00:00,19.11,72.85,0.14
2024-07-03T04:00:00,19.11,72.87,0.03
2024-07-03T04:00:00,19.11,72.89,0.01
2024-07-03T04:00:00,19.11,72.91,0.11
2024-07-03T04:00:00,19.11,72.93,0.02
2024-07-03T04:00:00,19.11,72.95,0.02
2024-07-03T04:00:00,19.11,72.97,0.07
2024-07-03T04:00:00,19.11,72.99,0.01
2024-07-03T04:00:00,19.13,72.77,0.03
2024-07-03T04:00:00,19.13,72.79,0.02
2024-07-03T04:00:00,19.13,72.81,0.08
2024-07-03T04:00:00,19.13,72.83,0.01
2024-07-03T04:00:00,19.13,72.85,0.06
2024-07-03T04:00:00,19.13,72.87,0.04
2024-07-03T04:00:00,19.13,72.89,0.02
2024-07-03T04:00:00,19.13,72.91,0.03
2024-07-03T04:00:00,19.13,72.93,0.03
2024-07-03T04:00:00,19.13,72.95,0.02
2024-07-03T04:00:00,19.13,72.97,0.01
2024-07-03T04:00:00,19.13,72.99,0.01
2024-07-03T04:00:00,19.15,72.77,0.05
2024-07-03T04:00:00,19.15,72.79,0.03
2024-07-03T04:00:00,19.15,72.81,0.06
2024-07-03T04:00:00,19.15,72.83,0.04
2024-07-03T04:00:00,19.15,72.85,0.0
2024-07-03T04:00:00,19.15,72.87,0.05
2024-07-03T04:00:00,19.15,72.89,0.01
2024-07-03T04:00:00,19.15,72.91,0.04
2024-07-03T04:00:00,19.15,72.93,0.01
2024-07-03T04:00:00,19.15,72.95,0.07
2024-07-03T04:00:00,19.15,72.97,0.06
2024-07-03T04:00:00,19.15,72.99,0.03
2024-07-03T04:00:00,19.17,72.77,0.07
2024-07-03T04:00:00,19.17,72.79,0.02
2024-07-03T04:00:00,19.17,72.81,0.02
2024-07-03T04:00:00,19.17,72.83,0.08
2024-07-03T04:00:00,19.17,72.85,0.0
2024-07-03T04:00:00,19.17,72.87,0.03
2024-07-03T04:00:00,19.17,72.89,0.05
2024-07-03T04:00:00,19.17,72.91,0.02
2024-07-03T04:00:00,19.17,72.93,0.08
2024-07-03T04:00:00,19.17,72.95,0.1
2024-07-03T04:00:00,19.17,72.97,0.05
2024-07-03T04:00:00,19.17,72.99,0.01
2024-07-03T04:00:00,19.19,72.77,0.07
2024-07-03T04:00:00,19.19,72.79,0.15
2024-07-03T04:00:00,19.19,72.81,0.04
2024-07-03T04:00:00,19.19,72.83,0.04
2024-07-03T04:00:00,19.19,72.85,0.02
2024-07-03T04:00:00,19.19,72.87,0.05
2024-07-03T04:00:00,19.19,72.89,0.03
2024-07-03T04:00:00,19.19,72.91,0.0
2024-07-03T04:00:00,19.19,72.93,0.06
2024-07-03T04:00:00,19.19,72.95,0.01
2024-07-03T04:00:00,19.19,72.97,0.13
2024-07-03T04:00:00,19.19,72.99,0.04
2024-07-03T04:00:00,19.21,72.77,0.04
2024-07-03T04:00:00,19.21,72.79,0.04
2024-07-03T04:00:00,19.21,72.81,0.04
2024-07-03T04:00:00,19.21,72.83,0.03
2024-07-03T04:00:00,19.21,72.85,0.01
2024-07-03T04:00:00,19.21,72.87,0.09
2024-07-03T04:00:00,19.21,72.89,0.04
2024-07-03T04:00:00,19.21,72.91,0.07
2024-07-03T04:00:00,19.21,72.93,0.01
2024-07-03T04:00:00,19.21,72.95,0.02
2024-07-03T04:00:00,19.21,72.97,0.02
2024-07-03T04:00:00,19.21,72.99,0.01
2024-07-03T04:00:00,19.23,72.77,0.07
2024-07-03T04:00:00,19.23,72.79,0.03
2024-07-03T04:00:00,19.23,72.81,0.05
2024-07-03T04:00:00,19.23,72.83,0.02
2024-07-03T04:00:00,19.23,72.85,0.08
2024-07-03T04:00:00,19.23,72.87,0.07
2024-07-03T04:00:00,19.23,72.89,0.06
2024-07-03T04:00:00,19.23,72.91,0.04
2024-07-03T04:00:00,19.23,72.93,0.08
2024-07-03T04:00:00,19.23,72.95,0.06
2024-07-03T04:00:00,19.23,72.97,0.03
2024-07-03T04:00:00,19.23,72.99,0.02
2024-07-03T04:00:00,19.25,72.77,0.04
2024-07-03T04:00:00,19.25,72.79,0.06
2024-07-03T04:00:00,19.25,72.81,0.01
2024-07-03T04:00:00,19.25,72.83,0.02
2024-07-03T04:00:00,19.25,72.85,0.09
2024-07-03T04:00:00,19.25,72.87,0.07
2024-07-03T04:00:00,19.25,72.89,0.03
2024-07-03T04:00:00,19.25,72.91,0.2
2024-07-03T04:00:00,19.25,72.93,0.06
2024-07-03T04:00:00,19.25,72.95,0.04
2024-07-03T04:00:00,19.25,72.97,0.07
2024-07-03T04:00:00,19.25,72.99,0.02
2024-07-03T05:00:00,18.87,72.77,0.01
2024-07-03T05:00:00,18.87,72.79,0.02
2024-07-03T05:00:00,18.87,72.81,0.03
2024-07-03T05:00:00,18.87,72.83,0.01
2024-07-03T05:00:00,18.87,72.85,0.06
2024-07-03T05:00:00,18.87,72.87,0.02
2024-07-03T05:00:00,18.87,72.89,0.0
2024-07-03T05:00:00,18.87,72.91,0.03
2024-07-03T05:00:00,18.87,72.93,0.02
2024-07-03T05:00:00,18.87,72.95,0.04
2024-07-03T05:00:00,18.87,72.97,0.01
2024-07-03T05:00:00,18.87,72.99,0.04
2024-07-03T05:00:00,18.89,72.77,0.03
2024-07-03T05:00:00,18.89,72.79,0.06
2024-07-03T05:00:00,18.89,72.81,0.03
2024-07-03T05:00:00,18.89,72.83,0.01
2024-07-03T05:00:00,18.89,72.85,0.03
2024-07-03T05:00:00,18.89,72.87,0.01
2024-07-03T05:00:00,18.89,72.89,0.0
2024-07-03T05:00:00,18.89,72.91,0.01
2024-07-03T05:00:00,18.89,72.93,0.05
2024-07-03T05:00:00,18.89,72.95,0.07
2024-07-03T05:00:00,18.89,72.97,0.0
2024-07-03T05:00:00,18.89,72.99,0.04
2024-07-03T05:00:00,18.91,72.77,0.08
2024-07-03T05:00:00,18.91,72.79,0.01
2024-07-03T05:00:00,18.91,72.81,0.07
2024-07-03T05:00:00,18.91,72.83,0.01
2024-07-03T05:00:00,18.91,72.85,0.02
2024-07-03T05:00:00,18.91,72.87,0.03
2024-07-03T05:00:00,18.91,72.89,0.01
2024-07-03T05:00:00,18.91,72.91,0.06
2024-07-03T05:00:00,18.91,72.93,0.02
2024-07-03T05:00:00,18.91,72.95,0.04
2024-07-03T05:00:00,18.91,72.97,0.01
2024-07-03T05:00:00,18.91,72.99,0.07
2024-07-03T05:00:00,18.93,72.77,0.04
2024-07-03T05:00:00,18.93,72.79,0.04
2024-07-03T05:00:00,18.93,72.81,0.03
2024-07-03T05:00:00,18.93,72.83,0.04
2024-07-03T05:00:00,18.93,72.85,0.04
2024-07-03T05:00:00,18.93,72.87,0.02
2024-07-03T05:00:00,18.93,72.89,0.01
2024-07-03T05:00:00,18.93,72.91,0.01
2024-07-03T05:00:00,18.93,72.93,0.02
2024-07-03T05:00:00,18.93,72.95,0.07
2024-07-03T05:00:00,18.93,72.97,0.02
2024-07-03T05:00:00,18.93,72.99,0.05
2024-07-03T05:00:00,18.95,72.77,0.03
2024-07-03T05:00:00,18.95,72.79,0.07
2024-07-03T05:00:00,18.95,72.81,0.04
2024-07-03T05:00:00,18.95,72.83,0.03
2024-07-03T05:00:00,18.95,72.85,0.05
2024-07-03T05:00:00,18.95,72.87,0.03
2024-07-03T05:00:00,18.95,72.89,0.04
2024-07-03T05:00:00,18.95,72.91,0.02
2024-07-03T05:00:00,18.95,72.93,0.03
2024-07-03T05:00:00,18.95,72.95,0.01
2024-07-03T05:00:00,18.95,72.97,0.05
2024-07-03T05:00:00,18.95,72.99,0.05
2024-07-03T05:00:00,18.97,72.77,0.02
2024-07-03T05:00:00,18.97,72.79,0.03
2024-07-03T05:00:00,18.97,72.81,0.09
2024-07-03T05:00:00,18.97,72.83,0.02
2024-07-03T05:00:00,18.97,72.85,0.04
2024-07-03T05:00:00,18.97,72.87,0.03
2024-07-03T05:00:00,18.97,72.89,0.01
2024-07-03T05:00:00,18.97,72.91,0.03
2024-07-03T05:00:00,18.97,72.93,0.05
2024-07-03T05:00:00,18.97,72.95,0.02
2024-07-03T05:00:00,18.97,72.97,0.01
2024-07-03T05:00:00,18.97,72.99,0.04
2024-07-03T05:00:00,18.99,72.77,0.01
2024-07-03T05:00:00,18.99,72.79,0.01
2024-07-03T05:00:00,18.99,72.81,0.09
2024-07-03T05:00:00,18.99,72.83,0.05
2024-07-03T05:00:00,18.99,72.85,0.03
2024-07-03T05:00:00,18.99,72.87,0.04
2024-07-03T05:00:00,18.99,72.89,0.01
2024-07-03T05:00:00,18.99,72.91,0.03
2024-07-03T05:00:00,18.99,72.93,0.01
2024-07-03T05:00:00,18.99,72.95,0.01
2024-07-03T05:00:00,18.99,72.97,0.04
2024-07-03T05:00:00,18.99,72.99,0.02
2024-07-03T05:00:00,19.01,72.77,0.02
2024-07-03T05:00:00,19.01,72.79,0.04
2024-07-03T05:00:00,19.01,72.81,0.02
2024-07-03T05:00:00,19.01,72.83,0.02
2024-07-03T05:00:00,19.01,72.85,0.08
2024-07-03T05:00:00,19.01,72.87,0.01
2024-07-03T05:00:00,19.01,72.89,0.07
2024-07-03T05:00:00,19.01,72.91,0.14
2024-07-03T05:00:00,19.01,72.93,0.01
2024-07-03T05:00:00,19.01,72.95,0.01
2024-07-03T05:00:00,19.01,72.97,0.03
2024-07-03T05:00:00,19.01,72.99,0.02
2024-07-03T05:00:00,19.03,72.77,0.01
2024-07-03T05:00:00,19.03,72.79,0.07
2024-07-03T05:00:00,19.03,72.81,0.02
2024-07-03T05:00:00,19.03,72.83,0.03
2024-07-03T05:00:00,19.03,72.85,0.04
2024-07-03T05:00:00,19.03,72.87,0.04
2024-07-03T05:00:00,19.03,72.89,0.02
2024-07-03T05:00:00,19.03,72.91,0.04
2024-07-03T05:00:00,19.03,72.93,0.01
2024-07-03T05:00:00,19.03,72.95,0.05
2024-07-03T05:00:00,19.03,72.97,0.02
2024-07-03T05:00:00,19.03,72.99,0.04
2024-07-03T05:00:00,19.05,72.77,0.03
2024-07-03T05:00:00,19.05,72.79,0.02
2024-07-03T05:00:00,19.05,72.81,0.02
2024-07-03T05:00:00,19.05,72.83,0.03
2024-07-03T05:00:00,19.05,72.85,0.04
2024-07-03T05:00:00,19.05,72.87,0.03
2024-07-03T05:00:00,19.05,72.89,0.01
2024-07-03T05:00:00,19.05,72.91,0.01
2024-07-03T05:00:00,19.05,72.93,0.01
2024-07-03T05:00:00,19.05,72.95,0.02
2024-07-03T05:00:00,19.05,72.97,0.04
2024-07-03T05:00:00,19.05,72.99,0.04
2024-07-03T05:00:00,19.07,72.77,0.02
2024-07-03T05:00:00,19.07,72.79,0.03
2024-07-03T05:00:00,19.07,72.81,0.01
2024-07-03T05:00:00,19.07,72.83,0.02
2024-07-03T05:00:00,19.07,72.85,0.02
2024-07-03T05:00:00,19.07,72.87,0.01
2024-07-03T05:00:00,19.07,72.89,0.03
2024-07-03T05:00:00,19.07,72.91,0.07
2024-07-03T05:00:00,19.07,72.93,0.02
2024-07-03T05:00:00,19.07,72.95,0.05
2024-07-03T05:00:00,19.07,72.97,0.04
2024-07-03T05:00:00,19.07,72.99,0.01
2024-07-03T05:00:00,19.09,72.77,0.05
2024-07-03T05:00:00,19.09,72.79,0.09
2024-07-03T05:00:00,19.09,72.81,0.01
2024-07-03T05:00:00,19.09,72.83,0.05
2024-07-03T05:00:00,19.09,72.85,0.02
2024-07-03T05:00:00,19.09,72.87,0.01
2024-07-03T05:00:00,19.09,72.89,0.03
2024-07-03T05:00:00,19.09,72.91,0.03
2024-07-03T05:00:00,19.09,72.93,0.1
2024-07-03T05:00:00,19.09,72.95,0.01
2024-07-03T05:00:00,19.09,72.97,0.02
2024-07-03T05:00:00,19.09,72.99,0.02
2024-07-03T05:00:00,19.11,72.77,0.02
2024-07-03T05:00:00,19.11,72.79,0.01
2024-07-03T05:00:00,19.11,72.81,0.02
2024-07-03T05:00:00,19.11,72.83,0.02
2024-07-03T05:00:00,19.11,72.85,0.01
2024-07-03T05:00:00,19.11,72.87,0.05
2024-07-03T05:00:00,19.11,72.89,0.04
2024-07-03T05:00:00,19.11,72.91,0.01
2024-07-03T05:00:00,19.11,72.93,0.02
2024-07-03T05:00:00,19.11,72.95,0.03
2024-07-03T05:00:00,19.11,72.97,0.04
2024-07-03T05:00:00,19.11,72.99,0.02
2024-07-03T05:00:00,19.13,72.77,0.05
2024-07-03T05:00:00,19.13,72.79,0.04
2024-07-03T05:00:00,19.13,72.81,0.05
2024-07-03T05:00:00,19.13,72.83,0.01
2024-07-03T05:00:00,19.13,72.85,0.04
2024-07-03T05:00:00,19.13,72.87,0.02
2024-07-03T05:00:00,19.13,72.89,0.05
2024-07-03T05:00:00,19.13,72.91,0.01
2024-07-03T05:00:00,19.13,72.93,0.03
2024-07-03T05:00:00,19.13,72.95,0.02
2024-07-03T05:00:00,19.13,72.97,0.02
2024-07-03T05:00:00,19.13,72.99,0.02
2024-07-03T05:00:00,19.15,72.77,0.02
2024-07-03T05:00:00,19.15,72.79,0.08
2024-07-03T05:00:00,19.15,72.81,0.02
2024-07-03T05:00:00,19.15,72.83,0.07
2024-07-03T05:00:00,19.15,72.85,0.02
2024-07-03T05:00:00,19.15,72.87,0.03
2024-07-03T05:00:00,19.15,72.89,0.02
2024-07-03T05:00:00,19.15,72.91,0.07
2024-07-03T05:00:00,19.15,72.93,0.04
2024-07-03T05:00:00,19.15,72.95,0.02
2024-07-03T05:00:00,19.15,72.97,0.01
2024-07-03T05:00:00,19.15,72.99,0.02
2024-07-03T05:00:00,19.17,72.77,0.07
2024-07-03T05:00:00,19.17,72.79,0.01
2024-07-03T05:00:00,19.17,72.81,0.01
2024-07-03T05:00:00,19.17,72.83,0.02
2024-07-03T05:00:00,19.17,72.85,0.01
2024-07-03T05:00:00,19.17,72.87,0.01
2024-07-03T05:00:00,19.17,72.89,0.0
2024-07-03T05:00:00,19.17,72.91,0.03
2024-07-03T05:00:00,19.17,72.93,0.03
2024-07-03T05:00:00,19.17,72.95,0.02
2024-07-03T05:00:00,19.17,72.97,0.01
2024-07-03T05:00:00,19.17,72.99,0.01
2024-07-03T05:00:00,19.19,72.77,0.04
2024-07-03T05:00:00,19.19,72.79,0.04
2024-07-03T05:00:00,19.19,72.81,0.0
2024-07-03T05:00:00,19.19,72.83,0.03
2024-07-03T05:00:00,19.19,72.85,0.01
2024-07-03T05:00:00,19.19,72.87,0.02
2024-07-03T05:00:00,19.19,72.89,0.01
2024-07-03T05:00:00,19.19,72.91,0.0
2024-07-03T05:00:00,19.19,72.93,0.02
2024-07-03T05:00:00,19.19,72.95,0.02
2024-07-03T05:00:00,19.19,72.97,0.01
2024-07-03T05:00:00,19.19,72.99,0.06
2024-07-03T05:00:00,19.21,72.77,0.02
2024-07-03T05:00:00,19.21,72.79,0.01
2024-07-03T05:00:00,19.21,72.81,0.03
2024-07-03T05:00:00,19.21,72.83,0.02
2024-07-03T05:00:00,19.21,72.85,0.01
2024-07-03T05:00:00,19.21,72.87,0.03
2024-07-03T05:00:00,19.21,72.89,0.03
2024-07-03T05:00:00,19.21,72.91,0.02
2024-07-03T05:00:00,19.21,72.93,0.03
2024-07-03T05:00:00,19.21,72.95,0.02
2024-07-03T05:00:00,19.21,72.97,0.02
2024-07-03T05:00:00,19.21,72.99,0.01
2024-07-03T05:00:00,19.23,72.77,0.03
2024-07-03T05:00:00,19.23,72.79,0.05
2024-07-03T05:00:00,19.23,72.81,0.03
2024-07-03T05:00:00,19.23,72.83,0.02
2024-07-03T05:00:00,19.23,72.85,0.05
2024-07-03T05:00:00,19.23,72.87,0.03
2024-07-03T05:00:00,19.23,72.89,0.01
2024-07-03T05:00:00,19.23,72.91,0.04
2024-07-03T05:00:00,19.23,72.93,0.02
2024-07-03T05:00:00,19.23,72.95,0.01
2024-07-03T05:00:00,19.23,72.97,0.01
2024-07-03T05:00:00,19.23,72.99,0.01
2024-07-03T05:00:00,19.25,72.77,0.01
2024-07-03T05:00:00,19.25,72.79,0.06
2024-07-03T05:00:00,19.25,72.81,0.0
2024-07-03T05:00:00,19.25,72.83,0.04
2024-07-03T05:00:00,19.25,72.85,0.03
2024-07-03T05:00:00,19.25,72.87,0.03
2024-07-03T05:00:00,19.25,72.89,0.03
2024-07-03T05:00:00,19.25,72.91,0.02
2024-07-03T05:00:00,19.25,72.93,0.03
2024-07-03T05:00:00,19.25,72.95,0.02
2024-07-03T05:00:00,19.25,72.97,0.02
2024-07-03T05:00:00,19.25,72.99,0.01
2024-07-03T06:00:00,18.87,72.77,0.02
2024-07-03T06:00:00,18.87,72.79,0.02
2024-07-03T06:00:00,18.87,72.81,0.02
2024-07-03T06:00:00,18.87,72.83,0.03
2024-07-03T06:00:00,18.87,72.85,0.03
2024-07-03T06:00:00,18.87,72.87,0.01
2024-07-03T06:00:00,18.87,72.89,0.02
2024-07-03T06:00:00,18.87,72.91,0.0
2024-07-03T06:00:00,18.87,72.93,0.01
2024-07-03T06:00:00,18.87,72.95,0.01
2024-07-03T06:00:00,18.87,72.97,0.02
2024-07-03T06:00:00,18.87,72.99,0.01
2024-07-03T06:00:00,18.89,72.77,0.04
2024-07-03T06:00:00,18.89,72.79,0.01
2024-07-03T06:00:00,18.89,72.81,0.01
2024-07-03T06:00:00,18.89,72.83,0.0
2024-07-03T06:00:00,18.89,72.85,0.03
2024-07-03T06:00:00,18.89,72.87,0.0
2024-07-03T06:00:00,18.89,72.89,0.02
2024-07-03T06:00:00,18.89,72.91,0.02
2024-07-03T06:00:00,18.89,72.93,0.01
2024-07-03T06:00:00,18.89,72.95,0.02
2024-07-03T06:00:00,18.89,72.97,0.04
2024-07-03T06:00:00,18.89,72.99,0.01
2024-07-03T06:00:00,18.91,72.77,0.0
2024-07-03T06:00:00,18.91,72.79,0.01
2024-07-03T06:00:00,18.91,72.81,0.05
2024-07-03T06:00:00,18.91,72.83,0.03
2024-07-03T06:00:00,18.91,72.85,0.01
2024-07-03T06:00:00,18.91,72.87,0.03
2024-07-03T06:00:00,18.91,72.89,0.03
2024-07-03T06:00:00,18.91,72.91,0.01
2024-07-03T06:00:00,18.91,72.93,0.0
2024-07-03T06:00:00,18.91,72.95,0.03
2024-07-03T06:00:00,18.91,72.97,0.04
2024-07-03T06:00:00,18.91,72.99,0.01
2024-07-03T06:00:00,18.93,72.77,0.03
2024-07-03T06:00:00,18.93,72.79,0.01
2024-07-03T06:00:00,18.93,72.81,0.01
2024-07-03T06:00:00,18.93,72.83,0.02
2024-07-03T06:00:00,18.93,72.85,0.01
2024-07-03T06:00:00,18.93,72.87,0.01
2024-07-03T06:00:00,18.93,72.89,0.03
2024-07-03T06:00:00,18.93,72.91,0.0
2024-07-03T06:00:00,18.93,72.93,0.03
2024-07-03T06:00:00,18.93,72.95,0.02
2024-07-03T06:00:00,18.93,72.97,0.02
2024-07-03T06:00:00,18.93,72.99,0.01
2024-07-03T06:00:00,18.95,72.77,0.04
2024-07-03T06:00:00,18.95,72.79,0.02
2024-07-03T06:00:00,18.95,72.81,0.01
2024-07-03T06:00:00,18.95,72.83,0.02
2024-07-03T06:00:00,18.95,72.85,0.01
2024-07-03T06:00:00,18.95,72.87,0.01
2024-07-03T06:00:00,18.95,72.89,0.03
2024-07-03T06:00:00,18.95,72.91,0.01
2024-07-03T06:00:00,18.95,72.93,0.0
2024-07-03T06:00:00,18.95,72.95,0.02
2024-07-03T06:00:00,18.95,72.97,0.01
2024-07-03T06:00:00,18.95,72.99,0.04
2024-07-03T06:00:00,18.97,72.77,0.03
2024-07-03T06:00:00,18.97,72.79,0.05
2024-07-03T06:00:00,18.97,72.81,0.03
2024-07-03T06:00:00,18.97,72.83,0.03
2024-07-03T06:00:00,18.97,72.85,0.02
2024-07-03T06:00:00,18.97,72.87,0.03
2024-07-03T06:00:00,18.97,72.89,0.01
2024-07-03T06:00:00,18.97,72.91,0.03
2024-07-03T06:00:00,18.97,72.93,0.0
2024-07-03T06:00:00,18.97,72.95,0.01
2024-07-03T06:00:00,18.97,72.97,0.01
2024-07-03T06:00:00,18.97,72.99,0.02
2024-07-03T06:00:00,18.99,72.77,0.01
2024-07-03T06:00:00,18.99,72.79,0.01
2024-07-03T06:00:00,18.99,72.81,0.0
2024-07-03T06:00:00,18.99,72.83,0.01
2024-07-03T06:00:00,18.99,72.85,0.02
2024-07-03T06:00:00,18.99,72.87,0.02
2024-07-03T06:00:00,18.99,72.89,0.01
2024-07-03T06:00:00,18.99,72.91,0.02
2024-07-03T06:00:00,18.99,72.93,0.01
2024-07-03T06:00:00,18.99,72.95,0.02
2024-07-03T06:00:00,18.99,72.97,0.01
2024-07-03T06:00:00,18.99,72.99,0.02
2024-07-03T06:00:00,19.01,72.77,0.01
2024-07-03T06:00:00,19.01,72.79,0.0
2024-07-03T06:00:00,19.01,72.81,0.01
2024-07-03T06:00:00,19.01,72.83,0.02
2024-07-03T06:00:00,19.01,72.85,0.01
2024-07-03T06:00:00,19.01,72.87,0.01
2024-07-03T06:00:00,19.01,72.89,0.02
2024-07-03T06:00:00,19.01,72.91,0.02
2024-07-03T06:00:00,19.01,72.93,0.01
2024-07-03T06:00:00,19.01,72.95,0.0
2024-07-03T06:00:00,19.01,72.97,0.02
2024-07-03T06:00:00,19.01,72.99,0.01
2024-07-03T06:00:00,19.03,72.77,0.01
2024-07-03T06:00:00,19.03,72.79,0.03
2024-07-03T06:00:00,19.03,72.81,0.0
2024-07-03T06:00:00,19.03,72.83,0.02
2024-07-03T06:00:00,19.03,72.85,0.02
2024-07-03T06:00:00,19.03,72.87,0.0
2024-07-03T06:00:00,19.03,72.89,0.0
2024-07-03T06:00:00,19.03,72.91,0.04
2024-07-03T06:00:00,19.03,72.93,0.02
2024-07-03T06:00:00,19.03,72.95,0.03
2024-07-03T06:00:00,19.03,72.97,0.03
2024-07-03T06:00:00,19.03,72.99,0.02
2024-07-03T06:00:00,19.05,72.77,0.06
2024-07-03T06:00:00,19.05,72.79,0.02
2024-07-03T06:00:00,19.05,72.81,0.01
2024-07-03T06:00:00,19.05,72.83,0.03
2024-07-03T06:00:00,19.05,72.85,0.03
2024-07-03T06:00:00,19.05,72.87,0.02
2024-07-03T06:00:00,19.05,72.89,0.01
2024-07-03T06:00:00,19.05,72.91,0.03
2024-07-03T06:00:00,19.05,72.93,0.01
2024-07-03T06:00:00,19.05,72.95,0.01
2024-07-03T06:00:00,19.05,72.97,0.01
2024-07-03T06:00:00,19.05,72.99,0.01
2024-07-03T06:00:00,19.07,72.77,0.02
2024-07-03T06:00:00,19.07,72.79,0.02
2024-07-03T06:00:00,19.07,72.81,0.05
2024-07-03T06:00:00,19.07,72.83,0.01
2024-07-03T06:00:00,19.07,72.85,0.02
2024-07-03T06:00:00,19.07,72.87,0.01
2024-07-03T06:00:00,19.07,72.89,0.02
2024-07-03T06:00:00,19.07,72.91,0.01
2024-07-03T06:00:00,19.07,72.93,0.02
2024-07-03T06:00:00,19.07,72.95,0.01
2024-07-03T06:00:00,19.07,72.97,0.01
2024-07-03T06:00:00,19.07,72.99,0.02
2024-07-03T06:00:00,19.09,72.77,0.04
2024-07-03T06:00:00,19.09,72.79,0.03
2024-07-03T06:00:00,19.09,72.81,0.02
2024-07-03T06:00:00,19.09,72.83,0.01
2024-07-03T06:00:00,19.09,72.85,0.05
2024-07-03T06:00:00,19.09,72.87,0.01
2024-07-03T06:00:00,19.09,72.89,0.0
2024-07-03T06:00:00,19.09,72.91,0.01
2024-07-03T06:00:00,19.09,72.93,0.0
2024-07-03T06:00:00,19.09,72.95,0.02
2024-07-03T06:00:00,19.09,72.97,0.01
2024-07-03T06:00:00,19.09,72.99,0.01
2024-07-03T06:00:00,19.11,72.77,0.02
2024-07-03T06:00:00,19.11,72.79,0.01
2024-07-03T06:00:00,19.11,72.81,0.0
2024-07-03T06:00:00,19.11,72.83,0.03
2024-07-03T06:00:00,19.11,72.85,0.01
2024-07-03T06:00:00,19.11,72.87,0.0
2024-07-03T06:00:00,19.11,72.89,0.0
2024-07-03T06:00:00,19.11,72.91,0.03
2024-07-03T06:00:00,19.11,72.93,0.01
2024-07-03T06:00:00,19.11,72.95,0.01
2024-07-03T06:00:00,19.11,72.97,0.02
2024-07-03T06:00:00,19.11,72.99,0.01
2024-07-03T06:00:00,19.13,72.77,0.0
2024-07-03T06:00:00,19.13,72.79,0.01
2024-07-03T06:00:00,19.13,72.81,0.02
2024-07-03T06:00:00,19.13,72.83,0.01
2024-07-03T06:00:00,19.13,72.85,0.01
2024-07-03T06:00:00,19.13,72.87,0.01
2024-07-03T06:00:00,19.13,72.89,0.02
2024-07-03T06:00:00,19.13,72.91,0.02
2024-07-03T06:00:00,19.13,72.93,0.02
2024-07-03T06:00:00,19.13,72.95,0.01
2024-07-03T06:00:00,19.13,72.97,0.01
2024-07-03T06:00:00,19.13,72.99,0.01
2024-07-03T06:00:00,19.15,72.77,0.01
2024-07-03T06:00:00,19.15,72.79,0.0
2024-07-03T06:00:00,19.15,72.81,0.02
2024-07-03T06:00:00,19.15,72.83,0.01
2024-07-03T06:00:00,19.15,72.85,0.03
2024-07-03T06:00:00,19.15,72.87,0.01
2024-07-03T06:00:00,19.15,72.89,0.0
2024-07-03T06:00:00,19.15,72.91,0.02
2024-07-03T06:00:00,19.15,72.93,0.05
2024-07-03T06:00:00,19.15,72.95,0.02
2024-07-03T06:00:00,19.15,72.97,0.02
2024-07-03T06:00:00,19.15,72.99,0.03
2024-07-03T06:00:00,19.17,72.77,0.01
2024-07-03T06:00:00,19.17,72.79,0.01
2024-07-03T06:00:00,19.17,72.81,0.01
2024-07-03T06:00:00,19.17,72.83,0.02
2024-07-03T06:00:00,19.17,72.85,0.01
2024-07-03T06:00:00,19.17,72.87,0.01
2024-07-03T06:00:00,19.17,72.89,0.02
2024-07-03T06:00:00,19.17,72.91,0.02
2024-07-03T06:00:00,19.17,72.93,0.02
2024-07-03T06:00:00,19.17,72.95,0.03
2024-07-03T06:00:00,19.17,72.97,0.02
2024-07-03T06:00:00,19.17,72.99,0.01
2024-07-03T06:00:00,19.19,72.77,0.0
2024-07-03T06:00:00,19.19,72.79,0.01
2024-07-03T06:00:00,19.19,72.81,0.03
2024-07-03T06:00:00,19.19,72.83,0.02
2024-07-03T06:00:00,19.19,72.85,0.03
2024-07-03T06:00:00,19.19,72.87,0.02
2024-07-03T06:00:00,19.19,72.89,0.02
2024-07-03T06:00:00,19.19,72.91,0.02
2024-07-03T06:00:00,19.19,72.93,0.01
2024-07-03T06:00:00,19.19,72.95,0.01
2024-07-03T06:00:00,19.19,72.97,0.01
2024-07-03T06:00:00,19.19,72.99,0.01
2024-07-03T06:00:00,19.21,72.77,0.04
2024-07-03T06:00:00,19.21,72.79,0.03
2024-07-03T06:00:00,19.21,72.81,0.01
2024-07-03T06:00:00,19.21,72.83,0.02
2024-07-03T06:00:00,19.21,72.85,0.02
2024-07-03T06:00:00,19.21,72.87,0.04
2024-07-03T06:00:00,19.21,72.89,0.01
2024-07-03T06:00:00,19.21,72.91,0.02
2024-07-03T06:00:00,19.21,72.93,0.02
2024-07-03T06:00:00,19.21,72.95,0.01
2024-07-03T06:00:00,19.21,72.97,0.03
2024-07-03T06:00:00,19.21,72.99,0.02
2024-07-03T06:00:00,19.23,72.77,0.01
2024-07-03T06:00:00,19.23,72.79,0.05
2024-07-03T06:00:00,19.23,72.81,0.04
2024-07-03T06:00:00,19.23,72.83,0.02
2024-07-03T06:00:00,19.23,72.85,0.0
2024-07-03T06:00:00,19.23,72.87,0.01
2024-07-03T06:00:00,19.23,72.89,0.02
2024-07-03T06:00:00,19.23,72.91,0.02
2024-07-03T06:00:00,19.23,72.93,0.01
2024-07-03T06:00:00,19.23,72.95,0.0
2024-07-03T06:00:00,19.23,72.97,0.01
2024-07-03T06:00:00,19.23,72.99,0.01
2024-07-03T06:00:00,19.25,72.77,0.0
2024-07-03T06:00:00,19.25,72.79,0.02
2024-07-03T06:00:00,19.25,72.81,0.04
2024-07-03T06:00:00,19.25,72.83,0.01
2024-07-03T06:00:00,19.25,72.85,0.02
2024-07-03T06:00:00,19.25,72.87,0.01
2024-07-03T06:00:00,19.25,72.89,0.02
2024-07-03T06:00:00,19.25,72.91,0.02
2024-07-03T06:00:00,19.25,72.93,0.03
2024-07-03T06:00:00,19.25,72.95,0.03
2024-07-03T06:00:00,19.25,72.97,0.02
2024-07-03T06:00:00,19.25,72.99,0.01
2024-07-03T07:00:00,18.87,72.77,0.01
2024-07-03T07:00:00,18.87,72.79,0.02
2024-07-03T07:00:00,18.87,72.81,0.0
2024-07-03T07:00:00,18.87,72.83,0.01
2024-07-03T07:00:00,18.87,72.85,0.01
2024-07-03T07:00:00,18.87,72.87,0.02
2024-07-03T07:00:00,18.87,72.89,0.03
2024-07-03T07:00:00,18.87,72.91,0.0
2024-07-03T07:00:00,18.87,72.93,0.01
2024-07-03T07:00:00,18.87,72.95,0.01
2024-07-03T07:00:00,18.87,72.97,0.0
2024-07-03T07:00:00,18.87,72.99,0.0
2024-07-03T07:00:00,18.89,72.77,0.01
2024-07-03T07:00:00,18.89,72.79,0.0
2024-07-03T07:00:00,18.89,72.81,0.01
2024-07-03T07:00:00,18.89,72.83,0.01
2024-07-03T07:00:00,18.89,72.85,0.0
2024-07-03T07:00:00,18.89,72.87,0.01
2024-07-03T07:00:00,18.89,72.89,0.0
2024-07-03T07:00:00,18.89,72.91,0.01
2024-07-03T07:00:00,18.89,72.93,0.01
2024-07-03T07:00:00,18.89,72.95,0.01
2024-07-03T07:00:00,18.89,72.97,0.02
2024-07-03T07:00:00,18.89,72.99,0.01
2024-07-03T07:00:00,18.91,72.77,0.01
2024-07-03T07:00:00,18.91,72.79,0.01
2024-07-03T07:00:00,18.91,72.81,0.01
2024-07-03T07:00:00,18.91,72.83,0.01
2024-07-03T07:00:00,18.91,72.85,0.0
2024-07-03T07:00:00,18.91,72.87,0.02
2024-07-03T07:00:00,18.91,72.89,0.01
2024-07-03T07:00:00,18.91,72.91,0.02
2024-07-03T07:00:00,18.91,72.93,0.01
2024-07-03T07:00:00,18.91,72.95,0.01
2024-07-03T07:00:00,18.91,72.97,0.01
2024-07-03T07:00:00,18.91,72.99,0.01
2024-07-03T07:00:00,18.93,72.77,0.02
2024-07-03T07:00:00,18.93,72.79,0.01
2024-07-03T07:00:00,18.93,72.81,0.02
2024-07-03T07:00:00,18.93,72.83,0.01
2024-07-03T07:00:00,18.93,72.85,0.02
2024-07-03T07:00:00,18.93,72.87,0.02
2024-07-03T07:00:00,18.93,72.89,0.01
2024-07-03T07:00:00,18.93,72.91,0.02
2024-07-03T07:00:00,18.93,72.93,0.01
2024-07-03T07:00:00,18.93,72.95,0.02
2024-07-03T07:00:00,18.93,72.97,0.01
2024-07-03T07:00:00,18.93,72.99,0.01
2024-07-03T07:00:00,18.95,72.77,0.01
2024-07-03T07:00:00,18.95,72.79,0.0
2024-07-03T07:00:00,18.95,72.81,0.01
2024-07-03T07:00:00,18.95,72.83,0.02
2024-07-03T07:00:00,18.95,72.85,0.01
2024-07-03T07:00:00,18.95,72.87,0.0
2024-07-03T07:00:00,18.95,72.89,0.02
2024-07-03T07:00:00,18.95,72.91,0.0
2024-07-03T07:00:00,18.95,72.93,0.01
2024-07-03T07:00:00,18.95,72.95,0.03
2024-07-03T07:00:00,18.95,72.97,0.05
2024-07-03T07:00:00,18.95,72.99,0.01
2024-07-03T07:00:00,18.97,72.77,0.02
2024-07-03T07:00:00,18.97,72.79,0.01
2024-07-03T07:00:00,18.97,72.81,0.0
2024-07-03T07:00:00,18.97,72.83,0.01
2024-07-03T07:00:00,18.97,72.85,0.01
2024-07-03T07:00:00,18.97,72.87,0.02
2024-07-03T07:00:00,18.97,72.89,0.03
2024-07-03T07:00:00,18.97,72.91,0.01
2024-07-03T07:00:00,18.97,72.93,0.0
2024-07-03T07:00:00,18.97,72.95,0.01
2024-07-03T07:00:00,18.97,72.97,0.0
2024-07-03T07:00:00,18.97,72.99,0.0
2024-07-03T07:00:00,18.99,72.77,0.01
2024-07-03T07:00:00,18.99,72.79,0.01
2024-07-03T07:00:00,18.99,72.81,0.01
2024-07-03T07:00:00,18.99,72.83,0.02
2024-07-03T07:00:00,18.99,72.85,0.01
2024-07-03T07:00:00,18.99,72.87,0.0
2024-07-03T07:00:00,18.99,72.89,0.0
2024-07-03T07:00:00,18.99,72.91,0.01
2024-07-03T07:00:00,18.99,72.93,0.01
2024-07-03T07:00:00,18.99,72.95,0.01
2024-07-03T07:00:00,18.99,72.97,0.01
2024-07-03T07:00:00,18.99,72.99,0.01
2024-07-03T07:00:00,19.01,72.77,0.02
2024-07-03T07:00:00,19.01,72.79,0.01
2024-07-03T07:00:00,19.01,72.81,0.02
2024-07-03T07:00:00,19.01,72.83,0.0
2024-07-03T07:00:00,19.01,72.85,0.0
2024-07-03T07:00:00,19.01,72.87,0.0
2024-07-03T07:00:00,19.01,72.89,0.02
2024-07-03T07:00:00,19.01,72.91,0.01
2024-07-03T07:00:00,19.01,72.93,0.01
2024-07-03T07:00:00,19.01,72.95,0.0
2024-07-03T07:00:00,19.01,72.97,0.01
2024-07-03T07:00:00,19.01,72.99,0.01
2024-07-03T07:00:00,19.03,72.77,0.0
2024-07-03T07:00:00,19.03,72.79,0.0
2024-07-03T07:00:00,19.03,72.81,0.02
2024-07-03T07:00:00,19.03,72.83,0.01
2024-07-03T07:00:00,19.03,72.85,0.0
2024-07-03T07:00:00,19.03,72.87,0.0
2024-07-03T07:00:00,19.03,72.89,0.01
2024-07-03T07:00:00,19.03,72.91,0.01
2024-07-03T07:00:00,19.03,72.93,0.01
2024-07-03T07:00:00,19.03,72.95,0.01
2024-07-03T07:00:00,19.03,72.97,0.01
2024-07-03T07:00:00,19.03,72.99,0.01
2024-07-03T07:00:00,19.05,72.77,0.03
2024-07-03T07:00:00,19.05,72.79,0.0
2024-07-03T07:00:00,19.05,72.81,0.02
2024-07-03T07:00:00,19.05,72.83,0.01
2024-07-03T07:00:00,19.05,72.85,0.01
2024-07-03T07:00:00,19.05,72.87,0.01
2024-07-03T07:00:00,19.05,72.89,0.01
2024-07-03T07:00:00,19.05,72.91,0.01
2024-07-03T07:00:00,19.05,72.93,0.01
2024-07-03T07:00:00,19.05,72.95,0.02
2024-07-03T07:00:00,19.05,72.97,0.01
2024-07-03T07:00:00,19.05,72.99,0.0
2024-07-03T07:00:00,19.07,72.77,0.01
2024-07-03T07:00:00,19.07,72.79,0.0
2024-07-03T07:00:00,19.07,72.81,0.01
2024-07-03T07:00:00,19.07,72.83,0.01
2024-07-03T07:00:00,19.07,72.85,0.0
2024-07-03T07:00:00,19.07,72.87,0.04
2024-07-03T07:00:00,19.07,72.89,0.0
2024-07-03T07:00:00,19.07,72.91,0.01
2024-07-03T07:00:00,19.07,72.93,0.01
2024-07-03T07:00:00,19.07,72.95,0.0
2024-07-03T07:00:00,19.07,72.97,0.01
2024-07-03T07:00:00,19.07,72.99,0.01
2024-07-03T07:00:00,19.09,72.77,0.01
2024-07-03T07:00:00,19.09,72.79,0.01
2024-07-03T07:00:00,19.09,72.81,0.01
2024-07-03T07:00:00,19.09,72.83,0.01
2024-07-03T07:00:00,19.09,72.85,0.01
2024-07-03T07:00:00,19.09,72.87,0.01
2024-07-03T07:00:00,19.09,72.89,0.0
2024-07-03T07:00:00,19.09,72.91,0.02
2024-07-03T07:00:00,19.09,72.93,0.02
2024-07-03T07:00:00,19.09,72.95,0.01
2024-07-03T07:00:00,19.09,72.97,0.0
2024-07-03T07:00:00,19.09,72.99,0.02
2024-07-03T07:00:00,19.11,72.77,0.02
2024-07-03T07:00:00,19.11,72.79,0.02
2024-07-03T07:00:00,19.11,72.81,0.0
2024-07-03T07:00:00,19.11,72.83,0.0
2024-07-03T07:00:00,19.11,72.85,0.01
2024-07-03T07:00:00,19.11,72.87,0.01
2024-07-03T07:00:00,19.11,72.89,0.01
2024-07-03T07:00:00,19.11,72.91,0.02
2024-07-03T07:00:00,19.11,72.93,0.01
2024-07-03T07:00:00,19.11,72.95,0.0
2024-07-03T07:00:00,19.11,72.97,0.01
2024-07-03T07:00:00,19.11,72.99,0.01
2024-07-03T07:00:00,19.13,72.77,0.0
2024-07-03T07:00:00,19.13,72.79,0.01
2024-07-03T07:00:00,19.13,72.81,0.01
2024-07-03T07:00:00,19.13,72.83,0.03
2024-07-03T07:00:00,19.13,72.85,0.02
2024-07-03T07:00:00,19.13,72.87,0.04
2024-07-03T07:00:00,19.13,72.89,0.0
2024-07-03T07:00:00,19.13,72.91,0.02
2024-07-03T07:00:00,19.13,72.93,0.0
2024-07-03T07:00:00,19.13,72.95,0.02
2024-07-03T07:00:00,19.13,72.97,0.0
2024-07-03T07:00:00,19.13,72.99,0.01
2024-07-03T07:00:00,19.15,72.77,0.01
2024-07-03T07:00:00,19.15,72.79,0.01
2024-07-03T07:00:00,19.15,72.81,0.0
2024-07-03T07:00:00,19.15,72.83,0.01
2024-07-03T07:00:00,19.15,72.85,0.0
2024-07-03T07:00:00,19.15,72.87,0.03
2024-07-03T07:00:00,19.15,72.89,0.01
2024-07-03T07:00:00,19.15,72.91,0.01
2024-07-03T07:00:00,19.15,72.93,0.02
2024-07-03T07:00:00,19.15,72.95,0.01
2024-07-03T07:00:00,19.15,72.97,0.01
2024-07-03T07:00:00,19.15,72.99,0.01
2024-07-03T07:00:00,19.17,72.77,0.0
2024-07-03T07:00:00,19.17,72.79,0.01
2024-07-03T07:00:00,19.17,72.81,0.01
2024-07-03T07:00:00,19.17,72.83,0.03
2024-07-03T07:00:00,19.17,72.85,0.02
2024-07-03T07:00:00,19.17,72.87,0.02
2024-07-03T07:00:00,19.17,72.89,0.02
2024-07-03T07:00:00,19.17,72.91,0.02
2024-07-03T07:00:00,19.17,72.93,0.01
2024-07-03T07:00:00,19.17,72.95,0.01
2024-07-03T07:00:00,19.17,72.97,0.0
2024-07-03T07:00:00,19.17,72.99,0.0
2024-07-03T07:00:00,19.19,72.77,0.02
2024-07-03T07:00:00,19.19,72.79,0.02
2024-07-03T07:00:00,19.19,72.81,0.0
2024-07-03T07:00:00,19.19,72.83,0.01
2024-07-03T07:00:00,19.19,72.85,0.0
2024-07-03T07:00:00,19.19,72.87,0.01
2024-07-03T07:00:00,19.19,72.89,0.02
2024-07-03T07:00:00,19.19,72.91,0.01
2024-07-03T07:00:00,19.19,72.93,0.01
2024-07-03T07:00:00,19.19,72.95,0.01
2024-07-03T07:00:00,19.19,72.97,0.0
2024-07-03T07:00:00,19.19,72.99,0.0
2024-07-03T07:00:00,19.21,72.77,0.01
2024-07-03T07:00:00,19.21,72.79,0.02
2024-07-03T07:00:00,19.21,72.81,0.02
2024-07-03T07:00:00,19.21,72.83,0.02
2024-07-03T07:00:00,19.21,72.85,0.02
2024-07-03T07:00:00,19.21,72.87,0.0
2024-07-03T07:00:00,19.21,72.89,0.01
2024-07-03T07:00:00,19.21,72.91,0.01
2024-07-03T07:00:00,19.21,72.93,0.01
2024-07-03T07:00:00,19.21,72.95,0.0
2024-07-03T07:00:00,19.21,72.97,0.01
2024-07-03T07:00:00,19.21,72.99,0.01
2024-07-03T07:00:00,19.23,72.77,0.01
2024-07-03T07:00:00,19.23,72.79,0.03
2024-07-03T07:00:00,19.23,72.81,0.01
2024-07-03T07:00:00,19.23,72.83,0.01
2024-07-03T07:00:00,19.23,72.85,0.0
2024-07-03T07:00:00,19.23,72.87,0.02
2024-07-03T07:00:00,19.23,72.89,0.02
2024-07-03T07:00:00,19.23,72.91,0.0
2024-07-03T07:00:00,19.23,72.93,0.01
2024-07-03T07:00:00,19.23,72.95,0.01
2024-07-03T07:00:00,19.23,72.97,0.01
2024-07-03T07:00:00,19.23,72.99,0.01
2024-07-03T07:00:00,19.25,72.77,0.01
2024-07-03T07:00:00,19.25,72.79,0.01
2024-07-03T07:00:00,19.25,72.81,0.03
2024-07-03T07:00:00,19.25,72.83,0.0
2024-07-03T07:00:00,19.25,72.85,0.0
2024-07-03T07:00:00,19.25,72.87,0.02
2024-07-03T07:00:00,19.25,72.89,0.0
2024-07-03T07:00:00,19.25,72.91,0.02
2024-07-03T07:00:00,19.25,72.93,0.01
2024-07-03T07:00:00,19.25,72.95,0.0
2024-07-03T07:00:00,19.25,72.97,0.04
2024-07-03T07:00:00,19.25,72.99,0.02
2024-07-03T08:00:00,18.87,72.77,0.01
2024-07-03T08:00:00,18.87,72.79,0.01
2024-07-03T08:00:00,18.87,72.81,0.01
2024-07-03T08:00:00,18.87,72.83,0.0
2024-07-03T08:00:00,18.87,72.85,0.01
2024-07-03T08:00:00,18.87,72.87,0.01
2024-07-03T08:00:00,18.87,72.89,0.01
2024-07-03T08:00:00,18.87,72.91,0.0
2024-07-03T08:00:00,18.87,72.93,0.01
2024-07-03T08:00:00,18.87,72.95,0.0
2024-07-03T08:00:00,18.87,72.97,0.01
2024-07-03T08:00:00,18.87,72.99,0.01
2024-07-03T08:00:00,18.89,72.77,0.01
2024-07-03T08:00:00,18.89,72.79,0.01
2024-07-03T08:00:00,18.89,72.81,0.01
2024-07-03T08:00:00,18.89,72.83,0.0
2024-07-03T08:00:00,18.89,72.85,0.0
2024-07-03T08:00:00,18.89,72.87,0.0
2024-07-03T08:00:00,18.89,72.89,0.0
2024-07-03T08:00:00,18.89,72.91,0.01
2024-07-03T08:00:00,18.89,72.93,0.01
2024-07-03T08:00:00,18.89,72.95,0.01
2024-07-03T08:00:00,18.89,72.97,0.01
2024-07-03T08:00:00,18.89,72.99,0.0
2024-07-03T08:00:00,18.91,72.77,0.01
2024-07-03T08:00:00,18.91,72.79,0.01
2024-07-03T08:00:00,18.91,72.81,0.01
2024-07-03T08:00:00,18.91,72.83,0.01
2024-07-03T08:00:00,18.91,72.85,0.02
2024-07-03T08:00:00,18.91,72.87,0.01
2024-07-03T08:00:00,18.91,72.89,0.01
2024-07-03T08:00:00,18.91,72.91,0.0
2024-07-03T08:00:00,18.91,72.93,0.01
2024-07-03T08:00:00,18.91,72.95,0.02
2024-07-03T08:00:00,18.91,72.97,0.01
2024-07-03T08:00:00,18.91,72.99,0.0
2024-07-03T08:00:00,18.93,72.77,0.01
2024-07-03T08:00:00,18.93,72.79,0.01
2024-07-03T08:00:00,18.93,72.81,0.02
2024-07-03T08:00:00,18.93,72.83,0.01
2024-07-03T08:00:00,18.93,72.85,0.01
2024-07-03T08:00:00,18.93,72.87,0.01
2024-07-03T08:00:00,18.93,72.89,0.0
2024-07-03T08:00:00,18.93,72.91,0.0
2024-07-03T08:00:00,18.93,72.93,0.0
2024-07-03T08:00:00,18.93,72.95,0.0
2024-07-03T08:00:00,18.93,72.97,0.01
2024-07-03T08:00:00,18.93,72.99,0.02
2024-07-03T08:00:00,18.95,72.77,0.01
2024-07-03T08:00:00,18.95,72.79,0.01
2024-07-03T08:00:00,18.95,72.81,0.01
2024-07-03T08:00:00,18.95,72.83,0.0
2024-07-03T08:00:00,18.95,72.85,0.0
2024-07-03T08:00:00,18.95,72.87,0.02
2024-07-03T08:00:00,18.95,72.89,0.0
2024-07-03T08:00:00,18.95,72.91,0.01
2024-07-03T08:00:00,18.95,72.93,0.0
2024-07-03T08:00:00,18.95,72.95,0.0
2024-07-03T08:00:00,18.95,72.97,0.01
2024-07-03T08:00:00,18.95,72.99,0.0
2024-07-03T08:00:00,18.97,72.77,0.01
2024-07-03T08:00:00,18.97,72.79,0.01
2024-07-03T08:00:00,18.97,72.81,0.01
2024-07-03T08:00:00,18.97,72.83,0.01
2024-07-03T08:00:00,18.97,72.85,0.01
2024-07-03T08:00:00,18.97,72.87,0.01
2024-07-03T08:00:00,18.97,72.89,0.01
2024-07-03T08:00:00,18.97,72.91,0.01
2024-07-03T08:00:00,18.97,72.93,0.01
2024-07-03T08:00:00,18.97,72.95,0.0
2024-07-03T08:00:00,18.97,72.97,0.0
2024-07-03T08:00:00,18.97,72.99,0.01
2024-07-03T08:00:00,18.99,72.77,0.0
2024-07-03T08:00:00,18.99,72.79,0.0
2024-07-03T08:00:00,18.99,72.81,0.0
2024-07-03T08:00:00,18.99,72.83,0.0
2024-07-03T08:00:00,18.99,72.85,0.0
2024-07-03T08:00:00,18.99,72.87,0.01
2024-07-03T08:00:00,18.99,72.89,0.01
2024-07-03T08:00:00,18.99,72.91,0.01
2024-07-03T08:00:00,18.99,72.93,0.0
2024-07-03T08:00:00,18.99,72.95,0.0
2024-07-03T08:00:00,18.99,72.97,0.01
2024-07-03T08:00:00,18.99,72.99,0.0
2024-07-03T08:00:00,19.01,72.77,0.01
2024-07-03T08:00:00,19.01,72.79,0.0
2024-07-03T08:00:00,19.01,72.81,0.0
2024-07-03T08:00:00,19.01,72.83,0.0
2024-07-03T08:00:00,19.01,72.85,0.0
2024-07-03T08:00:00,19.01,72.87,0.01
2024-07-03T08:00:00,19.01,72.89,0.0
2024-07-03T08:00:00,19.01,72.91,0.0
2024-07-03T08:00:00,19.01,72.93,0.01
2024-07-03T08:00:00,19.01,72.95,0.01
2024-07-03T08:00:00,19.01,72.97,0.0
2024-07-03T08:00:00,19.01,72.99,0.01
2024-07-03T08:00:00,19.03,72.77,0.0
2024-07-03T08:00:00,19.03,72.79,0.01
2024-07-03T08:00:00,19.03,72.81,0.01
2024-07-03T08:00:00,19.03,72.83,0.0
2024-07-03T08:00:00,19.03,72.85,0.01
2024-07-03T08:00:00,19.03,72.87,0.0
2024-07-03T08:00:00,19.03,72.89,0.01
2024-07-03T08:00:00,19.03,72.91,0.01
2024-07-03T08:00:00,19.03,72.93,0.0
2024-07-03T08:00:00,19.03,72.95,0.0
2024-07-03T08:00:00,19.03,72.97,0.0
2024-07-03T08:00:00,19.03,72.99,0.0
2024-07-03T08:00:00,19.05,72.77,0.02
2024-07-03T08:00:00,19.05,72.79,0.01
2024-07-03T08:00:00,19.05,72.81,0.0
2024-07-03T08:00:00,19.05,72.83,0.0
2024-07-03T08:00:00,19.05,72.85,0.0
2024-07-03T08:00:00,19.05,72.87,0.01
2024-07-03T08:00:00,19.05,72.89,0.01
2024-07-03T08:00:00,19.05,72.91,0.01
2024-07-03T08:00:00,19.05,72.93,0.0
2024-07-03T08:00:00,19.05,72.95,0.0
2024-07-03T08:00:00,19.05,72.97,0.01
2024-07-03T08:00:00,19.05,72.99,0.01
2024-07-03T08:00:00,19.07,72.77,0.0
2024-07-03T08:00:00,19.07,72.79,0.01
2024-07-03T08:00:00,19.07,72.81,0.0
2024-07-03T08:00:00,19.07,72.83,0.01
2024-07-03T08:00:00,19.07,72.85,0.01
2024-07-03T08:00:00,19.07,72.87,0.0
2024-07-03T08:00:00,19.07,72.89,0.01
2024-07-03T08:00:00,19.07,72.91,0.0
2024-07-03T08:00:00,19.07,72.93,0.0
2024-07-03T08:00:00,19.07,72.95,0.0
2024-07-03T08:00:00,19.07,72.97,0.01
2024-07-03T08:00:00,19.07,72.99,0.01
2024-07-03T08:00:00,19.09,72.77,0.01
2024-07-03T08:00:00,19.09,72.79,0.01
2024-07-03T08:00:00,19.09,72.81,0.0
2024-07-03T08:00:00,19.09,72.83,0.01
2024-07-03T08:00:00,19.09,72.85,0.01
2024-07-03T08:00:00,19.09,72.87,0.0
2024-07-03T08:00:00,19.09,72.89,0.0
2024-07-03T08:00:00,19.09,72.91,0.0
2024-07-03T08:00:00,19.09,72.93,0.01
2024-07-03T08:00:00,19.09,72.95,0.0
2024-07-03T08:00:00,19.09,72.97,0.01
2024-07-03T08:00:00,19.09,72.99,0.0
2024-07-03T08:00:00,19.11,72.77,0.0
2024-07-03T08:00:00,19.11,72.79,0.01
2024-07-03T08:00:00,19.11,72.81,0.01
2024-07-03T08:00:00,19.11,72.83,0.01
2024-07-03T08:00:00,19.11,72.85,0.0
2024-07-03T08:00:00,19.11,72.87,0.01
2024-07-03T08:00:00,19.11,72.89,0.01
2024-07-03T08:00:00,19.11,72.91,0.01
2024-07-03T08:00:00,19.11,72.93,0.0
2024-07-03T08:00:00,19.11,72.95,0.01
2024-07-03T08:00:00,19.11,72.97,0.01
2024-07-03T08:00:00,19.11,72.99,0.01
2024-07-03T08:00:00,19.13,72.77,0.0
2024-07-03T08:00:00,19.13,72.79,0.01
2024-07-03T08:00:00,19.13,72.81,0.01
2024-07-03T08:00:00,19.13,72.83,0.01
2024-07-03T08:00:00,19.13,72.85,0.01
2024-07-03T08:00:00,19.13,72.87,0.01
2024-07-03T08:00:00,19.13,72.89,0.0
2024-07-03T08:00:00,19.13,72.91,0.01
2024-07-03T08:00:00,19.13,72.93,0.01
2024-07-03T08:00:00,19.13,72.95,0.0
2024-07-03T08:00:00,19.13,72.97,0.0
2024-07-03T08:00:00,19.13,72.99,0.01
2024-07-03T08:00:00,19.15,72.77,0.0
2024-07-03T08:00:00,19.15,72.79,0.0
2024-07-03T08:00:00,19.15,72.81,0.01
2024-07-03T08:00:00,19.15,72.83,0.01
2024-07-03T08:00:00,19.15,72.85,0.01
2024-07-03T08:00:00,19.15,72.87,0.01
2024-07-03T08:00:00,19.15,72.89,0.0
2024-07-03T08:00:00,19.15,72.91,0.01
2024-07-03T08:00:00,19.15,72.93,0.01
2024-07-03T08:00:00,19.15,72.95,0.0
2024-07-03T08:00:00,19.15,72.97,0.01
2024-07-03T08:00:00,19.15,72.99,0.01
2024-07-03T08:00:00,19.17,72.77,0.0
2024-07-03T08:00:00,19.17,72.79,0.01
2024-07-03T08:00:00,19.17,72.81,0.02
2024-07-03T08:00:00,19.17,72.83,0.01
2024-07-03T08:00:00,19.17,72.85,0.0
2024-07-03T08:00:00,19.17,72.87,0.01
2024-07-03T08:00:00,19.17,72.89,0.01
2024-07-03T08:00:00,19.17,72.91,0.01
2024-07-03T08:00:00,19.17,72.93,0.0
2024-07-03T08:00:00,19.17,72.95,0.01
2024-07-03T08:00:00,19.17,72.97,0.01
2024-07-03T08:00:00,19.17,72.99,0.0
2024-07-03T08:00:00,19.19,72.77,0.01
2024-07-03T08:00:00,19.19,72.79,0.01
2024-07-03T08:00:00,19.19,72.81,0.0
2024-07-03T08:00:00,19.19,72.83,0.01
2024-07-03T08:00:00,19.19,72.85,0.0
2024-07-03T08:00:00,19.19,72.87,0.01
2024-07-03T08:00:00,19.19,72.89,0.0
2024-07-03T08:00:00,19.19,72.91,0.0
2024-07-03T08:00:00,19.19,72.93,0.01
2024-07-03T08:00:00,19.19,72.95,0.02
2024-07-03T08:00:00,19.19,72.97,0.0
2024-07-03T08:00:00,19.19,72.99,0.01
2024-07-03T08:00:00,19.21,72.77,0.03
2024-07-03T08:00:00,19.21,72.79,0.0
2024-07-03T08:00:00,19.21,72.81,0.0
2024-07-03T08:00:00,19.21,72.83,0.01
2024-07-03T08:00:00,19.21,72.85,0.01
2024-07-03T08:00:00,19.21,72.87,0.01
2024-07-03T08:00:00,19.21,72.89,0.01
2024-07-03T08:00:00,19.21,72.91,0.01
2024-07-03T08:00:00,19.21,72.93,0.01
2024-07-03T08:00:00,19.21,72.95,0.0
2024-07-03T08:00:00,19.21,72.97,0.0
2024-07-03T08:00:00,19.21,72.99,0.01
2024-07-03T08:00:00,19.23,72.77,0.01
2024-07-03T08:00:00,19.23,72.79,0.01
2024-07-03T08:00:00,19.23,72.81,0.01
2024-07-03T08:00:00,19.23,72.83,0.0
2024-07-03T08:00:00,19.23,72.85,0.0
2024-07-03T08:00:00,19.23,72.87,0.01
2024-07-03T08:00:00,19.23,72.89,0.01
2024-07-03T08:00:00,19.23,72.91,0.0
2024-07-03T08:00:00,19.23,72.93,0.01
2024-07-03T08:00:00,19.23,72.95,0.01
2024-07-03T08:00:00,19.23,72.97,0.01
2024-07-03T08:00:00,19.23,72.99,0.01
2024-07-03T08:00:00,19.25,72.77,0.02
2024-07-03T08:00:00,19.25,72.79,0.01
2024-07-03T08:00:00,19.25,72.81,0.02
2024-07-03T08:00:00,19.25,72.83,0.0
2024-07-03T08:00:00,19.25,72.85,0.01
2024-07-03T08:00:00,19.25,72.87,0.01
2024-07-03T08:00:00,19.25,72.89,0.01
2024-07-03T08:00:00,19.25,72.91,0.01
2024-07-03T08:00:00,19.25,72.93,0.01
2024-07-03T08:00:00,19.25,72.95,0.01
2024-07-03T08:00:00,19.25,72.97,0.02
2024-07-03T08:00:00,19.25,72.99,0.01
2024-07-03T09:00:00,18.87,72.77,0.01
2024-07-03T09:00:00,18.87,72.79,0.0
2024-07-03T09:00:00,18.87,72.81,0.0
2024-07-03T09:00:00,18.87,72.83,0.0
2024-07-03T09:00:00,18.87,72.85,0.0
2024-07-03T09:00:00,18.87,72.87,0.01
2024-07-03T09:00:00,18.87,72.89,0.0
2024-07-03T09:00:00,18.87,72.91,0.0
2024-07-03T09:00:00,18.87,72.93,0.01
2024-07-03T09:00:00,18.87,72.95,0.01
2024-07-03T09:00:00,18.87,72.97,0.0
2024-07-03T09:00:00,18.87,72.99,0.0
2024-07-03T09:00:00,18.89,72.77,0.0
2024-07-03T09:00:00,18.89,72.79,0.0
2024-07-03T09:00:00,18.89,72.81,0.0
2024-07-03T09:00:00,18.89,72.83,0.01
2024-07-03T09:00:00,18.89,72.85,0.01
2024-07-03T09:00:00,18.89,72.87,0.0
2024-07-03T09:00:00,18.89,72.89,0.01
2024-07-03T09:00:00,18.89,72.91,0.0
2024-07-03T09:00:00,18.89,72.93,0.0
2024-07-03T09:00:00,18.89,72.95,0.0
2024-07-03T09:00:00,18.89,72.97,0.0
2024-07-03T09:00:00,18.89,72.99,0.0
2024-07-03T09:00:00,18.91,72.77,0.01
2024-07-03T09:00:00,18.91,72.79,0.0
2024-07-03T09:00:00,18.91,72.81,0.0
2024-07-03T09:00:00,18.91,72.83,0.0
2024-07-03T09:00:00,18.91,72.85,0.01
2024-07-03T09:00:00,18.91,72.87,0.0
2024-07-03T09:00:00,18.91,72.89,0.0
2024-07-03T09:00:00,18.91,72.91,0.0
2024-07-03T09:00:00,18.91,72.93,0.01
2024-07-03T09:00:00,18.91,72.95,0.0
2024-07-03T09:00:00,18.91,72.97,0.0
2024-07-03T09:00:00,18.91,72.99,0.0
2024-07-03T09:00:00,18.93,72.77,0.0
2024-07-03T09:00:00,18.93,72.79,0.0
2024-07-03T09:00:00,18.93,72.81,0.0
2024-07-03T09:00:00,18.93,72.83,0.0
2024-07-03T09:00:00,18.93,72.85,0.0
2024-07-03T09:00:00,18.93,72.87,0.0
2024-07-03T09:00:00,18.93,72.89,0.01
2024-07-03T09:00:00,18.93,72.91,0.0
2024-07-03T09:00:00,18.93,72.93,0.0
2024-07-03T09:00:00,18.93,72.95,0.0
2024-07-03T09:00:00,18.93,72.97,0.01
2024-07-03T09:00:00,18.93,72.99,0.0
2024-07-03T09:00:00,18.95,72.77,0.01
2024-07-03T09:00:00,18.95,72.79,0.0
2024-07-03T09:00:00,18.95,72.81,0.01
2024-07-03T09:00:00,18.95,72.83,0.01
2024-07-03T09:00:00,18.95,72.85,0.0
2024-07-03T09:00:00,18.95,72.87,0.0
2024-07-03T09:00:00,18.95,72.89,0.0
2024-07-03T09:00:00,18.95,72.91,0.0
2024-07-03T09:00:00,18.95,72.93,0.01
2024-07-03T09:00:00,18.95,72.95,0.0
2024-07-03T09:00:00,18.95,72.97,0.0
2024-07-03T09:00:00,18.95,72.99,0.0
2024-07-03T09:00:00,18.97,72.77,0.0
2024-07-03T09:00:00,18.97,72.79,0.0
2024-07-03T09:00:00,18.97,72.81,0.0
2024-07-03T09:00:00,18.97,72.83,0.01
2024-07-03T09:00:00,18.97,72.85,0.0
2024-07-03T09:00:00,18.97,72.87,0.0
2024-07-03T09:00:00,18.97,72.89,0.0
2024-07-03T09:00:00,18.97,72.91,0.0
2024-07-03T09:00:00,18.97,72.93,0.0
2024-07-03T09:00:00,18.97,72.95,0.0
2024-07-03T09:00:00,18.97,72.97,0.0
2024-07-03T09:00:00,18.97,72.99,0.0
2024-07-03T09:00:00,18.99,72.77,0.0
2024-07-03T09:00:00,18.99,72.79,0.01
2024-07-03T09:00:00,18.99,72.81,0.0
2024-07-03T09:00:00,18.99,72.83,0.01
2024-07-03T09:00:00,18.99,72.85,0.0
2024-07-03T09:00:00,18.99,72.87,0.0
2024-07-03T09:00:00,18.99,72.89,0.0
2024-07-03T09:00:00,18.99,72.91,0.01
2024-07-03T09:00:00,18.99,72.93,0.0
2024-07-03T09:00:00,18.99,72.95,0.0
2024-07-03T09:00:00,18.99,72.97,0.0
2024-07-03T09:00:00,18.99,72.99,0.01
2024-07-03T09:00:00,19.01,72.77,0.01
2024-07-03T09:00:00,19.01,72.79,0.01
2024-07-03T09:00:00,19.01,72.81,0.0
2024-07-03T09:00:00,19.01,72.83,0.0
2024-07-03T09:00:00,19.01,72.85,0.01
2024-07-03T09:00:00,19.01,72.87,0.0
2024-07-03T09:00:00,19.01,72.89,0.0
2024-07-03T09:00:00,19.01,72.91,0.01
2024-07-03T09:00:00,19.01,72.93,0.0
2024-07-03T09:00:00,19.01,72.95,0.0
2024-07-03T09:00:00,19.01,72.97,0.01
2024-07-03T09:00:00,19.01,72.99,0.0
2024-07-03T09:00:00,19.03,72.77,0.0
2024-07-03T09:00:00,19.03,72.79,0.01
2024-07-03T09:00:00,19.03,72.81,0.0
2024-07-03T09:00:00,19.03,72.83,0.0
2024-07-03T09:00:00,19.03,72.85,0.01
2024-07-03T09:00:00,19.03,72.87,0.0
2024-07-03T09:00:00,19.03,72.89,0.0
2024-07-03T09:00:00,19.03,72.91,0.0
2024-07-03T09:00:00,19.03,72.93,0.0
2024-07-03T09:00:00,19.03,72.95,0.01
2024-07-03T09:00:00,19.03,72.97,0.0
2024-07-03T09:00:00,19.03,72.99,0.01
2024-07-03T09:00:00,19.05,72.77,0.0
2024-07-03T09:00:00,19.05,72.79,0.0
2024-07-03T09:00:00,19.05,72.81,0.0
2024-07-03T09:00:00,19.05,72.83,0.0
2024-07-03T09:00:00,19.05,72.85,0.0
2024-07-03T09:00:00,19.05,72.87,0.01
2024-07-03T09:00:00,19.05,72.89,0.0
2024-07-03T09:00:00,19.05,72.91,0.0
2024-07-03T09:00:00,19.05,72.93,0.0
2024-07-03T09:00:00,19.05,72.95,0.0
2024-07-03T09:00:00,19.05,72.97,0.0
2024-07-03T09:00:00,19.05,72.99,0.0
2024-07-03T09:00:00,19.07,72.77,0.01
2024-07-03T09:00:00,19.07,72.79,0.0
2024-07-03T09:00:00,19.07,72.81,0.0
2024-07-03T09:00:00,19.07,72.83,0.01
2024-07-03T09:00:00,19.07,72.85,0.0
2024-07-03T09:00:00,19.07,72.87,0.0
2024-07-03T09:00:00,19.07,72.89,0.0
2024-07-03T09:00:00,19.07,72.91,0.0
2024-07-03T09:00:00,19.07,72.93,0.01
2024-07-03T09:00:00,19.07,72.95,0.0
2024-07-03T09:00:00,19.07,72.97,0.0
2024-07-03T09:00:00,19.07,72.99,0.0
2024-07-03T09:00:00,19.09,72.77,0.0
2024-07-03T09:00:00,19.09,72.79,0.0
2024-07-03T09:00:00,19.09,72.81,0.0
2024-07-03T09:00:00,19.09,72.83,0.0
2024-07-03T09:00:00,19.09,72.85,0.0
2024-07-03T09:00:00,19.09,72.87,0.0
2024-07-03T09:00:00,19.09,72.89,0.0
2024-07-03T09:00:00,19.09,72.91,0.0
2024-07-03T09:00:00,19.09,72.93,0.0
2024-07-03T09:00:00,19.09,72.95,0.0
2024-07-03T09:00:00,19.09,72.97,0.0
2024-07-03T09:00:00,19.09,72.99,0.0
2024-07-03T09:00:00,19.11,72.77,0.0
2024-07-03T09:00:00,19.11,72.79,0.01
2024-07-03T09:00:00,19.11,72.81,0.01
2024-07-03T09:00:00,19.11,72.83,0.01
2024-07-03T09:00:00,19.11,72.85,0.0
2024-07-03T09:00:00,19.11,72.87,0.0
2024-07-03T09:00:00,19.11,72.89,0.01
2024-07-03T09:00:00,19.11,72.91,0.0
2024-07-03T09:00:00,19.11,72.93,0.0
2024-07-03T09:00:00,19.11,72.95,0.0
2024-07-03T09:00:00,19.11,72.97,0.0
2024-07-03T09:00:00,19.11,72.99,0.0
2024-07-03T09:00:00,19.13,72.77,0.0
2024-07-03T09:00:00,19.13,72.79,0.0
2024-07-03T09:00:00,19.13,72.81,0.01
2024-07-03T09:00:00,19.13,72.83,0.01
2024-07-03T09:00:00,19.13,72.85,0.0
2024-07-03T09:00:00,19.13,72.87,0.0
2024-07-03T09:00:00,19.13,72.89,0.0
2024-07-03T09:00:00,19.13,72.91,0.0
2024-07-03T09:00:00,19.13,72.93,0.0
2024-07-03T09:00:00,19.13,72.95,0.0
2024-07-03T09:00:00,19.13,72.97,0.01
2024-07-03T09:00:00,19.13,72.99,0.0
2024-07-03T09:00:00,19.15,72.77,0.01
2024-07-03T09:00:00,19.15,72.79,0.0
2024-07-03T09:00:00,19.15,72.81,0.0
2024-07-03T09:00:00,19.15,72.83,0.0
2024-07-03T09:00:00,19.15,72.85,0.01
2024-07-03T09:00:00,19.15,72.87,0.0
2024-07-03T09:00:00,19.15,72.89,0.01
2024-07-03T09:00:00,19.15,72.91,0.01
2024-07-03T09:00:00,19.15,72.93,0.0
2024-07-03T09:00:00,19.15,72.95,0.01
2024-07-03T09:00:00,19.15,72.97,0.0
2024-07-03T09:00:00,19.15,72.99,0.0
2024-07-03T09:00:00,19.17,72.77,0.0
2024-07-03T09:00:00,19.17,72.79,0.0
2024-07-03T09:00:00,19.17,72.81,0.01
2024-07-03T09:00:00,19.17,72.83,0.0
2024-07-03T09:00:00,19.17,72.85,0.0
2024-07-03T09:00:00,19.17,72.87,0.0
2024-07-03T09:00:00,19.17,72.89,0.0
2024-07-03T09:00:00,19.17,72.91,0.0
2024-07-03T09:00:00,19.17,72.93,0.01
2024-07-03T09:00:00,19.17,72.95,0.0
2024-07-03T09:00:00,19.17,72.97,0.0
2024-07-03T09:00:00,19.17,72.99,0.0
2024-07-03T09:00:00,19.19,72.77,0.01
2024-07-03T09:00:00,19.19,72.79,0.01
2024-07-03T09:00:00,19.19,72.81,0.0
2024-07-03T09:00:00,19.19,72.83,0.0
2024-07-03T09:00:00,19.19,72.85,0.01
2024-07-03T09:00:00,19.19,72.87,0.0
2024-07-03T09:00:00,19.19,72.89,0.0
2024-07-03T09:00:00,19.19,72.91,0.0
2024-07-03T09:00:00,19.19,72.93,0.0
2024-07-03T09:00:00,19.19,72.95,0.0
2024-07-03T09:00:00,19.19,72.97,0.0
2024-07-03T09:00:00,19.19,72.99,0.01
2024-07-03T09:00:00,19.21,72.77,0.0
2024-07-03T09:00:00,19.21,72.79,0.01
2024-07-03T09:00:00,19.21,72.81,0.0
2024-07-03T09:00:00,19.21,72.83,0.01
2024-07-03T09:00:00,19.21,72.85,0.0
2024-07-03T09:00:00,19.21,72.87,0.0
2024-07-03T09:00:00,19.21,72.89,0.01
2024-07-03T09:00:00,19.21,72.91,0.01
2024-07-03T09:00:00,19.21,72.93,0.01
2024-07-03T09:00:00,19.21,72.95,0.0
2024-07-03T09:00:00,19.21,72.97,0.0
2024-07-03T09:00:00,19.21,72.99,0.0
2024-07-03T09:00:00,19.23,72.77,0.02
2024-07-03T09:00:00,19.23,72.79,0.0
2024-07-03T09:00:00,19.23,72.81,0.0
2024-07-03T09:00:00,19.23,72.83,0.0
2024-07-03T09:00:00,19.23,72.85,0.0
2024-07-03T09:00:00,19.23,72.87,0.0
2024-07-03T09:00:00,19.23,72.89,0.0
2024-07-03T09:00:00,19.23,72.91,0.0
2024-07-03T09:00:00,19.23,72.93,0.0
2024-07-03T09:00:00,19.23,72.95,0.0
2024-07-03T09:00:00,19.23,72.97,0.0
2024-07-03T09:00:00,19.23,72.99,0.0
2024-07-03T09:00:00,19.25,72.77,0.0
2024-07-03T09:00:00,19.25,72.79,0.0
2024-07-03T09:00:00,19.25,72.81,0.0
2024-07-03T09:00:00,19.25,72.83,0.0
2024-07-03T09:00:00,19.25,72.85,0.0
2024-07-03T09:00:00,19.25,72.87,0.0
2024-07-03T09:00:00,19.25,72.89,0.0
2024-07-03T09:00:00,19.25,72.91,0.0
2024-07-03T09:00:00,19.25,72.93,0.0
2024-07-03T09:00:00,19.25,72.95,0.01
2024-07-03T09:00:00,19.25,72.97,0.0
2024-07-03T09:00:00,19.25,72.99,0.01
2024-07-03T10:00:00,18.87,72.77,0.0
2024-07-03T10:00:00,18.87,72.79,0.0
2024-07-03T10:00:00,18.87,72.81,0.0
2024-07-03T10:00:00,18.87,72.83,0.01
2024-07-03T10:00:00,18.87,72.85,0.0
2024-07-03T10:00:00,18.87,72.87,0.0
2024-07-03T10:00:00,18.87,72.89,0.0
2024-07-03T10:00:00,18.87,72.91,0.0
2024-07-03T10:00:00,18.87,72.93,0.0
2024-07-03T10:00:00,18.87,72.95,0.0
2024-07-03T10:00:00,18.87,72.97,0.0
2024-07-03T10:00:00,18.87,72.99,0.0
2024-07-03T10:00:00,18.89,72.77,0.01
2024-07-03T10:00:00,18.89,72.79,0.0
2024-07-03T10:00:00,18.89,72.81,0.0
2024-07-03T10:00:00,18.89,72.83,0.0
2024-07-03T10:00:00,18.89,72.85,0.0
2024-07-03T10:00:00,18.89,72.87,0.0
2024-07-03T10:00:00,18.89,72.89,0.0
2024-07-03T10:00:00,18.89,72.91,0.0
2024-07-03T10:00:00,18.89,72.93,0.0
2024-07-03T10:00:00,18.89,72.95,0.0
2024-07-03T10:00:00,18.89,72.97,0.0
2024-07-03T10:00:00,18.89,72.99,0.0
2024-07-03T10:00:00,18.91,72.77,0.0
2024-07-03T10:00:00,18.91,72.79,0.0
2024-07-03T10:00:00,18.91,72.81,0.0
2024-07-03T10:00:00,18.91,72.83,0.0
2024-07-03T10:00:00,18.91,72.85,0.0
2024-07-03T10:00:00,18.91,72.87,0.0
2024-07-03T10:00:00,18.91,72.89,0.0
2024-07-03T10:00:00,18.91,72.91,0.0
2024-07-03T10:00:00,18.91,72.93,0.0
2024-07-03T10:00:00,18.91,72.95,0.0
2024-07-03T10:00:00,18.91,72.97,0.0
2024-07-03T10:00:00,18.91,72.99,0.0
2024-07-03T10:00:00,18.93,72.77,0.01
2024-07-03T10:00:00,18.93,72.79,0.0
2024-07-03T10:00:00,18.93,72.81,0.0
2024-07-03T10:00:00,18.93,72.83,0.0
2024-07-03T10:00:00,18.93,72.85,0.0
2024-07-03T10:00:00,18.93,72.87,0.0
2024-07-03T10:00:00,18.93,72.89,0.0
2024-07-03T10:00:00,18.93,72.91,0.0
2024-07-03T10:00:00,18.93,72.93,0.0
2024-07-03T10:00:00,18.93,72.95,0.0
2024-07-03T10:00:00,18.93,72.97,0.0
2024-07-03T10:00:00,18.93,72.99,0.0
2024-07-03T10:00:00,18.95,72.77,0.01
2024-07-03T10:00:00,18.95,72.79,0.0
2024-07-03T10:00:00,18.95,72.81,0.0
2024-07-03T10:00:00,18.95,72.83,0.0
2024-07-03T10:00:00,18.95,72.85,0.0
2024-07-03T10:00:00,18.95,72.87,0.0
2024-07-03T10:00:00,18.95,72.89,0.0
2024-07-03T10:00:00,18.95,72.91,0.0
2024-07-03T10:00:00,18.95,72.93,0.0
2024-07-03T10:00:00,18.95,72.95,0.01
2024-07-03T10:00:00,18.95,72.97,0.0
2024-07-03T10:00:00,18.95,72.99,0.01
2024-07-03T10:00:00,18.97,72.77,0.0
2024-07-03T10:00:00,18.97,72.79,0.0
2024-07-03T10:00:00,18.97,72.81,0.0
2024-07-03T10:00:00,18.97,72.83,0.0
2024-07-03T10:00:00,18.97,72.85,0.0
2024-07-03T10:00:00,18.97,72.87,0.0
2024-07-03T10:00:00,18.97,72.89,0.0
2024-07-03T10:00:00,18.97,72.91,0.01
2024-07-03T10:00:00,18.97,72.93,0.0
2024-07-03T10:00:00,18.97,72.95,0.0
2024-07-03T10:00:00,18.97,72.97,0.01
2024-07-03T10:00:00,18.97,72.99,0.0
2024-07-03T10:00:00,18.99,72.77,0.0
2024-07-03T10:00:00,18.99,72.79,0.0
2024-07-03T10:00:00,18.99,72.81,0.0
2024-07-03T10:00:00,18.99,72.83,0.0
2024-07-03T10:00:00,18.99,72.85,0.01
2024-07-03T10:00:00,18.99,72.87,0.0
2024-07-03T10:00:00,18.99,72.89,0.0
2024-07-03T10:00:00,18.99,72.91,0.0
2024-07-03T10:00:00,18.99,72.93,0.0
2024-07-03T10:00:00,18.99,72.95,0.0
2024-07-03T10:00:00,18.99,72.97,0.0
2024-07-03T10:00:00,18.99,72.99,0.0
2024-07-03T10:00:00,19.01,72.77,0.0
2024-07-03T10:00:00,19.01,72.79,0.0
2024-07-03T10:00:00,19.01,72.81,0.0
2024-07-03T10:00:00,19.01,72.83,0.01
2024-07-03T10:00:00,19.01,72.85,0.0
2024-07-03T10:00:00,19.01,72.87,0.0
2024-07-03T10:00:00,19.01,72.89,0.0
2024-07-03T10:00:00,19.01,72.91,0.0
2024-07-03T10:00:00,19.01,72.93,0.0
2024-07-03T10:00:00,19.01,72.95,0.0
2024-07-03T10:00:00,19.01,72.97,0.0
2024-07-03T10:00:00,19.01,72.99,0.0
2024-07-03T10:00:00,19.03,72.77,0.0
2024-07-03T10:00:00,19.03,72.79,0.0
2024-07-03T10:00:00,19.03,72.81,0.01
2024-07-03T10:00:00,19.03,72.83,0.0
2024-07-03T10:00:00,19.03,72.85,0.0
2024-07-03T10:00:00,19.03,72.87,0.0
2024-07-03T10:00:00,19.03,72.89,0.0
2024-07-03T10:00:00,19.03,72.91,0.0
2024-07-03T10:00:00,19.03,72.93,0.01
2024-07-03T10:00:00,19.03,72.95,0.0
2024-07-03T10:00:00,19.03,72.97,0.01
2024-07-03T10:00:00,19.03,72.99,0.0
2024-07-03T10:00:00,19.05,72.77,0.0
2024-07-03T10:00:00,19.05,72.79,0.01
2024-07-03T10:00:00,19.05,72.81,0.0
2024-07-03T10:00:00,19.05,72.83,0.01
2024-07-03T10:00:00,19.05,72.85,0.0
2024-07-03T10:00:00,19.05,72.87,0.0
2024-07-03T10:00:00,19.05,72.89,0.0
2024-07-03T10:00:00,19.05,72.91,0.0
2024-07-03T10:00:00,19.05,72.93,0.0
2024-07-03T10:00:00,19.05,72.95,0.0
2024-07-03T10:00:00,19.05,72.97,0.0
2024-07-03T10:00:00,19.05,72.99,0.0
2024-07-03T10:00:00,19.07,72.77,0.0
2024-07-03T10:00:00,19.07,72.79,0.0
2024-07-03T10:00:00,19.07,72.81,0.0
2024-07-03T10:00:00,19.07,72.83,0.0
2024-07-03T10:00:00,19.07,72.85,0.0
2024-07-03T10:00:00,19.07,72.87,0.0
2024-07-03T10:00:00,19.07,72.89,0.0
2024-07-03T10:00:00,19.07,72.91,0.0
2024-07-03T10:00:00,19.07,72.93,0.0
2024-07-03T10:00:00,19.07,72.95,0.0
2024-07-03T10:00:00,19.07,72.97,0.0
2024-07-03T10:00:00,19.07,72.99,0.0
2024-07-03T10:00:00,19.09,72.77,0.0
2024-07-03T10:00:00,19.09,72.79,0.0
2024-07-03T10:00:00,19.09,72.81,0.0
2024-07-03T10:00:00,19.09,72.83,0.0
2024-07-03T10:00:00,19.09,72.85,0.0
2024-07-03T10:00:00,19.09,72.87,0.0
2024-07-03T10:00:00,19.09,72.89,0.0
2024-07-03T10:00:00,19.09,72.91,0.0
2024-07-03T10:00:00,19.09,72.93,0.0
2024-07-03T10:00:00,19.09,72.95,0.0
2024-07-03T10:00:00,19.09,72.97,0.0
2024-07-03T10:00:00,19.09,72.99,0.0
2024-07-03T10:00:00,19.11,72.77,0.01
2024-07-03T10:00:00,19.11,72.79,0.0
2024-07-03T10:00:00,19.11,72.81,0.01
2024-07-03T10:00:00,19.11,72.83,0.0
2024-07-03T10:00:00,19.11,72.85,0.0
2024-07-03T10:00:00,19.11,72.87,0.0
2024-07-03T10:00:00,19.11,72.89,0.0
2024-07-03T10:00:00,19.11,72.91,0.0
2024-07-03T10:00:00,19.11,72.93,0.01
2024-07-03T10:00:00,19.11,72.95,0.0
2024-07-03T10:00:00,19.11,72.97,0.0
2024-07-03T10:00:00,19.11,72.99,0.0
2024-07-03T10:00:00,19.13,72.77,0.0
2024-07-03T10:00:00,19.13,72.79,0.0
2024-07-03T10:00:00,19.13,72.81,0.0
2024-07-03T10:00:00,19.13,72.83,0.0
2024-07-03T10:00:00,19.13,72.85,0.01
2024-07-03T10:00:00,19.13,72.87,0.0
2024-07-03T10:00:00,19.13,72.89,0.01
2024-07-03T10:00:00,19.13,72.91,0.0
2024-07-03T10:00:00,19.13,72.93,0.0
2024-07-03T10:00:00,19.13,72.95,0.0
2024-07-03T10:00:00,19.13,72.97,0.01
2024-07-03T10:00:00,19.13,72.99,0.0
2024-07-03T10:00:00,19.15,72.77,0.0
2024-07-03T10:00:00,19.15,72.79,0.0
2024-07-03T10:00:00,19.15,72.81,0.01
2024-07-03T10:00:00,19.15,72.83,0.0
2024-07-03T10:00:00,19.15,72.85,0.0
2024-07-03T10:00:00,19.15,72.87,0.0
2024-07-03T10:00:00,19.15,72.89,0.0
2024-07-03T10:00:00,19.15,72.91,0.0
2024-07-03T10:00:00,19.15,72.93,0.0
2024-07-03T10:00:00,19.15,72.95,0.0
2024-07-03T10:00:00,19.15,72.97,0.01
2024-07-03T10:00:00,19.15,72.99,0.0
2024-07-03T10:00:00,19.17,72.77,0.0
2024-07-03T10:00:00,19.17,72.79,0.0
2024-07-03T10:00:00,19.17,72.81,0.01
2024-07-03T10:00:00,19.17,72.83,0.0
2024-07-03T10:00:00,19.17,72.85,0.0
2024-07-03T10:00:00,19.17,72.87,0.0
2024-07-03T10:00:00,19.17,72.89,0.0
2024-07-03T10:00:00,19.17,72.91,0.0
2024-07-03T10:00:00,19.17,72.93,0.0
2024-07-03T10:00:00,19.17,72.95,0.0
2024-07-03T10:00:00,19.17,72.97,0.0
2024-07-03T10:00:00,19.17,72.99,0.0
2024-07-03T10:00:00,19.19,72.77,0.0
2024-07-03T10:00:00,19.19,72.79,0.0
2024-07-03T10:00:00,19.19,72.81,0.0
2024-07-03T10:00:00,19.19,72.83,0.0
2024-07-03T10:00:00,19.19,72.85,0.0
2024-07-03T10:00:00,19.19,72.87,0.0
2024-07-03T10:00:00,19.19,72.89,0.01
2024-07-03T10:00:00,19.19,72.91,0.0
2024-07-03T10:00:00,19.19,72.93,0.0
2024-07-03T10:00:00,19.19,72.95,0.0
2024-07-03T10:00:00,19.19,72.97,0.0
2024-07-03T10:00:00,19.19,72.99,0.0
2024-07-03T10:00:00,19.21,72.77,0.0
2024-07-03T10:00:00,19.21,72.79,0.0
2024-07-03T10:00:00,19.21,72.81,0.0
2024-07-03T10:00:00,19.21,72.83,0.0
2024-07-03T10:00:00,19.21,72.85,0.0
2024-07-03T10:00:00,19.21,72.87,0.0
2024-07-03T10:00:00,19.21,72.89,0.0
2024-07-03T10:00:00,19.21,72.91,0.0
2024-07-03T10:00:00,19.21,72.93,0.0
2024-07-03T10:00:00,19.21,72.95,0.0
2024-07-03T10:00:00,19.21,72.97,0.0
2024-07-03T10:00:00,19.21,72.99,0.0
2024-07-03T10:00:00,19.23,72.77,0.01
2024-07-03T10:00:00,19.23,72.79,0.0
2024-07-03T10:00:00,19.23,72.81,0.0
2024-07-03T10:00:00,19.23,72.83,0.0
2024-07-03T10:00:00,19.23,72.85,0.0
2024-07-03T10:00:00,19.23,72.87,0.01
2024-07-03T10:00:00,19.23,72.89,0.0
2024-07-03T10:00:00,19.23,72.91,0.0
2024-07-03T10:00:00,19.23,72.93,0.01
2024-07-03T10:00:00,19.23,72.95,0.0
2024-07-03T10:00:00,19.23,72.97,0.0
2024-07-03T10:00:00,19.23,72.99,0.0
2024-07-03T10:00:00,19.25,72.77,0.0
2024-07-03T10:00:00,19.25,72.79,0.0
2024-07-03T10:00:00,19.25,72.81,0.0
2024-07-03T10:00:00,19.25,72.83,0.0
2024-07-03T10:00:00,19.25,72.85,0.0
2024-07-03T10:00:00,19.25,72.87,0.0
2024-07-03T10:00:00,19.25,72.89,0.0
2024-07-03T10:00:00,19.25,72.91,0.0
2024-07-03T10:00:00,19.25,72.93,0.0
2024-07-03T10:00:00,19.25,72.95,0.0
2024-07-03T10:00:00,19.25,72.97,0.0
2024-07-03T10:00:00,19.25,72.99,0.01
2024-07-03T11:00:00,18.87,72.77,0.0
2024-07-03T11:00:00,18.87,72.79,0.0
2024-07-03T11:00:00,18.87,72.81,0.0
2024-07-03T11:00:00,18.87,72.83,0.0
2024-07-03T11:00:00,18.87,72.85,0.0
2024-07-03T11:00:00,18.87,72.87,0.0
2024-07-03T11:00:00,18.87,72.89,0.0
2024-07-03T11:00:00,18.87,72.91,0.0
2024-07-03T11:00:00,18.87,72.93,0.0
2024-07-03T11:00:00,18.87,72.95,0.0
2024-07-03T11:00:00,18.87,72.97,0.0
2024-07-03T11:00:00,18.87,72.99,0.01
2024-07-03T11:00:00,18.89,72.77,0.0
2024-07-03T11:00:00,18.89,72.79,0.0
2024-07-03T11:00:00,18.89,72.81,0.0
2024-07-03T11:00:00,18.89,72.83,0.0
2024-07-03T11:00:00,18.89,72.85,0.0
2024-07-03T11:00:00,18.89,72.87,0.0
2024-07-03T11:00:00,18.89,72.89,0.0
2024-07-03T11:00:00,18.89,72.91,0.0
2024-07-03T11:00:00,18.89,72.93,0.0
2024-07-03T11:00:00,18.89,72.95,0.0
2024-07-03T11:00:00,18.89,72.97,0.0
2024-07-03T11:00:00,18.89,72.99,0.0
2024-07-03T11:00:00,18.91,72.77,0.0
2024-07-03T11:00:00,18.91,72.79,0.0
2024-07-03T11:00:00,18.91,72.81,0.0
2024-07-03T11:00:00,18.91,72.83,0.0
2024-07-03T11:00:00,18.91,72.85,0.0
2024-07-03T11:00:00,18.91,72.87,0.0
2024-07-03T11:00:00,18.91,72.89,0.0
2024-07-03T11:00:00,18.91,72.91,0.0
2024-07-03T11:00:00,18.91,72.93,0.0
2024-07-03T11:00:00,18.91,72.95,0.0
2024-07-03T11:00:00,18.91,72.97,0.0
2024-07-03T11:00:00,18.91,72.99,0.0
2024-07-03T11:00:00,18.93,72.77,0.0
2024-07-03T11:00:00,18.93,72.79,0.0
2024-07-03T11:00:00,18.93,72.81,0.0
2024-07-03T11:00:00,18.93,72.83,0.0
2024-07-03T11:00:00,18.93,72.85,0.0
2024-07-03T11:00:00,18.93,72.87,0.0
2024-07-03T11:00:00,18.93,72.89,0.0
2024-07-03T11:00:00,18.93,72.91,0.0
2024-07-03T11:00:00,18.93,72.93,0.0
2024-07-03T11:00:00,18.93,72.95,0.0
2024-07-03T11:00:00,18.93,72.97,0.0
2024-07-03T11:00:00,18.93,72.99,0.0
2024-07-03T11:00:00,18.95,72.77,0.0
2024-07-03T11:00:00,18.95,72.79,0.0
2024-07-03T11:00:00,18.95,72.81,0.0
2024-07-03T11:00:00,18.95,72.83,0.0
2024-07-03T11:00:00,18.95,72.85,0.0
2024-07-03T11:00:00,18.95,72.87,0.0
2024-07-03T11:00:00,18.95,72.89,0.0
2024-07-03T11:00:00,18.95,72.91,0.0
2024-07-03T11:00:00,18.95,72.93,0.0
2024-07-03T11:00:00,18.95,72.95,0.0
2024-07-03T11:00:00,18.95,72.97,0.0
2024-07-03T11:00:00,18.95,72.99,0.0
2024-07-03T11:00:00,18.97,72.77,0.0
2024-07-03T11:00:00,18.97,72.79,0.0
2024-07-03T11:00:00,18.97,72.81,0.0
2024-07-03T11:00:00,18.97,72.83,0.0
2024-07-03T11:00:00,18.97,72.85,0.0
2024-07-03T11:00:00,18.97,72.87,0.0
2024-07-03T11:00:00,18.97,72.89,0.0
2024-07-03T11:00:00,18.97,72.91,0.0
2024-07-03T11:00:00,18.97,72.93,0.0
2024-07-03T11:00:00,18.97,72.95,0.0
2024-07-03T11:00:00,18.97,72.97,0.0
2024-07-03T11:00:00,18.97,72.99,0.0
2024-07-03T11:00:00,18.99,72.77,0.0
2024-07-03T11:00:00,18.99,72.79,0.0
2024-07-03T11:00:00,18.99,72.81,0.0
2024-07-03T11:00:00,18.99,72.83,0.0
2024-07-03T11:00:00,18.99,72.85,0.0
2024-07-03T11:00:00,18.99,72.87,0.0
2024-07-03T11:00:00,18.99,72.89,0.0
2024-07-03T11:00:00,18.99,72.91,0.0
2024-07-03T11:00:00,18.99,72.93,0.0
2024-07-03T11:00:00,18.99,72.95,0.0
2024-07-03T11:00:00,18.99,72.97,0.0
2024-07-03T11:00:00,18.99,72.99,0.0
2024-07-03T11:00:00,19.01,72.77,0.0
2024-07-03T11:00:00,19.01,72.79,0.0
2024-07-03T11:00:00,19.01,72.81,0.0
2024-07-03T11:00:00,19.01,72.83,0.0
2024-07-03T11:00:00,19.01,72.85,0.0
2024-07-03T11:00:00,19.01,72.87,0.0
2024-07-03T11:00:00,19.01,72.89,0.0
2024-07-03T11:00:00,19.01,72.91,0.0
2024-07-03T11:00:00,19.01,72.93,0.0
2024-07-03T11:00:00,19.01,72.95,0.0
2024-07-03T11:00:00,19.01,72.97,0.0
2024-07-03T11:00:00,19.01,72.99,0.0
2024-07-03T11:00:00,19.03,72.77,0.0
2024-07-03T11:00:00,19.03,72.79,0.0
2024-07-03T11:00:00,19.03,72.81,0.0
2024-07-03T11:00:00,19.03,72.83,0.0
2024-07-03T11:00:00,19.03,72.85,0.0
2024-07-03T11:00:00,19.03,72.87,0.0
2024-07-03T11:00:00,19.03,72.89,0.0
2024-07-03T11:00:00,19.03,72.91,0.0
2024-07-03T11:00:00,19.03,72.93,0.0
2024-07-03T11:00:00,19.03,72.95,0.0
2024-07-03T11:00:00,19.03,72.97,0.0
2024-07-03T11:00:00,19.03,72.99,0.0
2024-07-03T11:00:00,19.05,72.77,0.0
2024-07-03T11:00:00,19.05,72.79,0.0
2024-07-03T11:00:00,19.05,72.81,0.0
2024-07-03T11:00:00,19.05,72.83,0.0
2024-07-03T11:00:00,19.05,72.85,0.0
2024-07-03T11:00:00,19.05,72.87,0.0
2024-07-03T11:00:00,19.05,72.89,0.0
2024-07-03T11:00:00,19.05,72.91,0.0
2024-07-03T11:00:00,19.05,72.93,0.0
2024-07-03T11:00:00,19.05,72.95,0.0
2024-07-03T11:00:00,19.05,72.97,0.0
2024-07-03T11:00:00,19.05,72.99,0.0
2024-07-03T11:00:00,19.07,72.77,0.0
2024-07-03T11:00:00,19.07,72.79,0.01
2024-07-03T11:00:00,19.07,72.81,0.01
2024-07-03T11:00:00,19.07,72.83,0.0
2024-07-03T11:00:00,19.07,72.85,0.0
2024-07-03T11:00:00,19.07,72.87,0.01
2024-07-03T11:00:00,19.07,72.89,0.0
2024-07-03T11:00:00,19.07,72.91,0.0
2024-07-03T11:00:00,19.07,72.93,0.0
2024-07-03T11:00:00,19.07,72.95,0.01
2024-07-03T11:00:00,19.07,72.97,0.0
2024-07-03T11:00:00,19.07,72.99,0.0
2024-07-03T11:00:00,19.09,72.77,0.0
2024-07-03T11:00:00,19.09,72.79,0.0
2024-07-03T11:00:00,19.09,72.81,0.0
2024-07-03T11:00:00,19.09,72.83,0.0
2024-07-03T11:00:00,19.09,72.85,0.0
2024-07-03T11:00:00,19.09,72.87,0.0
2024-07-03T11:00:00,19.09,72.89,0.0
2024-07-03T11:00:00,19.09,72.91,0.0
2024-07-03T11:00:00,19.09,72.93,0.0
2024-07-03T11:00:00,19.09,72.95,0.0
2024-07-03T11:00:00,19.09,72.97,0.0
2024-07-03T11:00:00,19.09,72.99,0.0
2024-07-03T11:00:00,19.11,72.77,0.0
2024-07-03T11:00:00,19.11,72.79,0.0
2024-07-03T11:00:00,19.11,72.81,0.0
2024-07-03T11:00:00,19.11,72.83,0.0
2024-07-03T11:00:00,19.11,72.85,0.0
2024-07-03T11:00:00,19.11,72.87,0.0
2024-07-03T11:00:00,19.11,72.89,0.0
2024-07-03T11:00:00,19.11,72.91,0.0
2024-07-03T11:00:00,19.11,72.93,0.0
2024-07-03T11:00:00,19.11,72.95,0.0
2024-07-03T11:00:00,19.11,72.97,0.0
2024-07-03T11:00:00,19.11,72.99,0.0
2024-07-03T11:00:00,19.13,72.77,0.0
2024-07-03T11:00:00,19.13,72.79,0.0
2024-07-03T11:00:00,19.13,72.81,0.0
2024-07-03T11:00:00,19.13,72.83,0.0
2024-07-03T11:00:00,19.13,72.85,0.0
2024-07-03T11:00:00,19.13,72.87,0.0
2024-07-03T11:00:00,19.13,72.89,0.0
2024-07-03T11:00:00,19.13,72.91,0.0
2024-07-03T11:00:00,19.13,72.93,0.0
2024-07-03T11:00:00,19.13,72.95,0.0
2024-07-03T11:00:00,19.13,72.97,0.0
2024-07-03T11:00:00,19.13,72.99,0.0
2024-07-03T11:00:00,19.15,72.77,0.0
2024-07-03T11:00:00,19.15,72.79,0.0
2024-07-03T11:00:00,19.15,72.81,0.0
2024-07-03T11:00:00,19.15,72.83,0.0
2024-07-03T11:00:00,19.15,72.85,0.0
2024-07-03T11:00:00,19.15,72.87,0.0
2024-07-03T11:00:00,19.15,72.89,0.0
2024-07-03T11:00:00,19.15,72.91,0.0
2024-07-03T11:00:00,19.15,72.93,0.0
2024-07-03T11:00:00,19.15,72.95,0.0
2024-07-03T11:00:00,19.15,72.97,0.0
2024-07-03T11:00:00,19.15,72.99,0.0
2024-07-03T11:00:00,19.17,72.77,0.0
2024-07-03T11:00:00,19.17,72.79,0.0
2024-07-03T11:00:00,19.17,72.81,0.0
2024-07-03T11:00:00,19.17,72.83,0.01
2024-07-03T11:00:00,19.17,72.85,0.0
2024-07-03T11:00:00,19.17,72.87,0.0
2024-07-03T11:00:00,19.17,72.89,0.0
2024-07-03T11:00:00,19.17,72.91,0.0
2024-07-03T11:00:00,19.17,72.93,0.0
2024-07-03T11:00:00,19.17,72.95,0.0
2024-07-03T11:00:00,19.17,72.97,0.0
2024-07-03T11:00:00,19.17,72.99,0.0
2024-07-03T11:00:00,19.19,72.77,0.0
2024-07-03T11:00:00,19.19,72.79,0.0
2024-07-03T11:00:00,19.19,72.81,0.0
2024-07-03T11:00:00,19.19,72.83,0.0
2024-07-03T11:00:00,19.19,72.85,0.0
2024-07-03T11:00:00,19.19,72.87,0.0
2024-07-03T11:00:00,19.19,72.89,0.0
2024-07-03T11:00:00,19.19,72.91,0.0
2024-07-03T11:00:00,19.19,72.93,0.0
2024-07-03T11:00:00,19.19,72.95,0.0
2024-07-03T11:00:00,19.19,72.97,0.0
2024-07-03T11:00:00,19.19,72.99,0.0
2024-07-03T11:00:00,19.21,72.77,0.0
2024-07-03T11:00:00,19.21,72.79,0.0
2024-07-03T11:00:00,19.21,72.81,0.0
2024-07-03T11:00:00,19.21,72.83,0.0
2024-07-03T11:00:00,19.21,72.85,0.0
2024-07-03T11:00:00,19.21,72.87,0.0
2024-07-03T11:00:00,19.21,72.89,0.0
2024-07-03T11:00:00,19.21,72.91,0.0
2024-07-03T11:00:00,19.21,72.93,0.0
2024-07-03T11:00:00,19.21,72.95,0.0
2024-07-03T11:00:00,19.21,72.97,0.0
2024-07-03T11:00:00,19.21,72.99,0.0
2024-07-03T11:00:00,19.23,72.77,0.0
2024-07-03T11:00:00,19.23,72.79,0.0
2024-07-03T11:00:00,19.23,72.81,0.0
2024-07-03T11:00:00,19.23,72.83,0.0
2024-07-03T11:00:00,19.23,72.85,0.0
2024-07-03T11:00:00,19.23,72.87,0.0
2024-07-03T11:00:00,19.23,72.89,0.0
2024-07-03T11:00:00,19.23,72.91,0.0
2024-07-03T11:00:00,19.23,72.93,0.0
2024-07-03T11:00:00,19.23,72.95,0.0
2024-07-03T11:00:00,19.23,72.97,0.0
2024-07-03T11:00:00,19.23,72.99,0.0
2024-07-03T11:00:00,19.25,72.77,0.0
2024-07-03T11:00:00,19.25,72.79,0.0
2024-07-03T11:00:00,19.25,72.81,0.0
2024-07-03T11:00:00,19.25,72.83,0.0
2024-07-03T11:00:00,19.25,72.85,0.0
2024-07-03T11:00:00,19.25,72.87,0.0
2024-07-03T11:00:00,19.25,72.89,0.0
2024-07-03T11:00:00,19.25,72.91,0.0
2024-07-03T11:00:00,19.25,72.93,0.0
2024-07-03T11:00:00,19.25,72.95,0.0
2024-07-03T11:00:00,19.25,72.97,0.0
2024-07-03T11:00:00,19.25,72.99,0.0
2024-07-03T12:00:00,18.87,72.77,0.0
2024-07-03T12:00:00,18.87,72.79,0.0
2024-07-03T12:00:00,18.87,72.81,0.0
2024-07-03T12:00:00,18.87,72.83,0.0
2024-07-03T12:00:00,18.87,72.85,0.0
2024-07-03T12:00:00,18.87,72.87,0.0
2024-07-03T12:00:00,18.87,72.89,0.0
2024-07-03T12:00:00,18.87,72.91,0.0
2024-07-03T12:00:00,18.87,72.93,0.0
2024-07-03T12:00:00,18.87,72.95,0.0
2024-07-03T12:00:00,18.87,72.97,0.0
2024-07-03T12:00:00,18.87,72.99,0.0
2024-07-03T12:00:00,18.89,72.77,0.0
2024-07-03T12:00:00,18.89,72.79,0.0
2024-07-03T12:00:00,18.89,72.81,0.0
2024-07-03T12:00:00,18.89,72.83,0.0
2024-07-03T12:00:00,18.89,72.85,0.0
2024-07-03T12:00:00,18.89,72.87,0.0
2024-07-03T12:00:00,18.89,72.89,0.0
2024-07-03T12:00:00,18.89,72.91,0.0
2024-07-03T12:00:00,18.89,72.93,0.0
2024-07-03T12:00:00,18.89,72.95,0.0
2024-07-03T12:00:00,18.89,72.97,0.0
2024-07-03T12:00:00,18.89,72.99,0.0
2024-07-03T12:00:00,18.91,72.77,0.0
2024-07-03T12:00:00,18.91,72.79,0.0
2024-07-03T12:00:00,18.91,72.81,0.0
2024-07-03T12:00:00,18.91,72.83,0.0
2024-07-03T12:00:00,18.91,72.85,0.0
2024-07-03T12:00:00,18.91,72.87,0.0
2024-07-03T12:00:00,18.91,72.89,0.0
2024-07-03T12:00:00,18.91,72.91,0.0
2024-07-03T12:00:00,18.91,72.93,0.0
2024-07-03T12:00:00,18.91,72.95,0.0
2024-07-03T12:00:00,18.91,72.97,0.0
2024-07-03T12:00:00,18.91,72.99,0.0
2024-07-03T12:00:00,18.93,72.77,0.0
2024-07-03T12:00:00,18.93,72.79,0.0
2024-07-03T12:00:00,18.93,72.81,0.0
2024-07-03T12:00:00,18.93,72.83,0.0
2024-07-03T12:00:00,18.93,72.85,0.0
2024-07-03T12:00:00,18.93,72.87,0.0
2024-07-03T12:00:00,18.93,72.89,0.0
2024-07-03T12:00:00,18.93,72.91,0.0
2024-07-03T12:00:00,18.93,72.93,0.0
2024-07-03T12:00:00,18.93,72.95,0.0
2024-07-03T12:00:00,18.93,72.97,0.0
2024-07-03T12:00:00,18.93,72.99,0.0
2024-07-03T12:00:00,18.95,72.77,0.0
2024-07-03T12:00:00,18.95,72.79,0.0
2024-07-03T12:00:00,18.95,72.81,0.0
2024-07-03T12:00:00,18.95,72.83,0.0
2024-07-03T12:00:00,18.95,72.85,0.0
2024-07-03T12:00:00,18.95,72.87,0.0
2024-07-03T12:00:00,18.95,72.89,0.0
2024-07-03T12:00:00,18.95,72.91,0.0
2024-07-03T12:00:00,18.95,72.93,0.0
2024-07-03T12:00:00,18.95,72.95,0.0
2024-07-03T12:00:00,18.95,72.97,0.0
2024-07-03T12:00:00,18.95,72.99,0.0
2024-07-03T12:00:00,18.97,72.77,0.0
2024-07-03T12:00:00,18.97,72.79,0.0
2024-07-03T12:00:00,18.97,72.81,0.0
2024-07-03T12:00:00,18.97,72.83,0.0
2024-07-03T12:00:00,18.97,72.85,0.0
2024-07-03T12:00:00,18.97,72.87,0.0
2024-07-03T12:00:00,18.97,72.89,0.0
2024-07-03T12:00:00,18.97,72.91,0.0
2024-07-03T12:00:00,18.97,72.93,0.0
2024-07-03T12:00:00,18.97,72.95,0.0
2024-07-03T12:00:00,18.97,72.97,0.0
2024-07-03T12:00:00,18.97,72.99,0.0
2024-07-03T12:00:00,18.99,72.77,0.0
2024-07-03T12:00:00,18.99,72.79,0.0
2024-07-03T12:00:00,18.99,72.81,0.0
2024-07-03T12:00:00,18.99,72.83,0.0
2024-07-03T12:00:00,18.99,72.85,0.0
2024-07-03T12:00:00,18.99,72.87,0.0
2024-07-03T12:00:00,18.99,72.89,0.0
2024-07-03T12:00:00,18.99,72.91,0.0
2024-07-03T12:00:00,18.99,72.93,0.0
2024-07-03T12:00:00,18.99,72.95,0.0
2024-07-03T12:00:00,18.99,72.97,0.0
2024-07-03T12:00:00,18.99,72.99,0.0
2024-07-03T12:00:00,19.01,72.77,0.0
2024-07-03T12:00:00,19.01,72.79,0.0
2024-07-03T12:00:00,19.01,72.81,0.0
2024-07-03T12:00:00,19.01,72.83,0.0
2024-07-03T12:00:00,19.01,72.85,0.0
2024-07-03T12:00:00,19.01,72.87,0.0
2024-07-03T12:00:00,19.01,72.89,0.0
2024-07-03T12:00:00,19.01,72.91,0.0
2024-07-03T12:00:00,19.01,72.93,0.0
2024-07-03T12:00:00,19.01,72.95,0.0
2024-07-03T12:00:00,19.01,72.97,0.0
2024-07-03T12:00:00,19.01,72.99,0.0
2024-07-03T12:00:00,19.03,72.77,0.0
2024-07-03T12:00:00,19.03,72.79,0.0
2024-07-03T12:00:00,19.03,72.81,0.0
2024-07-03T12:00:00,19.03,72.83,0.0
2024-07-03T12:00:00,19.03,72.85,0.0
2024-07-03T12:00:00,19.03,72.87,0.0
2024-07-03T12:00:00,19.03,72.89,0.0
2024-07-03T12:00:00,19.03,72.91,0.0
2024-07-03T12:00:00,19.03,72.93,0.0
2024-07-03T12:00:00,19.03,72.95,0.0
2024-07-03T12:00:00,19.03,72.97,0.0
2024-07-03T12:00:00,19.03,72.99,0.0
2024-07-03T12:00:00,19.05,72.77,0.0
2024-07-03T12:00:00,19.05,72.79,0.0
2024-07-03T12:00:00,19.05,72.81,0.0
2024-07-03T12:00:00,19.05,72.83,0.0
2024-07-03T12:00:00,19.05,72.85,0.0
2024-07-03T12:00:00,19.05,72.87,0.0
2024-07-03T12:00:00,19.05,72.89,0.0
2024-07-03T12:00:00,19.05,72.91,0.0
2024-07-03T12:00:00,19.05,72.93,0.0
2024-07-03T12:00:00,19.05,72.95,0.0
2024-07-03T12:00:00,19.05,72.97,0.0
2024-07-03T12:00:00,19.05,72.99,0.0
2024-07-03T12:00:00,19.07,72.77,0.0
2024-07-03T12:00:00,19.07,72.79,0.0
2024-07-03T12:00:00,19.07,72.81,0.0
2024-07-03T12:00:00,19.07,72.83,0.0
2024-07-03T12:00:00,19.07,72.85,0.0
2024-07-03T12:00:00,19.07,72.87,0.0
2024-07-03T12:00:00,19.07,72.89,0.0
2024-07-03T12:00:00,19.07,72.91,0.0
2024-07-03T12:00:00,19.07,72.93,0.0
2024-07-03T12:00:00,19.07,72.95,0.0
2024-07-03T12:00:00,19.07,72.97,0.0
2024-07-03T12:00:00,19.07,72.99,0.0
2024-07-03T12:00:00,19.09,72.77,0.0
2024-07-03T12:00:00,19.09,72.79,0.0
2024-07-03T12:00:00,19.09,72.81,0.0
2024-07-03T12:00:00,19.09,72.83,0.0
2024-07-03T12:00:00,19.09,72.85,0.0
2024-07-03T12:00:00,19.09,72.87,0.0
2024-07-03T12:00:00,19.09,72.89,0.0
2024-07-03T12:00:00,19.09,72.91,0.0
2024-07-03T12:00:00,19.09,72.93,0.0
2024-07-03T12:00:00,19.09,72.95,0.0
2024-07-03T12:00:00,19.09,72.97,0.0
2024-07-03T12:00:00,19.09,72.99,0.0
2024-07-03T12:00:00,19.11,72.77,0.0
2024-07-03T12:00:00,19.11,72.79,0.0
2024-07-03T12:00:00,19.11,72.81,0.0
2024-07-03T12:00:00,19.11,72.83,0.0
2024-07-03T12:00:00,19.11,72.85,0.0
2024-07-03T12:00:00,19.11,72.87,0.0
2024-07-03T12:00:00,19.11,72.89,0.0
2024-07-03T12:00:00,19.11,72.91,0.0
2024-07-03T12:00:00,19.11,72.93,0.0
2024-07-03T12:00:00,19.11,72.95,0.0
2024-07-03T12:00:00,19.11,72.97,0.0
2024-07-03T12:00:00,19.11,72.99,0.0
2024-07-03T12:00:00,19.13,72.77,0.0
2024-07-03T12:00:00,19.13,72.79,0.0
2024-07-03T12:00:00,19.13,72.81,0.0
2024-07-03T12:00:00,19.13,72.83,0.0
2024-07-03T12:00:00,19.13,72.85,0.0
2024-07-03T12:00:00,19.13,72.87,0.0
2024-07-03T12:00:00,19.13,72.89,0.0
2024-07-03T12:00:00,19.13,72.91,0.0
2024-07-03T12:00:00,19.13,72.93,0.0
2024-07-03T12:00:00,19.13,72.95,0.0
2024-07-03T12:00:00,19.13,72.97,0.0
2024-07-03T12:00:00,19.13,72.99,0.0
2024-07-03T12:00:00,19.15,72.77,0.0
2024-07-03T12:00:00,19.15,72.79,0.0
2024-07-03T12:00:00,19.15,72.81,0.0
2024-07-03T12:00:00,19.15,72.83,0.0
2024-07-03T12:00:00,19.15,72.85,0.0
2024-07-03T12:00:00,19.15,72.87,0.0
2024-07-03T12:00:00,19.15,72.89,0.0
2024-07-03T12:00:00,19.15,72.91,0.0
2024-07-03T12:00:00,19.15,72.93,0.0
2024-07-03T12:00:00,19.15,72.95,0.0
2024-07-03T12:00:00,19.15,72.97,0.0
2024-07-03T12:00:00,19.15,72.99,0.0
2024-07-03T12:00:00,19.17,72.77,0.0
2024-07-03T12:00:00,19.17,72.79,0.0
2024-07-03T12:00:00,19.17,72.81,0.0
2024-07-03T12:00:00,19.17,72.83,0.0
2024-07-03T12:00:00,19.17,72.85,0.0
2024-07-03T12:00:00,19.17,72.87,0.0
2024-07-03T12:00:00,19.17,72.89,0.0
2024-07-03T12:00:00,19.17,72.91,0.0
2024-07-03T12:00:00,19.17,72.93,0.0
2024-07-03T12:00:00,19.17,72.95,0.0
2024-07-03T12:00:00,19.17,72.97,0.0
2024-07-03T12:00:00,19.17,72.99,0.0
2024-07-03T12:00:00,19.19,72.77,0.0
2024-07-03T12:00:00,19.19,72.79,0.0
2024-07-03T12:00:00,19.19,72.81,0.0
2024-07-03T12:00:00,19.19,72.83,0.0
2024-07-03T12:00:00,19.19,72.85,0.0
2024-07-03T12:00:00,19.19,72.87,0.0
2024-07-03T12:00:00,19.19,72.89,0.0
2024-07-03T12:00:00,19.19,72.91,0.0
2024-07-03T12:00:00,19.19,72.93,0.0
2024-07-03T12:00:00,19.19,72.95,0.0
2024-07-03T12:00:00,19.19,72.97,0.0
2024-07-03T12:00:00,19.19,72.99,0.0
2024-07-03T12:00:00,19.21,72.77,0.0
2024-07-03T12:00:00,19.21,72.79,0.0
2024-07-03T12:00:00,19.21,72.81,0.0
2024-07-03T12:00:00,19.21,72.83,0.0
2024-07-03T12:00:00,19.21,72.85,0.0
2024-07-03T12:00:00,19.21,72.87,0.0
2024-07-03T12:00:00,19.21,72.89,0.0
2024-07-03T12:00:00,19.21,72.91,0.0
2024-07-03T12:00:00,19.21,72.93,0.0
2024-07-03T12:00:00,19.21,72.95,0.0
2024-07-03T12:00:00,19.21,72.97,0.0
2024-07-03T12:00:00,19.21,72.99,0.0
2024-07-03T12:00:00,19.23,72.77,0.0
2024-07-03T12:00:00,19.23,72.79,0.0
2024-07-03T12:00:00,19.23,72.81,0.0
2024-07-03T12:00:00,19.23,72.83,0.0
2024-07-03T12:00:00,19.23,72.85,0.0
2024-07-03T12:00:00,19.23,72.87,0.0
2024-07-03T12:00:00,19.23,72.89,0.0
2024-07-03T12:00:00,19.23,72.91,0.0
2024-07-03T12:00:00,19.23,72.93,0.0
2024-07-03T12:00:00,19.23,72.95,0.0
2024-07-03T12:00:00,19.23,72.97,0.0
2024-07-03T12:00:00,19.23,72.99,0.0
2024-07-03T12:00:00,19.25,72.77,0.0
2024-07-03T12:00:00,19.25,72.79,0.0
2024-07-03T12:00:00,19.25,72.81,0.0
2024-07-03T12:00:00,19.25,72.83,0.0
2024-07-03T12:00:00,19.25,72.85,0.0
2024-07-03T12:00:00,19.25,72.87,0.0
2024-07-03T12:00:00,19.25,72.89,0.0
2024-07-03T12:00:00,19.25,72.91,0.0
2024-07-03T12:00:00,19.25,72.93,0.0
2024-07-03T12:00:00,19.25,72.95,0.0
2024-07-03T12:00:00,19.25,72.97,0.0
2024-07-03T12:00:00,19.25,72.99,0.0
2024-07-03T13:00:00,18.87,72.77,0.0
2024-07-03T13:00:00,18.87,72.79,0.0
2024-07-03T13:00:00,18.87,72.81,0.0
2024-07-03T13:00:00,18.87,72.83,0.0
2024-07-03T13:00:00,18.87,72.85,0.0
2024-07-03T13:00:00,18.87,72.87,0.0
2024-07-03T13:00:00,18.87,72.89,0.0
2024-07-03T13:00:00,18.87,72.91,0.0
2024-07-03T13:00:00,18.87,72.93,0.0
2024-07-03T13:00:00,18.87,72.95,0.0
2024-07-03T13:00:00,18.87,72.97,0.0
2024-07-03T13:00:00,18.87,72.99,0.0
2024-07-03T13:00:00,18.89,72.77,0.0
2024-07-03T13:00:00,18.89,72.79,0.0
2024-07-03T13:00:00,18.89,72.81,0.0
2024-07-03T13:00:00,18.89,72.83,0.0
2024-07-03T13:00:00,18.89,72.85,0.0
2024-07-03T13:00:00,18.89,72.87,0.0
2024-07-03T13:00:00,18.89,72.89,0.0
2024-07-03T13:00:00,18.89,72.91,0.0
2024-07-03T13:00:00,18.89,72.93,0.0
2024-07-03T13:00:00,18.89,72.95,0.0
2024-07-03T13:00:00,18.89,72.97,0.0
2024-07-03T13:00:00,18.89,72.99,0.0
2024-07-03T13:00:00,18.91,72.77,0.0
2024-07-03T13:00:00,18.91,72.79,0.0
2024-07-03T13:00:00,18.91,72.81,0.0
2024-07-03T13:00:00,18.91,72.83,0.0
2024-07-03T13:00:00,18.91,72.85,0.0
2024-07-03T13:00:00,18.91,72.87,0.0
2024-07-03T13:00:00,18.91,72.89,0.0
2024-07-03T13:00:00,18.91,72.91,0.0
2024-07-03T13:00:00,18.91,72.93,0.0
2024-07-03T13:00:00,18.91,72.95,0.0
2024-07-03T13:00:00,18.91,72.97,0.0
2024-07-03T13:00:00,18.91,72.99,0.0
2024-07-03T13:00:00,18.93,72.77,0.0
2024-07-03T13:00:00,18.93,72.79,0.0
2024-07-03T13:00:00,18.93,72.81,0.0
2024-07-03T13:00:00,18.93,72.83,0.0
2024-07-03T13:00:00,18.93,72.85,0.0
2024-07-03T13:00:00,18.93,72.87,0.0
2024-07-03T13:00:00,18.93,72.89,0.0
2024-07-03T13:00:00,18.93,72.91,0.0
2024-07-03T13:00:00,18.93,72.93,0.0
2024-07-03T13:00:00,18.93,72.95,0.0
2024-07-03T13:00:00,18.93,72.97,0.0
2024-07-03T13:00:00,18.93,72.99,0.0
2024-07-03T13:00:00,18.95,72.77,0.0
2024-07-03T13:00:00,18.95,72.79,0.0
2024-07-03T13:00:00,18.95,72.81,0.0
2024-07-03T13:00:00,18.95,72.83,0.0
2024-07-03T13:00:00,18.95,72.85,0.0
2024-07-03T13:00:00,18.95,72.87,0.0
2024-07-03T13:00:00,18.95,72.89,0.0
2024-07-03T13:00:00,18.95,72.91,0.0
2024-07-03T13:00:00,18.95,72.93,0.0
2024-07-03T13:00:00,18.95,72.95,0.0
2024-07-03T13:00:00,18.95,72.97,0.0
2024-07-03T13:00:00,18.95,72.99,0.0
2024-07-03T13:00:00,18.97,72.77,0.0
2024-07-03T13:00:00,18.97,72.79,0.0
2024-07-03T13:00:00,18.97,72.81,0.0
2024-07-03T13:00:00,18.97,72.83,0.0
2024-07-03T13:00:00,18.97,72.85,0.0
2024-07-03T13:00:00,18.97,72.87,0.0
2024-07-03T13:00:00,18.97,72.89,0.0
2024-07-03T13:00:00,18.97,72.91,0.0
2024-07-03T13:00:00,18.97,72.93,0.0
2024-07-03T13:00:00,18.97,72.95,0.0
2024-07-03T13:00:00,18.97,72.97,0.0
2024-07-03T13:00:00,18.97,72.99,0.0
2024-07-03T13:00:00,18.99,72.77,0.0
2024-07-03T13:00:00,18.99,72.79,0.0
2024-07-03T13:00:00,18.99,72.81,0.0
2024-07-03T13:00:00,18.99,72.83,0.0
2024-07-03T13:00:00,18.99,72.85,0.0
2024-07-03T13:00:00,18.99,72.87,0.0
2024-07-03T13:00:00,18.99,72.89,0.0
2024-07-03T13:00:00,18.99,72.91,0.0
2024-07-03T13:00:00,18.99,72.93,0.0
2024-07-03T13:00:00,18.99,72.95,0.0
2024-07-03T13:00:00,18.99,72.97,0.0
2024-07-03T13:00:00,18.99,72.99,0.0
2024-07-03T13:00:00,19.01,72.77,0.0
2024-07-03T13:00:00,19.01,72.79,0.0
2024-07-03T13:00:00,19.01,72.81,0.0
2024-07-03T13:00:00,19.01,72.83,0.0
2024-07-03T13:00:00,19.01,72.85,0.0
2024-07-03T13:00:00,19.01,72.87,0.0
2024-07-03T13:00:00,19.01,72.89,0.0
2024-07-03T13:00:00,19.01,72.91,0.0
2024-07-03T13:00:00,19.01,72.93,0.0
2024-07-03T13:00:00,19.01,72.95,0.0
2024-07-03T13:00:00,19.01,72.97,0.0
2024-07-03T13:00:00,19.01,72.99,0.0
2024-07-03T13:00:00,19.03,72.77,0.0
2024-07-03T13:00:00,19.03,72.79,0.0
2024-07-03T13:00:00,19.03,72.81,0.0
2024-07-03T13:00:00,19.03,72.83,0.0
2024-07-03T13:00:00,19.03,72.85,0.0
2024-07-03T13:00:00,19.03,72.87,0.0
2024-07-03T13:00:00,19.03,72.89,0.0
2024-07-03T13:00:00,19.03,72.91,0.0
2024-07-03T13:00:00,19.03,72.93,0.0
2024-07-03T13:00:00,19.03,72.95,0.0
2024-07-03T13:00:00,19.03,72.97,0.0
2024-07-03T13:00:00,19.03,72.99,0.0
2024-07-03T13:00:00,19.05,72.77,0.0
2024-07-03T13:00:00,19.05,72.79,0.0
2024-07-03T13:00:00,19.05,72.81,0.0
2024-07-03T13:00:00,19.05,72.83,0.0
2024-07-03T13:00:00,19.05,72.85,0.0
2024-07-03T13:00:00,19.05,72.87,0.0
2024-07-03T13:00:00,19.05,72.89,0.0
2024-07-03T13:00:00,19.05,72.91,0.0
2024-07-03T13:00:00,19.05,72.93,0.0
2024-07-03T13:00:00,19.05,72.95,0.0
2024-07-03T13:00:00,19.05,72.97,0.0
2024-07-03T13:00:00,19.05,72.99,0.0
2024-07-03T13:00:00,19.07,72.77,0.0
2024-07-03T13:00:00,19.07,72.79,0.0
2024-07-03T13:00:00,19.07,72.81,0.0
2024-07-03T13:00:00,19.07,72.83,0.0
2024-07-03T13:00:00,19.07,72.85,0.0
2024-07-03T13:00:00,19.07,72.87,0.0
2024-07-03T13:00:00,19.07,72.89,0.0
2024-07-03T13:00:00,19.07,72.91,0.0
2024-07-03T13:00:00,19.07,72.93,0.0
2024-07-03T13:00:00,19.07,72.95,0.0
2024-07-03T13:00:00,19.07,72.97,0.0
2024-07-03T13:00:00,19.07,72.99,0.0
2024-07-03T13:00:00,19.09,72.77,0.0
2024-07-03T13:00:00,19.09,72.79,0.0
2024-07-03T13:00:00,19.09,72.81,0.0
2024-07-03T13:00:00,19.09,72.83,0.0
2024-07-03T13:00:00,19.09,72.85,0.0
2024-07-03T13:00:00,19.09,72.87,0.0
2024-07-03T13:00:00,19.09,72.89,0.0
2024-07-03T13:00:00,19.09,72.91,0.0
2024-07-03T13:00:00,19.09,72.93,0.0
2024-07-03T13:00:00,19.09,72.95,0.0
2024-07-03T13:00:00,19.09,72.97,0.0
2024-07-03T13:00:00,19.09,72.99,0.0
2024-07-03T13:00:00,19.11,72.77,0.0
2024-07-03T13:00:00,19.11,72.79,0.0
2024-07-03T13:00:00,19.11,72.81,0.0
2024-07-03T13:00:00,19.11,72.83,0.0
2024-07-03T13:00:00,19.11,72.85,0.0
2024-07-03T13:00:00,19.11,72.87,0.0
2024-07-03T13:00:00,19.11,72.89,0.0
2024-07-03T13:00:00,19.11,72.91,0.0
2024-07-03T13:00:00,19.11,72.93,0.0
2024-07-03T13:00:00,19.11,72.95,0.0
2024-07-03T13:00:00,19.11,72.97,0.0
2024-07-03T13:00:00,19.11,72.99,0.0
2024-07-03T13:00:00,19.13,72.77,0.0
2024-07-03T13:00:00,19.13,72.79,0.0
2024-07-03T13:00:00,19.13,72.81,0.0
2024-07-03T13:00:00,19.13,72.83,0.0
2024-07-03T13:00:00,19.13,72.85,0.0
2024-07-03T13:00:00,19.13,72.87,0.0
2024-07-03T13:00:00,19.13,72.89,0.0
2024-07-03T13:00:00,19.13,72.91,0.0
2024-07-03T13:00:00,19.13,72.93,0.0
2024-07-03T13:00:00,19.13,72.95,0.0
2024-07-03T13:00:00,19.13,72.97,0.0
2024-07-03T13:00:00,19.13,72.99,0.0
2024-07-03T13:00:00,19.15,72.77,0.0
2024-07-03T13:00:00,19.15,72.79,0.0
2024-07-03T13:00:00,19.15,72.81,0.0
2024-07-03T13:00:00,19.15,72.83,0.0
2024-07-03T13:00:00,19.15,72.85,0.0
2024-07-03T13:00:00,19.15,72.87,0.0
2024-07-03T13:00:00,19.15,72.89,0.0
2024-07-03T13:00:00,19.15,72.91,0.0
2024-07-03T13:00:00,19.15,72.93,0.0
2024-07-03T13:00:00,19.15,72.95,0.0
2024-07-03T13:00:00,19.15,72.97,0.0
2024-07-03T13:00:00,19.15,72.99,0.0
2024-07-03T13:00:00,19.17,72.77,0.0
2024-07-03T13:00:00,19.17,72.79,0.0
2024-07-03T13:00:00,19.17,72.81,0.0
2024-07-03T13:00:00,19.17,72.83,0.0
2024-07-03T13:00:00,19.17,72.85,0.0
2024-07-03T13:00:00,19.17,72.87,0.0
2024-07-03T13:00:00,19.17,72.89,0.0
2024-07-03T13:00:00,19.17,72.91,0.0
2024-07-03T13:00:00,19.17,72.93,0.0
2024-07-03T13:00:00,19.17,72.95,0.0
2024-07-03T13:00:00,19.17,72.97,0.0
2024-07-03T13:00:00,19.17,72.99,0.0
2024-07-03T13:00:00,19.19,72.77,0.0
2024-07-03T13:00:00,19.19,72.79,0.0
2024-07-03T13:00:00,19.19,72.81,0.0
2024-07-03T13:00:00,19.19,72.83,0.0
2024-07-03T13:00:00,19.19,72.85,0.0
2024-07-03T13:00:00,19.19,72.87,0.0
2024-07-03T13:00:00,19.19,72.89,0.0
2024-07-03T13:00:00,19.19,72.91,0.0
2024-07-03T13:00:00,19.19,72.93,0.0
2024-07-03T13:00:00,19.19,72.95,0.0
2024-07-03T13:00:00,19.19,72.97,0.0
2024-07-03T13:00:00,19.19,72.99,0.0
2024-07-03T13:00:00,19.21,72.77,0.0
2024-07-03T13:00:00,19.21,72.79,0.0
2024-07-03T13:00:00,19.21,72.81,0.0
2024-07-03T13:00:00,19.21,72.83,0.0
2024-07-03T13:00:00,19.21,72.85,0.0
2024-07-03T13:00:00,19.21,72.87,0.0
2024-07-03T13:00:00,19.21,72.89,0.0
2024-07-03T13:00:00,19.21,72.91,0.0
2024-07-03T13:00:00,19.21,72.93,0.0
2024-07-03T13:00:00,19.21,72.95,0.0
2024-07-03T13:00:00,19.21,72.97,0.0
2024-07-03T13:00:00,19.21,72.99,0.0
2024-07-03T13:00:00,19.23,72.77,0.0
2024-07-03T13:00:00,19.23,72.79,0.0
2024-07-03T13:00:00,19.23,72.81,0.0
2024-07-03T13:00:00,19.23,72.83,0.0
2024-07-03T13:00:00,19.23,72.85,0.0
2024-07-03T13:00:00,19.23,72.87,0.0
2024-07-03T13:00:00,19.23,72.89,0.0
2024-07-03T13:00:00,19.23,72.91,0.0
2024-07-03T13:00:00,19.23,72.93,0.0
2024-07-03T13:00:00,19.23,72.95,0.0
2024-07-03T13:00:00,19.23,72.97,0.0
2024-07-03T13:00:00,19.23,72.99,0.0
2024-07-03T13:00:00,19.25,72.77,0.0
2024-07-03T13:00:00,19.25,72.79,0.0
2024-07-03T13:00:00,19.25,72.81,0.0
2024-07-03T13:00:00,19.25,72.83,0.0
2024-07-03T13:00:00,19.25,72.85,0.0
2024-07-03T13:00:00,19.25,72.87,0.0
2024-07-03T13:00:00,19.25,72.89,0.0
2024-07-03T13:00:00,19.25,72.91,0.0
2024-07-03T13:00:00,19.25,72.93,0.0
2024-07-03T13:00:00,19.25,72.95,0.0
2024-07-03T13:00:00,19.25,72.97,0.0
2024-07-03T13:00:00,19.25,72.99,0.0
2024-07-03T14:00:00,18.87,72.77,0.0
2024-07-03T14:00:00,18.87,72.79,0.0
2024-07-03T14:00:00,18.87,72.81,0.0
2024-07-03T14:00:00,18.87,72.83,0.0
2024-07-03T14:00:00,18.87,72.85,0.0
2024-07-03T14:00:00,18.87,72.87,0.0
2024-07-03T14:00:00,18.87,72.89,0.0
2024-07-03T14:00:00,18.87,72.91,0.0
2024-07-03T14:00:00,18.87,72.93,0.0
2024-07-03T14:00:00,18.87,72.95,0.0
2024-07-03T14:00:00,18.87,72.97,0.0
2024-07-03T14:00:00,18.87,72.99,0.0
2024-07-03T14:00:00,18.89,72.77,0.0
2024-07-03T14:00:00,18.89,72.79,0.0
2024-07-03T14:00:00,18.89,72.81,0.0
2024-07-03T14:00:00,18.89,72.83,0.0
2024-07-03T14:00:00,18.89,72.85,0.0
2024-07-03T14:00:00,18.89,72.87,0.0
2024-07-03T14:00:00,18.89,72.89,0.0
2024-07-03T14:00:00,18.89,72.91,0.0
2024-07-03T14:00:00,18.89,72.93,0.0
2024-07-03T14:00:00,18.89,72.95,0.0
2024-07-03T14:00:00,18.89,72.97,0.0
2024-07-03T14:00:00,18.89,72.99,0.0
2024-07-03T14:00:00,18.91,72.77,0.0
2024-07-03T14:00:00,18.91,72.79,0.0
2024-07-03T14:00:00,18.91,72.81,0.0
2024-07-03T14:00:00,18.91,72.83,0.0
2024-07-03T14:00:00,18.91,72.85,0.0
2024-07-03T14:00:00,18.91,72.87,0.0
2024-07-03T14:00:00,18.91,72.89,0.0
2024-07-03T14:00:00,18.91,72.91,0.0
2024-07-03T14:00:00,18.91,72.93,0.0
2024-07-03T14:00:00,18.91,72.95,0.0
2024-07-03T14:00:00,18.91,72.97,0.0
2024-07-03T14:00:00,18.91,72.99,0.0
2024-07-03T14:00:00,18.93,72.77,0.0
2024-07-03T14:00:00,18.93,72.79,0.0
2024-07-03T14:00:00,18.93,72.81,0.0
2024-07-03T14:00:00,18.93,72.83,0.0
2024-07-03T14:00:00,18.93,72.85,0.0
2024-07-03T14:00:00,18.93,72.87,0.0
2024-07-03T14:00:00,18.93,72.89,0.0
2024-07-03T14:00:00,18.93,72.91,0.0
2024-07-03T14:00:00,18.93,72.93,0.0
2024-07-03T14:00:00,18.93,72.95,0.0
2024-07-03T14:00:00,18.93,72.97,0.0
2024-07-03T14:00:00,18.93,72.99,0.0
2024-07-03T14:00:00,18.95,72.77,0.0
2024-07-03T14:00:00,18.95,72.79,0.0
2024-07-03T14:00:00,18.95,72.81,0.0
2024-07-03T14:00:00,18.95,72.83,0.0
2024-07-03T14:00:00,18.95,72.85,0.0
2024-07-03T14:00:00,18.95,72.87,0.0
2024-07-03T14:00:00,18.95,72.89,0.0
2024-07-03T14:00:00,18.95,72.91,0.0
2024-07-03T14:00:00,18.95,72.93,0.0
2024-07-03T14:00:00,18.95,72.95,0.0
2024-07-03T14:00:00,18.95,72.97,0.0
2024-07-03T14:00:00,18.95,72.99,0.0
2024-07-03T14:00:00,18.97,72.77,0.0
2024-07-03T14:00:00,18.97,72.79,0.0
2024-07-03T14:00:00,18.97,72.81,0.0
2024-07-03T14:00:00,18.97,72.83,0.0
2024-07-03T14:00:00,18.97,72.85,0.0
2024-07-03T14:00:00,18.97,72.87,0.0
2024-07-03T14:00:00,18.97,72.89,0.0
2024-07-03T14:00:00,18.97,72.91,0.0
2024-07-03T14:00:00,18.97,72.93,0.0
2024-07-03T14:00:00,18.97,72.95,0.0
2024-07-03T14:00:00,18.97,72.97,0.0
2024-07-03T14:00:00,18.97,72.99,0.0
2024-07-03T14:00:00,18.99,72.77,0.0
2024-07-03T14:00:00,18.99,72.79,0.0
2024-07-03T14:00:00,18.99,72.81,0.0
2024-07-03T14:00:00,18.99,72.83,0.0
2024-07-03T14:00:00,18.99,72.85,0.0
2024-07-03T14:00:00,18.99,72.87,0.0
2024-07-03T14:00:00,18.99,72.89,0.0
2024-07-03T14:00:00,18.99,72.91,0.0
2024-07-03T14:00:00,18.99,72.93,0.0
2024-07-03T14:00:00,18.99,72.95,0.0
2024-07-03T14:00:00,18.99,72.97,0.0
2024-07-03T14:00:00,18.99,72.99,0.0
2024-07-03T14:00:00,19.01,72.77,0.0
2024-07-03T14:00:00,19.01,72.79,0.0
2024-07-03T14:00:00,19.01,72.81,0.0
2024-07-03T14:00:00,19.01,72.83,0.0
2024-07-03T14:00:00,19.01,72.85,0.0
2024-07-03T14:00:00,19.01,72.87,0.0
2024-07-03T14:00:00,19.01,72.89,0.0
2024-07-03T14:00:00,19.01,72.91,0.0
2024-07-03T14:00:00,19.01,72.93,0.0
2024-07-03T14:00:00,19.01,72.95,0.0
2024-07-03T14:00:00,19.01,72.97,0.0
2024-07-03T14:00:00,19.01,72.99,0.0
2024-07-03T14:00:00,19.03,72.77,0.0
2024-07-03T14:00:00,19.03,72.79,0.0
2024-07-03T14:00:00,19.03,72.81,0.0
2024-07-03T14:00:00,19.03,72.83,0.0
2024-07-03T14:00:00,19.03,72.85,0.0
2024-07-03T14:00:00,19.03,72.87,0.0
2024-07-03T14:00:00,19.03,72.89,0.0
2024-07-03T14:00:00,19.03,72.91,0.0
2024-07-03T14:00:00,19.03,72.93,0.0
2024-07-03T14:00:00,19.03,72.95,0.0
2024-07-03T14:00:00,19.03,72.97,0.0
2024-07-03T14:00:00,19.03,72.99,0.0
2024-07-03T14:00:00,19.05,72.77,0.0
2024-07-03T14:00:00,19.05,72.79,0.0
2024-07-03T14:00:00,19.05,72.81,0.0
2024-07-03T14:00:00,19.05,72.83,0.0
2024-07-03T14:00:00,19.05,72.85,0.0
2024-07-03T14:00:00,19.05,72.87,0.0
2024-07-03T14:00:00,19.05,72.89,0.0
2024-07-03T14:00:00,19.05,72.91,0.0
2024-07-03T14:00:00,19.05,72.93,0.0
2024-07-03T14:00:00,19.05,72.95,0.0
2024-07-03T14:00:00,19.05,72.97,0.0
2024-07-03T14:00:00,19.05,72.99,0.0
2024-07-03T14:00:00,19.07,72.77,0.0
2024-07-03T14:00:00,19.07,72.79,0.0
2024-07-03T14:00:00,19.07,72.81,0.0
2024-07-03T14:00:00,19.07,72.83,0.0
2024-07-03T14:00:00,19.07,72.85,0.0
2024-07-03T14:00:00,19.07,72.87,0.0
2024-07-03T14:00:00,19.07,72.89,0.0
2024-07-03T14:00:00,19.07,72.91,0.0
2024-07-03T14:00:00,19.07,72.93,0.0
2024-07-03T14:00:00,19.07,72.95,0.0
2024-07-03T14:00:00,19.07,72.97,0.0
2024-07-03T14:00:00,19.07,72.99,0.0
2024-07-03T14:00:00,19.09,72.77,0.0
2024-07-03T14:00:00,19.09,72.79,0.0
2024-07-03T14:00:00,19.09,72.81,0.0
2024-07-03T14:00:00,19.09,72.83,0.0
2024-07-03T14:00:00,19.09,72.85,0.0
2024-07-03T14:00:00,19.09,72.87,0.0
2024-07-03T14:00:00,19.09,72.89,0.0
2024-07-03T14:00:00,19.09,72.91,0.0
2024-07-03T14:00:00,19.09,72.93,0.0
2024-07-03T14:00:00,19.09,72.95,0.0
2024-07-03T14:00:00,19.09,72.97,0.0
2024-07-03T14:00:00,19.09,72.99,0.0
2024-07-03T14:00:00,19.11,72.77,0.0
2024-07-03T14:00:00,19.11,72.79,0.0
2024-07-03T14:00:00,19.11,72.81,0.0
2024-07-03T14:00:00,19.11,72.83,0.0
2024-07-03T14:00:00,19.11,72.85,0.0
2024-07-03T14:00:00,19.11,72.87,0.0
2024-07-03T14:00:00,19.11,72.89,0.0
2024-07-03T14:00:00,19.11,72.91,0.0
2024-07-03T14:00:00,19.11,72.93,0.0
2024-07-03T14:00:00,19.11,72.95,0.0
2024-07-03T14:00:00,19.11,72.97,0.0
2024-07-03T14:00:00,19.11,72.99,0.0
2024-07-03T14:00:00,19.13,72.77,0.0
2024-07-03T14:00:00,19.13,72.79,0.0
2024-07-03T14:00:00,19.13,72.81,0.0
2024-07-03T14:00:00,19.13,72.83,0.0
2024-07-03T14:00:00,19.13,72.85,0.0
2024-07-03T14:00:00,19.13,72.87,0.0
2024-07-03T14:00:00,19.13,72.89,0.0
2024-07-03T14:00:00,19.13,72.91,0.0
2024-07-03T14:00:00,19.13,72.93,0.0
2024-07-03T14:00:00,19.13,72.95,0.0
2024-07-03T14:00:00,19.13,72.97,0.0
2024-07-03T14:00:00,19.13,72.99,0.0
2024-07-03T14:00:00,19.15,72.77,0.0
2024-07-03T14:00:00,19.15,72.79,0.0
2024-07-03T14:00:00,19.15,72.81,0.0
2024-07-03T14:00:00,19.15,72.83,0.0
2024-07-03T14:00:00,19.15,72.85,0.0
2024-07-03T14:00:00,19.15,72.87,0.0
2024-07-03T14:00:00,19.15,72.89,0.0
2024-07-03T14:00:00,19.15,72.91,0.0
2024-07-03T14:00:00,19.15,72.93,0.0
2024-07-03T14:00:00,19.15,72.95,0.0
2024-07-03T14:00:00,19.15,72.97,0.0
2024-07-03T14:00:00,19.15,72.99,0.0
2024-07-03T14:00:00,19.17,72.77,0.0
2024-07-03T14:00:00,19.17,72.79,0.0
2024-07-03T14:00:00,19.17,72.81,0.0
2024-07-03T14:00:00,19.17,72.83,0.0
2024-07-03T14:00:00,19.17,72.85,0.0
2024-07-03T14:00:00,19.17,72.87,0.0
2024-07-03T14:00:00,19.17,72.89,0.0
2024-07-03T14:00:00,19.17,72.91,0.0
2024-07-03T14:00:00,19.17,72.93,0.0
2024-07-03T14:00:00,19.17,72.95,0.0
2024-07-03T14:00:00,19.17,72.97,0.0
2024-07-03T14:00:00,19.17,72.99,0.0
2024-07-03T14:00:00,19.19,72.77,0.0
2024-07-03T14:00:00,19.19,72.79,0.0
2024-07-03T14:00:00,19.19,72.81,0.0
2024-07-03T14:00:00,19.19,72.83,0.0
2024-07-03T14:00:00,19.19,72.85,0.0
2024-07-03T14:00:00,19.19,72.87,0.0
2024-07-03T14:00:00,19.19,72.89,0.0
2024-07-03T14:00:00,19.19,72.91,0.0
2024-07-03T14:00:00,19.19,72.93,0.0
2024-07-03T14:00:00,19.19,72.95,0.0
2024-07-03T14:00:00,19.19,72.97,0.0
2024-07-03T14:00:00,19.19,72.99,0.0
2024-07-03T14:00:00,19.21,72.77,0.0
2024-07-03T14:00:00,19.21,72.79,0.0
2024-07-03T14:00:00,19.21,72.81,0.0
2024-07-03T14:00:00,19.21,72.83,0.0
2024-07-03T14:00:00,19.21,72.85,0.0
2024-07-03T14:00:00,19.21,72.87,0.0
2024-07-03T14:00:00,19.21,72.89,0.0
2024-07-03T14:00:00,19.21,72.91,0.0
2024-07-03T14:00:00,19.21,72.93,0.0
2024-07-03T14:00:00,19.21,72.95,0.0
2024-07-03T14:00:00,19.21,72.97,0.0
2024-07-03T14:00:00,19.21,72.99,0.0
2024-07-03T14:00:00,19.23,72.77,0.0
2024-07-03T14:00:00,19.23,72.79,0.0
2024-07-03T14:00:00,19.23,72.81,0.0
2024-07-03T14:00:00,19.23,72.83,0.0
2024-07-03T14:00:00,19.23,72.85,0.0
2024-07-03T14:00:00,19.23,72.87,0.0
2024-07-03T14:00:00,19.23,72.89,0.0
2024-07-03T14:00:00,19.23,72.91,0.0
2024-07-03T14:00:00,19.23,72.93,0.0
2024-07-03T14:00:00,19.23,72.95,0.0
2024-07-03T14:00:00,19.23,72.97,0.0
2024-07-03T14:00:00,19.23,72.99,0.0
2024-07-03T14:00:00,19.25,72.77,0.0
2024-07-03T14:00:00,19.25,72.79,0.0
2024-07-03T14:00:00,19.25,72.81,0.0
2024-07-03T14:00:00,19.25,72.83,0.0
2024-07-03T14:00:00,19.25,72.85,0.0
2024-07-03T14:00:00,19.25,72.87,0.0
2024-07-03T14:00:00,19.25,72.89,0.0
2024-07-03T14:00:00,19.25,72.91,0.0
2024-07-03T14:00:00,19.25,72.93,0.0
2024-07-03T14:00:00,19.25,72.95,0.0
2024-07-03T14:00:00,19.25,72.97,0.0
2024-07-03T14:00:00,19.25,72.99,0.0
2024-07-03T15:00:00,18.87,72.77,0.0
2024-07-03T15:00:00,18.87,72.79,0.0
2024-07-03T15:00:00,18.87,72.81,0.0
2024-07-03T15:00:00,18.87,72.83,0.0
2024-07-03T15:00:00,18.87,72.85,0.0
2024-07-03T15:00:00,18.87,72.87,0.0
2024-07-03T15:00:00,18.87,72.89,0.0
2024-07-03T15:00:00,18.87,72.91,0.0
2024-07-03T15:00:00,18.87,72.93,0.0
2024-07-03T15:00:00,18.87,72.95,0.0
2024-07-03T15:00:00,18.87,72.97,0.0
2024-07-03T15:00:00,18.87,72.99,0.0
2024-07-03T15:00:00,18.89,72.77,0.0
2024-07-03T15:00:00,18.89,72.79,0.0
2024-07-03T15:00:00,18.89,72.81,0.0
2024-07-03T15:00:00,18.89,72.83,0.0
2024-07-03T15:00:00,18.89,72.85,0.0
2024-07-03T15:00:00,18.89,72.87,0.0
2024-07-03T15:00:00,18.89,72.89,0.0
2024-07-03T15:00:00,18.89,72.91,0.0
2024-07-03T15:00:00,18.89,72.93,0.0
2024-07-03T15:00:00,18.89,72.95,0.0
2024-07-03T15:00:00,18.89,72.97,0.0
2024-07-03T15:00:00,18.89,72.99,0.0
2024-07-03T15:00:00,18.91,72.77,0.0
2024-07-03T15:00:00,18.91,72.79,0.0
2024-07-03T15:00:00,18.91,72.81,0.0
2024-07-03T15:00:00,18.91,72.83,0.0
2024-07-03T15:00:00,18.91,72.85,0.0
2024-07-03T15:00:00,18.91,72.87,0.0
2024-07-03T15:00:00,18.91,72.89,0.0
2024-07-03T15:00:00,18.91,72.91,0.0
2024-07-03T15:00:00,18.91,72.93,0.0
2024-07-03T15:00:00,18.91,72.95,0.0
2024-07-03T15:00:00,18.91,72.97,0.0
2024-07-03T15:00:00,18.91,72.99,0.0
2024-07-03T15:00:00,18.93,72.77,0.0
2024-07-03T15:00:00,18.93,72.79,0.0
2024-07-03T15:00:00,18.93,72.81,0.0
2024-07-03T15:00:00,18.93,72.83,0.0
2024-07-03T15:00:00,18.93,72.85,0.0
2024-07-03T15:00:00,18.93,72.87,0.0
2024-07-03T15:00:00,18.93,72.89,0.0
2024-07-03T15:00:00,18.93,72.91,0.0
2024-07-03T15:00:00,18.93,72.93,0.0
2024-07-03T15:00:00,18.93,72.95,0.0
2024-07-03T15:00:00,18.93,72.97,0.0
2024-07-03T15:00:00,18.93,72.99,0.0
2024-07-03T15:00:00,18.95,72.77,0.0
2024-07-03T15:00:00,18.95,72.79,0.0
2024-07-03T15:00:00,18.95,72.81,0.0
2024-07-03T15:00:00,18.95,72.83,0.0
2024-07-03T15:00:00,18.95,72.85,0.0
2024-07-03T15:00:00,18.95,72.87,0.0
2024-07-03T15:00:00,18.95,72.89,0.0
2024-07-03T15:00:00,18.95,72.91,0.0
2024-07-03T15:00:00,18.95,72.93,0.0
2024-07-03T15:00:00,18.95,72.95,0.0
2024-07-03T15:00:00,18.95,72.97,0.0
2024-07-03T15:00:00,18.95,72.99,0.0
2024-07-03T15:00:00,18.97,72.77,0.0
2024-07-03T15:00:00,18.97,72.79,0.0
2024-07-03T15:00:00,18.97,72.81,0.0
2024-07-03T15:00:00,18.97,72.83,0.0
2024-07-03T15:00:00,18.97,72.85,0.0
2024-07-03T15:00:00,18.97,72.87,0.0
2024-07-03T15:00:00,18.97,72.89,0.0
2024-07-03T15:00:00,18.97,72.91,0.0
2024-07-03T15:00:00,18.97,72.93,0.0
2024-07-03T15:00:00,18.97,72.95,0.0
2024-07-03T15:00:00,18.97,72.97,0.0
2024-07-03T15:00:00,18.97,72.99,0.0
2024-07-03T15:00:00,18.99,72.77,0.0
2024-07-03T15:00:00,18.99,72.79,0.0
2024-07-03T15:00:00,18.99,72.81,0.0
2024-07-03T15:00:00,18.99,72.83,0.0
2024-07-03T15:00:00,18.99,72.85,0.0
2024-07-03T15:00:00,18.99,72.87,0.0
2024-07-03T15:00:00,18.99,72.89,0.0
2024-07-03T15:00:00,18.99,72.91,0.0
2024-07-03T15:00:00,18.99,72.93,0.0
2024-07-03T15:00:00,18.99,72.95,0.0
2024-07-03T15:00:00,18.99,72.97,0.0
2024-07-03T15:00:00,18.99,72.99,0.0
2024-07-03T15:00:00,19.01,72.77,0.0
2024-07-03T15:00:00,19.01,72.79,0.0
2024-07-03T15:00:00,19.01,72.81,0.0
2024-07-03T15:00:00,19.01,72.83,0.0
2024-07-03T15:00:00,19.01,72.85,0.0
2024-07-03T15:00:00,19.01,72.87,0.0
2024-07-03T15:00:00,19.01,72.89,0.0
2024-07-03T15:00:00,19.01,72.91,0.0
2024-07-03T15:00:00,19.01,72.93,0.0
2024-07-03T15:00:00,19.01,72.95,0.0
2024-07-03T15:00:00,19.01,72.97,0.0
2024-07-03T15:00:00,19.01,72.99,0.0
2024-07-03T15:00:00,19.03,72.77,0.0
2024-07-03T15:00:00,19.03,72.79,0.0
2024-07-03T15:00:00,19.03,72.81,0.0
2024-07-03T15:00:00,19.03,72.83,0.0
2024-07-03T15:00:00,19.03,72.85,0.0
2024-07-03T15:00:00,19.03,72.87,0.0
2024-07-03T15:00:00,19.03,72.89,0.0
2024-07-03T15:00:00,19.03,72.91,0.0
2024-07-03T15:00:00,19.03,72.93,0.0
2024-07-03T15:00:00,19.03,72.95,0.0
2024-07-03T15:00:00,19.03,72.97,0.0
2024-07-03T15:00:00,19.03,72.99,0.0
2024-07-03T15:00:00,19.05,72.77,0.0
2024-07-03T15:00:00,19.05,72.79,0.0
2024-07-03T15:00:00,19.05,72.81,0.0
2024-07-03T15:00:00,19.05,72.83,0.0
2024-07-03T15:00:00,19.05,72.85,0.0
2024-07-03T15:00:00,19.05,72.87,0.0
2024-07-03T15:00:00,19.05,72.89,0.0
2024-07-03T15:00:00,19.05,72.91,0.0
2024-07-03T15:00:00,19.05,72.93,0.0
2024-07-03T15:00:00,19.05,72.95,0.0
2024-07-03T15:00:00,19.05,72.97,0.0
2024-07-03T15:00:00,19.05,72.99,0.0
2024-07-03T15:00:00,19.07,72.77,0.0
2024-07-03T15:00:00,19.07,72.79,0.0
2024-07-03T15:00:00,19.07,72.81,0.0
2024-07-03T15:00:00,19.07,72.83,0.0
2024-07-03T15:00:00,19.07,72.85,0.0
2024-07-03T15:00:00,19.07,72.87,0.0
2024-07-03T15:00:00,19.07,72.89,0.0
2024-07-03T15:00:00,19.07,72.91,0.0
2024-07-03T15:00:00,19.07,72.93,0.0
2024-07-03T15:00:00,19.07,72.95,0.0
2024-07-03T15:00:00,19.07,72.97,0.0
2024-07-03T15:00:00,19.07,72.99,0.0
2024-07-03T15:00:00,19.09,72.77,0.0
2024-07-03T15:00:00,19.09,72.79,0.0
2024-07-03T15:00:00,19.09,72.81,0.0
2024-07-03T15:00:00,19.09,72.83,0.0
2024-07-03T15:00:00,19.09,72.85,0.0
2024-07-03T15:00:00,19.09,72.87,0.0
2024-07-03T15:00:00,19.09,72.89,0.0
2024-07-03T15:00:00,19.09,72.91,0.0
2024-07-03T15:00:00,19.09,72.93,0.0
2024-07-03T15:00:00,19.09,72.95,0.0
2024-07-03T15:00:00,19.09,72.97,0.0
2024-07-03T15:00:00,19.09,72.99,0.0
2024-07-03T15:00:00,19.11,72.77,0.0
2024-07-03T15:00:00,19.11,72.79,0.0
2024-07-03T15:00:00,19.11,72.81,0.0
2024-07-03T15:00:00,19.11,72.83,0.0
2024-07-03T15:00:00,19.11,72.85,0.0
2024-07-03T15:00:00,19.11,72.87,0.0
2024-07-03T15:00:00,19.11,72.89,0.0
2024-07-03T15:00:00,19.11,72.91,0.0
2024-07-03T15:00:00,19.11,72.93,0.0
2024-07-03T15:00:00,19.11,72.95,0.0
2024-07-03T15:00:00,19.11,72.97,0.0
2024-07-03T15:00:00,19.11,72.99,0.0
2024-07-03T15:00:00,19.13,72.77,0.0
2024-07-03T15:00:00,19.13,72.79,0.0
2024-07-03T15:00:00,19.13,72.81,0.0
2024-07-03T15:00:00,19.13,72.83,0.0
2024-07-03T15:00:00,19.13,72.85,0.0
2024-07-03T15:00:00,19.13,72.87,0.0
2024-07-03T15:00:00,19.13,72.89,0.0
2024-07-03T15:00:00,19.13,72.91,0.0
2024-07-03T15:00:00,19.13,72.93,0.0
2024-07-03T15:00:00,19.13,72.95,0.0
2024-07-03T15:00:00,19.13,72.97,0.0
2024-07-03T15:00:00,19.13,72.99,0.0
2024-07-03T15:00:00,19.15,72.77,0.0
2024-07-03T15:00:00,19.15,72.79,0.0
2024-07-03T15:00:00,19.15,72.81,0.0
2024-07-03T15:00:00,19.15,72.83,0.0
2024-07-03T15:00:00,19.15,72.85,0.0
2024-07-03T15:00:00,19.15,72.87,0.0
2024-07-03T15:00:00,19.15,72.89,0.0
2024-07-03T15:00:00,19.15,72.91,0.0
2024-07-03T15:00:00,19.15,72.93,0.0
2024-07-03T15:00:00,19.15,72.95,0.0
2024-07-03T15:00:00,19.15,72.97,0.0
2024-07-03T15:00:00,19.15,72.99,0.0
2024-07-03T15:00:00,19.17,72.77,0.0
2024-07-03T15:00:00,19.17,72.79,0.0
2024-07-03T15:00:00,19.17,72.81,0.0
2024-07-03T15:00:00,19.17,72.83,0.0
2024-07-03T15:00:00,19.17,72.85,0.0
2024-07-03T15:00:00,19.17,72.87,0.0
2024-07-03T15:00:00,19.17,72.89,0.0
2024-07-03T15:00:00,19.17,72.91,0.0
2024-07-03T15:00:00,19.17,72.93,0.0
2024-07-03T15:00:00,19.17,72.95,0.0
2024-07-03T15:00:00,19.17,72.97,0.0
2024-07-03T15:00:00,19.17,72.99,0.0
2024-07-03T15:00:00,19.19,72.77,0.0
2024-07-03T15:00:00,19.19,72.79,0.0
2024-07-03T15:00:00,19.19,72.81,0.0
2024-07-03T15:00:00,19.19,72.83,0.0
2024-07-03T15:00:00,19.19,72.85,0.0
2024-07-03T15:00:00,19.19,72.87,0.0
2024-07-03T15:00:00,19.19,72.89,0.0
2024-07-03T15:00:00,19.19,72.91,0.0
2024-07-03T15:00:00,19.19,72.93,0.0
2024-07-03T15:00:00,19.19,72.95,0.0
2024-07-03T15:00:00,19.19,72.97,0.0
2024-07-03T15:00:00,19.19,72.99,0.0
2024-07-03T15:00:00,19.21,72.77,0.0
2024-07-03T15:00:00,19.21,72.79,0.0
2024-07-03T15:00:00,19.21,72.81,0.0
2024-07-03T15:00:00,19.21,72.83,0.0
2024-07-03T15:00:00,19.21,72.85,0.0
2024-07-03T15:00:00,19.21,72.87,0.0
2024-07-03T15:00:00,19.21,72.89,0.0
2024-07-03T15:00:00,19.21,72.91,0.0
2024-07-03T15:00:00,19.21,72.93,0.0
2024-07-03T15:00:00,19.21,72.95,0.0
2024-07-03T15:00:00,19.21,72.97,0.0
2024-07-03T15:00:00,19.21,72.99,0.0
2024-07-03T15:00:00,19.23,72.77,0.0
2024-07-03T15:00:00,19.23,72.79,0.0
2024-07-03T15:00:00,19.23,72.81,0.0
2024-07-03T15:00:00,19.23,72.83,0.0
2024-07-03T15:00:00,19.23,72.85,0.0
2024-07-03T15:00:00,19.23,72.87,0.0
2024-07-03T15:00:00,19.23,72.89,0.0
2024-07-03T15:00:00,19.23,72.91,0.0
2024-07-03T15:00:00,19.23,72.93,0.0
2024-07-03T15:00:00,19.23,72.95,0.0
2024-07-03T15:00:00,19.23,72.97,0.0
2024-07-03T15:00:00,19.23,72.99,0.0
2024-07-03T15:00:00,19.25,72.77,0.0
2024-07-03T15:00:00,19.25,72.79,0.0
2024-07-03T15:00:00,19.25,72.81,0.0
2024-07-03T15:00:00,19.25,72.83,0.0
2024-07-03T15:00:00,19.25,72.85,0.0
2024-07-03T15:00:00,19.25,72.87,0.0
2024-07-03T15:00:00,19.25,72.89,0.0
2024-07-03T15:00:00,19.25,72.91,0.0
2024-07-03T15:00:00,19.25,72.93,0.0
2024-07-03T15:00:00,19.25,72.95,0.0
2024-07-03T15:00:00,19.25,72.97,0.0
2024-07-03T15:00:00,19.25,72.99,0.0
2024-07-03T16:00:00,18.87,72.77,0.0
2024-07-03T16:00:00,18.87,72.79,0.0
2024-07-03T16:00:00,18.87,72.81,0.0
2024-07-03T16:00:00,18.87,72.83,0.0
2024-07-03T16:00:00,18.87,72.85,0.0
2024-07-03T16:00:00,18.87,72.87,0.0
2024-07-03T16:00:00,18.87,72.89,0.0
2024-07-03T16:00:00,18.87,72.91,0.0
2024-07-03T16:00:00,18.87,72.93,0.0
2024-07-03T16:00:00,18.87,72.95,0.0
2024-07-03T16:00:00,18.87,72.97,0.0
2024-07-03T16:00:00,18.87,72.99,0.0
2024-07-03T16:00:00,18.89,72.77,0.0
2024-07-03T16:00:00,18.89,72.79,0.0
2024-07-03T16:00:00,18.89,72.81,0.0
2024-07-03T16:00:00,18.89,72.83,0.0
2024-07-03T16:00:00,18.89,72.85,0.0
2024-07-03T16:00:00,18.89,72.87,0.0
2024-07-03T16:00:00,18.89,72.89,0.0
2024-07-03T16:00:00,18.89,72.91,0.0
2024-07-03T16:00:00,18.89,72.93,0.0
2024-07-03T16:00:00,18.89,72.95,0.0
2024-07-03T16:00:00,18.89,72.97,0.0
2024-07-03T16:00:00,18.89,72.99,0.0
2024-07-03T16:00:00,18.91,72.77,0.0
2024-07-03T16:00:00,18.91,72.79,0.0
2024-07-03T16:00:00,18.91,72.81,0.0
2024-07-03T16:00:00,18.91,72.83,0.0
2024-07-03T16:00:00,18.91,72.85,0.0
2024-07-03T16:00:00,18.91,72.87,0.0
2024-07-03T16:00:00,18.91,72.89,0.0
2024-07-03T16:00:00,18.91,72.91,0.0
2024-07-03T16:00:00,18.91,72.93,0.0
2024-07-03T16:00:00,18.91,72.95,0.0
2024-07-03T16:00:00,18.91,72.97,0.0
2024-07-03T16:00:00,18.91,72.99,0.0
2024-07-03T16:00:00,18.93,72.77,0.0
2024-07-03T16:00:00,18.93,72.79,0.0
2024-07-03T16:00:00,18.93,72.81,0.0
2024-07-03T16:00:00,18.93,72.83,0.0
2024-07-03T16:00:00,18.93,72.85,0.0
2024-07-03T16:00:00,18.93,72.87,0.0
2024-07-03T16:00:00,18.93,72.89,0.0
2024-07-03T16:00:00,18.93,72.91,0.0
2024-07-03T16:00:00,18.93,72.93,0.0
2024-07-03T16:00:00,18.93,72.95,0.0
2024-07-03T16:00:00,18.93,72.97,0.0
2024-07-03T16:00:00,18.93,72.99,0.0
2024-07-03T16:00:00,18.95,72.77,0.0
2024-07-03T16:00:00,18.95,72.79,0.0
2024-07-03T16:00:00,18.95,72.81,0.0
2024-07-03T16:00:00,18.95,72.83,0.0
2024-07-03T16:00:00,18.95,72.85,0.0
2024-07-03T16:00:00,18.95,72.87,0.0
2024-07-03T16:00:00,18.95,72.89,0.0
2024-07-03T16:00:00,18.95,72.91,0.0
2024-07-03T16:00:00,18.95,72.93,0.0
2024-07-03T16:00:00,18.95,72.95,0.0
2024-07-03T16:00:00,18.95,72.97,0.0
2024-07-03T16:00:00,18.95,72.99,0.0
2024-07-03T16:00:00,18.97,72.77,0.0
2024-07-03T16:00:00,18.97,72.79,0.0
2024-07-03T16:00:00,18.97,72.81,0.0
2024-07-03T16:00:00,18.97,72.83,0.0
2024-07-03T16:00:00,18.97,72.85,0.0
2024-07-03T16:00:00,18.97,72.87,0.0
2024-07-03T16:00:00,18.97,72.89,0.0
2024-07-03T16:00:00,18.97,72.91,0.0
2024-07-03T16:00:00,18.97,72.93,0.0
2024-07-03T16:00:00,18.97,72.95,0.0
2024-07-03T16:00:00,18.97,72.97,0.0
2024-07-03T16:00:00,18.97,72.99,0.0
2024-07-03T16:00:00,18.99,72.77,0.0
2024-07-03T16:00:00,18.99,72.79,0.0
2024-07-03T16:00:00,18.99,72.81,0.0
2024-07-03T16:00:00,18.99,72.83,0.0
2024-07-03T16:00:00,18.99,72.85,0.0
2024-07-03T16:00:00,18.99,72.87,0.0
2024-07-03T16:00:00,18.99,72.89,0.0
2024-07-03T16:00:00,18.99,72.91,0.0
2024-07-03T16:00:00,18.99,72.93,0.0
2024-07-03T16:00:00,18.99,72.95,0.0
2024-07-03T16:00:00,18.99,72.97,0.0
2024-07-03T16:00:00,18.99,72.99,0.0
2024-07-03T16:00:00,19.01,72.77,0.0
2024-07-03T16:00:00,19.01,72.79,0.0
2024-07-03T16:00:00,19.01,72.81,0.0
2024-07-03T16:00:00,19.01,72.83,0.0
2024-07-03T16:00:00,19.01,72.85,0.0
2024-07-03T16:00:00,19.01,72.87,0.0
2024-07-03T16:00:00,19.01,72.89,0.0
2024-07-03T16:00:00,19.01,72.91,0.0
2024-07-03T16:00:00,19.01,72.93,0.0
2024-07-03T16:00:00,19.01,72.95,0.0
2024-07-03T16:00:00,19.01,72.97,0.0
2024-07-03T16:00:00,19.01,72.99,0.0
2024-07-03T16:00:00,19.03,72.77,0.0
2024-07-03T16:00:00,19.03,72.79,0.0
2024-07-03T16:00:00,19.03,72.81,0.0
2024-07-03T16:00:00,19.03,72.83,0.0
2024-07-03T16:00:00,19.03,72.85,0.0
2024-07-03T16:00:00,19.03,72.87,0.0
2024-07-03T16:00:00,19.03,72.89,0.0
2024-07-03T16:00:00,19.03,72.91,0.0
2024-07-03T16:00:00,19.03,72.93,0.0
2024-07-03T16:00:00,19.03,72.95,0.0
2024-07-03T16:00:00,19.03,72.97,0.0
2024-07-03T16:00:00,19.03,72.99,0.0
2024-07-03T16:00:00,19.05,72.77,0.0
2024-07-03T16:00:00,19.05,72.79,0.0
2024-07-03T16:00:00,19.05,72.81,0.0
2024-07-03T16:00:00,19.05,72.83,0.0
2024-07-03T16:00:00,19.05,72.85,0.0
2024-07-03T16:00:00,19.05,72.87,0.0
2024-07-03T16:00:00,19.05,72.89,0.0
2024-07-03T16:00:00,19.05,72.91,0.0
2024-07-03T16:00:00,19.05,72.93,0.0
2024-07-03T16:00:00,19.05,72.95,0.0
2024-07-03T16:00:00,19.05,72.97,0.0
2024-07-03T16:00:00,19.05,72.99,0.0
2024-07-03T16:00:00,19.07,72.77,0.0
2024-07-03T16:00:00,19.07,72.79,0.0
2024-07-03T16:00:00,19.07,72.81,0.0
2024-07-03T16:00:00,19.07,72.83,0.0
2024-07-03T16:00:00,19.07,72.85,0.0
2024-07-03T16:00:00,19.07,72.87,0.0
2024-07-03T16:00:00,19.07,72.89,0.0
2024-07-03T16:00:00,19.07,72.91,0.0
2024-07-03T16:00:00,19.07,72.93,0.0
2024-07-03T16:00:00,19.07,72.95,0.0
2024-07-03T16:00:00,19.07,72.97,0.0
2024-07-03T16:00:00,19.07,72.99,0.0
2024-07-03T16:00:00,19.09,72.77,0.0
2024-07-03T16:00:00,19.09,72.79,0.0
2024-07-03T16:00:00,19.09,72.81,0.0
2024-07-03T16:00:00,19.09,72.83,0.0
2024-07-03T16:00:00,19.09,72.85,0.0
2024-07-03T16:00:00,19.09,72.87,0.0
2024-07-03T16:00:00,19.09,72.89,0.0
2024-07-03T16:00:00,19.09,72.91,0.0
2024-07-03T16:00:00,19.09,72.93,0.0
2024-07-03T16:00:00,19.09,72.95,0.0
2024-07-03T16:00:00,19.09,72.97,0.0
2024-07-03T16:00:00,19.09,72.99,0.0
2024-07-03T16:00:00,19.11,72.77,0.0
2024-07-03T16:00:00,19.11,72.79,0.0
2024-07-03T16:00:00,19.11,72.81,0.0
2024-07-03T16:00:00,19.11,72.83,0.0
2024-07-03T16:00:00,19.11,72.85,0.0
2024-07-03T16:00:00,19.11,72.87,0.0
2024-07-03T16:00:00,19.11,72.89,0.0
2024-07-03T16:00:00,19.11,72.91,0.0
2024-07-03T16:00:00,19.11,72.93,0.0
2024-07-03T16:00:00,19.11,72.95,0.0
2024-07-03T16:00:00,19.11,72.97,0.0
2024-07-03T16:00:00,19.11,72.99,0.0
2024-07-03T16:00:00,19.13,72.77,0.0
2024-07-03T16:00:00,19.13,72.79,0.0
2024-07-03T16:00:00,19.13,72.81,0.0
2024-07-03T16:00:00,19.13,72.83,0.0
2024-07-03T16:00:00,19.13,72.85,0.0
2024-07-03T16:00:00,19.13,72.87,0.0
2024-07-03T16:00:00,19.13,72.89,0.0
2024-07-03T16:00:00,19.13,72.91,0.0
2024-07-03T16:00:00,19.13,72.93,0.0
2024-07-03T16:00:00,19.13,72.95,0.0
2024-07-03T16:00:00,19.13,72.97,0.0
2024-07-03T16:00:00,19.13,72.99,0.0
2024-07-03T16:00:00,19.15,72.77,0.0
2024-07-03T16:00:00,19.15,72.79,0.0
2024-07-03T16:00:00,19.15,72.81,0.0
2024-07-03T16:00:00,19.15,72.83,0.0
2024-07-03T16:00:00,19.15,72.85,0.0
2024-07-03T16:00:00,19.15,72.87,0.0
2024-07-03T16:00:00,19.15,72.89,0.0
2024-07-03T16:00:00,19.15,72.91,0.0
2024-07-03T16:00:00,19.15,72.93,0.0
2024-07-03T16:00:00,19.15,72.95,0.0
2024-07-03T16:00:00,19.15,72.97,0.0
2024-07-03T16:00:00,19.15,72.99,0.0
2024-07-03T16:00:00,19.17,72.77,0.0
2024-07-03T16:00:00,19.17,72.79,0.0
2024-07-03T16:00:00,19.17,72.81,0.0
2024-07-03T16:00:00,19.17,72.83,0.0
2024-07-03T16:00:00,19.17,72.85,0.0
2024-07-03T16:00:00,19.17,72.87,0.0
2024-07-03T16:00:00,19.17,72.89,0.0
2024-07-03T16:00:00,19.17,72.91,0.0
2024-07-03T16:00:00,19.17,72.93,0.0
2024-07-03T16:00:00,19.17,72.95,0.0
2024-07-03T16:00:00,19.17,72.97,0.0
2024-07-03T16:00:00,19.17,72.99,0.0
2024-07-03T16:00:00,19.19,72.77,0.0
2024-07-03T16:00:00,19.19,72.79,0.0
2024-07-03T16:00:00,19.19,72.81,0.0
2024-07-03T16:00:00,19.19,72.83,0.0
2024-07-03T16:00:00,19.19,72.85,0.0
2024-07-03T16:00:00,19.19,72.87,0.0
2024-07-03T16:00:00,19.19,72.89,0.0
2024-07-03T16:00:00,19.19,72.91,0.0
2024-07-03T16:00:00,19.19,72.93,0.0
2024-07-03T16:00:00,19.19,72.95,0.0
2024-07-03T16:00:00,19.19,72.97,0.0
2024-07-03T16:00:00,19.19,72.99,0.0
2024-07-03T16:00:00,19.21,72.77,0.0
2024-07-03T16:00:00,19.21,72.79,0.0
2024-07-03T16:00:00,19.21,72.81,0.0
2024-07-03T16:00:00,19.21,72.83,0.0
2024-07-03T16:00:00,19.21,72.85,0.0
2024-07-03T16:00:00,19.21,72.87,0.0
2024-07-03T16:00:00,19.21,72.89,0.0
2024-07-03T16:00:00,19.21,72.91,0.0
2024-07-03T16:00:00,19.21,72.93,0.0
2024-07-03T16:00:00,19.21,72.95,0.0
2024-07-03T16:00:00,19.21,72.97,0.0
2024-07-03T16:00:00,19.21,72.99,0.0
2024-07-03T16:00:00,19.23,72.77,0.0
2024-07-03T16:00:00,19.23,72.79,0.0
2024-07-03T16:00:00,19.23,72.81,0.0
2024-07-03T16:00:00,19.23,72.83,0.0
2024-07-03T16:00:00,19.23,72.85,0.0
2024-07-03T16:00:00,19.23,72.87,0.0
2024-07-03T16:00:00,19.23,72.89,0.0
2024-07-03T16:00:00,19.23,72.91,0.0
2024-07-03T16:00:00,19.23,72.93,0.0
2024-07-03T16:00:00,19.23,72.95,0.0
2024-07-03T16:00:00,19.23,72.97,0.0
2024-07-03T16:00:00,19.23,72.99,0.0
2024-07-03T16:00:00,19.25,72.77,0.0
2024-07-03T16:00:00,19.25,72.79,0.0
2024-07-03T16:00:00,19.25,72.81,0.0
2024-07-03T16:00:00,19.25,72.83,0.0
2024-07-03T16:00:00,19.25,72.85,0.0
2024-07-03T16:00:00,19.25,72.87,0.0
2024-07-03T16:00:00,19.25,72.89,0.0
2024-07-03T16:00:00,19.25,72.91,0.0
2024-07-03T16:00:00,19.25,72.93,0.0
2024-07-03T16:00:00,19.25,72.95,0.0
2024-07-03T16:00:00,19.25,72.97,0.0
2024-07-03T16:00:00,19.25,72.99,0.0
2024-07-03T17:00:00,18.87,72.77,0.0
2024-07-03T17:00:00,18.87,72.79,0.0
2024-07-03T17:00:00,18.87,72.81,0.0
2024-07-03T17:00:00,18.87,72.83,0.0
2024-07-03T17:00:00,18.87,72.85,0.0
2024-07-03T17:00:00,18.87,72.87,0.0
2024-07-03T17:00:00,18.87,72.89,0.0
2024-07-03T17:00:00,18.87,72.91,0.0
2024-07-03T17:00:00,18.87,72.93,0.0
2024-07-03T17:00:00,18.87,72.95,0.0
2024-07-03T17:00:00,18.87,72.97,0.0
2024-07-03T17:00:00,18.87,72.99,0.0
2024-07-03T17:00:00,18.89,72.77,0.0
2024-07-03T17:00:00,18.89,72.79,0.0
2024-07-03T17:00:00,18.89,72.81,0.0
2024-07-03T17:00:00,18.89,72.83,0.0
2024-07-03T17:00:00,18.89,72.85,0.0
2024-07-03T17:00:00,18.89,72.87,0.0
2024-07-03T17:00:00,18.89,72.89,0.0
2024-07-03T17:00:00,18.89,72.91,0.0
2024-07-03T17:00:00,18.89,72.93,0.0
2024-07-03T17:00:00,18.89,72.95,0.0
2024-07-03T17:00:00,18.89,72.97,0.0
2024-07-03T17:00:00,18.89,72.99,0.0
2024-07-03T17:00:00,18.91,72.77,0.0
2024-07-03T17:00:00,18.91,72.79,0.0
2024-07-03T17:00:00,18.91,72.81,0.0
2024-07-03T17:00:00,18.91,72.83,0.0
2024-07-03T17:00:00,18.91,72.85,0.0
2024-07-03T17:00:00,18.91,72.87,0.0
2024-07-03T17:00:00,18.91,72.89,0.0
2024-07-03T17:00:00,18.91,72.91,0.0
2024-07-03T17:00:00,18.91,72.93,0.0
2024-07-03T17:00:00,18.91,72.95,0.0
2024-07-03T17:00:00,18.91,72.97,0.0
2024-07-03T17:00:00,18.91,72.99,0.0
2024-07-03T17:00:00,18.93,72.77,0.0
2024-07-03T17:00:00,18.93,72.79,0.0
2024-07-03T17:00:00,18.93,72.81,0.0
2024-07-03T17:00:00,18.93,72.83,0.0
2024-07-03T17:00:00,18.93,72.85,0.0
2024-07-03T17:00:00,18.93,72.87,0.0
2024-07-03T17:00:00,18.93,72.89,0.0
2024-07-03T17:00:00,18.93,72.91,0.0
2024-07-03T17:00:00,18.93,72.93,0.0
2024-07-03T17:00:00,18.93,72.95,0.0
2024-07-03T17:00:00,18.93,72.97,0.0
2024-07-03T17:00:00,18.93,72.99,0.0
2024-07-03T17:00:00,18.95,72.77,0.0
2024-07-03T17:00:00,18.95,72.79,0.0
2024-07-03T17:00:00,18.95,72.81,0.0
2024-07-03T17:00:00,18.95,72.83,0.0
2024-07-03T17:00:00,18.95,72.85,0.0
2024-07-03T17:00:00,18.95,72.87,0.0
2024-07-03T17:00:00,18.95,72.89,0.0
2024-07-03T17:00:00,18.95,72.91,0.0
2024-07-03T17:00:00,18.95,72.93,0.0
2024-07-03T17:00:00,18.95,72.95,0.0
2024-07-03T17:00:00,18.95,72.97,0.0
2024-07-03T17:00:00,18.95,72.99,0.0
2024-07-03T17:00:00,18.97,72.77,0.0
2024-07-03T17:00:00,18.97,72.79,0.0
2024-07-03T17:00:00,18.97,72.81,0.0
2024-07-03T17:00:00,18.97,72.83,0.0
2024-07-03T17:00:00,18.97,72.85,0.0
2024-07-03T17:00:00,18.97,72.87,0.0
2024-07-03T17:00:00,18.97,72.89,0.0
2024-07-03T17:00:00,18.97,72.91,0.0
2024-07-03T17:00:00,18.97,72.93,0.0
2024-07-03T17:00:00,18.97,72.95,0.0
2024-07-03T17:00:00,18.97,72.97,0.0
2024-07-03T17:00:00,18.97,72.99,0.0
2024-07-03T17:00:00,18.99,72.77,0.0
2024-07-03T17:00:00,18.99,72.79,0.0
2024-07-03T17:00:00,18.99,72.81,0.0
2024-07-03T17:00:00,18.99,72.83,0.0
2024-07-03T17:00:00,18.99,72.85,0.0
2024-07-03T17:00:00,18.99,72.87,0.0
2024-07-03T17:00:00,18.99,72.89,0.0
2024-07-03T17:00:00,18.99,72.91,0.0
2024-07-03T17:00:00,18.99,72.93,0.0
2024-07-03T17:00:00,18.99,72.95,0.0
2024-07-03T17:00:00,18.99,72.97,0.0
2024-07-03T17:00:00,18.99,72.99,0.0
2024-07-03T17:00:00,19.01,72.77,0.0
2024-07-03T17:00:00,19.01,72.79,0.0
2024-07-03T17:00:00,19.01,72.81,0.0
2024-07-03T17:00:00,19.01,72.83,0.0
2024-07-03T17:00:00,19.01,72.85,0.0
2024-07-03T17:00:00,19.01,72.87,0.0
2024-07-03T17:00:00,19.01,72.89,0.0
2024-07-03T17:00:00,19.01,72.91,0.0
2024-07-03T17:00:00,19.01,72.93,0.0
2024-07-03T17:00:00,19.01,72.95,0.0
2024-07-03T17:00:00,19.01,72.97,0.0
2024-07-03T17:00:00,19.01,72.99,0.0
2024-07-03T17:00:00,19.03,72.77,0.0
2024-07-03T17:00:00,19.03,72.79,0.0
2024-07-03T17:00:00,19.03,72.81,0.0
2024-07-03T17:00:00,19.03,72.83,0.0
2024-07-03T17:00:00,19.03,72.85,0.0
2024-07-03T17:00:00,19.03,72.87,0.0
2024-07-03T17:00:00,19.03,72.89,0.0
2024-07-03T17:00:00,19.03,72.91,0.0
2024-07-03T17:00:00,19.03,72.93,0.0
2024-07-03T17:00:00,19.03,72.95,0.0
2024-07-03T17:00:00,19.03,72.97,0.0
2024-07-03T17:00:00,19.03,72.99,0.0
2024-07-03T17:00:00,19.05,72.77,0.0
2024-07-03T17:00:00,19.05,72.79,0.0
2024-07-03T17:00:00,19.05,72.81,0.0
2024-07-03T17:00:00,19.05,72.83,0.0
2024-07-03T17:00:00,19.05,72.85,0.0
2024-07-03T17:00:00,19.05,72.87,0.0
2024-07-03T17:00:00,19.05,72.89,0.0
2024-07-03T17:00:00,19.05,72.91,0.0
2024-07-03T17:00:00,19.05,72.93,0.0
2024-07-03T17:00:00,19.05,72.95,0.0
2024-07-03T17:00:00,19.05,72.97,0.0
2024-07-03T17:00:00,19.05,72.99,0.0
2024-07-03T17:00:00,19.07,72.77,0.0
2024-07-03T17:00:00,19.07,72.79,0.0
2024-07-03T17:00:00,19.07,72.81,0.0
2024-07-03T17:00:00,19.07,72.83,0.0
2024-07-03T17:00:00,19.07,72.85,0.0
2024-07-03T17:00:00,19.07,72.87,0.0
2024-07-03T17:00:00,19.07,72.89,0.0
2024-07-03T17:00:00,19.07,72.91,0.0
2024-07-03T17:00:00,19.07,72.93,0.0
2024-07-03T17:00:00,19.07,72.95,0.0
2024-07-03T17:00:00,19.07,72.97,0.0
2024-07-03T17:00:00,19.07,72.99,0.0
2024-07-03T17:00:00,19.09,72.77,0.0
2024-07-03T17:00:00,19.09,72.79,0.0
2024-07-03T17:00:00,19.09,72.81,0.0
2024-07-03T17:00:00,19.09,72.83,0.0
2024-07-03T17:00:00,19.09,72.85,0.0
2024-07-03T17:00:00,19.09,72.87,0.0
2024-07-03T17:00:00,19.09,72.89,0.0
2024-07-03T17:00:00,19.09,72.91,0.0
2024-07-03T17:00:00,19.09,72.93,0.0
2024-07-03T17:00:00,19.09,72.95,0.0
2024-07-03T17:00:00,19.09,72.97,0.0
2024-07-03T17:00:00,19.09,72.99,0.0
2024-07-03T17:00:00,19.11,72.77,0.0
2024-07-03T17:00:00,19.11,72.79,0.0
2024-07-03T17:00:00,19.11,72.81,0.0
2024-07-03T17:00:00,19.11,72.83,0.0
2024-07-03T17:00:00,19.11,72.85,0.0
2024-07-03T17:00:00,19.11,72.87,0.0
2024-07-03T17:00:00,19.11,72.89,0.0
2024-07-03T17:00:00,19.11,72.91,0.0
2024-07-03T17:00:00,19.11,72.93,0.0
2024-07-03T17:00:00,19.11,72.95,0.0
2024-07-03T17:00:00,19.11,72.97,0.0
2024-07-03T17:00:00,19.11,72.99,0.0
2024-07-03T17:00:00,19.13,72.77,0.0
2024-07-03T17:00:00,19.13,72.79,0.0
2024-07-03T17:00:00,19.13,72.81,0.0
2024-07-03T17:00:00,19.13,72.83,0.0
2024-07-03T17:00:00,19.13,72.85,0.0
2024-07-03T17:00:00,19.13,72.87,0.0
2024-07-03T17:00:00,19.13,72.89,0.0
2024-07-03T17:00:00,19.13,72.91,0.0
2024-07-03T17:00:00,19.13,72.93,0.0
2024-07-03T17:00:00,19.13,72.95,0.0
2024-07-03T17:00:00,19.13,72.97,0.0
2024-07-03T17:00:00,19.13,72.99,0.0
2024-07-03T17:00:00,19.15,72.77,0.0
2024-07-03T17:00:00,19.15,72.79,0.0
2024-07-03T17:00:00,19.15,72.81,0.0
2024-07-03T17:00:00,19.15,72.83,0.0
2024-07-03T17:00:00,19.15,72.85,0.0
2024-07-03T17:00:00,19.15,72.87,0.0
2024-07-03T17:00:00,19.15,72.89,0.0
2024-07-03T17:00:00,19.15,72.91,0.0
2024-07-03T17:00:00,19.15,72.93,0.0
2024-07-03T17:00:00,19.15,72.95,0.0
2024-07-03T17:00:00,19.15,72.97,0.0
2024-07-03T17:00:00,19.15,72.99,0.0
2024-07-03T17:00:00,19.17,72.77,0.0
2024-07-03T17:00:00,19.17,72.79,0.0
2024-07-03T17:00:00,19.17,72.81,0.0
2024-07-03T17:00:00,19.17,72.83,0.0
2024-07-03T17:00:00,19.17,72.85,0.0
2024-07-03T17:00:00,19.17,72.87,0.0
2024-07-03T17:00:00,19.17,72.89,0.0
2024-07-03T17:00:00,19.17,72.91,0.0
2024-07-03T17:00:00,19.17,72.93,0.0
2024-07-03T17:00:00,19.17,72.95,0.0
2024-07-03T17:00:00,19.17,72.97,0.0
2024-07-03T17:00:00,19.17,72.99,0.0
2024-07-03T17:00:00,19.19,72.77,0.0
2024-07-03T17:00:00,19.19,72.79,0.0
2024-07-03T17:00:00,19.19,72.81,0.0
2024-07-03T17:00:00,19.19,72.83,0.0
2024-07-03T17:00:00,19.19,72.85,0.0
2024-07-03T17:00:00,19.19,72.87,0.0
2024-07-03T17:00:00,19.19,72.89,0.0
2024-07-03T17:00:00,19.19,72.91,0.0
2024-07-03T17:00:00,19.19,72.93,0.0
2024-07-03T17:00:00,19.19,72.95,0.0
2024-07-03T17:00:00,19.19,72.97,0.0
2024-07-03T17:00:00,19.19,72.99,0.0
2024-07-03T17:00:00,19.21,72.77,0.0
2024-07-03T17:00:00,19.21,72.79,0.0
2024-07-03T17:00:00,19.21,72.81,0.0
2024-07-03T17:00:00,19.21,72.83,0.0
2024-07-03T17:00:00,19.21,72.85,0.0
2024-07-03T17:00:00,19.21,72.87,0.0
2024-07-03T17:00:00,19.21,72.89,0.0
2024-07-03T17:00:00,19.21,72.91,0.0
2024-07-03T17:00:00,19.21,72.93,0.0
2024-07-03T17:00:00,19.21,72.95,0.0
2024-07-03T17:00:00,19.21,72.97,0.0
2024-07-03T17:00:00,19.21,72.99,0.0
2024-07-03T17:00:00,19.23,72.77,0.0
2024-07-03T17:00:00,19.23,72.79,0.0
2024-07-03T17:00:00,19.23,72.81,0.0
2024-07-03T17:00:00,19.23,72.83,0.0
2024-07-03T17:00:00,19.23,72.85,0.0
2024-07-03T17:00:00,19.23,72.87,0.0
2024-07-03T17:00:00,19.23,72.89,0.0
2024-07-03T17:00:00,19.23,72.91,0.0
2024-07-03T17:00:00,19.23,72.93,0.0
2024-07-03T17:00:00,19.23,72.95,0.0
2024-07-03T17:00:00,19.23,72.97,0.0
2024-07-03T17:00:00,19.23,72.99,0.0
2024-07-03T17:00:00,19.25,72.77,0.0
2024-07-03T17:00:00,19.25,72.79,0.0
2024-07-03T17:00:00,19.25,72.81,0.0
2024-07-03T17:00:00,19.25,72.83,0.0
2024-07-03T17:00:00,19.25,72.85,0.0
2024-07-03T17:00:00,19.25,72.87,0.0
2024-07-03T17:00:00,19.25,72.89,0.0
2024-07-03T17:00:00,19.25,72.91,0.0
2024-07-03T17:00:00,19.25,72.93,0.0
2024-07-03T17:00:00,19.25,72.95,0.0
2024-07-03T17:00:00,19.25,72.97,0.0
2024-07-03T17:00:00,19.25,72.99,0.0
2024-07-03T18:00:00,18.87,72.77,0.0
2024-07-03T18:00:00,18.87,72.79,0.0
2024-07-03T18:00:00,18.87,72.81,0.0
2024-07-03T18:00:00,18.87,72.83,0.0
2024-07-03T18:00:00,18.87,72.85,0.0
2024-07-03T18:00:00,18.87,72.87,0.0
2024-07-03T18:00:00,18.87,72.89,0.0
2024-07-03T18:00:00,18.87,72.91,0.0
2024-07-03T18:00:00,18.87,72.93,0.0
2024-07-03T18:00:00,18.87,72.95,0.0
2024-07-03T18:00:00,18.87,72.97,0.0
2024-07-03T18:00:00,18.87,72.99,0.0
2024-07-03T18:00:00,18.89,72.77,0.0
2024-07-03T18:00:00,18.89,72.79,0.0
2024-07-03T18:00:00,18.89,72.81,0.0
2024-07-03T18:00:00,18.89,72.83,0.0
2024-07-03T18:00:00,18.89,72.85,0.0
2024-07-03T18:00:00,18.89,72.87,0.0
2024-07-03T18:00:00,18.89,72.89,0.0
2024-07-03T18:00:00,18.89,72.91,0.0
2024-07-03T18:00:00,18.89,72.93,0.0
2024-07-03T18:00:00,18.89,72.95,0.0
2024-07-03T18:00:00,18.89,72.97,0.0
2024-07-03T18:00:00,18.89,72.99,0.0
2024-07-03T18:00:00,18.91,72.77,0.0
2024-07-03T18:00:00,18.91,72.79,0.0
2024-07-03T18:00:00,18.91,72.81,0.0
2024-07-03T18:00:00,18.91,72.83,0.0
2024-07-03T18:00:00,18.91,72.85,0.0
2024-07-03T18:00:00,18.91,72.87,0.0
2024-07-03T18:00:00,18.91,72.89,0.0
2024-07-03T18:00:00,18.91,72.91,0.0
2024-07-03T18:00:00,18.91,72.93,0.0
2024-07-03T18:00:00,18.91,72.95,0.0
2024-07-03T18:00:00,18.91,72.97,0.0
2024-07-03T18:00:00,18.91,72.99,0.0
2024-07-03T18:00:00,18.93,72.77,0.0
2024-07-03T18:00:00,18.93,72.79,0.0
2024-07-03T18:00:00,18.93,72.81,0.0
2024-07-03T18:00:00,18.93,72.83,0.0
2024-07-03T18:00:00,18.93,72.85,0.0
2024-07-03T18:00:00,18.93,72.87,0.0
2024-07-03T18:00:00,18.93,72.89,0.0
2024-07-03T18:00:00,18.93,72.91,0.0
2024-07-03T18:00:00,18.93,72.93,0.0
2024-07-03T18:00:00,18.93,72.95,0.0
2024-07-03T18:00:00,18.93,72.97,0.0
2024-07-03T18:00:00,18.93,72.99,0.0
2024-07-03T18:00:00,18.95,72.77,0.0
2024-07-03T18:00:00,18.95,72.79,0.0
2024-07-03T18:00:00,18.95,72.81,0.0
2024-07-03T18:00:00,18.95,72.83,0.0
2024-07-03T18:00:00,18.95,72.85,0.0
2024-07-03T18:00:00,18.95,72.87,0.0
2024-07-03T18:00:00,18.95,72.89,0.0
2024-07-03T18:00:00,18.95,72.91,0.0
2024-07-03T18:00:00,18.95,72.93,0.0
2024-07-03T18:00:00,18.95,72.95,0.0
2024-07-03T18:00:00,18.95,72.97,0.0
2024-07-03T18:00:00,18.95,72.99,0.0
2024-07-03T18:00:00,18.97,72.77,0.0
2024-07-03T18:00:00,18.97,72.79,0.0
2024-07-03T18:00:00,18.97,72.81,0.0
2024-07-03T18:00:00,18.97,72.83,0.0
2024-07-03T18:00:00,18.97,72.85,0.0
2024-07-03T18:00:00,18.97,72.87,0.0
2024-07-03T18:00:00,18.97,72.89,0.0
2024-07-03T18:00:00,18.97,72.91,0.0
2024-07-03T18:00:00,18.97,72.93,0.0
2024-07-03T18:00:00,18.97,72.95,0.0
2024-07-03T18:00:00,18.97,72.97,0.0
2024-07-03T18:00:00,18.97,72.99,0.0
2024-07-03T18:00:00,18.99,72.77,0.0
2024-07-03T18:00:00,18.99,72.79,0.0
2024-07-03T18:00:00,18.99,72.81,0.0
2024-07-03T18:00:00,18.99,72.83,0.0
2024-07-03T18:00:00,18.99,72.85,0.0
2024-07-03T18:00:00,18.99,72.87,0.0
2024-07-03T18:00:00,18.99,72.89,0.0
2024-07-03T18:00:00,18.99,72.91,0.0
2024-07-03T18:00:00,18.99,72.93,0.0
2024-07-03T18:00:00,18.99,72.95,0.0
2024-07-03T18:00:00,18.99,72.97,0.0
2024-07-03T18:00:00,18.99,72.99,0.0
2024-07-03T18:00:00,19.01,72.77,0.0
2024-07-03T18:00:00,19.01,72.79,0.0
2024-07-03T18:00:00,19.01,72.81,0.0
2024-07-03T18:00:00,19.01,72.83,0.0
2024-07-03T18:00:00,19.01,72.85,0.0
2024-07-03T18:00:00,19.01,72.87,0.0
2024-07-03T18:00:00,19.01,72.89,0.0
2024-07-03T18:00:00,19.01,72.91,0.0
2024-07-03T18:00:00,19.01,72.93,0.0
2024-07-03T18:00:00,19.01,72.95,0.0
2024-07-03T18:00:00,19.01,72.97,0.0
2024-07-03T18:00:00,19.01,72.99,0.0
2024-07-03T18:00:00,19.03,72.77,0.0
2024-07-03T18:00:00,19.03,72.79,0.0
2024-07-03T18:00:00,19.03,72.81,0.0
2024-07-03T18:00:00,19.03,72.83,0.0
2024-07-03T18:00:00,19.03,72.85,0.0
2024-07-03T18:00:00,19.03,72.87,0.0
2024-07-03T18:00:00,19.03,72.89,0.0
2024-07-03T18:00:00,19.03,72.91,0.0
2024-07-03T18:00:00,19.03,72.93,0.0
2024-07-03T18:00:00,19.03,72.95,0.0
2024-07-03T18:00:00,19.03,72.97,0.0
2024-07-03T18:00:00,19.03,72.99,0.0
2024-07-03T18:00:00,19.05,72.77,0.0
2024-07-03T18:00:00,19.05,72.79,0.0
2024-07-03T18:00:00,19.05,72.81,0.0
2024-07-03T18:00:00,19.05,72.83,0.0
2024-07-03T18:00:00,19.05,72.85,0.0
2024-07-03T18:00:00,19.05,72.87,0.0
2024-07-03T18:00:00,19.05,72.89,0.0
2024-07-03T18:00:00,19.05,72.91,0.0
2024-07-03T18:00:00,19.05,72.93,0.0
2024-07-03T18:00:00,19.05,72.95,0.0
2024-07-03T18:00:00,19.05,72.97,0.0
2024-07-03T18:00:00,19.05,72.99,0.0
2024-07-03T18:00:00,19.07,72.77,0.0
2024-07-03T18:00:00,19.07,72.79,0.0
2024-07-03T18:00:00,19.07,72.81,0.0
2024-07-03T18:00:00,19.07,72.83,0.0
2024-07-03T18:00:00,19.07,72.85,0.0
2024-07-03T18:00:00,19.07,72.87,0.0
2024-07-03T18:00:00,19.07,72.89,0.0
2024-07-03T18:00:00,19.07,72.91,0.0
2024-07-03T18:00:00,19.07,72.93,0.0
2024-07-03T18:00:00,19.07,72.95,0.0
2024-07-03T18:00:00,19.07,72.97,0.0
2024-07-03T18:00:00,19.07,72.99,0.0
2024-07-03T18:00:00,19.09,72.77,0.0
2024-07-03T18:00:00,19.09,72.79,0.0
2024-07-03T18:00:00,19.09,72.81,0.0
2024-07-03T18:00:00,19.09,72.83,0.0
2024-07-03T18:00:00,19.09,72.85,0.0
2024-07-03T18:00:00,19.09,72.87,0.0
2024-07-03T18:00:00,19.09,72.89,0.0
2024-07-03T18:00:00,19.09,72.91,0.0
2024-07-03T18:00:00,19.09,72.93,0.0
2024-07-03T18:00:00,19.09,72.95,0.0
2024-07-03T18:00:00,19.09,72.97,0.0
2024-07-03T18:00:00,19.09,72.99,0.0
2024-07-03T18:00:00,19.11,72.77,0.0
2024-07-03T18:00:00,19.11,72.79,0.0
2024-07-03T18:00:00,19.11,72.81,0.0
2024-07-03T18:00:00,19.11,72.83,0.0
2024-07-03T18:00:00,19.11,72.85,0.0
2024-07-03T18:00:00,19.11,72.87,0.0
2024-07-03T18:00:00,19.11,72.89,0.0
2024-07-03T18:00:00,19.11,72.91,0.0
2024-07-03T18:00:00,19.11,72.93,0.0
2024-07-03T18:00:00,19.11,72.95,0.0
2024-07-03T18:00:00,19.11,72.97,0.0
2024-07-03T18:00:00,19.11,72.99,0.0
2024-07-03T18:00:00,19.13,72.77,0.0
2024-07-03T18:00:00,19.13,72.79,0.0
2024-07-03T18:00:00,19.13,72.81,0.0
2024-07-03T18:00:00,19.13,72.83,0.0
2024-07-03T18:00:00,19.13,72.85,0.0
2024-07-03T18:00:00,19.13,72.87,0.0
2024-07-03T18:00:00,19.13,72.89,0.0
2024-07-03T18:00:00,19.13,72.91,0.0
2024-07-03T18:00:00,19.13,72.93,0.0
2024-07-03T18:00:00,19.13,72.95,0.0
2024-07-03T18:00:00,19.13,72.97,0.0
2024-07-03T18:00:00,19.13,72.99,0.0
2024-07-03T18:00:00,19.15,72.77,0.0
2024-07-03T18:00:00,19.15,72.79,0.0
2024-07-03T18:00:00,19.15,72.81,0.0
2024-07-03T18:00:00,19.15,72.83,0.0
2024-07-03T18:00:00,19.15,72.85,0.0
2024-07-03T18:00:00,19.15,72.87,0.0
2024-07-03T18:00:00,19.15,72.89,0.0
2024-07-03T18:00:00,19.15,72.91,0.0
2024-07-03T18:00:00,19.15,72.93,0.0
2024-07-03T18:00:00,19.15,72.95,0.0
2024-07-03T18:00:00,19.15,72.97,0.0
2024-07-03T18:00:00,19.15,72.99,0.0
2024-07-03T18:00:00,19.17,72.77,0.0
2024-07-03T18:00:00,19.17,72.79,0.0
2024-07-03T18:00:00,19.17,72.81,0.0
2024-07-03T18:00:00,19.17,72.83,0.0
2024-07-03T18:00:00,19.17,72.85,0.0
2024-07-03T18:00:00,19.17,72.87,0.0
2024-07-03T18:00:00,19.17,72.89,0.0
2024-07-03T18:00:00,19.17,72.91,0.0
2024-07-03T18:00:00,19.17,72.93,0.0
2024-07-03T18:00:00,19.17,72.95,0.0
2024-07-03T18:00:00,19.17,72.97,0.0
2024-07-03T18:00:00,19.17,72.99,0.0
2024-07-03T18:00:00,19.19,72.77,0.0
2024-07-03T18:00:00,19.19,72.79,0.0
2024-07-03T18:00:00,19.19,72.81,0.0
2024-07-03T18:00:00,19.19,72.83,0.0
2024-07-03T18:00:00,19.19,72.85,0.0
2024-07-03T18:00:00,19.19,72.87,0.0
2024-07-03T18:00:00,19.19,72.89,0.0
2024-07-03T18:00:00,19.19,72.91,0.0
2024-07-03T18:00:00,19.19,72.93,0.0
2024-07-03T18:00:00,19.19,72.95,0.0
2024-07-03T18:00:00,19.19,72.97,0.0
2024-07-03T18:00:00,19.19,72.99,0.0
2024-07-03T18:00:00,19.21,72.77,0.0
2024-07-03T18:00:00,19.21,72.79,0.0
2024-07-03T18:00:00,19.21,72.81,0.0
2024-07-03T18:00:00,19.21,72.83,0.0
2024-07-03T18:00:00,19.21,72.85,0.0
2024-07-03T18:00:00,19.21,72.87,0.0
2024-07-03T18:00:00,19.21,72.89,0.0
2024-07-03T18:00:00,19.21,72.91,0.0
2024-07-03T18:00:00,19.21,72.93,0.0
2024-07-03T18:00:00,19.21,72.95,0.0
2024-07-03T18:00:00,19.21,72.97,0.0
2024-07-03T18:00:00,19.21,72.99,0.0
2024-07-03T18:00:00,19.23,72.77,0.0
2024-07-03T18:00:00,19.23,72.79,0.0
2024-07-03T18:00:00,19.23,72.81,0.0
2024-07-03T18:00:00,19.23,72.83,0.0
2024-07-03T18:00:00,19.23,72.85,0.0
2024-07-03T18:00:00,19.23,72.87,0.0
2024-07-03T18:00:00,19.23,72.89,0.0
2024-07-03T18:00:00,19.23,72.91,0.0
2024-07-03T18:00:00,19.23,72.93,0.0
2024-07-03T18:00:00,19.23,72.95,0.0
2024-07-03T18:00:00,19.23,72.97,0.0
2024-07-03T18:00:00,19.23,72.99,0.0
2024-07-03T18:00:00,19.25,72.77,0.0
2024-07-03T18:00:00,19.25,72.79,0.0
2024-07-03T18:00:00,19.25,72.81,0.0
2024-07-03T18:00:00,19.25,72.83,0.0
2024-07-03T18:00:00,19.25,72.85,0.0
2024-07-03T18:00:00,19.25,72.87,0.0
2024-07-03T18:00:00,19.25,72.89,0.0
2024-07-03T18:00:00,19.25,72.91,0.0
2024-07-03T18:00:00,19.25,72.93,0.0
2024-07-03T18:00:00,19.25,72.95,0.0
2024-07-03T18:00:00,19.25,72.97,0.0
2024-07-03T18:00:00,19.25,72.99,0.0
2024-07-03T19:00:00,18.87,72.77,0.0
2024-07-03T19:00:00,18.87,72.79,0.0
2024-07-03T19:00:00,18.87,72.81,0.0
2024-07-03T19:00:00,18.87,72.83,0.0
2024-07-03T19:00:00,18.87,72.85,0.0
2024-07-03T19:00:00,18.87,72.87,0.0
2024-07-03T19:00:00,18.87,72.89,0.0
2024-07-03T19:00:00,18.87,72.91,0.0
2024-07-03T19:00:00,18.87,72.93,0.0
2024-07-03T19:00:00,18.87,72.95,0.0
2024-07-03T19:00:00,18.87,72.97,0.0
2024-07-03T19:00:00,18.87,72.99,0.0
2024-07-03T19:00:00,18.89,72.77,0.0
2024-07-03T19:00:00,18.89,72.79,0.0
2024-07-03T19:00:00,18.89,72.81,0.0
2024-07-03T19:00:00,18.89,72.83,0.0
2024-07-03T19:00:00,18.89,72.85,0.0
2024-07-03T19:00:00,18.89,72.87,0.0
2024-07-03T19:00:00,18.89,72.89,0.0
2024-07-03T19:00:00,18.89,72.91,0.0
2024-07-03T19:00:00,18.89,72.93,0.0
2024-07-03T19:00:00,18.89,72.95,0.0
2024-07-03T19:00:00,18.89,72.97,0.0
2024-07-03T19:00:00,18.89,72.99,0.0
2024-07-03T19:00:00,18.91,72.77,0.0
2024-07-03T19:00:00,18.91,72.79,0.0
2024-07-03T19:00:00,18.91,72.81,0.0
2024-07-03T19:00:00,18.91,72.83,0.0
2024-07-03T19:00:00,18.91,72.85,0.0
2024-07-03T19:00:00,18.91,72.87,0.0
2024-07-03T19:00:00,18.91,72.89,0.0
2024-07-03T19:00:00,18.91,72.91,0.0
2024-07-03T19:00:00,18.91,72.93,0.0
2024-07-03T19:00:00,18.91,72.95,0.0
2024-07-03T19:00:00,18.91,72.97,0.0
2024-07-03T19:00:00,18.91,72.99,0.0
2024-07-03T19:00:00,18.93,72.77,0.0
2024-07-03T19:00:00,18.93,72.79,0.0
2024-07-03T19:00:00,18.93,72.81,0.0
2024-07-03T19:00:00,18.93,72.83,0.0
2024-07-03T19:00:00,18.93,72.85,0.0
2024-07-03T19:00:00,18.93,72.87,0.0
2024-07-03T19:00:00,18.93,72.89,0.0
2024-07-03T19:00:00,18.93,72.91,0.0
2024-07-03T19:00:00,18.93,72.93,0.0
2024-07-03T19:00:00,18.93,72.95,0.0
2024-07-03T19:00:00,18.93,72.97,0.0
2024-07-03T19:00:00,18.93,72.99,0.0
2024-07-03T19:00:00,18.95,72.77,0.0
2024-07-03T19:00:00,18.95,72.79,0.0
2024-07-03T19:00:00,18.95,72.81,0.0
2024-07-03T19:00:00,18.95,72.83,0.0
2024-07-03T19:00:00,18.95,72.85,0.0
2024-07-03T19:00:00,18.95,72.87,0.0
2024-07-03T19:00:00,18.95,72.89,0.0
2024-07-03T19:00:00,18.95,72.91,0.0
2024-07-03T19:00:00,18.95,72.93,0.0
2024-07-03T19:00:00,18.95,72.95,0.0
2024-07-03T19:00:00,18.95,72.97,0.0
2024-07-03T19:00:00,18.95,72.99,0.0
2024-07-03T19:00:00,18.97,72.77,0.0
2024-07-03T19:00:00,18.97,72.79,0.0
2024-07-03T19:00:00,18.97,72.81,0.0
2024-07-03T19:00:00,18.97,72.83,0.0
2024-07-03T19:00:00,18.97,72.85,0.0
2024-07-03T19:00:00,18.97,72.87,0.0
2024-07-03T19:00:00,18.97,72.89,0.0
2024-07-03T19:00:00,18.97,72.91,0.0
2024-07-03T19:00:00,18.97,72.93,0.0
2024-07-03T19:00:00,18.97,72.95,0.0
2024-07-03T19:00:00,18.97,72.97,0.0
2024-07-03T19:00:00,18.97,72.99,0.0
2024-07-03T19:00:00,18.99,72.77,0.0
2024-07-03T19:00:00,18.99,72.79,0.0
2024-07-03T19:00:00,18.99,72.81,0.0
2024-07-03T19:00:00,18.99,72.83,0.0
2024-07-03T19:00:00,18.99,72.85,0.0
2024-07-03T19:00:00,18.99,72.87,0.0
2024-07-03T19:00:00,18.99,72.89,0.0
2024-07-03T19:00:00,18.99,72.91,0.0
2024-07-03T19:00:00,18.99,72.93,0.0
2024-07-03T19:00:00,18.99,72.95,0.0
2024-07-03T19:00:00,18.99,72.97,0.0
2024-07-03T19:00:00,18.99,72.99,0.0
2024-07-03T19:00:00,19.01,72.77,0.0
2024-07-03T19:00:00,19.01,72.79,0.0
2024-07-03T19:00:00,19.01,72.81,0.0
2024-07-03T19:00:00,19.01,72.83,0.0
2024-07-03T19:00:00,19.01,72.85,0.0
2024-07-03T19:00:00,19.01,72.87,0.0
2024-07-03T19:00:00,19.01,72.89,0.0
2024-07-03T19:00:00,19.01,72.91,0.0
2024-07-03T19:00:00,19.01,72.93,0.0
2024-07-03T19:00:00,19.01,72.95,0.0
2024-07-03T19:00:00,19.01,72.97,0.0
2024-07-03T19:00:00,19.01,72.99,0.0
2024-07-03T19:00:00,19.03,72.77,0.0
2024-07-03T19:00:00,19.03,72.79,0.0
2024-07-03T19:00:00,19.03,72.81,0.0
2024-07-03T19:00:00,19.03,72.83,0.0
2024-07-03T19:00:00,19.03,72.85,0.0
2024-07-03T19:00:00,19.03,72.87,0.0
2024-07-03T19:00:00,19.03,72.89,0.0
2024-07-03T19:00:00,19.03,72.91,0.0
2024-07-03T19:00:00,19.03,72.93,0.0
2024-07-03T19:00:00,19.03,72.95,0.0
2024-07-03T19:00:00,19.03,72.97,0.0
2024-07-03T19:00:00,19.03,72.99,0.0
2024-07-03T19:00:00,19.05,72.77,0.0
2024-07-03T19:00:00,19.05,72.79,0.0
2024-07-03T19:00:00,19.05,72.81,0.0
2024-07-03T19:00:00,19.05,72.83,0.0
2024-07-03T19:00:00,19.05,72.85,0.0
2024-07-03T19:00:00,19.05,72.87,0.0
2024-07-03T19:00:00,19.05,72.89,0.0
2024-07-03T19:00:00,19.05,72.91,0.0
2024-07-03T19:00:00,19.05,72.93,0.0
2024-07-03T19:00:00,19.05,72.95,0.0
2024-07-03T19:00:00,19.05,72.97,0.0
2024-07-03T19:00:00,19.05,72.99,0.0
2024-07-03T19:00:00,19.07,72.77,0.0
2024-07-03T19:00:00,19.07,72.79,0.0
2024-07-03T19:00:00,19.07,72.81,0.0
2024-07-03T19:00:00,19.07,72.83,0.0
2024-07-03T19:00:00,19.07,72.85,0.0
2024-07-03T19:00:00,19.07,72.87,0.0
2024-07-03T19:00:00,19.07,72.89,0.0
2024-07-03T19:00:00,19.07,72.91,0.0
2024-07-03T19:00:00,19.07,72.93,0.0
2024-07-03T19:00:00,19.07,72.95,0.0
2024-07-03T19:00:00,19.07,72.97,0.0
2024-07-03T19:00:00,19.07,72.99,0.0
2024-07-03T19:00:00,19.09,72.77,0.0
2024-07-03T19:00:00,19.09,72.79,0.0
2024-07-03T19:00:00,19.09,72.81,0.0
2024-07-03T19:00:00,19.09,72.83,0.0
2024-07-03T19:00:00,19.09,72.85,0.0
2024-07-03T19:00:00,19.09,72.87,0.0
2024-07-03T19:00:00,19.09,72.89,0.0
2024-07-03T19:00:00,19.09,72.91,0.0
2024-07-03T19:00:00,19.09,72.93,0.0
2024-07-03T19:00:00,19.09,72.95,0.0
2024-07-03T19:00:00,19.09,72.97,0.0
2024-07-03T19:00:00,19.09,72.99,0.0
2024-07-03T19:00:00,19.11,72.77,0.0
2024-07-03T19:00:00,19.11,72.79,0.0
2024-07-03T19:00:00,19.11,72.81,0.0
2024-07-03T19:00:00,19.11,72.83,0.0
2024-07-03T19:00:00,19.11,72.85,0.0
2024-07-03T19:00:00,19.11,72.87,0.0
2024-07-03T19:00:00,19.11,72.89,0.0
2024-07-03T19:00:00,19.11,72.91,0.0
2024-07-03T19:00:00,19.11,72.93,0.0
2024-07-03T19:00:00,19.11,72.95,0.0
2024-07-03T19:00:00,19.11,72.97,0.0
2024-07-03T19:00:00,19.11,72.99,0.0
2024-07-03T19:00:00,19.13,72.77,0.0
2024-07-03T19:00:00,19.13,72.79,0.0
2024-07-03T19:00:00,19.13,72.81,0.0
2024-07-03T19:00:00,19.13,72.83,0.0
2024-07-03T19:00:00,19.13,72.85,0.0
2024-07-03T19:00:00,19.13,72.87,0.0
2024-07-03T19:00:00,19.13,72.89,0.0
2024-07-03T19:00:00,19.13,72.91,0.0
2024-07-03T19:00:00,19.13,72.93,0.0
2024-07-03T19:00:00,19.13,72.95,0.0
2024-07-03T19:00:00,19.13,72.97,0.0
2024-07-03T19:00:00,19.13,72.99,0.0
2024-07-03T19:00:00,19.15,72.77,0.0
2024-07-03T19:00:00,19.15,72.79,0.0
2024-07-03T19:00:00,19.15,72.81,0.0
2024-07-03T19:00:00,19.15,72.83,0.0
2024-07-03T19:00:00,19.15,72.85,0.0
2024-07-03T19:00:00,19.15,72.87,0.0
2024-07-03T19:00:00,19.15,72.89,0.0
2024-07-03T19:00:00,19.15,72.91,0.0
2024-07-03T19:00:00,19.15,72.93,0.0
2024-07-03T19:00:00,19.15,72.95,0.0
2024-07-03T19:00:00,19.15,72.97,0.0
2024-07-03T19:00:00,19.15,72.99,0.0
2024-07-03T19:00:00,19.17,72.77,0.0
2024-07-03T19:00:00,19.17,72.79,0.0
2024-07-03T19:00:00,19.17,72.81,0.0
2024-07-03T19:00:00,19.17,72.83,0.0
2024-07-03T19:00:00,19.17,72.85,0.0
2024-07-03T19:00:00,19.17,72.87,0.0
2024-07-03T19:00:00,19.17,72.89,0.0
2024-07-03T19:00:00,19.17,72.91,0.0
2024-07-03T19:00:00,19.17,72.93,0.0
2024-07-03T19:00:00,19.17,72.95,0.0
2024-07-03T19:00:00,19.17,72.97,0.0
2024-07-03T19:00:00,19.17,72.99,0.0
2024-07-03T19:00:00,19.19,72.77,0.0
2024-07-03T19:00:00,19.19,72.79,0.0
2024-07-03T19:00:00,19.19,72.81,0.0
2024-07-03T19:00:00,19.19,72.83,0.0
2024-07-03T19:00:00,19.19,72.85,0.0
2024-07-03T19:00:00,19.19,72.87,0.0
2024-07-03T19:00:00,19.19,72.89,0.0
2024-07-03T19:00:00,19.19,72.91,0.0
2024-07-03T19:00:00,19.19,72.93,0.0
2024-07-03T19:00:00,19.19,72.95,0.0
2024-07-03T19:00:00,19.19,72.97,0.0
2024-07-03T19:00:00,19.19,72.99,0.0
2024-07-03T19:00:00,19.21,72.77,0.0
2024-07-03T19:00:00,19.21,72.79,0.0
2024-07-03T19:00:00,19.21,72.81,0.0
2024-07-03T19:00:00,19.21,72.83,0.0
2024-07-03T19:00:00,19.21,72.85,0.0
2024-07-03T19:00:00,19.21,72.87,0.0
2024-07-03T19:00:00,19.21,72.89,0.0
2024-07-03T19:00:00,19.21,72.91,0.0
2024-07-03T19:00:00,19.21,72.93,0.0
2024-07-03T19:00:00,19.21,72.95,0.0
2024-07-03T19:00:00,19.21,72.97,0.0
2024-07-03T19:00:00,19.21,72.99,0.0
2024-07-03T19:00:00,19.23,72.77,0.0
2024-07-03T19:00:00,19.23,72.79,0.0
2024-07-03T19:00:00,19.23,72.81,0.0
2024-07-03T19:00:00,19.23,72.83,0.0
2024-07-03T19:00:00,19.23,72.85,0.0
2024-07-03T19:00:00,19.23,72.87,0.0
2024-07-03T19:00:00,19.23,72.89,0.0
2024-07-03T19:00:00,19.23,72.91,0.0
2024-07-03T19:00:00,19.23,72.93,0.0
2024-07-03T19:00:00,19.23,72.95,0.0
2024-07-03T19:00:00,19.23,72.97,0.0
2024-07-03T19:00:00,19.23,72.99,0.0
2024-07-03T19:00:00,19.25,72.77,0.0
2024-07-03T19:00:00,19.25,72.79,0.0
2024-07-03T19:00:00,19.25,72.81,0.0
2024-07-03T19:00:00,19.25,72.83,0.0
2024-07-03T19:00:00,19.25,72.85,0.0
2024-07-03T19:00:00,19.25,72.87,0.0
2024-07-03T19:00:00,19.25,72.89,0.0
2024-07-03T19:00:00,19.25,72.91,0.0
2024-07-03T19:00:00,19.25,72.93,0.0
2024-07-03T19:00:00,19.25,72.95,0.0
2024-07-03T19:00:00,19.25,72.97,0.0
2024-07-03T19:00:00,19.25,72.99,0.0
2024-07-03T20:00:00,18.87,72.77,0.0
2024-07-03T20:00:00,18.87,72.79,0.0
2024-07-03T20:00:00,18.87,72.81,0.0
2024-07-03T20:00:00,18.87,72.83,0.0
2024-07-03T20:00:00,18.87,72.85,0.0
2024-07-03T20:00:00,18.87,72.87,0.0
2024-07-03T20:00:00,18.87,72.89,0.0
2024-07-03T20:00:00,18.87,72.91,0.0
2024-07-03T20:00:00,18.87,72.93,0.0
2024-07-03T20:00:00,18.87,72.95,0.0
2024-07-03T20:00:00,18.87,72.97,0.0
2024-07-03T20:00:00,18.87,72.99,0.0
2024-07-03T20:00:00,18.89,72.77,0.0
2024-07-03T20:00:00,18.89,72.79,0.0
2024-07-03T20:00:00,18.89,72.81,0.0
2024-07-03T20:00:00,18.89,72.83,0.0
2024-07-03T20:00:00,18.89,72.85,0.0
2024-07-03T20:00:00,18.89,72.87,0.0
2024-07-03T20:00:00,18.89,72.89,0.0
2024-07-03T20:00:00,18.89,72.91,0.0
2024-07-03T20:00:00,18.89,72.93,0.0
2024-07-03T20:00:00,18.89,72.95,0.0
2024-07-03T20:00:00,18.89,72.97,0.0
2024-07-03T20:00:00,18.89,72.99,0.0
2024-07-03T20:00:00,18.91,72.77,0.0
2024-07-03T20:00:00,18.91,72.79,0.0
2024-07-03T20:00:00,18.91,72.81,0.0
2024-07-03T20:00:00,18.91,72.83,0.0
2024-07-03T20:00:00,18.91,72.85,0.0
2024-07-03T20:00:00,18.91,72.87,0.0
2024-07-03T20:00:00,18.91,72.89,0.0
2024-07-03T20:00:00,18.91,72.91,0.0
2024-07-03T20:00:00,18.91,72.93,0.0
2024-07-03T20:00:00,18.91,72.95,0.0
2024-07-03T20:00:00,18.91,72.97,0.0
2024-07-03T20:00:00,18.91,72.99,0.0
2024-07-03T20:00:00,18.93,72.77,0.0
2024-07-03T20:00:00,18.93,72.79,0.0
2024-07-03T20:00:00,18.93,72.81,0.0
2024-07-03T20:00:00,18.93,72.83,0.0
2024-07-03T20:00:00,18.93,72.85,0.0
2024-07-03T20:00:00,18.93,72.87,0.0
2024-07-03T20:00:00,18.93,72.89,0.0
2024-07-03T20:00:00,18.93,72.91,0.0
2024-07-03T20:00:00,18.93,72.93,0.0
2024-07-03T20:00:00,18.93,72.95,0.0
2024-07-03T20:00:00,18.93,72.97,0.0
2024-07-03T20:00:00,18.93,72.99,0.0
2024-07-03T20:00:00,18.95,72.77,0.0
2024-07-03T20:00:00,18.95,72.79,0.0
2024-07-03T20:00:00,18.95,72.81,0.0
2024-07-03T20:00:00,18.95,72.83,0.0
2024-07-03T20:00:00,18.95,72.85,0.0
2024-07-03T20:00:00,18.95,72.87,0.0
2024-07-03T20:00:00,18.95,72.89,0.0
2024-07-03T20:00:00,18.95,72.91,0.0
2024-07-03T20:00:00,18.95,72.93,0.0
2024-07-03T20:00:00,18.95,72.95,0.0
2024-07-03T20:00:00,18.95,72.97,0.0
2024-07-03T20:00:00,18.95,72.99,0.0
2024-07-03T20:00:00,18.97,72.77,0.0
2024-07-03T20:00:00,18.97,72.79,0.0
2024-07-03T20:00:00,18.97,72.81,0.0
2024-07-03T20:00:00,18.97,72.83,0.0
2024-07-03T20:00:00,18.97,72.85,0.0
2024-07-03T20:00:00,18.97,72.87,0.0
2024-07-03T20:00:00,18.97,72.89,0.0
2024-07-03T20:00:00,18.97,72.91,0.0
2024-07-03T20:00:00,18.97,72.93,0.0
2024-07-03T20:00:00,18.97,72.95,0.0
2024-07-03T20:00:00,18.97,72.97,0.0
2024-07-03T20:00:00,18.97,72.99,0.0
2024-07-03T20:00:00,18.99,72.77,0.0
2024-07-03T20:00:00,18.99,72.79,0.0
2024-07-03T20:00:00,18.99,72.81,0.0
2024-07-03T20:00:00,18.99,72.83,0.0
2024-07-03T20:00:00,18.99,72.85,0.0
2024-07-03T20:00:00,18.99,72.87,0.0
2024-07-03T20:00:00,18.99,72.89,0.0
2024-07-03T20:00:00,18.99,72.91,0.0
2024-07-03T20:00:00,18.99,72.93,0.0
2024-07-03T20:00:00,18.99,72.95,0.0
2024-07-03T20:00:00,18.99,72.97,0.0
2024-07-03T20:00:00,18.99,72.99,0.0
2024-07-03T20:00:00,19.01,72.77,0.0
2024-07-03T20:00:00,19.01,72.79,0.0
2024-07-03T20:00:00,19.01,72.81,0.0
2024-07-03T20:00:00,19.01,72.83,0.0
2024-07-03T20:00:00,19.01,72.85,0.0
2024-07-03T20:00:00,19.01,72.87,0.0
2024-07-03T20:00:00,19.01,72.89,0.0
2024-07-03T20:00:00,19.01,72.91,0.0
2024-07-03T20:00:00,19.01,72.93,0.0
2024-07-03T20:00:00,19.01,72.95,0.0
2024-07-03T20:00:00,19.01,72.97,0.0
2024-07-03T20:00:00,19.01,72.99,0.0
2024-07-03T20:00:00,19.03,72.77,0.0
2024-07-03T20:00:00,19.03,72.79,0.0
2024-07-03T20:00:00,19.03,72.81,0.0
2024-07-03T20:00:00,19.03,72.83,0.0
2024-07-03T20:00:00,19.03,72.85,0.0
2024-07-03T20:00:00,19.03,72.87,0.0
2024-07-03T20:00:00,19.03,72.89,0.0
2024-07-03T20:00:00,19.03,72.91,0.0
2024-07-03T20:00:00,19.03,72.93,0.0
2024-07-03T20:00:00,19.03,72.95,0.0
2024-07-03T20:00:00,19.03,72.97,0.0
2024-07-03T20:00:00,19.03,72.99,0.0
2024-07-03T20:00:00,19.05,72.77,0.0
2024-07-03T20:00:00,19.05,72.79,0.0
2024-07-03T20:00:00,19.05,72.81,0.0
2024-07-03T20:00:00,19.05,72.83,0.0
2024-07-03T20:00:00,19.05,72.85,0.0
2024-07-03T20:00:00,19.05,72.87,0.0
2024-07-03T20:00:00,19.05,72.89,0.0
2024-07-03T20:00:00,19.05,72.91,0.0
2024-07-03T20:00:00,19.05,72.93,0.0
2024-07-03T20:00:00,19.05,72.95,0.0
2024-07-03T20:00:00,19.05,72.97,0.0
2024-07-03T20:00:00,19.05,72.99,0.0
2024-07-03T20:00:00,19.07,72.77,0.0
2024-07-03T20:00:00,19.07,72.79,0.0
2024-07-03T20:00:00,19.07,72.81,0.0
2024-07-03T20:00:00,19.07,72.83,0.0
2024-07-03T20:00:00,19.07,72.85,0.0
2024-07-03T20:00:00,19.07,72.87,0.0
2024-07-03T20:00:00,19.07,72.89,0.0
2024-07-03T20:00:00,19.07,72.91,0.0
2024-07-03T20:00:00,19.07,72.93,0.0
2024-07-03T20:00:00,19.07,72.95,0.0
2024-07-03T20:00:00,19.07,72.97,0.0
2024-07-03T20:00:00,19.07,72.99,0.0
2024-07-03T20:00:00,19.09,72.77,0.0
2024-07-03T20:00:00,19.09,72.79,0.0
2024-07-03T20:00:00,19.09,72.81,0.0
2024-07-03T20:00:00,19.09,72.83,0.0
2024-07-03T20:00:00,19.09,72.85,0.0
2024-07-03T20:00:00,19.09,72.87,0.0
2024-07-03T20:00:00,19.09,72.89,0.0
2024-07-03T20:00:00,19.09,72.91,0.0
2024-07-03T20:00:00,19.09,72.93,0.0
2024-07-03T20:00:00,19.09,72.95,0.0
2024-07-03T20:00:00,19.09,72.97,0.0
2024-07-03T20:00:00,19.09,72.99,0.0
2024-07-03T20:00:00,19.11,72.77,0.0
2024-07-03T20:00:00,19.11,72.79,0.0
2024-07-03T20:00:00,19.11,72.81,0.0
2024-07-03T20:00:00,19.11,72.83,0.0
2024-07-03T20:00:00,19.11,72.85,0.0
2024-07-03T20:00:00,19.11,72.87,0.0
2024-07-03T20:00:00,19.11,72.89,0.0
2024-07-03T20:00:00,19.11,72.91,0.0
2024-07-03T20:00:00,19.11,72.93,0.0
2024-07-03T20:00:00,19.11,72.95,0.0
2024-07-03T20:00:00,19.11,72.97,0.0
2024-07-03T20:00:00,19.11,72.99,0.0
2024-07-03T20:00:00,19.13,72.77,0.0
2024-07-03T20:00:00,19.13,72.79,0.0
2024-07-03T20:00:00,19.13,72.81,0.0
2024-07-03T20:00:00,19.13,72.83,0.0
2024-07-03T20:00:00,19.13,72.85,0.0
2024-07-03T20:00:00,19.13,72.87,0.0
2024-07-03T20:00:00,19.13,72.89,0.0
2024-07-03T20:00:00,19.13,72.91,0.0
2024-07-03T20:00:00,19.13,72.93,0.0
2024-07-03T20:00:00,19.13,72.95,0.0
2024-07-03T20:00:00,19.13,72.97,0.0
2024-07-03T20:00:00,19.13,72.99,0.0
2024-07-03T20:00:00,19.15,72.77,0.0
2024-07-03T20:00:00,19.15,72.79,0.0
2024-07-03T20:00:00,19.15,72.81,0.0
2024-07-03T20:00:00,19.15,72.83,0.0
2024-07-03T20:00:00,19.15,72.85,0.0
2024-07-03T20:00:00,19.15,72.87,0.0
2024-07-03T20:00:00,19.15,72.89,0.0
2024-07-03T20:00:00,19.15,72.91,0.0
2024-07-03T20:00:00,19.15,72.93,0.0
2024-07-03T20:00:00,19.15,72.95,0.0
2024-07-03T20:00:00,19.15,72.97,0.0
2024-07-03T20:00:00,19.15,72.99,0.0
2024-07-03T20:00:00,19.17,72.77,0.0
2024-07-03T20:00:00,19.17,72.79,0.0
2024-07-03T20:00:00,19.17,72.81,0.0
2024-07-03T20:00:00,19.17,72.83,0.0
2024-07-03T20:00:00,19.17,72.85,0.0
2024-07-03T20:00:00,19.17,72.87,0.0
2024-07-03T20:00:00,19.17,72.89,0.0
2024-07-03T20:00:00,19.17,72.91,0.0
2024-07-03T20:00:00,19.17,72.93,0.0
2024-07-03T20:00:00,19.17,72.95,0.0
2024-07-03T20:00:00,19.17,72.97,0.0
2024-07-03T20:00:00,19.17,72.99,0.0
2024-07-03T20:00:00,19.19,72.77,0.0
2024-07-03T20:00:00,19.19,72.79,0.0
2024-07-03T20:00:00,19.19,72.81,0.0
2024-07-03T20:00:00,19.19,72.83,0.0
2024-07-03T20:00:00,19.19,72.85,0.0
2024-07-03T20:00:00,19.19,72.87,0.0
2024-07-03T20:00:00,19.19,72.89,0.0
2024-07-03T20:00:00,19.19,72.91,0.0
2024-07-03T20:00:00,19.19,72.93,0.0
2024-07-03T20:00:00,19.19,72.95,0.0
2024-07-03T20:00:00,19.19,72.97,0.0
2024-07-03T20:00:00,19.19,72.99,0.0
2024-07-03T20:00:00,19.21,72.77,0.0
2024-07-03T20:00:00,19.21,72.79,0.0
2024-07-03T20:00:00,19.21,72.81,0.0
2024-07-03T20:00:00,19.21,72.83,0.0
2024-07-03T20:00:00,19.21,72.85,0.0
2024-07-03T20:00:00,19.21,72.87,0.0
2024-07-03T20:00:00,19.21,72.89,0.0
2024-07-03T20:00:00,19.21,72.91,0.0
2024-07-03T20:00:00,19.21,72.93,0.0
2024-07-03T20:00:00,19.21,72.95,0.0
2024-07-03T20:00:00,19.21,72.97,0.0
2024-07-03T20:00:00,19.21,72.99,0.0
2024-07-03T20:00:00,19.23,72.77,0.0
2024-07-03T20:00:00,19.23,72.79,0.0
2024-07-03T20:00:00,19.23,72.81,0.0
2024-07-03T20:00:00,19.23,72.83,0.0
2024-07-03T20:00:00,19.23,72.85,0.0
2024-07-03T20:00:00,19.23,72.87,0.0
2024-07-03T20:00:00,19.23,72.89,0.0
2024-07-03T20:00:00,19.23,72.91,0.0
2024-07-03T20:00:00,19.23,72.93,0.0
2024-07-03T20:00:00,19.23,72.95,0.0
2024-07-03T20:00:00,19.23,72.97,0.0
2024-07-03T20:00:00,19.23,72.99,0.0
2024-07-03T20:00:00,19.25,72.77,0.0
2024-07-03T20:00:00,19.25,72.79,0.0
2024-07-03T20:00:00,19.25,72.81,0.0
2024-07-03T20:00:00,19.25,72.83,0.0
2024-07-03T20:00:00,19.25,72.85,0.0
2024-07-03T20:00:00,19.25,72.87,0.0
2024-07-03T20:00:00,19.25,72.89,0.0
2024-07-03T20:00:00,19.25,72.91,0.0
2024-07-03T20:00:00,19.25,72.93,0.0
2024-07-03T20:00:00,19.25,72.95,0.0
2024-07-03T20:00:00,19.25,72.97,0.0
2024-07-03T20:00:00,19.25,72.99,0.0
2024-07-03T21:00:00,18.87,72.77,0.0
2024-07-03T21:00:00,18.87,72.79,0.0
2024-07-03T21:00:00,18.87,72.81,0.0
2024-07-03T21:00:00,18.87,72.83,0.0
2024-07-03T21:00:00,18.87,72.85,0.0
2024-07-03T21:00:00,18.87,72.87,0.0
2024-07-03T21:00:00,18.87,72.89,0.0
2024-07-03T21:00:00,18.87,72.91,0.0
2024-07-03T21:00:00,18.87,72.93,0.0
2024-07-03T21:00:00,18.87,72.95,0.0
2024-07-03T21:00:00,18.87,72.97,0.0
2024-07-03T21:00:00,18.87,72.99,0.0
2024-07-03T21:00:00,18.89,72.77,0.0
2024-07-03T21:00:00,18.89,72.79,0.0
2024-07-03T21:00:00,18.89,72.81,0.0
2024-07-03T21:00:00,18.89,72.83,0.0
2024-07-03T21:00:00,18.89,72.85,0.0
2024-07-03T21:00:00,18.89,72.87,0.0
2024-07-03T21:00:00,18.89,72.89,0.0
2024-07-03T21:00:00,18.89,72.91,0.0
2024-07-03T21:00:00,18.89,72.93,0.0
2024-07-03T21:00:00,18.89,72.95,0.0
2024-07-03T21:00:00,18.89,72.97,0.0
2024-07-03T21:00:00,18.89,72.99,0.0
2024-07-03T21:00:00,18.91,72.77,0.0
2024-07-03T21:00:00,18.91,72.79,0.0
2024-07-03T21:00:00,18.91,72.81,0.0
2024-07-03T21:00:00,18.91,72.83,0.0
2024-07-03T21:00:00,18.91,72.85,0.0
2024-07-03T21:00:00,18.91,72.87,0.0
2024-07-03T21:00:00,18.91,72.89,0.0
2024-07-03T21:00:00,18.91,72.91,0.0
2024-07-03T21:00:00,18.91,72.93,0.0
2024-07-03T21:00:00,18.91,72.95,0.0
2024-07-03T21:00:00,18.91,72.97,0.0
2024-07-03T21:00:00,18.91,72.99,0.0
2024-07-03T21:00:00,18.93,72.77,0.0
2024-07-03T21:00:00,18.93,72.79,0.0
2024-07-03T21:00:00,18.93,72.81,0.0
2024-07-03T21:00:00,18.93,72.83,0.0
2024-07-03T21:00:00,18.93,72.85,0.0
2024-07-03T21:00:00,18.93,72.87,0.0
2024-07-03T21:00:00,18.93,72.89,0.0
2024-07-03T21:00:00,18.93,72.91,0.0
2024-07-03T21:00:00,18.93,72.93,0.0
2024-07-03T21:00:00,18.93,72.95,0.0
2024-07-03T21:00:00,18.93,72.97,0.0
2024-07-03T21:00:00,18.93,72.99,0.0
2024-07-03T21:00:00,18.95,72.77,0.0
2024-07-03T21:00:00,18.95,72.79,0.0
2024-07-03T21:00:00,18.95,72.81,0.0
2024-07-03T21:00:00,18.95,72.83,0.0
2024-07-03T21:00:00,18.95,72.85,0.0
2024-07-03T21:00:00,18.95,72.87,0.0
2024-07-03T21:00:00,18.95,72.89,0.0
2024-07-03T21:00:00,18.95,72.91,0.0
2024-07-03T21:00:00,18.95,72.93,0.0
2024-07-03T21:00:00,18.95,72.95,0.0
2024-07-03T21:00:00,18.95,72.97,0.0
2024-07-03T21:00:00,18.95,72.99,0.0
2024-07-03T21:00:00,18.97,72.77,0.0
2024-07-03T21:00:00,18.97,72.79,0.0
2024-07-03T21:00:00,18.97,72.81,0.0
2024-07-03T21:00:00,18.97,72.83,0.0
2024-07-03T21:00:00,18.97,72.85,0.0
2024-07-03T21:00:00,18.97,72.87,0.0
2024-07-03T21:00:00,18.97,72.89,0.0
2024-07-03T21:00:00,18.97,72.91,0.0
2024-07-03T21:00:00,18.97,72.93,0.0
2024-07-03T21:00:00,18.97,72.95,0.0
2024-07-03T21:00:00,18.97,72.97,0.0
2024-07-03T21:00:00,18.97,72.99,0.0
2024-07-03T21:00:00,18.99,72.77,0.0
2024-07-03T21:00:00,18.99,72.79,0.0
2024-07-03T21:00:00,18.99,72.81,0.0
2024-07-03T21:00:00,18.99,72.83,0.0
2024-07-03T21:00:00,18.99,72.85,0.0
2024-07-03T21:00:00,18.99,72.87,0.0
2024-07-03T21:00:00,18.99,72.89,0.0
2024-07-03T21:00:00,18.99,72.91,0.0
2024-07-03T21:00:00,18.99,72.93,0.0
2024-07-03T21:00:00,18.99,72.95,0.0
2024-07-03T21:00:00,18.99,72.97,0.0
2024-07-03T21:00:00,18.99,72.99,0.0
2024-07-03T21:00:00,19.01,72.77,0.0
2024-07-03T21:00:00,19.01,72.79,0.0
2024-07-03T21:00:00,19.01,72.81,0.0
2024-07-03T21:00:00,19.01,72.83,0.0
2024-07-03T21:00:00,19.01,72.85,0.0
2024-07-03T21:00:00,19.01,72.87,0.0
2024-07-03T21:00:00,19.01,72.89,0.0
2024-07-03T21:00:00,19.01,72.91,0.0
2024-07-03T21:00:00,19.01,72.93,0.0
2024-07-03T21:00:00,19.01,72.95,0.0
2024-07-03T21:00:00,19.01,72.97,0.0
2024-07-03T21:00:00,19.01,72.99,0.0
2024-07-03T21:00:00,19.03,72.77,0.0
2024-07-03T21:00:00,19.03,72.79,0.0
2024-07-03T21:00:00,19.03,72.81,0.0
2024-07-03T21:00:00,19.03,72.83,0.0
2024-07-03T21:00:00,19.03,72.85,0.0
2024-07-03T21:00:00,19.03,72.87,0.0
2024-07-03T21:00:00,19.03,72.89,0.0
2024-07-03T21:00:00,19.03,72.91,0.0
2024-07-03T21:00:00,19.03,72.93,0.0
2024-07-03T21:00:00,19.03,72.95,0.0
2024-07-03T21:00:00,19.03,72.97,0.0
2024-07-03T21:00:00,19.03,72.99,0.0
2024-07-03T21:00:00,19.05,72.77,0.0
2024-07-03T21:00:00,19.05,72.79,0.0
2024-07-03T21:00:00,19.05,72.81,0.0
2024-07-03T21:00:00,19.05,72.83,0.0
2024-07-03T21:00:00,19.05,72.85,0.0
2024-07-03T21:00:00,19.05,72.87,0.0
2024-07-03T21:00:00,19.05,72.89,0.0
2024-07-03T21:00:00,19.05,72.91,0.0
2024-07-03T21:00:00,19.05,72.93,0.0
2024-07-03T21:00:00,19.05,72.95,0.0
2024-07-03T21:00:00,19.05,72.97,0.0
2024-07-03T21:00:00,19.05,72.99,0.0
2024-07-03T21:00:00,19.07,72.77,0.0
2024-07-03T21:00:00,19.07,72.79,0.0
2024-07-03T21:00:00,19.07,72.81,0.0
2024-07-03T21:00:00,19.07,72.83,0.0
2024-07-03T21:00:00,19.07,72.85,0.0
2024-07-03T21:00:00,19.07,72.87,0.0
2024-07-03T21:00:00,19.07,72.89,0.0
2024-07-03T21:00:00,19.07,72.91,0.0
2024-07-03T21:00:00,19.07,72.93,0.0
2024-07-03T21:00:00,19.07,72.95,0.0
2024-07-03T21:00:00,19.07,72.97,0.0
2024-07-03T21:00:00,19.07,72.99,0.0
2024-07-03T21:00:00,19.09,72.77,0.0
2024-07-03T21:00:00,19.09,72.79,0.0
2024-07-03T21:00:00,19.09,72.81,0.0
2024-07-03T21:00:00,19.09,72.83,0.0
2024-07-03T21:00:00,19.09,72.85,0.0
2024-07-03T21:00:00,19.09,72.87,0.0
2024-07-03T21:00:00,19.09,72.89,0.0
2024-07-03T21:00:00,19.09,72.91,0.0
2024-07-03T21:00:00,19.09,72.93,0.0
2024-07-03T21:00:00,19.09,72.95,0.0
2024-07-03T21:00:00,19.09,72.97,0.0
2024-07-03T21:00:00,19.09,72.99,0.0
2024-07-03T21:00:00,19.11,72.77,0.0
2024-07-03T21:00:00,19.11,72.79,0.0
2024-07-03T21:00:00,19.11,72.81,0.0
2024-07-03T21:00:00,19.11,72.83,0.0
2024-07-03T21:00:00,19.11,72.85,0.0
2024-07-03T21:00:00,19.11,72.87,0.0
2024-07-03T21:00:00,19.11,72.89,0.0
2024-07-03T21:00:00,19.11,72.91,0.0
2024-07-03T21:00:00,19.11,72.93,0.0
2024-07-03T21:00:00,19.11,72.95,0.0
2024-07-03T21:00:00,19.11,72.97,0.0
2024-07-03T21:00:00,19.11,72.99,0.0
2024-07-03T21:00:00,19.13,72.77,0.0
2024-07-03T21:00:00,19.13,72.79,0.0
2024-07-03T21:00:00,19.13,72.81,0.0
2024-07-03T21:00:00,19.13,72.83,0.0
2024-07-03T21:00:00,19.13,72.85,0.0
2024-07-03T21:00:00,19.13,72.87,0.0
2024-07-03T21:00:00,19.13,72.89,0.0
2024-07-03T21:00:00,19.13,72.91,0.0
2024-07-03T21:00:00,19.13,72.93,0.0
2024-07-03T21:00:00,19.13,72.95,0.0
2024-07-03T21:00:00,19.13,72.97,0.0
2024-07-03T21:00:00,19.13,72.99,0.0
2024-07-03T21:00:00,19.15,72.77,0.0
2024-07-03T21:00:00,19.15,72.79,0.0
2024-07-03T21:00:00,19.15,72.81,0.0
2024-07-03T21:00:00,19.15,72.83,0.0
2024-07-03T21:00:00,19.15,72.85,0.0
2024-07-03T21:00:00,19.15,72.87,0.0
2024-07-03T21:00:00,19.15,72.89,0.0
2024-07-03T21:00:00,19.15,72.91,0.0
2024-07-03T21:00:00,19.15,72.93,0.0
2024-07-03T21:00:00,19.15,72.95,0.0
2024-07-03T21:00:00,19.15,72.97,0.0
2024-07-03T21:00:00,19.15,72.99,0.0
2024-07-03T21:00:00,19.17,72.77,0.0
2024-07-03T21:00:00,19.17,72.79,0.0
2024-07-03T21:00:00,19.17,72.81,0.0
2024-07-03T21:00:00,19.17,72.83,0.0
2024-07-03T21:00:00,19.17,72.85,0.0
2024-07-03T21:00:00,19.17,72.87,0.0
2024-07-03T21:00:00,19.17,72.89,0.0
2024-07-03T21:00:00,19.17,72.91,0.0
2024-07-03T21:00:00,19.17,72.93,0.0
2024-07-03T21:00:00,19.17,72.95,0.0
2024-07-03T21:00:00,19.17,72.97,0.0
2024-07-03T21:00:00,19.17,72.99,0.0
2024-07-03T21:00:00,19.19,72.77,0.0
2024-07-03T21:00:00,19.19,72.79,0.0
2024-07-03T21:00:00,19.19,72.81,0.0
2024-07-03T21:00:00,19.19,72.83,0.0
2024-07-03T21:00:00,19.19,72.85,0.0
2024-07-03T21:00:00,19.19,72.87,0.0
2024-07-03T21:00:00,19.19,72.89,0.0
2024-07-03T21:00:00,19.19,72.91,0.0
2024-07-03T21:00:00,19.19,72.93,0.0
2024-07-03T21:00:00,19.19,72.95,0.0
2024-07-03T21:00:00,19.19,72.97,0.0
2024-07-03T21:00:00,19.19,72.99,0.0
2024-07-03T21:00:00,19.21,72.77,0.0
2024-07-03T21:00:00,19.21,72.79,0.0
2024-07-03T21:00:00,19.21,72.81,0.0
2024-07-03T21:00:00,19.21,72.83,0.0
2024-07-03T21:00:00,19.21,72.85,0.0
2024-07-03T21:00:00,19.21,72.87,0.0
2024-07-03T21:00:00,19.21,72.89,0.0
2024-07-03T21:00:00,19.21,72.91,0.0
2024-07-03T21:00:00,19.21,72.93,0.0
2024-07-03T21:00:00,19.21,72.95,0.0
2024-07-03T21:00:00,19.21,72.97,0.0
2024-07-03T21:00:00,19.21,72.99,0.0
2024-07-03T21:00:00,19.23,72.77,0.0
2024-07-03T21:00:00,19.23,72.79,0.0
2024-07-03T21:00:00,19.23,72.81,0.0
2024-07-03T21:00:00,19.23,72.83,0.0
2024-07-03T21:00:00,19.23,72.85,0.0
2024-07-03T21:00:00,19.23,72.87,0.0
2024-07-03T21:00:00,19.23,72.89,0.0
2024-07-03T21:00:00,19.23,72.91,0.0
2024-07-03T21:00:00,19.23,72.93,0.0
2024-07-03T21:00:00,19.23,72.95,0.0
2024-07-03T21:00:00,19.23,72.97,0.0
2024-07-03T21:00:00,19.23,72.99,0.0
2024-07-03T21:00:00,19.25,72.77,0.0
2024-07-03T21:00:00,19.25,72.79,0.0
2024-07-03T21:00:00,19.25,72.81,0.0
2024-07-03T21:00:00,19.25,72.83,0.0
2024-07-03T21:00:00,19.25,72.85,0.0
2024-07-03T21:00:00,19.25,72.87,0.0
2024-07-03T21:00:00,19.25,72.89,0.0
2024-07-03T21:00:00,19.25,72.91,0.0
2024-07-03T21:00:00,19.25,72.93,0.0
2024-07-03T21:00:00,19.25,72.95,0.0
2024-07-03T21:00:00,19.25,72.97,0.0
2024-07-03T21:00:00,19.25,72.99,0.0
2024-07-03T22:00:00,18.87,72.77,0.0
2024-07-03T22:00:00,18.87,72.79,0.0
2024-07-03T22:00:00,18.87,72.81,0.0
2024-07-03T22:00:00,18.87,72.83,0.0
2024-07-03T22:00:00,18.87,72.85,0.0
2024-07-03T22:00:00,18.87,72.87,0.0
2024-07-03T22:00:00,18.87,72.89,0.0
2024-07-03T22:00:00,18.87,72.91,0.0
2024-07-03T22:00:00,18.87,72.93,0.0
2024-07-03T22:00:00,18.87,72.95,0.0
2024-07-03T22:00:00,18.87,72.97,0.0
2024-07-03T22:00:00,18.87,72.99,0.0
2024-07-03T22:00:00,18.89,72.77,0.0
2024-07-03T22:00:00,18.89,72.79,0.0
2024-07-03T22:00:00,18.89,72.81,0.0
2024-07-03T22:00:00,18.89,72.83,0.0
2024-07-03T22:00:00,18.89,72.85,0.0
2024-07-03T22:00:00,18.89,72.87,0.0
2024-07-03T22:00:00,18.89,72.89,0.0
2024-07-03T22:00:00,18.89,72.91,0.0
2024-07-03T22:00:00,18.89,72.93,0.0
2024-07-03T22:00:00,18.89,72.95,0.0
2024-07-03T22:00:00,18.89,72.97,0.0
2024-07-03T22:00:00,18.89,72.99,0.0
2024-07-03T22:00:00,18.91,72.77,0.0
2024-07-03T22:00:00,18.91,72.79,0.0
2024-07-03T22:00:00,18.91,72.81,0.0
2024-07-03T22:00:00,18.91,72.83,0.0
2024-07-03T22:00:00,18.91,72.85,0.0
2024-07-03T22:00:00,18.91,72.87,0.0
2024-07-03T22:00:00,18.91,72.89,0.0
2024-07-03T22:00:00,18.91,72.91,0.0
2024-07-03T22:00:00,18.91,72.93,0.0
2024-07-03T22:00:00,18.91,72.95,0.0
2024-07-03T22:00:00,18.91,72.97,0.0
2024-07-03T22:00:00,18.91,72.99,0.0
2024-07-03T22:00:00,18.93,72.77,0.0
2024-07-03T22:00:00,18.93,72.79,0.0
2024-07-03T22:00:00,18.93,72.81,0.0
2024-07-03T22:00:00,18.93,72.83,0.0
2024-07-03T22:00:00,18.93,72.85,0.0
2024-07-03T22:00:00,18.93,72.87,0.0
2024-07-03T22:00:00,18.93,72.89,0.0
2024-07-03T22:00:00,18.93,72.91,0.0
2024-07-03T22:00:00,18.93,72.93,0.0
2024-07-03T22:00:00,18.93,72.95,0.0
2024-07-03T22:00:00,18.93,72.97,0.0
2024-07-03T22:00:00,18.93,72.99,0.0
2024-07-03T22:00:00,18.95,72.77,0.0
2024-07-03T22:00:00,18.95,72.79,0.0
2024-07-03T22:00:00,18.95,72.81,0.0
2024-07-03T22:00:00,18.95,72.83,0.0
2024-07-03T22:00:00,18.95,72.85,0.0
2024-07-03T22:00:00,18.95,72.87,0.0
2024-07-03T22:00:00,18.95,72.89,0.0
2024-07-03T22:00:00,18.95,72.91,0.0
2024-07-03T22:00:00,18.95,72.93,0.0
2024-07-03T22:00:00,18.95,72.95,0.0
2024-07-03T22:00:00,18.95,72.97,0.0
2024-07-03T22:00:00,18.95,72.99,0.0
2024-07-03T22:00:00,18.97,72.77,0.0
2024-07-03T22:00:00,18.97,72.79,0.0
2024-07-03T22:00:00,18.97,72.81,0.0
2024-07-03T22:00:00,18.97,72.83,0.0
2024-07-03T22:00:00,18.97,72.85,0.0
2024-07-03T22:00:00,18.97,72.87,0.0
2024-07-03T22:00:00,18.97,72.89,0.0
2024-07-03T22:00:00,18.97,72.91,0.0
2024-07-03T22:00:00,18.97,72.93,0.0
2024-07-03T22:00:00,18.97,72.95,0.0
2024-07-03T22:00:00,18.97,72.97,0.0
2024-07-03T22:00:00,18.97,72.99,0.0
2024-07-03T22:00:00,18.99,72.77,0.0
2024-07-03T22:00:00,18.99,72.79,0.0
2024-07-03T22:00:00,18.99,72.81,0.0
2024-07-03T22:00:00,18.99,72.83,0.0
2024-07-03T22:00:00,18.99,72.85,0.0
2024-07-03T22:00:00,18.99,72.87,0.0
2024-07-03T22:00:00,18.99,72.89,0.0
2024-07-03T22:00:00,18.99,72.91,0.0
2024-07-03T22:00:00,18.99,72.93,0.0
2024-07-03T22:00:00,18.99,72.95,0.0
2024-07-03T22:00:00,18.99,72.97,0.0
2024-07-03T22:00:00,18.99,72.99,0.0
2024-07-03T22:00:00,19.01,72.77,0.0
2024-07-03T22:00:00,19.01,72.79,0.0
2024-07-03T22:00:00,19.01,72.81,0.0
2024-07-03T22:00:00,19.01,72.83,0.0
2024-07-03T22:00:00,19.01,72.85,0.0
2024-07-03T22:00:00,19.01,72.87,0.0
2024-07-03T22:00:00,19.01,72.89,0.0
2024-07-03T22:00:00,19.01,72.91,0.0
2024-07-03T22:00:00,19.01,72.93,0.0
2024-07-03T22:00:00,19.01,72.95,0.0
2024-07-03T22:00:00,19.01,72.97,0.0
2024-07-03T22:00:00,19.01,72.99,0.0
2024-07-03T22:00:00,19.03,72.77,0.0
2024-07-03T22:00:00,19.03,72.79,0.0
2024-07-03T22:00:00,19.03,72.81,0.0
2024-07-03T22:00:00,19.03,72.83,0.0
2024-07-03T22:00:00,19.03,72.85,0.0
2024-07-03T22:00:00,19.03,72.87,0.0
2024-07-03T22:00:00,19.03,72.89,0.0
2024-07-03T22:00:00,19.03,72.91,0.0
2024-07-03T22:00:00,19.03,72.93,0.0
2024-07-03T22:00:00,19.03,72.95,0.0
2024-07-03T22:00:00,19.03,72.97,0.0
2024-07-03T22:00:00,19.03,72.99,0.0
2024-07-03T22:00:00,19.05,72.77,0.0
2024-07-03T22:00:00,19.05,72.79,0.0
2024-07-03T22:00:00,19.05,72.81,0.0
2024-07-03T22:00:00,19.05,72.83,0.0
2024-07-03T22:00:00,19.05,72.85,0.0
2024-07-03T22:00:00,19.05,72.87,0.0
2024-07-03T22:00:00,19.05,72.89,0.0
2024-07-03T22:00:00,19.05,72.91,0.0
2024-07-03T22:00:00,19.05,72.93,0.0
2024-07-03T22:00:00,19.05,72.95,0.0
2024-07-03T22:00:00,19.05,72.97,0.0
2024-07-03T22:00:00,19.05,72.99,0.0
2024-07-03T22:00:00,19.07,72.77,0.0
2024-07-03T22:00:00,19.07,72.79,0.0
2024-07-03T22:00:00,19.07,72.81,0.0
2024-07-03T22:00:00,19.07,72.83,0.0
2024-07-03T22:00:00,19.07,72.85,0.0
2024-07-03T22:00:00,19.07,72.87,0.0
2024-07-03T22:00:00,19.07,72.89,0.0
2024-07-03T22:00:00,19.07,72.91,0.0
2024-07-03T22:00:00,19.07,72.93,0.0
2024-07-03T22:00:00,19.07,72.95,0.0
2024-07-03T22:00:00,19.07,72.97,0.0
2024-07-03T22:00:00,19.07,72.99,0.0
2024-07-03T22:00:00,19.09,72.77,0.0
2024-07-03T22:00:00,19.09,72.79,0.0
2024-07-03T22:00:00,19.09,72.81,0.0
2024-07-03T22:00:00,19.09,72.83,0.0
2024-07-03T22:00:00,19.09,72.85,0.0
2024-07-03T22:00:00,19.09,72.87,0.0
2024-07-03T22:00:00,19.09,72.89,0.0
2024-07-03T22:00:00,19.09,72.91,0.0
2024-07-03T22:00:00,19.09,72.93,0.0
2024-07-03T22:00:00,19.09,72.95,0.0
2024-07-03T22:00:00,19.09,72.97,0.0
2024-07-03T22:00:00,19.09,72.99,0.0
2024-07-03T22:00:00,19.11,72.77,0.0
2024-07-03T22:00:00,19.11,72.79,0.0
2024-07-03T22:00:00,19.11,72.81,0.0
2024-07-03T22:00:00,19.11,72.83,0.0
2024-07-03T22:00:00,19.11,72.85,0.0
2024-07-03T22:00:00,19.11,72.87,0.0
2024-07-03T22:00:00,19.11,72.89,0.0
2024-07-03T22:00:00,19.11,72.91,0.0
2024-07-03T22:00:00,19.11,72.93,0.0
2024-07-03T22:00:00,19.11,72.95,0.0
2024-07-03T22:00:00,19.11,72.97,0.0
2024-07-03T22:00:00,19.11,72.99,0.0
2024-07-03T22:00:00,19.13,72.77,0.0
2024-07-03T22:00:00,19.13,72.79,0.0
2024-07-03T22:00:00,19.13,72.81,0.0
2024-07-03T22:00:00,19.13,72.83,0.0
2024-07-03T22:00:00,19.13,72.85,0.0
2024-07-03T22:00:00,19.13,72.87,0.0
2024-07-03T22:00:00,19.13,72.89,0.0
2024-07-03T22:00:00,19.13,72.91,0.0
2024-07-03T22:00:00,19.13,72.93,0.0
2024-07-03T22:00:00,19.13,72.95,0.0
2024-07-03T22:00:00,19.13,72.97,0.0
2024-07-03T22:00:00,19.13,72.99,0.0
2024-07-03T22:00:00,19.15,72.77,0.0
2024-07-03T22:00:00,19.15,72.79,0.0
2024-07-03T22:00:00,19.15,72.81,0.0
2024-07-03T22:00:00,19.15,72.83,0.0
2024-07-03T22:00:00,19.15,72.85,0.0
2024-07-03T22:00:00,19.15,72.87,0.0
2024-07-03T22:00:00,19.15,72.89,0.0
2024-07-03T22:00:00,19.15,72.91,0.0
2024-07-03T22:00:00,19.15,72.93,0.0
2024-07-03T22:00:00,19.15,72.95,0.0
2024-07-03T22:00:00,19.15,72.97,0.0
2024-07-03T22:00:00,19.15,72.99,0.0
2024-07-03T22:00:00,19.17,72.77,0.0
2024-07-03T22:00:00,19.17,72.79,0.0
2024-07-03T22:00:00,19.17,72.81,0.0
2024-07-03T22:00:00,19.17,72.83,0.0
2024-07-03T22:00:00,19.17,72.85,0.0
2024-07-03T22:00:00,19.17,72.87,0.0
2024-07-03T22:00:00,19.17,72.89,0.0
2024-07-03T22:00:00,19.17,72.91,0.0
2024-07-03T22:00:00,19.17,72.93,0.0
2024-07-03T22:00:00,19.17,72.95,0.0
2024-07-03T22:00:00,19.17,72.97,0.0
2024-07-03T22:00:00,19.17,72.99,0.0
2024-07-03T22:00:00,19.19,72.77,0.0
2024-07-03T22:00:00,19.19,72.79,0.0
2024-07-03T22:00:00,19.19,72.81,0.0
2024-07-03T22:00:00,19.19,72.83,0.0
2024-07-03T22:00:00,19.19,72.85,0.0
2024-07-03T22:00:00,19.19,72.87,0.0
2024-07-03T22:00:00,19.19,72.89,0.0
2024-07-03T22:00:00,19.19,72.91,0.0
2024-07-03T22:00:00,19.19,72.93,0.0
2024-07-03T22:00:00,19.19,72.95,0.0
2024-07-03T22:00:00,19.19,72.97,0.0
2024-07-03T22:00:00,19.19,72.99,0.0
2024-07-03T22:00:00,19.21,72.77,0.0
2024-07-03T22:00:00,19.21,72.79,0.0
2024-07-03T22:00:00,19.21,72.81,0.0
2024-07-03T22:00:00,19.21,72.83,0.0
2024-07-03T22:00:00,19.21,72.85,0.0
2024-07-03T22:00:00,19.21,72.87,0.0
2024-07-03T22:00:00,19.21,72.89,0.0
2024-07-03T22:00:00,19.21,72.91,0.0
2024-07-03T22:00:00,19.21,72.93,0.0
2024-07-03T22:00:00,19.21,72.95,0.0
2024-07-03T22:00:00,19.21,72.97,0.0
2024-07-03T22:00:00,19.21,72.99,0.0
2024-07-03T22:00:00,19.23,72.77,0.0
2024-07-03T22:00:00,19.23,72.79,0.0
2024-07-03T22:00:00,19.23,72.81,0.0
2024-07-03T22:00:00,19.23,72.83,0.0
2024-07-03T22:00:00,19.23,72.85,0.0
2024-07-03T22:00:00,19.23,72.87,0.0
2024-07-03T22:00:00,19.23,72.89,0.0
2024-07-03T22:00:00,19.23,72.91,0.0
2024-07-03T22:00:00,19.23,72.93,0.0
2024-07-03T22:00:00,19.23,72.95,0.0
2024-07-03T22:00:00,19.23,72.97,0.0
2024-07-03T22:00:00,19.23,72.99,0.0
2024-07-03T22:00:00,19.25,72.77,0.0
2024-07-03T22:00:00,19.25,72.79,0.0
2024-07-03T22:00:00,19.25,72.81,0.0
2024-07-03T22:00:00,19.25,72.83,0.0
2024-07-03T22:00:00,19.25,72.85,0.0
2024-07-03T22:00:00,19.25,72.87,0.0
2024-07-03T22:00:00,19.25,72.89,0.0
2024-07-03T22:00:00,19.25,72.91,0.0
2024-07-03T22:00:00,19.25,72.93,0.0
2024-07-03T22:00:00,19.25,72.95,0.0
2024-07-03T22:00:00,19.25,72.97,0.0
2024-07-03T22:00:00,19.25,72.99,0.0
2024-07-03T23:00:00,18.87,72.77,0.0
2024-07-03T23:00:00,18.87,72.79,0.0
2024-07-03T23:00:00,18.87,72.81,0.0
2024-07-03T23:00:00,18.87,72.83,0.0
2024-07-03T23:00:00,18.87,72.85,0.0
2024-07-03T23:00:00,18.87,72.87,0.0
2024-07-03T23:00:00,18.87,72.89,0.0
2024-07-03T23:00:00,18.87,72.91,0.0
2024-07-03T23:00:00,18.87,72.93,0.0
2024-07-03T23:00:00,18.87,72.95,0.0
2024-07-03T23:00:00,18.87,72.97,0.0
2024-07-03T23:00:00,18.87,72.99,0.0
2024-07-03T23:00:00,18.89,72.77,0.0
2024-07-03T23:00:00,18.89,72.79,0.0
2024-07-03T23:00:00,18.89,72.81,0.0
2024-07-03T23:00:00,18.89,72.83,0.0
2024-07-03T23:00:00,18.89,72.85,0.0
2024-07-03T23:00:00,18.89,72.87,0.0
2024-07-03T23:00:00,18.89,72.89,0.0
2024-07-03T23:00:00,18.89,72.91,0.0
2024-07-03T23:00:00,18.89,72.93,0.0
2024-07-03T23:00:00,18.89,72.95,0.0
2024-07-03T23:00:00,18.89,72.97,0.0
2024-07-03T23:00:00,18.89,72.99,0.0
2024-07-03T23:00:00,18.91,72.77,0.0
2024-07-03T23:00:00,18.91,72.79,0.0
2024-07-03T23:00:00,18.91,72.81,0.0
2024-07-03T23:00:00,18.91,72.83,0.0
2024-07-03T23:00:00,18.91,72.85,0.0
2024-07-03T23:00:00,18.91,72.87,0.0
2024-07-03T23:00:00,18.91,72.89,0.0
2024-07-03T23:00:00,18.91,72.91,0.0
2024-07-03T23:00:00,18.91,72.93,0.0
2024-07-03T23:00:00,18.91,72.95,0.0
2024-07-03T23:00:00,18.91,72.97,0.0
2024-07-03T23:00:00,18.91,72.99,0.0
2024-07-03T23:00:00,18.93,72.77,0.0
2024-07-03T23:00:00,18.93,72.79,0.0
2024-07-03T23:00:00,18.93,72.81,0.0
2024-07-03T23:00:00,18.93,72.83,0.0
2024-07-03T23:00:00,18.93,72.85,0.0
2024-07-03T23:00:00,18.93,72.87,0.0
2024-07-03T23:00:00,18.93,72.89,0.0
2024-07-03T23:00:00,18.93,72.91,0.0
2024-07-03T23:00:00,18.93,72.93,0.0
2024-07-03T23:00:00,18.93,72.95,0.0
2024-07-03T23:00:00,18.93,72.97,0.0
2024-07-03T23:00:00,18.93,72.99,0.0
2024-07-03T23:00:00,18.95,72.77,0.0
2024-07-03T23:00:00,18.95,72.79,0.0
2024-07-03T23:00:00,18.95,72.81,0.0
2024-07-03T23:00:00,18.95,72.83,0.0
2024-07-03T23:00:00,18.95,72.85,0.0
2024-07-03T23:00:00,18.95,72.87,0.0
2024-07-03T23:00:00,18.95,72.89,0.0
2024-07-03T23:00:00,18.95,72.91,0.0
2024-07-03T23:00:00,18.95,72.93,0.0
2024-07-03T23:00:00,18.95,72.95,0.0
2024-07-03T23:00:00,18.95,72.97,0.0
2024-07-03T23:00:00,18.95,72.99,0.0
2024-07-03T23:00:00,18.97,72.77,0.0
2024-07-03T23:00:00,18.97,72.79,0.0
2024-07-03T23:00:00,18.97,72.81,0.0
2024-07-03T23:00:00,18.97,72.83,0.0
2024-07-03T23:00:00,18.97,72.85,0.0
2024-07-03T23:00:00,18.97,72.87,0.0
2024-07-03T23:00:00,18.97,72.89,0.0
2024-07-03T23:00:00,18.97,72.91,0.0
2024-07-03T23:00:00,18.97,72.93,0.0
2024-07-03T23:00:00,18.97,72.95,0.0
2024-07-03T23:00:00,18.97,72.97,0.0
2024-07-03T23:00:00,18.97,72.99,0.0
2024-07-03T23:00:00,18.99,72.77,0.0
2024-07-03T23:00:00,18.99,72.79,0.0
2024-07-03T23:00:00,18.99,72.81,0.0
2024-07-03T23:00:00,18.99,72.83,0.0
2024-07-03T23:00:00,18.99,72.85,0.0
2024-07-03T23:00:00,18.99,72.87,0.0
2024-07-03T23:00:00,18.99,72.89,0.0
2024-07-03T23:00:00,18.99,72.91,0.0
2024-07-03T23:00:00,18.99,72.93,0.0
2024-07-03T23:00:00,18.99,72.95,0.0
2024-07-03T23:00:00,18.99,72.97,0.0
2024-07-03T23:00:00,18.99,72.99,0.0
2024-07-03T23:00:00,19.01,72.77,0.0
2024-07-03T23:00:00,19.01,72.79,0.0
2024-07-03T23:00:00,19.01,72.81,0.0
2024-07-03T23:00:00,19.01,72.83,0.0
2024-07-03T23:00:00,19.01,72.85,0.0
2024-07-03T23:00:00,19.01,72.87,0.0
2024-07-03T23:00:00,19.01,72.89,0.0
2024-07-03T23:00:00,19.01,72.91,0.0
2024-07-03T23:00:00,19.01,72.93,0.0
2024-07-03T23:00:00,19.01,72.95,0.0
2024-07-03T23:00:00,19.01,72.97,0.0
2024-07-03T23:00:00,19.01,72.99,0.0
2024-07-03T23:00:00,19.03,72.77,0.0
2024-07-03T23:00:00,19.03,72.79,0.0
2024-07-03T23:00:00,19.03,72.81,0.0
2024-07-03T23:00:00,19.03,72.83,0.0
2024-07-03T23:00:00,19.03,72.85,0.0
2024-07-03T23:00:00,19.03,72.87,0.0
2024-07-03T23:00:00,19.03,72.89,0.0
2024-07-03T23:00:00,19.03,72.91,0.0
2024-07-03T23:00:00,19.03,72.93,0.0
2024-07-03T23:00:00,19.03,72.95,0.0
2024-07-03T23:00:00,19.03,72.97,0.0
2024-07-03T23:00:00,19.03,72.99,0.0
2024-07-03T23:00:00,19.05,72.77,0.0
2024-07-03T23:00:00,19.05,72.79,0.0
2024-07-03T23:00:00,19.05,72.81,0.0
2024-07-03T23:00:00,19.05,72.83,0.0
2024-07-03T23:00:00,19.05,72.85,0.0
2024-07-03T23:00:00,19.05,72.87,0.0
2024-07-03T23:00:00,19.05,72.89,0.0
2024-07-03T23:00:00,19.05,72.91,0.0
2024-07-03T23:00:00,19.05,72.93,0.0
2024-07-03T23:00:00,19.05,72.95,0.0
2024-07-03T23:00:00,19.05,72.97,0.0
2024-07-03T23:00:00,19.05,72.99,0.0
2024-07-03T23:00:00,19.07,72.77,0.0
2024-07-03T23:00:00,19.07,72.79,0.0
2024-07-03T23:00:00,19.07,72.81,0.0
2024-07-03T23:00:00,19.07,72.83,0.0
2024-07-03T23:00:00,19.07,72.85,0.0
2024-07-03T23:00:00,19.07,72.87,0.0
2024-07-03T23:00:00,19.07,72.89,0.0
2024-07-03T23:00:00,19.07,72.91,0.0
2024-07-03T23:00:00,19.07,72.93,0.0
2024-07-03T23:00:00,19.07,72.95,0.0
2024-07-03T23:00:00,19.07,72.97,0.0
2024-07-03T23:00:00,19.07,72.99,0.0
2024-07-03T23:00:00,19.09,72.77,0.0
2024-07-03T23:00:00,19.09,72.79,0.0
2024-07-03T23:00:00,19.09,72.81,0.0
2024-07-03T23:00:00,19.09,72.83,0.0
2024-07-03T23:00:00,19.09,72.85,0.0
2024-07-03T23:00:00,19.09,72.87,0.0
2024-07-03T23:00:00,19.09,72.89,0.0
2024-07-03T23:00:00,19.09,72.91,0.0
2024-07-03T23:00:00,19.09,72.93,0.0
2024-07-03T23:00:00,19.09,72.95,0.0
2024-07-03T23:00:00,19.09,72.97,0.0
2024-07-03T23:00:00,19.09,72.99,0.0
2024-07-03T23:00:00,19.11,72.77,0.0
2024-07-03T23:00:00,19.11,72.79,0.0
2024-07-03T23:00:00,19.11,72.81,0.0
2024-07-03T23:00:00,19.11,72.83,0.0
2024-07-03T23:00:00,19.11,72.85,0.0
2024-07-03T23:00:00,19.11,72.87,0.0
2024-07-03T23:00:00,19.11,72.89,0.0
2024-07-03T23:00:00,19.11,72.91,0.0
2024-07-03T23:00:00,19.11,72.93,0.0
2024-07-03T23:00:00,19.11,72.95,0.0
2024-07-03T23:00:00,19.11,72.97,0.0
2024-07-03T23:00:00,19.11,72.99,0.0
2024-07-03T23:00:00,19.13,72.77,0.0
2024-07-03T23:00:00,19.13,72.79,0.0
2024-07-03T23:00:00,19.13,72.81,0.0
2024-07-03T23:00:00,19.13,72.83,0.0
2024-07-03T23:00:00,19.13,72.85,0.0
2024-07-03T23:00:00,19.13,72.87,0.0
2024-07-03T23:00:00,19.13,72.89,0.0
2024-07-03T23:00:00,19.13,72.91,0.0
2024-07-03T23:00:00,19.13,72.93,0.0
2024-07-03T23:00:00,19.13,72.95,0.0
2024-07-03T23:00:00,19.13,72.97,0.0
2024-07-03T23:00:00,19.13,72.99,0.0
2024-07-03T23:00:00,19.15,72.77,0.0
2024-07-03T23:00:00,19.15,72.79,0.0
2024-07-03T23:00:00,19.15,72.81,0.0
2024-07-03T23:00:00,19.15,72.83,0.0
2024-07-03T23:00:00,19.15,72.85,0.0
2024-07-03T23:00:00,19.15,72.87,0.0
2024-07-03T23:00:00,19.15,72.89,0.0
2024-07-03T23:00:00,19.15,72.91,0.0
2024-07-03T23:00:00,19.15,72.93,0.0
2024-07-03T23:00:00,19.15,72.95,0.0
2024-07-03T23:00:00,19.15,72.97,0.0
2024-07-03T23:00:00,19.15,72.99,0.0
2024-07-03T23:00:00,19.17,72.77,0.0
2024-07-03T23:00:00,19.17,72.79,0.0
2024-07-03T23:00:00,19.17,72.81,0.0
2024-07-03T23:00:00,19.17,72.83,0.0
2024-07-03T23:00:00,19.17,72.85,0.0
2024-07-03T23:00:00,19.17,72.87,0.0
2024-07-03T23:00:00,19.17,72.89,0.0
2024-07-03T23:00:00,19.17,72.91,0.0
2024-07-03T23:00:00,19.17,72.93,0.0
2024-07-03T23:00:00,19.17,72.95,0.0
2024-07-03T23:00:00,19.17,72.97,0.0
2024-07-03T23:00:00,19.17,72.99,0.0
2024-07-03T23:00:00,19.19,72.77,0.0
2024-07-03T23:00:00,19.19,72.79,0.0
2024-07-03T23:00:00,19.19,72.81,0.0
2024-07-03T23:00:00,19.19,72.83,0.0
2024-07-03T23:00:00,19.19,72.85,0.0
2024-07-03T23:00:00,19.19,72.87,0.0
2024-07-03T23:00:00,19.19,72.89,0.0
2024-07-03T23:00:00,19.19,72.91,0.0
2024-07-03T23:00:00,19.19,72.93,0.0
2024-07-03T23:00:00,19.19,72.95,0.0
2024-07-03T23:00:00,19.19,72.97,0.0
2024-07-03T23:00:00,19.19,72.99,0.0
2024-07-03T23:00:00,19.21,72.77,0.0
2024-07-03T23:00:00,19.21,72.79,0.0
2024-07-03T23:00:00,19.21,72.81,0.0
2024-07-03T23:00:00,19.21,72.83,0.0
2024-07-03T23:00:00,19.21,72.85,0.0
2024-07-03T23:00:00,19.21,72.87,0.0
2024-07-03T23:00:00,19.21,72.89,0.0
2024-07-03T23:00:00,19.21,72.91,0.0
2024-07-03T23:00:00,19.21,72.93,0.0
2024-07-03T23:00:00,19.21,72.95,0.0
2024-07-03T23:00:00,19.21,72.97,0.0
2024-07-03T23:00:00,19.21,72.99,0.0
2024-07-03T23:00:00,19.23,72.77,0.0
2024-07-03T23:00:00,19.23,72.79,0.0
2024-07-03T23:00:00,19.23,72.81,0.0
2024-07-03T23:00:00,19.23,72.83,0.0
2024-07-03T23:00:00,19.23,72.85,0.0
2024-07-03T23:00:00,19.23,72.87,0.0
2024-07-03T23:00:00,19.23,72.89,0.0
2024-07-03T23:00:00,19.23,72.91,0.0
2024-07-03T23:00:00,19.23,72.93,0.0
2024-07-03T23:00:00,19.23,72.95,0.0
2024-07-03T23:00:00,19.23,72.97,0.0
2024-07-03T23:00:00,19.23,72.99,0.0
2024-07-03T23:00:00,19.25,72.77,0.0
2024-07-03T23:00:00,19.25,72.79,0.0
2024-07-03T23:00:00,19.25,72.81,0.0
2024-07-03T23:00:00,19.25,72.83,0.0
2024-07-03T23:00:00,19.25,72.85,0.0
2024-07-03T23:00:00,19.25,72.87,0.0
2024-07-03T23:00:00,19.25,72.89,0.0
2024-07-03T23:00:00,19.25,72.91,0.0
2024-07-03T23:00:00,19.25,72.93,0.0
2024-07-03T23:00:00,19.25,72.95,0.0
2024-07-03T23:00:00,19.25,72.97,0.0
2024-07-03T23:00:00,19.25,72.99,0.0
