event_id,timestamp,latitude,longitude,water_depth_cm,rainfall_mm,duration_hrs,road_id,ward,affected_area_sqm
EVT00000,2023-08-18 00:00,19.20115,72.81844,9.8,17.0,22.5,R0115,Ward_23,36813.0
EVT00001,2020-11-17 00:00,19.23926,72.94849,1.8,0.0,17.7,R0153,Ward_22,45628.0
EVT00002,2019-10-24 00:00,18.93368,72.77496,20.5,80.0,8.8,R0347,Ward_16,49517.0
EVT00003,2021-05-02 00:00,19.17309,72.85994,24.0,71.8,17.7,R0144,Ward_23,46161.0
EVT00004,2016-07-03 00:00,19.15044,72.89604,4.2,23.8,4.0,R0385,Ward_19,43306.0
EVT00005,2018-10-28 00:00,18.89165,72.98495,0.4,21.4,11.5,R0083,Ward_19,6964.0
EVT00006,2017-01-14 00:00,19.14838,72.83695,22.1,65.3,5.8,R0411,Ward_24,9863.0
EVT00007,2021-11-13 00:00,19.1305,72.85331,12.5,28.7,3.3,R0402,Ward_5,18890.0
EVT00008,2017-04-20 00:00,19.26308,72.92627,0.6,0.0,22.3,R0049,Ward_12,48711.0
EVT00009,2021-03-12 00:00,18.94185,72.78207,2.7,8.0,16.0,R0303,Ward_14,48489.0
EVT00010,2015-10-18 00:00,19.12079,72.86292,1.9,0.0,3.7,R0203,Ward_16,15204.0
EVT00011,2023-10-09 00:00,19.10846,72.80967,23.5,62.4,9.6,R0354,Ward_22,32960.0
EVT00012,2022-09-15 00:00,19.18109,72.96893,1.0,17.3,9.8,R0323,Ward_21,22311.0
EVT00013,2016-10-12 00:00,18.87464,72.79682,11.5,31.5,12.3,R0342,Ward_17,11324.0
EVT00014,2020-10-16 00:00,19.10474,72.99709,0.2,0.0,7.3,R0381,Ward_4,39738.0
EVT00015,2022-08-23 00:00,18.94244,72.88136,5.3,27.0,17.2,R0152,Ward_19,6349.0
EVT00016,2024-05-01 00:00,19.00009,72.93417,2.5,8.7,13.4,R0207,Ward_23,1085.0
EVT00017,2021-05-11 00:00,19.09242,72.89338,17.7,47.6,12.2,R0265,Ward_19,26995.0
EVT00018,2023-11-12 00:00,19.19753,72.91989,20.8,73.1,18.3,R0494,Ward_22,44890.0
EVT00019,2017-06-07 00:00,18.94227,72.90779,15.3,47.6,1.1,R0228,Ward_11,6240.0
EVT00020,2017-03-22 00:00,18.92153,72.81743,26.6,57.9,3.0,R0131,Ward_2,4322.0
EVT00021,2021-07-08 00:00,18.91989,72.83867,16.4,69.0,4.9,R0483,Ward_22,104.0
EVT00022,2021-03-28 00:00,18.99024,72.98763,1.4,3.7,21.8,R0150,Ward_22,26752.0
EVT00023,2018-12-03 00:00,18.92594,72.8828,9.5,38.3,13.0,R0180,Ward_20,26957.0
EVT00024,2015-12-01 00:00,18.95394,72.79277,43.9,120.6,6.5,R0096,Ward_5,15055.0
EVT00025,2022-03-02 00:00,19.20305,72.99021,0.3,0.0,13.7,R0302,Ward_12,13942.0
EVT00026,2021-07-31 00:00,19.16164,72.86706,15.8,42.0,6.9,R0195,Ward_21,45193.0
EVT00027,2018-04-07 00:00,19.03002,72.78915,10.2,29.3,16.6,R0481,Ward_23,7248.0
EVT00028,2018-06-08 00:00,18.95151,72.9148,1.3,0.0,23.9,R0356,Ward_21,9712.0
EVT00029,2021-02-23 00:00,19.01886,72.92118,9.7,28.0,14.9,R0214,Ward_5,15886.0
EVT00030,2022-03-08 00:00,19.18511,72.85716,15.5,42.8,6.7,R0138,Ward_4,26620.0
EVT00031,2019-02-09 00:00,19.14359,72.86356,8.1,27.3,15.7,R0185,Ward_11,38926.0
EVT00032,2018-06-25 00:00,18.92853,72.95356,13.0,33.9,1.2,R0193,Ward_8,18994.0
EVT00033,2017-05-20 00:00,18.912,72.9829,1.6,0.0,13.1,R0448,Ward_10,29482.0
EVT00034,2019-04-30 00:00,19.19272,72.79197,23.2,70.4,17.1,R0443,Ward_10,27622.0
EVT00035,2017-04-30 00:00,19.11299,72.97621,0.5,0.0,8.3,R0384,Ward_13,9116.0
EVT00036,2024-04-04 00:00,19.19243,72.9259,2.2,14.0,13.2,R0304,Ward_13,23895.0
EVT00037,2021-03-04 00:00,18.92103,72.77218,11.4,29.7,17.4,R0336,Ward_5,7219.0
EVT00038,2023-07-20 00:00,19.09702,72.8315,24.1,86.9,15.7,R0189,Ward_23,38899.0
EVT00039,2020-07-19 00:00,19.14129,72.8662,11.1,45.7,5.2,R0181,Ward_15,25161.0
EVT00040,2023-06-21 00:00,18.98033,72.86839,15.0,41.7,21.3,R0416,Ward_8,15329.0
EVT00041,2019-12-22 00:00,19.21317,72.98791,0.1,0.0,18.7,R0432,Ward_3,31770.0
EVT00042,2016-06-18 00:00,18.90068,72.82521,8.1,19.7,4.8,R0029,Ward_3,37196.0
EVT00043,2015-07-14 00:00,19.09166,72.88336,5.3,5.9,23.1,R0217,Ward_22,25483.0
EVT00044,2021-03-10 00:00,19.16232,72.88032,11.5,34.3,16.8,R0346,Ward_18,34924.0
EVT00045,2023-10-12 00:00,19.03219,72.91175,2.7,0.0,1.2,R0217,Ward_23,26763.0
EVT00046,2022-10-30 00:00,19.00802,72.99867,0.1,9.9,22.9,R0421,Ward_17,34235.0
EVT00047,2017-04-21 00:00,18.88694,72.87319,30.5,74.0,16.5,R0451,Ward_17,45200.0
EVT00048,2016-11-28 00:00,18.93993,72.85442,10.6,32.8,12.8,R0487,Ward_2,21194.0
EVT00049,2016-09-06 00:00,19.02164,72.85586,15.0,45.4,8.8,R0347,Ward_8,41603.0
EVT00050,2018-09-01 00:00,19.21031,72.9673,4.0,13.4,7.9,R0150,Ward_9,10732.0
EVT00051,2017-11-07 00:00,19.16521,72.90083,2.3,0.0,22.2,R0475,Ward_21,25825.0
EVT00052,2022-05-05 00:00,19.22737,72.98515,0.9,0.0,20.5,R0029,Ward_12,394.0
EVT00053,2016-08-12 00:00,19.05414,72.83862,4.5,7.8,1.1,R0455,Ward_24,9389.0
EVT00054,2020-12-06 00:00,19.01181,72.79331,23.6,67.8,5.5,R0270,Ward_17,44936.0
EVT00055,2015-06-29 00:00,19.03429,72.98002,3.2,11.8,4.6,R0336,Ward_9,11382.0
EVT00056,2020-03-20 00:00,19.02814,72.83884,5.4,13.2,21.5,R0274,Ward_9,5524.0
EVT00057,2017-03-24 00:00,19.04543,72.96305,4.0,14.1,4.2,R0382,Ward_14,390.0
EVT00058,2016-08-27 00:00,19.22343,72.93312,3.8,19.3,5.4,R0020,Ward_5,19788.0
EVT00059,2017-03-18 00:00,19.16757,72.97723,1.6,7.5,16.3,R0485,Ward_16,47989.0
EVT00060,2020-11-24 00:00,19.26317,72.79732,38.0,117.4,13.7,R0409,Ward_22,35745.0
EVT00061,2019-11-24 00:00,18.99996,72.94581,4.7,6.9,12.5,R0472,Ward_24,42169.0
EVT00062,2016-08-15 00:00,19.02554,72.79524,10.1,29.7,19.2,R0064,Ward_5,17272.0
EVT00063,2015-12-31 00:00,18.87546,72.92742,5.1,19.0,16.6,R0175,Ward_14,48824.0
EVT00064,2018-08-29 00:00,19.16497,72.8699,11.5,35.7,7.5,R0042,Ward_14,12463.0
EVT00065,2018-03-18 00:00,18.931,72.88759,8.3,22.7,7.5,R0058,Ward_9,49713.0
EVT00066,2017-08-21 00:00,18.96894,72.95874,6.2,9.1,11.9,R0400,Ward_4,35087.0
EVT00067,2022-01-16 00:00,19.07093,72.81167,8.8,26.8,15.5,R0076,Ward_8,6111.0
EVT00068,2017-07-27 00:00,19.03051,72.83299,13.2,44.3,22.4,R0218,Ward_1,30862.0
EVT00069,2019-12-25 00:00,18.90637,72.78172,31.2,89.0,13.1,R0358,Ward_21,49008.0
EVT00070,2016-02-07 00:00,18.95871,72.868,5.7,13.0,12.7,R0329,Ward_2,15284.0
EVT00071,2019-05-08 00:00,18.9777,72.83453,38.9,125.9,17.4,R0126,Ward_11,44766.0
EVT00072,2022-10-27 00:00,18.9427,72.77012,7.3,3.7,18.1,R0108,Ward_10,23656.0
EVT00073,2017-06-27 00:00,19.23339,72.79318,8.8,26.2,6.8,R0251,Ward_12,16781.0
EVT00074,2023-01-27 00:00,18.91461,72.92386,3.7,35.7,13.7,R0441,Ward_5,16627.0
EVT00075,2024-02-23 00:00,19.16652,72.85312,12.8,37.1,14.5,R0309,Ward_12,11989.0
EVT00076,2016-05-23 00:00,18.98038,72.9044,14.8,55.4,21.4,R0066,Ward_21,37155.0
EVT00077,2022-10-02 00:00,18.91814,72.90491,6.5,23.6,19.8,R0098,Ward_23,22344.0
EVT00078,2022-05-10 00:00,18.90945,72.98662,1.0,11.8,8.9,R0371,Ward_16,49483.0
EVT00079,2015-11-27 00:00,18.9508,72.93578,8.2,39.2,3.9,R0214,Ward_18,35609.0
EVT00080,2021-09-12 00:00,19.22663,72.94465,2.0,0.0,23.4,R0458,Ward_12,22479.0
EVT00081,2016-03-04 00:00,19.15693,72.9795,2.2,0.0,12.1,R0268,Ward_17,39565.0
EVT00082,2016-11-10 00:00,18.93677,72.83305,6.4,33.2,7.7,R0489,Ward_19,3134.0
EVT00083,2019-11-15 00:00,19.25899,72.81374,38.1,115.6,12.4,R0272,Ward_17,48580.0
EVT00084,2019-09-21 00:00,18.93621,72.94267,8.9,36.4,13.9,R0199,Ward_13,30400.0
EVT00085,2021-10-29 00:00,18.95277,72.77083,45.0,134.2,6.0,R0356,Ward_1,43970.0
EVT00086,2023-05-08 00:00,19.18626,72.87475,13.7,34.1,17.6,R0132,Ward_10,42639.0
EVT00087,2016-09-30 00:00,18.98855,72.83176,23.3,65.4,4.9,R0023,Ward_18,11987.0
EVT00088,2018-07-12 00:00,18.88564,72.80407,18.2,61.5,22.3,R0138,Ward_2,32156.0
EVT00089,2021-05-29 00:00,18.9696,72.95938,11.4,40.3,3.7,R0332,Ward_12,31671.0
EVT00090,2023-04-29 00:00,19.25889,72.84465,17.1,37.2,21.3,R0135,Ward_24,6767.0
EVT00091,2016-01-21 00:00,19.22933,72.83783,7.0,9.1,15.4,R0005,Ward_12,11042.0
EVT00092,2015-08-04 00:00,19.25609,72.81065,20.6,67.3,13.4,R0444,Ward_19,5411.0
EVT00093,2022-09-30 00:00,19.16831,72.85786,14.0,35.5,6.9,R0320,Ward_21,30257.0
EVT00094,2019-01-19 00:00,18.95246,72.8717,2.7,8.6,7.2,R0297,Ward_21,40406.0
EVT00095,2018-01-05 00:00,19.17116,72.8058,6.3,2.7,17.8,R0222,Ward_12,7502.0
EVT00096,2020-07-25 00:00,19.0616,72.88407,16.9,59.3,5.3,R0441,Ward_6,9524.0
EVT00097,2022-09-04 00:00,19.06621,72.93778,1.3,0.0,7.5,R0158,Ward_6,44274.0
EVT00098,2017-07-09 00:00,19.197,72.92809,3.1,30.0,2.6,R0036,Ward_14,12338.0
EVT00099,2016-07-15 00:00,19.23365,72.99319,1.1,5.6,17.7,R0070,Ward_24,37547.0
EVT00100,2019-09-20 00:00,18.87472,72.79294,10.4,24.9,1.5,R0423,Ward_1,38196.0
EVT00101,2018-03-14 00:00,19.12779,72.78006,21.8,55.6,18.7,R0137,Ward_5,46936.0
EVT00102,2015-07-09 00:00,19.10985,72.95225,9.5,27.9,23.0,R0054,Ward_18,36833.0
EVT00103,2017-09-06 00:00,19.00536,72.93271,1.9,10.1,4.2,R0388,Ward_19,44630.0
EVT00104,2020-10-13 00:00,19.19619,72.8407,5.2,6.4,4.6,R0028,Ward_18,34633.0
EVT00105,2015-11-30 00:00,19.12099,72.79831,58.0,172.3,3.4,R0151,Ward_4,25626.0
EVT00106,2017-12-05 00:00,19.20459,72.80262,11.9,40.6,1.6,R0218,Ward_13,7454.0
EVT00107,2023-02-02 00:00,19.13215,72.82195,16.6,53.1,9.8,R0452,Ward_23,41157.0
EVT00108,2016-08-25 00:00,18.91496,72.809,9.6,53.8,6.2,R0489,Ward_10,17930.0
EVT00109,2016-05-13 00:00,19.11628,72.79722,5.6,17.3,21.6,R0309,Ward_5,8986.0
EVT00110,2023-01-12 00:00,19.08219,72.90791,3.5,0.0,10.8,R0457,Ward_22,34389.0
EVT00111,2016-07-30 00:00,19.1199,72.83601,18.9,68.0,7.2,R0255,Ward_22,18519.0
EVT00112,2024-05-15 00:00,18.97616,72.97861,2.3,11.5,2.8,R0001,Ward_5,38911.0
EVT00113,2020-06-03 00:00,18.92864,72.80399,16.5,50.7,17.6,R0402,Ward_16,40751.0
EVT00114,2023-07-25 00:00,18.91527,72.86831,2.6,9.2,7.4,R0046,Ward_11,49739.0
EVT00115,2018-12-29 00:00,18.94275,72.85855,28.3,93.0,12.4,R0246,Ward_23,48645.0
EVT00116,2016-12-18 00:00,19.1107,72.91642,3.7,19.0,19.4,R0334,Ward_8,19221.0
EVT00117,2020-12-08 00:00,19.08974,72.89391,5.5,15.4,13.2,R0420,Ward_8,19293.0
EVT00118,2021-11-22 00:00,19.10239,72.86702,18.4,61.4,18.9,R0415,Ward_24,11045.0
EVT00119,2017-09-10 00:00,18.9049,72.85319,8.3,42.4,23.9,R0008,Ward_12,27963.0
EVT00120,2016-01-31 00:00,19.25305,72.98181,1.4,0.0,22.0,R0184,Ward_5,14805.0
EVT00121,2020-02-19 00:00,18.92766,72.96626,0.7,4.1,6.6,R0423,Ward_8,2888.0
EVT00122,2023-04-23 00:00,18.92512,72.99127,1.5,0.0,4.3,R0375,Ward_1,34837.0
EVT00123,2016-08-08 00:00,19.03988,72.78244,14.0,47.2,16.2,R0037,Ward_16,41888.0
EVT00124,2019-07-06 00:00,19.21819,72.77694,17.5,59.9,4.2,R0125,Ward_3,723.0
EVT00125,2023-12-31 00:00,19.20243,72.86579,18.2,61.3,5.2,R0380,Ward_5,37431.0
EVT00126,2020-01-11 00:00,19.14943,72.83889,28.6,84.9,17.6,R0227,Ward_21,34793.0
EVT00127,2022-08-14 00:00,18.98471,72.80585,6.1,5.8,1.7,R0384,Ward_6,25214.0
EVT00128,2023-01-14 00:00,18.87435,72.96152,3.6,18.3,22.8,R0232,Ward_18,35599.0
EVT00129,2018-11-05 00:00,18.97322,72.90157,6.8,30.3,17.3,R0216,Ward_6,13664.0
EVT00130,2016-10-25 00:00,18.90677,72.85684,22.8,78.7,18.1,R0205,Ward_20,2894.0
EVT00131,2021-09-07 00:00,19.02692,72.95918,3.4,6.8,14.9,R0039,Ward_23,23475.0
EVT00132,2019-09-06 00:00,18.99528,72.91763,2.9,0.0,4.8,R0411,Ward_12,32368.0
EVT00133,2016-04-14 00:00,18.94789,72.79493,12.3,46.4,9.3,R0398,Ward_11,1500.0
EVT00134,2016-02-23 00:00,18.98288,72.89456,36.1,109.7,5.9,R0005,Ward_10,9468.0
EVT00135,2018-02-09 00:00,18.95069,72.98372,2.0,0.0,7.2,R0291,Ward_19,2339.0
EVT00136,2015-12-14 00:00,19.2646,72.88128,18.8,64.6,8.2,R0483,Ward_10,523.0
EVT00137,2019-11-17 00:00,19.01266,72.83495,9.1,31.7,12.5,R0161,Ward_13,36312.0
EVT00138,2016-07-03 00:00,19.25954,72.93161,1.3,0.2,8.6,R0459,Ward_24,25229.0
EVT00139,2015-09-06 00:00,19.07087,72.94826,8.7,35.3,14.5,R0195,Ward_16,29359.0
EVT00140,2017-02-10 00:00,19.21081,72.83673,10.9,41.4,16.7,R0040,Ward_21,4755.0
EVT00141,2023-01-21 00:00,19.15739,72.97341,4.6,11.2,16.0,R0393,Ward_23,8136.0
EVT00142,2023-08-02 00:00,19.25547,72.88875,7.8,11.2,15.0,R0267,Ward_11,22429.0
EVT00143,2022-05-28 00:00,18.92248,72.83689,10.0,36.5,20.7,R0220,Ward_2,44545.0
EVT00144,2017-10-03 00:00,19.17967,72.85916,21.7,68.6,23.9,R0310,Ward_3,47905.0
EVT00145,2016-07-03 00:00,19.09676,72.99871,0.1,0.7,19.5,R0073,Ward_10,27402.0
EVT00146,2016-05-23 00:00,19.25758,72.94973,2.7,6.5,12.5,R0232,Ward_11,8569.0
EVT00147,2021-11-17 00:00,18.98824,72.78568,17.5,60.9,9.4,R0045,Ward_3,9041.0
EVT00148,2020-09-20 00:00,19.17878,72.82933,4.6,11.7,23.5,R0390,Ward_15,32550.0
EVT00149,2021-10-16 00:00,18.92618,72.79851,37.8,130.4,12.2,R0186,Ward_10,20107.0
EVT00150,2016-11-10 00:00,19.2128,72.98094,0.4,0.0,11.1,R0262,Ward_20,47607.0
EVT00151,2021-02-01 00:00,19.01947,72.92691,2.2,2.3,11.4,R0449,Ward_22,2230.0
EVT00152,2024-04-12 00:00,19.26097,72.78312,33.8,99.7,6.6,R0420,Ward_18,496.0
EVT00153,2017-03-10 00:00,19.21122,72.83685,22.1,70.4,14.1,R0437,Ward_3,11230.0
EVT00154,2019-04-30 00:00,19.21966,72.9239,7.3,26.2,11.7,R0328,Ward_18,45016.0
EVT00155,2023-08-15 00:00,19.05594,72.78974,2.8,1.7,3.5,R0491,Ward_13,38434.0
EVT00156,2018-12-21 00:00,18.94979,72.84561,11.3,25.0,8.9,R0309,Ward_16,10710.0
EVT00157,2020-07-05 00:00,19.16651,72.7963,20.7,53.7,1.9,R0079,Ward_16,7361.0
EVT00158,2022-02-26 00:00,18.95539,72.90069,3.2,0.0,18.8,R0031,Ward_12,39499.0
EVT00159,2017-10-14 00:00,19.26142,72.81909,8.6,22.2,21.0,R0487,Ward_22,21204.0
EVT00160,2017-01-01 00:00,18.97083,72.8105,8.6,27.5,2.6,R0207,Ward_3,14987.0
EVT00161,2021-04-19 00:00,19.15488,72.9704,1.0,7.7,5.9,R0457,Ward_9,9286.0
EVT00162,2020-03-21 00:00,18.8915,72.97584,3.5,8.6,8.9,R0385,Ward_10,8310.0
EVT00163,2020-09-29 00:00,19.00971,72.86639,1.2,6.7,13.3,R0401,Ward_6,48283.0
EVT00164,2021-10-23 00:00,19.04471,72.9799,0.6,0.0,10.0,R0005,Ward_18,39175.0
EVT00165,2022-11-26 00:00,19.10885,72.7879,13.7,37.6,14.3,R0074,Ward_11,33237.0
EVT00166,2023-09-04 00:00,19.1994,72.9389,2.5,0.0,17.9,R0007,Ward_5,44835.0
EVT00167,2018-12-18 00:00,19.24353,72.88487,13.4,42.5,3.6,R0496,Ward_22,20379.0
EVT00168,2020-06-19 00:00,19.07828,72.77085,49.6,172.8,22.7,R0438,Ward_5,31751.0
EVT00169,2015-10-28 00:00,19.12557,72.90303,8.7,35.2,6.0,R0096,Ward_14,34853.0
EVT00170,2017-11-02 00:00,19.17975,72.90822,7.8,20.6,9.0,R0487,Ward_7,48590.0
EVT00171,2019-06-30 00:00,19.10073,72.77331,19.3,75.6,1.4,R0459,Ward_10,25154.0
EVT00172,2022-09-09 00:00,19.2171,72.93084,12.2,42.3,24.0,R0211,Ward_14,17651.0
EVT00173,2023-12-29 00:00,19.20127,72.86795,12.5,44.5,8.7,R0474,Ward_6,22995.0
EVT00174,2017-03-28 00:00,19.01925,72.89713,20.5,66.3,13.5,R0195,Ward_10,42270.0
EVT00175,2018-08-04 00:00,19.14542,72.87062,23.4,73.4,17.1,R0480,Ward_4,49769.0
EVT00176,2022-09-12 00:00,19.19238,72.79388,7.8,18.5,1.4,R0477,Ward_14,5273.0
EVT00177,2021-07-10 00:00,19.16998,72.91348,3.2,1.8,3.3,R0227,Ward_17,29104.0
EVT00178,2020-02-17 00:00,18.88305,72.83668,15.8,61.1,5.9,R0397,Ward_15,27624.0
EVT00179,2016-10-22 00:00,18.9158,72.96696,1.3,0.0,9.1,R0406,Ward_15,20705.0
EVT00180,2023-09-22 00:00,19.19817,72.93188,5.5,29.3,10.1,R0481,Ward_12,39132.0
EVT00181,2022-10-19 00:00,19.07302,72.83155,24.3,78.5,7.1,R0429,Ward_14,33698.0
EVT00182,2015-10-12 00:00,18.87166,72.97908,1.5,0.0,1.4,R0078,Ward_12,42054.0
EVT00183,2018-12-22 00:00,19.07759,72.94049,3.4,9.8,8.7,R0491,Ward_19,49642.0
EVT00184,2017-07-29 00:00,18.96673,72.9939,0.2,0.0,15.2,R0201,Ward_2,40086.0
EVT00185,2022-07-20 00:00,19.10114,72.79964,28.1,90.0,10.0,R0372,Ward_6,20216.0
EVT00186,2018-01-02 00:00,18.99725,72.80644,20.6,50.4,3.3,R0410,Ward_5,25262.0
EVT00187,2023-12-17 00:00,19.12258,72.95038,8.3,24.1,15.4,R0133,Ward_18,8037.0
EVT00188,2015-09-14 00:00,18.99896,72.79145,22.8,70.0,11.1,R0321,Ward_19,7737.0
EVT00189,2016-04-18 00:00,19.11724,72.89504,8.1,17.5,14.2,R0012,Ward_24,36735.0
EVT00190,2024-02-19 00:00,19.26337,72.91593,3.4,0.0,9.2,R0122,Ward_21,44906.0
EVT00191,2018-03-01 00:00,18.98877,72.89315,5.5,15.1,17.7,R0413,Ward_13,38543.0
EVT00192,2017-01-09 00:00,19.1337,72.83324,16.4,49.8,15.4,R0326,Ward_19,43360.0
EVT00193,2016-10-15 00:00,18.91437,72.98326,0.8,8.7,3.5,R0144,Ward_9,44741.0
EVT00194,2019-06-20 00:00,18.90711,72.88368,12.1,60.9,22.0,R0106,Ward_13,5124.0
EVT00195,2020-11-13 00:00,19.18818,72.86516,9.7,19.0,23.1,R0039,Ward_7,34398.0
EVT00196,2020-06-20 00:00,19.0201,72.84212,6.4,18.1,19.6,R0092,Ward_10,606.0
EVT00197,2022-03-20 00:00,18.94147,72.90048,9.7,34.8,20.7,R0060,Ward_11,49688.0
EVT00198,2021-07-17 00:00,19.06356,72.91122,7.2,16.8,1.1,R0267,Ward_24,12800.0
EVT00199,2021-06-04 00:00,18.91864,72.90941,7.8,13.3,1.5,R0262,Ward_5,10894.0
EVT00200,2015-09-29 00:00,19.01596,72.97667,3.0,7.8,8.5,R0112,Ward_3,36414.0
EVT00201,2020-10-24 00:00,19.24594,72.83155,26.7,88.3,5.6,R0047,Ward_12,35433.0
EVT00202,2020-12-21 00:00,19.13077,72.87742,1.5,1.4,11.0,R0484,Ward_13,46125.0
EVT00203,2023-06-17 00:00,18.97004,72.81551,23.0,83.0,7.5,R0201,Ward_4,29224.0
EVT00204,2024-04-26 00:00,19.17658,72.84166,25.7,83.6,5.7,R0369,Ward_16,21730.0
EVT00205,2018-06-17 00:00,19.04846,72.90716,5.4,8.1,19.8,R0318,Ward_4,30404.0
EVT00206,2019-08-10 00:00,19.04173,72.90044,3.9,12.4,21.7,R0419,Ward_3,22525.0
EVT00207,2018-04-02 00:00,19.22578,72.99036,0.5,0.0,14.5,R0150,Ward_20,41352.0
EVT00208,2019-05-13 00:00,19.12804,72.99198,0.7,0.0,10.2,R0058,Ward_6,40471.0
EVT00209,2018-03-01 00:00,19.04175,72.81276,36.0,116.1,2.7,R0336,Ward_12,18661.0
EVT00210,2018-12-26 00:00,19.18181,72.79813,19.8,45.3,16.8,R0367,Ward_11,10767.0
EVT00211,2018-01-08 00:00,19.09699,72.84396,6.0,11.8,13.9,R0197,Ward_10,30130.0
EVT00212,2018-07-13 00:00,19.0809,72.79367,19.2,60.3,17.5,R0484,Ward_22,3834.0
EVT00213,2023-11-23 00:00,19.22707,72.867,25.3,66.1,11.0,R0416,Ward_11,9988.0
EVT00214,2015-12-09 00:00,18.88986,72.8836,4.0,1.7,23.8,R0215,Ward_4,6292.0
EVT00215,2019-09-16 00:00,18.93846,72.84518,34.9,100.0,6.4,R0010,Ward_10,990.0
EVT00216,2015-06-20 00:00,19.18332,72.90242,6.1,21.0,22.0,R0145,Ward_5,42098.0
EVT00217,2021-04-30 00:00,19.03112,72.97604,3.3,21.1,1.9,R0330,Ward_1,3566.0
EVT00218,2023-07-11 00:00,18.90805,72.95458,4.7,14.2,7.9,R0162,Ward_12,20077.0
EVT00219,2022-04-13 00:00,19.09258,72.84203,59.2,182.0,2.1,R0152,Ward_23,49200.0
EVT00220,2016-10-10 00:00,19.06733,72.91745,14.9,40.5,20.4,R0480,Ward_20,5227.0
EVT00221,2016-12-20 00:00,18.95961,72.95986,3.7,19.9,3.4,R0165,Ward_23,36240.0
EVT00222,2023-07-14 00:00,18.96054,72.79024,23.6,80.5,21.8,R0188,Ward_18,49479.0
EVT00223,2018-04-29 00:00,19.24364,72.96964,3.1,27.8,21.3,R0022,Ward_4,2495.0
EVT00224,2023-02-16 00:00,18.99172,72.83066,17.3,47.4,15.1,R0415,Ward_13,13569.0
EVT00225,2020-07-31 00:00,18.93814,72.80169,2.8,10.7,3.8,R0163,Ward_5,37676.0
EVT00226,2020-01-18 00:00,19.22512,72.99214,1.2,23.5,15.6,R0342,Ward_4,26136.0
EVT00227,2020-11-28 00:00,18.96621,72.87992,5.3,4.6,23.5,R0164,Ward_24,24187.0
EVT00228,2023-05-23 00:00,18.90672,72.94623,3.6,17.1,2.9,R0285,Ward_8,33008.0
EVT00229,2016-04-15 00:00,19.16411,72.81735,13.6,49.0,2.7,R0253,Ward_2,10703.0
EVT00230,2019-09-25 00:00,19.1382,72.87767,2.1,0.0,5.3,R0053,Ward_11,10512.0
EVT00231,2018-12-05 00:00,19.10621,72.89136,16.1,39.1,18.5,R0159,Ward_23,22756.0
EVT00232,2016-11-14 00:00,18.9316,72.88604,3.9,7.8,6.0,R0186,Ward_13,48756.0
EVT00233,2024-02-28 00:00,19.21714,72.8881,11.9,14.0,10.2,R0035,Ward_9,21212.0
EVT00234,2021-11-20 00:00,19.14451,72.98884,1.4,2.5,15.9,R0075,Ward_15,43822.0
EVT00235,2020-07-31 00:00,19.16801,72.82533,20.7,58.6,5.3,R0014,Ward_16,33128.0
EVT00236,2021-08-02 00:00,19.05106,72.83108,8.3,21.2,2.9,R0220,Ward_7,7616.0
EVT00237,2016-01-04 00:00,19.07088,72.88682,9.1,22.3,11.2,R0189,Ward_4,2552.0
EVT00238,2017-08-03 00:00,19.02301,72.98344,0.3,9.8,7.8,R0206,Ward_6,29743.0
EVT00239,2020-04-10 00:00,19.08183,72.88353,15.0,31.3,3.5,R0025,Ward_21,12522.0
EVT00240,2015-10-25 00:00,18.91443,72.79649,5.2,12.3,14.2,R0122,Ward_3,26653.0
EVT00241,2023-04-05 00:00,18.98018,72.973,2.3,12.0,17.5,R0200,Ward_13,5155.0
EVT00242,2018-06-03 00:00,19.16357,72.97229,0.1,0.0,12.4,R0087,Ward_7,17447.0
EVT00243,2023-08-23 00:00,18.9852,72.90715,5.2,9.0,1.1,R0094,Ward_17,45398.0
EVT00244,2023-02-16 00:00,19.11885,72.93999,18.1,56.2,6.5,R0161,Ward_22,3566.0
EVT00245,2017-01-01 00:00,18.94494,72.97697,0.6,0.0,23.1,R0341,Ward_16,21453.0
EVT00246,2016-04-11 00:00,18.87833,72.99411,0.4,11.0,4.9,R0389,Ward_1,29741.0
EVT00247,2020-11-21 00:00,19.25782,72.90413,27.2,79.8,21.1,R0241,Ward_4,2354.0
EVT00248,2018-09-03 00:00,18.87696,72.92641,9.9,39.9,20.2,R0268,Ward_17,8449.0
EVT00249,2018-10-30 00:00,18.92863,72.7916,8.3,22.8,19.5,R0171,Ward_15,24584.0
EVT00250,2022-11-08 00:00,19.01031,72.89551,17.3,39.7,12.2,R0186,Ward_15,777.0
EVT00251,2021-03-22 00:00,19.01105,72.93334,5.8,19.3,18.8,R0438,Ward_20,24269.0
EVT00252,2022-08-03 00:00,18.97797,72.88944,3.8,11.1,1.5,R0210,Ward_8,33002.0
EVT00253,2018-02-25 00:00,18.92665,72.8845,12.2,35.8,14.3,R0356,Ward_14,18035.0
EVT00254,2019-08-26 00:00,19.16775,72.81458,30.5,97.5,15.7,R0494,Ward_9,43869.0
EVT00255,2020-06-14 00:00,19.14152,72.97682,0.4,6.8,23.7,R0448,Ward_17,8830.0
EVT00256,2019-02-16 00:00,19.23413,72.85023,18.3,59.6,10.0,R0213,Ward_9,15535.0
EVT00257,2019-04-07 00:00,18.88644,72.88962,1.1,8.1,20.2,R0062,Ward_14,39787.0
EVT00258,2019-04-22 00:00,19.09666,72.95228,5.6,9.2,7.6,R0496,Ward_1,24996.0
EVT00259,2017-02-05 00:00,19.14421,72.87725,5.7,17.6,13.0,R0148,Ward_20,27951.0
EVT00260,2016-02-20 00:00,18.93504,72.88197,5.7,4.7,19.4,R0007,Ward_15,2144.0
EVT00261,2016-01-04 00:00,18.98321,72.90641,1.5,1.8,12.2,R0002,Ward_14,17678.0
EVT00262,2016-12-16 00:00,19.20364,72.78148,53.4,147.7,9.1,R0145,Ward_17,33300.0
EVT00263,2016-05-18 00:00,19.17755,72.80566,30.7,113.0,17.4,R0073,Ward_24,9917.0
EVT00264,2017-11-13 00:00,19.10409,72.78857,11.6,47.7,1.7,R0477,Ward_12,12512.0
EVT00265,2019-11-21 00:00,19.1414,72.85884,19.6,58.4,23.2,R0050,Ward_9,46018.0
EVT00266,2020-04-20 00:00,19.10882,72.80986,6.0,22.7,16.6,R0165,Ward_19,7045.0
EVT00267,2020-01-31 00:00,19.17706,72.8275,30.6,87.2,13.7,R0154,Ward_10,4371.0
EVT00268,2021-07-14 00:00,19.09667,72.91451,11.4,34.9,5.2,R0400,Ward_14,4893.0
EVT00269,2021-01-23 00:00,19.08063,72.92965,3.8,21.6,22.5,R0364,Ward_12,23472.0
EVT00270,2020-01-06 00:00,19.04107,72.86672,13.0,42.6,11.6,R0467,Ward_18,1418.0
EVT00271,2016-12-27 00:00,19.17671,72.79034,20.2,53.1,15.1,R0154,Ward_8,29058.0
EVT00272,2021-10-03 00:00,19.01924,72.9128,14.3,31.5,21.2,R0027,Ward_13,6384.0
EVT00273,2023-12-21 00:00,19.13803,72.87645,8.0,19.9,21.1,R0235,Ward_2,4324.0
EVT00274,2016-08-12 00:00,18.97807,72.99682,0.2,1.2,8.7,R0049,Ward_10,28316.0
EVT00275,2016-10-10 00:00,19.14624,72.96879,5.5,17.1,18.0,R0345,Ward_17,36994.0
EVT00276,2017-01-11 00:00,18.89121,72.81716,19.8,55.0,13.9,R0495,Ward_16,6906.0
EVT00277,2017-02-23 00:00,19.22802,72.91712,2.7,1.5,7.9,R0159,Ward_24,49459.0
EVT00278,2023-02-16 00:00,18.87258,72.88154,9.9,36.0,5.6,R0034,Ward_1,7736.0
EVT00279,2018-03-09 00:00,19.22196,72.88956,2.9,23.9,5.7,R0242,Ward_1,41653.0
EVT00280,2016-10-11 00:00,19.04753,72.7828,21.2,68.0,7.9,R0247,Ward_6,41032.0
EVT00281,2022-04-14 00:00,19.20669,72.89575,3.6,24.1,16.7,R0439,Ward_22,30896.0
EVT00282,2017-06-26 00:00,19.04294,72.91633,2.6,12.6,4.3,R0381,Ward_22,12110.0
EVT00283,2017-08-29 00:00,19.07461,72.93091,3.9,13.1,12.0,R0148,Ward_10,33410.0
EVT00284,2022-11-25 00:00,19.25364,72.88338,2.7,0.0,7.3,R0197,Ward_23,40013.0
EVT00285,2017-01-27 00:00,19.05559,72.9571,2.6,35.9,1.6,R0234,Ward_4,28254.0
EVT00286,2022-08-25 00:00,18.87441,72.83964,8.8,18.4,16.0,R0336,Ward_20,22280.0
EVT00287,2016-12-22 00:00,19.23324,72.85159,24.9,106.1,11.8,R0370,Ward_15,13918.0
EVT00288,2021-01-21 00:00,19.2627,72.85228,17.8,56.2,5.8,R0462,Ward_23,26300.0
EVT00289,2017-02-10 00:00,19.07522,72.81013,9.5,12.5,9.1,R0368,Ward_19,17031.0
EVT00290,2018-07-15 00:00,19.15607,72.95094,0.9,8.4,19.1,R0337,Ward_10,46181.0
EVT00291,2020-11-02 00:00,18.89728,72.96304,7.0,28.8,9.7,R0241,Ward_20,32983.0
EVT00292,2024-02-10 00:00,19.10042,72.9833,1.0,14.3,16.2,R0132,Ward_5,34919.0
EVT00293,2021-12-20 00:00,19.10554,72.90357,1.9,26.1,15.2,R0206,Ward_3,2342.0
EVT00294,2016-06-30 00:00,19.21081,72.80661,17.4,42.9,16.3,R0255,Ward_22,23873.0
EVT00295,2023-08-18 00:00,19.17396,72.99571,0.8,2.0,19.3,R0053,Ward_6,36435.0
EVT00296,2016-02-19 00:00,19.02363,72.99386,0.9,0.0,2.4,R0128,Ward_4,1967.0
EVT00297,2019-08-12 00:00,19.16997,72.87155,4.9,10.1,15.0,R0430,Ward_1,46185.0
EVT00298,2019-08-25 00:00,18.99846,72.93071,11.7,49.2,4.1,R0326,Ward_19,27868.0
EVT00299,2023-01-10 00:00,18.94829,72.88295,18.3,47.1,7.6,R0103,Ward_24,8188.0
EVT00300,2017-07-27 00:00,19.19554,72.95599,2.7,3.5,3.0,R0012,Ward_21,47996.0
EVT00301,2016-12-27 00:00,18.90848,72.77765,40.0,109.9,21.5,R0184,Ward_14,28458.0
EVT00302,2023-01-24 00:00,19.2158,72.84836,32.4,89.5,17.8,R0466,Ward_24,32147.0
EVT00303,2021-10-23 00:00,19.06847,72.96145,1.7,1.6,20.0,R0256,Ward_12,17889.0
EVT00304,2024-05-27 00:00,19.2299,72.96629,7.1,22.6,2.5,R0218,Ward_21,18868.0
EVT00305,2024-03-09 00:00,18.89835,72.78797,13.7,28.3,12.9,R0051,Ward_4,24986.0
EVT00306,2015-09-01 00:00,18.89059,72.89432,4.9,13.0,6.2,R0481,Ward_10,46121.0
EVT00307,2016-03-05 00:00,18.97055,72.93175,13.5,47.7,21.1,R0080,Ward_10,3831.0
EVT00308,2022-04-08 00:00,19.10014,72.96623,0.9,8.2,12.5,R0204,Ward_20,2927.0
EVT00309,2020-09-11 00:00,19.14901,72.7955,31.1,106.8,22.5,R0134,Ward_21,1596.0
EVT00310,2019-03-02 00:00,19.00522,72.83,7.5,43.2,21.4,R0030,Ward_5,10291.0
EVT00311,2023-11-28 00:00,19.1967,72.84581,20.1,52.7,16.3,R0449,Ward_2,11857.0
EVT00312,2022-04-03 00:00,18.89916,72.98804,0.2,2.6,17.2,R0391,Ward_2,17358.0
EVT00313,2023-09-15 00:00,18.89831,72.86574,12.7,17.9,15.1,R0041,Ward_18,23991.0
EVT00314,2016-07-31 00:00,18.92179,72.93637,7.3,34.3,1.8,R0259,Ward_8,32552.0
EVT00315,2017-12-19 00:00,19.04261,72.83979,3.2,0.0,1.5,R0028,Ward_1,38703.0
EVT00316,2019-09-01 00:00,19.19455,72.89286,11.2,48.8,16.7,R0377,Ward_1,27670.0
EVT00317,2023-03-19 00:00,18.89086,72.94611,9.3,30.0,3.9,R0359,Ward_14,27522.0
EVT00318,2022-04-26 00:00,18.91623,72.79714,53.1,161.2,23.6,R0188,Ward_12,9763.0
EVT00319,2018-01-06 00:00,19.04461,72.78332,36.7,111.6,3.1,R0005,Ward_8,20712.0
EVT00320,2021-06-05 00:00,19.17103,72.95578,4.9,17.0,14.1,R0410,Ward_1,43675.0
EVT00321,2016-01-19 00:00,18.96997,72.78308,10.8,24.2,3.9,R0092,Ward_10,2282.0
EVT00322,2018-02-25 00:00,19.00987,72.9207,16.8,40.9,24.0,R0066,Ward_20,19951.0
EVT00323,2016-04-08 00:00,19.13303,72.92102,4.1,14.6,6.8,R0278,Ward_7,24797.0
EVT00324,2017-11-19 00:00,19.16409,72.8521,6.9,14.0,11.2,R0154,Ward_12,39032.0
EVT00325,2021-04-27 00:00,18.98707,72.92034,15.9,45.7,21.5,R0163,Ward_23,27117.0
EVT00326,2020-01-08 00:00,18.91175,72.84973,11.7,23.9,17.2,R0318,Ward_16,14061.0
EVT00327,2021-04-03 00:00,18.95142,72.80154,16.7,50.6,6.3,R0379,Ward_18,10617.0
EVT00328,2017-01-02 00:00,19.01896,72.95777,1.5,7.2,1.8,R0120,Ward_23,22070.0
EVT00329,2015-08-27 00:00,19.17568,72.9892,0.4,0.0,12.5,R0017,Ward_9,13971.0
EVT00330,2016-05-12 00:00,19.02367,72.96025,0.1,0.0,2.4,R0437,Ward_20,19258.0
EVT00331,2020-05-23 00:00,18.87754,72.858,10.5,35.0,2.0,R0105,Ward_13,9303.0
EVT00332,2018-11-01 00:00,19.04243,72.78202,7.5,15.7,1.7,R0390,Ward_12,46867.0
EVT00333,2019-03-09 00:00,19.23402,72.94353,2.4,12.7,22.2,R0464,Ward_9,40531.0
EVT00334,2019-03-28 00:00,19.10638,72.94417,12.6,54.2,17.7,R0318,Ward_14,43301.0
EVT00335,2023-11-07 00:00,19.18305,72.98357,3.3,0.0,2.3,R0055,Ward_18,19467.0
EVT00336,2021-05-30 00:00,19.15852,72.92593,8.4,16.5,11.7,R0293,Ward_24,28458.0
EVT00337,2019-09-09 00:00,19.07757,72.80739,5.1,14.0,11.7,R0473,Ward_8,6680.0
EVT00338,2018-06-28 00:00,18.87607,72.95391,3.0,6.1,3.0,R0127,Ward_18,14862.0
EVT00339,2018-06-28 00:00,19.09843,72.77888,42.8,141.6,9.3,R0337,Ward_9,39143.0
EVT00340,2016-10-22 00:00,19.1941,72.90984,11.7,38.6,8.1,R0338,Ward_11,41816.0
EVT00341,2015-08-10 00:00,19.20904,72.87208,4.4,13.1,11.1,R0238,Ward_2,48298.0
EVT00342,2017-11-09 00:00,19.06208,72.96419,2.5,0.4,10.4,R0296,Ward_3,13895.0
EVT00343,2016-02-18 00:00,19.11413,72.84223,39.9,100.4,11.1,R0132,Ward_9,13051.0
EVT00344,2017-05-15 00:00,19.06797,72.82231,9.7,22.7,4.4,R0316,Ward_21,2574.0
EVT00345,2023-02-02 00:00,18.91578,72.77886,79.5,239.7,12.7,R0225,Ward_19,15935.0
EVT00346,2023-06-05 00:00,19.09136,72.82243,15.6,29.4,23.8,R0499,Ward_9,904.0
EVT00347,2021-06-22 00:00,19.20797,72.96536,1.6,0.0,17.5,R0307,Ward_8,17552.0
EVT00348,2021-02-22 00:00,18.90099,72.87208,8.3,34.2,2.8,R0104,Ward_11,28561.0
EVT00349,2016-03-19 00:00,19.20166,72.92663,1.0,0.0,15.8,R0448,Ward_10,7240.0
EVT00350,2019-03-04 00:00,19.00062,72.95128,1.0,7.5,23.4,R0459,Ward_21,18798.0
EVT00351,2015-10-06 00:00,19.24699,72.83763,15.1,54.7,4.7,R0022,Ward_10,46522.0
EVT00352,2022-03-30 00:00,19.23475,72.77587,8.5,8.1,5.9,R0160,Ward_17,35817.0
EVT00353,2023-05-29 00:00,19.16682,72.9502,4.7,9.2,8.9,R0110,Ward_13,41553.0
EVT00354,2019-09-08 00:00,18.88304,72.93704,5.5,28.4,18.5,R0332,Ward_3,47763.0
EVT00355,2021-10-02 00:00,19.25345,72.99823,0.1,4.0,12.6,R0294,Ward_21,27457.0
EVT00356,2021-05-01 00:00,19.03723,72.9386,2.2,3.1,19.4,R0310,Ward_16,32994.0
EVT00357,2017-08-07 00:00,19.07813,72.8429,3.2,14.9,20.2,R0150,Ward_8,16501.0
EVT00358,2018-01-01 00:00,19.1896,72.99482,0.9,12.6,11.5,R0383,Ward_4,34684.0
EVT00359,2020-01-05 00:00,19.048,72.99025,0.8,1.8,9.3,R0180,Ward_18,25332.0
EVT00360,2022-03-14 00:00,19.23585,72.92027,2.4,0.0,6.3,R0402,Ward_14,11565.0
EVT00361,2021-06-11 00:00,19.20113,72.99695,0.1,6.3,6.6,R0465,Ward_14,33738.0
EVT00362,2024-05-03 00:00,19.13636,72.90928,1.2,8.9,7.6,R0160,Ward_4,4167.0
EVT00363,2021-11-15 00:00,19.03841,72.99615,0.2,0.0,12.4,R0451,Ward_7,45004.0
EVT00364,2016-10-07 00:00,19.22056,72.77357,28.3,96.3,10.6,R0391,Ward_18,35598.0
EVT00365,2015-10-18 00:00,19.05794,72.79323,1.8,0.0,20.2,R0012,Ward_23,8430.0
EVT00366,2021-05-08 00:00,18.89921,72.88843,5.8,29.7,22.1,R0462,Ward_14,17783.0
EVT00367,2023-05-26 00:00,19.03093,72.8981,13.1,31.1,7.7,R0172,Ward_11,29615.0
EVT00368,2015-12-03 00:00,19.11665,72.99865,0.1,5.3,2.7,R0471,Ward_12,47501.0
EVT00369,2023-09-20 00:00,19.23427,72.91509,22.9,58.2,20.2,R0148,Ward_16,35036.0
EVT00370,2022-01-09 00:00,19.16338,72.93645,5.3,22.1,22.1,R0479,Ward_17,4281.0
EVT00371,2019-07-25 00:00,19.22824,72.90652,4.6,24.7,16.5,R0232,Ward_13,16090.0
EVT00372,2018-07-19 00:00,18.94069,72.93618,1.1,0.4,22.7,R0049,Ward_8,14938.0
EVT00373,2021-04-21 00:00,19.00645,72.89975,2.1,8.2,14.3,R0432,Ward_14,14334.0
EVT00374,2017-01-07 00:00,19.02363,72.94418,1.2,0.0,2.0,R0483,Ward_24,44131.0
EVT00375,2018-07-14 00:00,19.16239,72.86902,1.4,4.4,14.2,R0315,Ward_11,5063.0
EVT00376,2018-06-26 00:00,18.98392,72.79727,8.9,30.0,12.2,R0114,Ward_6,14495.0
EVT00377,2023-11-12 00:00,19.23708,72.99743,0.1,10.8,3.4,R0118,Ward_22,14004.0
EVT00378,2021-02-12 00:00,18.90839,72.897,8.6,35.8,18.4,R0014,Ward_20,45137.0
EVT00379,2024-05-16 00:00,19.25394,72.89416,5.9,30.1,5.5,R0250,Ward_1,18540.0
EVT00380,2020-03-12 00:00,18.98274,72.98801,1.0,0.0,17.8,R0266,Ward_5,41569.0
EVT00381,2023-05-03 00:00,18.98798,72.79521,8.5,21.6,22.1,R0061,Ward_15,44455.0
EVT00382,2016-12-12 00:00,19.0673,72.78998,67.1,196.8,23.8,R0374,Ward_22,5911.0
EVT00383,2024-04-23 00:00,19.01149,72.78819,16.6,64.5,6.1,R0038,Ward_11,7921.0
EVT00384,2023-08-30 00:00,19.00413,72.8743,16.4,43.2,12.8,R0397,Ward_3,35370.0
EVT00385,2020-04-10 00:00,18.99592,72.98269,1.2,4.6,3.3,R0361,Ward_17,15945.0
EVT00386,2022-06-08 00:00,19.20657,72.92206,4.7,10.8,1.8,R0324,Ward_21,498.0
EVT00387,2017-11-18 00:00,18.92475,72.85653,11.5,44.0,16.5,R0135,Ward_16,7657.0
EVT00388,2018-08-01 00:00,19.19555,72.93872,10.5,15.0,4.0,R0325,Ward_3,47547.0
EVT00389,2015-06-14 00:00,19.21286,72.94237,1.2,8.5,11.0,R0251,Ward_18,30600.0
EVT00390,2023-02-16 00:00,19.154,72.77893,33.0,85.2,7.1,R0194,Ward_21,29237.0
EVT00391,2022-10-12 00:00,19.12509,72.88137,19.5,53.0,22.9,R0449,Ward_10,42051.0
EVT00392,2020-11-28 00:00,19.22002,72.92363,7.3,32.1,19.3,R0200,Ward_20,17921.0
EVT00393,2016-09-03 00:00,19.06238,72.7922,14.8,48.5,23.1,R0459,Ward_10,21038.0
EVT00394,2020-03-06 00:00,19.04887,72.8269,6.6,18.2,3.7,R0237,Ward_11,33065.0
EVT00395,2016-11-06 00:00,19.00903,72.86156,12.1,21.7,18.8,R0247,Ward_16,30093.0
EVT00396,2018-06-02 00:00,19.14489,72.77666,41.2,141.6,12.7,R0455,Ward_14,3134.0
EVT00397,2018-12-22 00:00,19.17872,72.83017,7.2,17.7,10.5,R0414,Ward_15,21317.0
EVT00398,2020-11-09 00:00,18.97428,72.78257,19.7,43.3,17.7,R0173,Ward_21,40944.0
EVT00399,2021-10-31 00:00,18.9934,72.86426,6.3,19.4,21.1,R0274,Ward_7,39000.0
EVT00400,2022-04-06 00:00,18.91413,72.9927,0.5,3.4,8.6,R0309,Ward_18,1094.0
EVT00401,2016-06-04 00:00,19.15889,72.95455,12.2,27.5,18.9,R0170,Ward_12,38365.0
EVT00402,2021-03-25 00:00,19.09116,72.92063,3.6,16.4,5.8,R0274,Ward_7,49262.0
EVT00403,2023-06-19 00:00,19.20526,72.86097,4.0,12.8,6.3,R0410,Ward_6,45542.0
EVT00404,2023-08-21 00:00,19.0026,72.81959,17.6,48.5,6.7,R0006,Ward_2,42290.0
EVT00405,2021-01-14 00:00,19.17205,72.89111,2.3,9.7,10.2,R0248,Ward_2,7932.0
EVT00406,2024-01-28 00:00,18.99059,72.8229,3.5,17.9,16.8,R0017,Ward_9,37521.0
EVT00407,2019-11-28 00:00,19.1952,72.85691,2.2,5.4,4.0,R0379,Ward_9,43113.0
EVT00408,2023-04-21 00:00,18.90061,72.88604,7.6,29.6,18.5,R0212,Ward_1,836.0
EVT00409,2017-02-11 00:00,19.2021,72.90912,6.1,5.4,3.2,R0301,Ward_13,9795.0
EVT00410,2019-01-16 00:00,19.11228,72.8418,3.4,0.0,10.8,R0380,Ward_1,15177.0
EVT00411,2022-10-09 00:00,19.05356,72.79293,9.5,31.1,14.3,R0192,Ward_10,21534.0
EVT00412,2018-07-15 00:00,18.9589,72.86346,15.3,45.7,12.1,R0464,Ward_23,26707.0
EVT00413,2020-12-26 00:00,18.96785,72.77396,5.9,19.7,17.7,R0487,Ward_12,38159.0
EVT00414,2021-11-22 00:00,19.15583,72.87402,11.5,58.7,23.4,R0203,Ward_8,22410.0
EVT00415,2018-11-24 00:00,19.06072,72.79506,16.7,55.7,8.6,R0414,Ward_21,48793.0
EVT00416,2020-11-27 00:00,18.90816,72.80893,25.5,79.5,14.6,R0042,Ward_5,20219.0
EVT00417,2021-10-07 00:00,19.20523,72.89038,24.3,73.0,18.5,R0030,Ward_16,12676.0
EVT00418,2017-02-06 00:00,18.99458,72.84771,11.6,33.5,1.8,R0352,Ward_19,29977.0
EVT00419,2017-10-04 00:00,19.21857,72.83167,17.3,51.5,18.4,R0406,Ward_16,27325.0
EVT00420,2019-01-09 00:00,18.99521,72.91996,3.8,13.6,11.6,R0247,Ward_17,27785.0
EVT00421,2016-08-04 00:00,19.16587,72.93861,0.4,5.6,10.8,R0039,Ward_13,6451.0
EVT00422,2016-10-10 00:00,18.87545,72.88959,6.2,22.7,4.8,R0224,Ward_4,2049.0
EVT00423,2021-04-18 00:00,19.03967,72.80927,4.4,19.8,12.2,R0383,Ward_18,20966.0
EVT00424,2018-09-18 00:00,18.8737,72.79704,8.2,29.0,17.6,R0450,Ward_22,13628.0
EVT00425,2021-09-26 00:00,18.99895,72.9746,1.0,9.0,16.0,R0072,Ward_10,26210.0
EVT00426,2023-06-05 00:00,18.95178,72.91122,4.8,7.2,9.5,R0309,Ward_9,23658.0
EVT00427,2023-10-15 00:00,18.95425,72.84594,3.9,11.8,17.6,R0436,Ward_5,8295.0
EVT00428,2018-12-23 00:00,19.15603,72.87899,16.8,41.9,10.6,R0076,Ward_16,3446.0
EVT00429,2017-07-08 00:00,19.26079,72.84172,18.5,69.7,5.6,R0048,Ward_18,22984.0
EVT00430,2022-01-29 00:00,18.90789,72.91374,11.9,35.9,4.6,R0179,Ward_21,28002.0
EVT00431,2017-07-29 00:00,18.96041,72.91463,18.4,56.4,7.3,R0420,Ward_14,29265.0
EVT00432,2019-12-08 00:00,18.9923,72.91364,14.3,48.1,22.5,R0287,Ward_18,32116.0
EVT00433,2016-07-26 00:00,18.95104,72.90631,1.2,0.0,17.8,R0143,Ward_6,13221.0
EVT00434,2021-12-31 00:00,18.91093,72.95328,4.5,23.9,15.8,R0196,Ward_11,28825.0
EVT00435,2023-09-06 00:00,19.21136,72.9091,1.4,8.1,21.0,R0342,Ward_16,10544.0
EVT00436,2017-11-03 00:00,18.87107,72.82332,19.5,63.2,3.1,R0411,Ward_20,7410.0
EVT00437,2019-01-15 00:00,18.93593,72.97116,2.1,1.7,2.8,R0496,Ward_2,6935.0
EVT00438,2020-09-14 00:00,19.19289,72.86784,7.1,7.6,8.5,R0256,Ward_4,12115.0
EVT00439,2023-05-02 00:00,19.0273,72.948,5.0,9.8,11.9,R0159,Ward_17,15917.0
EVT00440,2017-10-24 00:00,18.90128,72.90924,7.6,21.9,23.0,R0484,Ward_21,41697.0
EVT00441,2021-09-12 00:00,19.15454,72.96317,5.6,24.6,11.2,R0355,Ward_9,34300.0
EVT00442,2019-04-27 00:00,19.09316,72.87015,1.8,9.9,5.1,R0443,Ward_12,42783.0
EVT00443,2020-03-03 00:00,19.1783,72.84958,2.7,13.7,5.9,R0286,Ward_7,19185.0
EVT00444,2015-07-14 00:00,18.9416,72.94195,3.7,38.0,5.5,R0184,Ward_17,9825.0
EVT00445,2019-07-20 00:00,19.10448,72.84554,1.7,24.8,22.1,R0257,Ward_1,30378.0
EVT00446,2020-10-12 00:00,18.88341,72.83324,17.6,36.7,10.2,R0356,Ward_23,12727.0
EVT00447,2015-10-03 00:00,19.12011,72.99336,0.2,11.5,20.9,R0474,Ward_16,49862.0
EVT00448,2020-09-21 00:00,19.1229,72.88277,23.0,72.4,18.2,R0331,Ward_18,40391.0
EVT00449,2023-05-31 00:00,18.88528,72.77663,8.7,14.5,4.5,R0376,Ward_6,43559.0
EVT00450,2016-10-02 00:00,18.92266,72.8665,18.8,66.4,2.3,R0326,Ward_23,3210.0
EVT00451,2017-08-04 00:00,18.90899,72.89514,4.7,25.9,16.1,R0377,Ward_1,16700.0
EVT00452,2023-05-15 00:00,19.1388,72.97692,1.0,0.0,4.9,R0300,Ward_24,47221.0
EVT00453,2019-12-08 00:00,19.07654,72.98633,1.0,0.0,10.6,R0341,Ward_22,3168.0
EVT00454,2017-01-25 00:00,18.94718,72.9451,3.8,0.0,17.8,R0042,Ward_6,22226.0
EVT00455,2021-01-30 00:00,18.98021,72.8157,12.1,26.2,10.4,R0325,Ward_24,42122.0
EVT00456,2021-09-13 00:00,19.24644,72.84157,6.3,25.8,9.1,R0174,Ward_15,28452.0
EVT00457,2020-08-09 00:00,19.14852,72.90022,22.1,69.4,3.0,R0470,Ward_3,9207.0
EVT00458,2022-06-10 00:00,18.90457,72.84303,15.3,43.6,23.2,R0392,Ward_6,39458.0
EVT00459,2016-04-28 00:00,18.95701,72.85614,9.6,18.6,21.2,R0482,Ward_8,15458.0
EVT00460,2017-07-22 00:00,19.14236,72.98681,1.4,0.0,18.2,R0377,Ward_5,15593.0
EVT00461,2018-07-17 00:00,19.02172,72.83603,23.4,63.9,4.2,R0161,Ward_14,11375.0
EVT00462,2017-05-26 00:00,18.9453,72.97322,1.6,11.4,23.5,R0132,Ward_23,22036.0
EVT00463,2019-06-29 00:00,18.90696,72.85169,10.2,35.3,9.0,R0328,Ward_17,22539.0
EVT00464,2015-10-29 00:00,19.12241,72.9613,6.2,5.2,22.8,R0299,Ward_13,7870.0
EVT00465,2020-04-12 00:00,19.09748,72.99856,0.1,0.0,9.0,R0415,Ward_22,39834.0
EVT00466,2021-01-23 00:00,18.95298,72.93092,2.3,1.2,13.7,R0380,Ward_9,4629.0
EVT00467,2020-08-28 00:00,19.17936,72.82939,3.5,13.0,7.0,R0472,Ward_4,25900.0
EVT00468,2020-08-26 00:00,19.12245,72.8793,3.0,0.2,14.5,R0190,Ward_19,18958.0
EVT00469,2023-04-12 00:00,19.10536,72.77779,24.4,88.3,3.4,R0183,Ward_1,8022.0
EVT00470,2016-07-15 00:00,19.0602,72.84743,3.7,10.2,5.3,R0183,Ward_10,8221.0
EVT00471,2020-05-03 00:00,19.08871,72.94297,6.6,0.0,19.6,R0233,Ward_19,28841.0
EVT00472,2018-02-22 00:00,19.04399,72.86185,30.1,77.3,6.8,R0191,Ward_20,16960.0
EVT00473,2018-01-15 00:00,19.14142,72.83904,7.6,36.3,18.6,R0461,Ward_17,5482.0
EVT00474,2021-11-21 00:00,19.04036,72.83195,7.6,15.9,10.2,R0014,Ward_6,25659.0
EVT00475,2023-03-28 00:00,19.23894,72.97392,8.9,26.2,22.7,R0101,Ward_19,37617.0
EVT00476,2016-01-07 00:00,18.92196,72.84662,2.9,12.4,23.3,R0158,Ward_5,40094.0
EVT00477,2015-06-04 00:00,19.05349,72.80803,5.0,20.0,16.1,R0102,Ward_6,15134.0
EVT00478,2017-09-10 00:00,18.90215,72.82432,16.5,43.6,11.0,R0370,Ward_8,7791.0
EVT00479,2015-06-21 00:00,19.09214,72.94839,8.7,21.4,12.0,R0176,Ward_4,23593.0
EVT00480,2020-09-16 00:00,19.14471,72.93072,8.0,38.7,16.4,R0425,Ward_15,35341.0
EVT00481,2016-11-08 00:00,19.17522,72.79204,13.9,34.2,8.3,R0478,Ward_5,20054.0
EVT00482,2022-12-24 00:00,19.00084,72.83513,23.3,60.7,17.8,R0217,Ward_20,19753.0
EVT00483,2023-09-19 00:00,18.89866,72.88231,33.7,104.4,23.3,R0013,Ward_8,44291.0
EVT00484,2019-06-23 00:00,18.94126,72.82409,16.7,59.2,8.8,R0421,Ward_1,30567.0
EVT00485,2022-08-27 00:00,19.17067,72.98035,1.4,4.2,6.3,R0255,Ward_7,2308.0
EVT00486,2019-09-21 00:00,18.99078,72.79136,14.7,39.1,16.0,R0217,Ward_5,14320.0
EVT00487,2015-10-21 00:00,19.02473,72.95889,0.5,0.0,7.0,R0488,Ward_14,9058.0
EVT00488,2016-08-09 00:00,19.02929,72.88899,20.3,55.3,11.7,R0042,Ward_12,34335.0
EVT00489,2015-07-21 00:00,18.91056,72.96837,4.3,11.5,4.7,R0065,Ward_19,25398.0
EVT00490,2022-09-30 00:00,19.14452,72.77267,2.9,1.7,23.1,R0205,Ward_14,38591.0
EVT00491,2022-07-11 00:00,18.99118,72.82949,4.4,9.0,3.7,R0413,Ward_15,25153.0
EVT00492,2021-05-31 00:00,19.1824,72.93377,5.6,23.4,23.4,R0057,Ward_6,49039.0
EVT00493,2022-12-24 00:00,19.08268,72.8582,19.3,69.4,2.8,R0003,Ward_11,47415.0
EVT00494,2021-03-10 00:00,19.15303,72.8293,21.8,78.2,19.7,R0372,Ward_15,21801.0
EVT00495,2020-11-26 00:00,19.05591,72.77916,21.2,79.3,11.6,R0025,Ward_20,34351.0
EVT00496,2018-09-26 00:00,18.97093,72.84762,7.3,10.2,18.6,R0012,Ward_18,13435.0
EVT00497,2020-06-03 00:00,18.9873,72.86592,19.6,51.6,8.5,R0325,Ward_2,29829.0
EVT00498,2023-09-12 00:00,19.0129,72.77842,5.6,23.1,10.1,R0089,Ward_3,26796.0
EVT00499,2020-12-12 00:00,18.92042,72.80327,24.6,75.7,10.9,R0140,Ward_12,48595.0
EVT00500,2023-08-19 00:00,19.1456,72.82614,42.0,122.3,19.9,R0291,Ward_15,2128.0
EVT00501,2022-03-31 00:00,19.00064,72.77881,18.8,48.9,23.5,R0326,Ward_4,19157.0
EVT00502,2022-07-22 00:00,19.26211,72.78812,44.9,140.3,18.2,R0216,Ward_13,1217.0
EVT00503,2022-09-26 00:00,19.25014,72.82908,39.0,125.2,18.1,R0040,Ward_14,48261.0
EVT00504,2018-10-24 00:00,19.18746,72.90131,9.0,20.7,15.2,R0276,Ward_8,34743.0
EVT00505,2017-10-29 00:00,18.88953,72.90187,3.8,5.0,18.5,R0223,Ward_9,37369.0
EVT00506,2022-12-11 00:00,19.18132,72.83368,4.1,23.1,2.1,R0204,Ward_6,33943.0
EVT00507,2015-08-16 00:00,18.97907,72.86365,5.3,19.5,19.0,R0336,Ward_5,13811.0
EVT00508,2022-07-14 00:00,19.05498,72.95176,3.4,12.5,8.3,R0113,Ward_8,1002.0
EVT00509,2018-08-22 00:00,18.99984,72.78466,15.5,27.8,17.7,R0311,Ward_15,29437.0
EVT00510,2019-10-11 00:00,19.12391,72.84561,20.8,64.4,11.9,R0285,Ward_1,17213.0
EVT00511,2017-02-11 00:00,18.99786,72.9592,5.6,20.2,11.6,R0380,Ward_16,10611.0
EVT00512,2018-04-13 00:00,19.14909,72.92479,19.2,56.9,10.3,R0338,Ward_19,48389.0
EVT00513,2019-04-15 00:00,19.12255,72.8991,19.3,49.3,2.9,R0382,Ward_17,18523.0
EVT00514,2022-12-23 00:00,18.98673,72.84253,8.5,25.9,11.7,R0079,Ward_20,29288.0
EVT00515,2020-01-27 00:00,19.11971,72.89993,3.4,2.1,23.9,R0011,Ward_10,27866.0
EVT00516,2021-06-10 00:00,19.0663,72.82399,28.6,84.4,4.0,R0310,Ward_4,4939.0
EVT00517,2021-10-24 00:00,18.95732,72.99819,0.1,0.0,7.7,R0442,Ward_6,38367.0
EVT00518,2021-08-01 00:00,19.26375,72.99515,0.6,8.7,10.4,R0384,Ward_7,20967.0
EVT00519,2019-06-27 00:00,19.1097,72.84346,20.5,53.9,15.5,R0340,Ward_22,48016.0
EVT00520,2021-06-02 00:00,19.1747,72.84309,22.1,62.8,13.2,R0115,Ward_13,24792.0
EVT00521,2020-06-14 00:00,19.05557,72.96001,3.8,7.5,4.6,R0447,Ward_6,20063.0
EVT00522,2023-12-20 00:00,18.87133,72.96087,2.0,9.7,11.7,R0088,Ward_22,45373.0
EVT00523,2020-02-08 00:00,19.02334,72.92021,7.8,32.2,10.4,R0325,Ward_1,30982.0
EVT00524,2016-04-25 00:00,18.92543,72.91258,16.5,41.9,14.8,R0374,Ward_14,47280.0
EVT00525,2021-10-18 00:00,19.00001,72.82749,6.2,6.9,15.4,R0350,Ward_3,47597.0
EVT00526,2024-04-09 00:00,18.87909,72.90831,2.9,10.8,16.0,R0282,Ward_17,43186.0
EVT00527,2019-07-21 00:00,19.21012,72.80712,18.0,52.8,17.6,R0122,Ward_6,23661.0
EVT00528,2016-11-25 00:00,19.15512,72.81595,16.4,38.3,7.7,R0457,Ward_1,10430.0
EVT00529,2022-03-06 00:00,19.05447,72.82636,4.4,6.4,11.2,R0123,Ward_6,48643.0
EVT00530,2022-03-10 00:00,19.07009,72.79557,28.7,98.9,20.3,R0446,Ward_6,12319.0
EVT00531,2023-10-23 00:00,19.15882,72.78606,8.6,33.0,1.7,R0346,Ward_14,43366.0
EVT00532,2016-03-15 00:00,19.26821,72.9683,2.9,19.7,19.0,R0490,Ward_9,44180.0
EVT00533,2022-03-22 00:00,19.08494,72.93463,7.4,22.7,15.9,R0273,Ward_23,1284.0
EVT00534,2018-09-12 00:00,19.06232,72.93699,3.4,30.6,19.7,R0424,Ward_24,38461.0
EVT00535,2021-02-24 00:00,19.01535,72.93482,0.4,7.5,15.5,R0225,Ward_14,39392.0
EVT00536,2023-11-30 00:00,18.91145,72.96483,1.0,2.8,20.0,R0385,Ward_4,36128.0
EVT00537,2017-01-02 00:00,19.01659,72.921,4.1,16.2,22.0,R0407,Ward_16,10583.0
EVT00538,2016-03-30 00:00,18.90885,72.91767,1.0,16.2,11.5,R0363,Ward_16,37650.0
EVT00539,2023-02-21 00:00,19.17279,72.84876,3.2,24.6,11.2,R0403,Ward_15,35008.0
EVT00540,2023-12-14 00:00,19.09729,72.90672,6.5,26.6,4.2,R0267,Ward_10,1394.0
EVT00541,2023-06-02 00:00,19.22207,72.89961,16.7,47.6,7.7,R0483,Ward_23,7999.0
EVT00542,2020-05-06 00:00,19.12356,72.87932,11.5,36.8,16.5,R0079,Ward_24,40279.0
EVT00543,2019-09-21 00:00,18.92142,72.90971,4.7,0.0,6.9,R0116,Ward_1,42561.0
EVT00544,2015-07-20 00:00,19.10329,72.80412,5.0,12.9,7.0,R0369,Ward_17,37298.0
EVT00545,2022-05-08 00:00,19.26845,72.86334,6.9,0.0,21.7,R0497,Ward_12,32228.0
EVT00546,2021-04-13 00:00,19.10485,72.88525,30.3,98.7,9.6,R0443,Ward_16,32454.0
EVT00547,2020-11-03 00:00,19.21831,72.88087,9.1,37.8,21.6,R0007,Ward_22,47353.0
EVT00548,2017-12-05 00:00,19.00695,72.84114,30.6,104.6,4.5,R0311,Ward_24,39485.0
EVT00549,2020-07-25 00:00,19.13,72.852,28.4,91.6,14.1,R0326,Ward_1,42015.0
EVT00550,2021-04-16 00:00,19.2083,72.95011,0.8,0.0,21.7,R0379,Ward_7,18242.0
EVT00551,2019-02-09 00:00,18.88314,72.91407,5.7,26.8,12.7,R0138,Ward_18,48087.0
EVT00552,2016-04-21 00:00,19.20864,72.89368,3.3,15.3,23.3,R0028,Ward_15,28378.0
EVT00553,2023-09-15 00:00,18.96919,72.8289,18.1,49.3,5.2,R0479,Ward_21,42890.0
EVT00554,2017-05-27 00:00,18.96134,72.935,2.3,6.3,1.9,R0311,Ward_9,27644.0
EVT00555,2016-02-16 00:00,18.90654,72.8137,15.7,42.4,21.8,R0067,Ward_17,15208.0
EVT00556,2023-12-15 00:00,18.95309,72.82611,28.8,84.0,14.4,R0237,Ward_4,26893.0
EVT00557,2022-07-10 00:00,19.18257,72.84334,5.2,11.8,2.7,R0244,Ward_4,22151.0
EVT00558,2022-01-09 00:00,19.06041,72.79297,5.4,27.6,5.9,R0249,Ward_10,28510.0
EVT00559,2016-08-30 00:00,19.10269,72.96806,6.0,0.0,17.6,R0226,Ward_21,9820.0
EVT00560,2020-07-12 00:00,19.19231,72.91132,11.1,51.4,23.8,R0128,Ward_14,30108.0
EVT00561,2021-02-06 00:00,19.06704,72.8106,5.4,26.2,12.1,R0145,Ward_21,15052.0
EVT00562,2018-07-02 00:00,19.2169,72.82728,16.1,45.5,16.6,R0257,Ward_10,31333.0
EVT00563,2017-06-16 00:00,18.91459,72.94402,5.5,11.5,12.2,R0163,Ward_17,23578.0
EVT00564,2020-04-04 00:00,18.93525,72.78508,7.2,29.5,16.5,R0048,Ward_15,17187.0
EVT00565,2017-08-01 00:00,19.14478,72.95919,5.7,10.0,18.9,R0390,Ward_8,10740.0
EVT00566,2021-05-12 00:00,19.07071,72.8436,17.9,47.3,11.9,R0350,Ward_10,46385.0
EVT00567,2019-01-17 00:00,18.95412,72.92453,2.9,0.0,4.6,R0392,Ward_13,39312.0
EVT00568,2017-03-05 00:00,19.21094,72.91033,20.5,60.2,8.5,R0264,Ward_16,32709.0
EVT00569,2018-06-08 00:00,19.1855,72.94934,8.3,19.7,6.3,R0134,Ward_16,46723.0
EVT00570,2018-11-06 00:00,19.20378,72.85528,9.1,23.9,8.7,R0181,Ward_24,15836.0
EVT00571,2023-12-19 00:00,18.99321,72.89956,15.0,38.1,10.6,R0390,Ward_13,2860.0
EVT00572,2016-12-25 00:00,19.03352,72.91853,8.4,37.8,23.4,R0392,Ward_9,1072.0
EVT00573,2023-06-14 00:00,19.15174,72.81798,5.1,10.0,6.9,R0426,Ward_12,1282.0
EVT00574,2021-09-02 00:00,19.041,72.85795,5.0,29.5,13.9,R0102,Ward_7,30916.0
EVT00575,2016-03-31 00:00,19.04604,72.83301,4.1,12.8,6.6,R0166,Ward_24,24036.0
EVT00576,2015-12-06 00:00,19.15851,72.87807,4.4,23.4,19.0,R0199,Ward_23,47991.0
EVT00577,2022-03-21 00:00,19.1526,72.82746,9.3,24.8,14.5,R0030,Ward_4,2900.0
EVT00578,2020-04-29 00:00,19.00708,72.89372,19.3,52.0,22.2,R0056,Ward_16,6801.0
EVT00579,2024-02-09 00:00,19.16993,72.84465,13.3,33.0,17.8,R0422,Ward_5,43710.0
EVT00580,2021-09-18 00:00,19.10592,72.90204,14.7,38.1,3.0,R0125,Ward_11,28679.0
EVT00581,2021-05-15 00:00,19.17511,72.82997,10.1,36.5,19.8,R0353,Ward_1,7109.0
EVT00582,2023-04-04 00:00,19.17796,72.97027,2.4,0.0,17.4,R0160,Ward_12,45265.0
EVT00583,2017-06-24 00:00,19.04834,72.97345,5.7,17.8,8.4,R0116,Ward_15,18174.0
EVT00584,2018-04-26 00:00,18.94959,72.99343,0.5,0.0,6.9,R0382,Ward_1,7099.0
EVT00585,2020-11-13 00:00,19.1269,72.86829,7.4,0.7,19.4,R0425,Ward_17,3108.0
EVT00586,2021-10-04 00:00,19.26586,72.8559,3.4,10.5,11.1,R0016,Ward_17,43667.0
EVT00587,2018-08-01 00:00,19.00083,72.89393,2.2,17.5,14.2,R0324,Ward_3,36748.0
EVT00588,2024-03-02 00:00,19.09612,72.99407,0.7,21.8,3.6,R0081,Ward_17,42330.0
EVT00589,2022-04-03 00:00,18.90509,72.98217,1.7,0.0,16.0,R0097,Ward_3,38379.0
EVT00590,2020-06-22 00:00,19.04238,72.83368,5.5,25.5,21.5,R0378,Ward_5,32557.0
EVT00591,2019-03-23 00:00,18.89921,72.919,20.6,52.5,11.4,R0399,Ward_23,36999.0
EVT00592,2019-12-01 00:00,19.2494,72.97456,3.5,15.6,14.2,R0003,Ward_20,41428.0
EVT00593,2020-03-15 00:00,18.87755,72.8218,7.7,14.3,4.5,R0438,Ward_8,29260.0
EVT00594,2022-09-29 00:00,19.17711,72.89244,21.5,61.0,16.3,R0394,Ward_19,46275.0
EVT00595,2021-11-18 00:00,19.2273,72.93443,4.6,4.3,4.5,R0395,Ward_5,10387.0
EVT00596,2022-03-01 00:00,18.94263,72.77603,32.0,87.3,22.7,R0020,Ward_5,27050.0
EVT00597,2018-12-13 00:00,19.25186,72.84532,9.8,7.0,22.4,R0336,Ward_7,10165.0
EVT00598,2018-01-10 00:00,18.93532,72.99793,0.2,0.0,22.5,R0111,Ward_12,1462.0
EVT00599,2016-10-17 00:00,19.22106,72.98721,0.5,0.0,20.2,R0192,Ward_1,22253.0
EVT00600,2019-09-06 00:00,19.16758,72.94018,9.9,36.9,2.1,R0224,Ward_13,10012.0
EVT00601,2016-10-23 00:00,19.17839,72.90575,3.6,18.3,3.1,R0089,Ward_17,45673.0
EVT00602,2023-11-25 00:00,19.15981,72.79799,24.3,81.9,5.8,R0481,Ward_16,37058.0
EVT00603,2020-01-26 00:00,19.01336,72.99893,0.1,1.0,5.4,R0046,Ward_17,18057.0
EVT00604,2020-07-15 00:00,18.97211,72.79576,25.5,56.8,1.4,R0194,Ward_14,20075.0
EVT00605,2018-11-21 00:00,19.213,72.85158,42.9,111.6,20.2,R0222,Ward_21,15105.0
EVT00606,2022-08-19 00:00,19.26988,72.78942,26.6,67.7,19.6,R0448,Ward_16,891.0
EVT00607,2019-01-15 00:00,19.25569,72.93781,17.1,48.2,2.0,R0433,Ward_8,8950.0
EVT00608,2016-12-26 00:00,18.87371,72.88928,7.3,15.4,17.0,R0390,Ward_2,3153.0
EVT00609,2022-10-29 00:00,19.19095,72.96926,2.4,28.5,7.7,R0316,Ward_14,41180.0
EVT00610,2021-03-25 00:00,19.0377,72.81017,26.3,80.0,23.2,R0379,Ward_22,9163.0
EVT00611,2017-03-27 00:00,19.22163,72.79516,22.9,74.1,1.7,R0104,Ward_10,20242.0
EVT00612,2022-05-22 00:00,19.01927,72.96353,3.9,10.5,8.4,R0401,Ward_1,16646.0
EVT00613,2017-01-12 00:00,19.22553,72.77787,7.8,38.3,22.0,R0023,Ward_18,18914.0
EVT00614,2017-03-09 00:00,19.1094,72.8908,7.6,36.5,3.3,R0178,Ward_8,4697.0
EVT00615,2020-09-30 00:00,19.26528,72.79585,11.0,28.7,11.7,R0212,Ward_18,22077.0
EVT00616,2015-06-03 00:00,19.21277,72.95617,8.7,26.8,8.2,R0240,Ward_9,6497.0
EVT00617,2022-04-18 00:00,19.13255,72.85408,17.0,46.6,16.4,R0049,Ward_16,24691.0
EVT00618,2016-10-28 00:00,19.20244,72.90139,12.7,28.0,6.0,R0066,Ward_5,11355.0
EVT00619,2019-12-11 00:00,18.90288,72.7918,17.7,45.2,7.5,R0314,Ward_4,12564.0
EVT00620,2018-10-16 00:00,18.97027,72.93791,4.4,8.5,8.6,R0498,Ward_15,33451.0
EVT00621,2018-05-28 00:00,19.07797,72.90275,10.3,35.8,18.5,R0067,Ward_11,21159.0
EVT00622,2015-10-19 00:00,19.13448,72.90325,5.3,0.0,18.2,R0409,Ward_13,31631.0
EVT00623,2015-07-29 00:00,19.18768,72.99529,0.3,0.0,4.3,R0017,Ward_8,8178.0
EVT00624,2020-11-02 00:00,18.99901,72.90158,21.5,51.6,20.7,R0096,Ward_21,43489.0
EVT00625,2017-10-27 00:00,19.25831,72.8633,7.9,25.7,11.4,R0134,Ward_18,22049.0
EVT00626,2021-03-08 00:00,19.16798,72.92076,14.1,27.4,22.2,R0172,Ward_6,12839.0
EVT00627,2021-07-27 00:00,19.1928,72.88209,7.2,29.5,11.5,R0049,Ward_22,42825.0
EVT00628,2024-03-07 00:00,19.17531,72.83046,16.7,41.6,9.4,R0328,Ward_1,48241.0
EVT00629,2020-07-17 00:00,18.92049,72.82224,5.5,28.3,20.1,R0061,Ward_18,35663.0
EVT00630,2020-06-27 00:00,18.92052,72.84995,14.8,33.4,11.0,R0481,Ward_3,48318.0
EVT00631,2021-02-21 00:00,19.25867,72.812,37.5,100.5,5.5,R0430,Ward_22,11171.0
EVT00632,2019-05-20 00:00,18.87669,72.93868,6.2,25.2,13.1,R0399,Ward_5,28188.0
EVT00633,2021-05-23 00:00,19.08222,72.78081,21.1,55.7,9.3,R0117,Ward_23,47363.0
EVT00634,2016-07-15 00:00,19.08235,72.85613,6.2,28.2,16.6,R0325,Ward_21,42961.0
EVT00635,2023-06-12 00:00,18.9605,72.98405,0.6,9.5,4.5,R0482,Ward_20,21258.0
EVT00636,2019-11-28 00:00,18.95088,72.78125,21.7,58.5,7.8,R0461,Ward_17,48603.0
EVT00637,2016-12-09 00:00,19.2275,72.87764,6.3,30.3,17.6,R0153,Ward_1,3836.0
EVT00638,2017-10-03 00:00,19.15334,72.92367,1.5,21.1,22.2,R0313,Ward_20,47968.0
EVT00639,2017-01-09 00:00,18.89369,72.86439,17.5,65.9,12.1,R0082,Ward_8,19623.0
EVT00640,2022-01-17 00:00,18.93378,72.86637,3.7,0.0,5.4,R0427,Ward_12,3620.0
EVT00641,2019-12-01 00:00,19.25534,72.83353,21.2,69.2,3.8,R0378,Ward_19,47223.0
EVT00642,2022-12-14 00:00,18.93074,72.87198,4.6,22.2,7.3,R0167,Ward_1,31874.0
EVT00643,2024-01-25 00:00,19.07825,72.89058,6.0,20.2,15.5,R0241,Ward_8,33055.0
EVT00644,2023-09-29 00:00,18.98953,72.79872,15.7,57.6,15.0,R0078,Ward_3,44023.0
EVT00645,2018-06-19 00:00,19.1717,72.9356,14.1,44.2,22.8,R0020,Ward_13,41915.0
EVT00646,2020-03-10 00:00,18.97218,72.91419,4.6,14.9,14.5,R0448,Ward_23,34603.0
EVT00647,2017-12-07 00:00,19.18778,72.94445,1.1,3.7,13.0,R0045,Ward_24,30205.0
EVT00648,2022-11-14 00:00,19.10962,72.85339,9.4,22.9,12.4,R0359,Ward_14,21142.0
EVT00649,2018-07-22 00:00,19.12522,72.96899,4.1,22.6,20.4,R0375,Ward_9,45246.0
EVT00650,2022-11-22 00:00,19.12611,72.84563,27.6,100.1,20.2,R0182,Ward_3,745.0
EVT00651,2021-12-25 00:00,19.15524,72.88168,4.1,15.3,12.4,R0302,Ward_14,33315.0
EVT00652,2023-05-12 00:00,18.91159,72.94961,23.0,75.2,12.2,R0310,Ward_19,18854.0
EVT00653,2019-09-15 00:00,19.07759,72.98281,1.1,18.7,2.0,R0055,Ward_19,41926.0
EVT00654,2016-06-23 00:00,19.12707,72.79267,8.4,21.2,3.7,R0391,Ward_8,18099.0
EVT00655,2020-02-22 00:00,19.13904,72.97787,0.8,9.5,19.8,R0367,Ward_24,2089.0
EVT00656,2020-07-31 00:00,19.12884,72.87126,7.7,29.1,14.2,R0267,Ward_2,47016.0
EVT00657,2024-02-19 00:00,19.19526,72.91447,5.4,1.5,10.9,R0464,Ward_1,10880.0
EVT00658,2019-02-07 00:00,18.9423,72.91502,3.5,17.1,3.3,R0471,Ward_14,40115.0
EVT00659,2018-04-04 00:00,19.16162,72.96537,1.8,2.3,9.2,R0349,Ward_12,17684.0
EVT00660,2024-03-15 00:00,19.25624,72.83363,25.3,67.8,2.1,R0234,Ward_23,49550.0
EVT00661,2017-10-05 00:00,18.97527,72.95254,8.3,37.0,13.8,R0442,Ward_18,32450.0
EVT00662,2024-03-03 00:00,19.16628,72.94326,7.6,25.8,19.8,R0432,Ward_16,42847.0
EVT00663,2023-09-17 00:00,19.00351,72.91177,6.5,25.5,19.5,R0494,Ward_8,15895.0
EVT00664,2016-06-05 00:00,18.99233,72.98026,1.1,0.0,15.7,R0160,Ward_20,24910.0
EVT00665,2018-05-20 00:00,18.94448,72.85802,8.8,41.1,20.7,R0248,Ward_12,16916.0
EVT00666,2017-03-14 00:00,19.04511,72.85314,4.9,23.1,23.1,R0165,Ward_1,5663.0
EVT00667,2023-04-08 00:00,19.10274,72.97903,3.4,8.5,15.8,R0151,Ward_18,26959.0
EVT00668,2017-08-22 00:00,19.02919,72.93,6.2,25.8,3.1,R0364,Ward_20,45743.0
EVT00669,2017-01-18 00:00,19.13528,72.96601,2.8,0.6,17.5,R0272,Ward_12,19898.0
EVT00670,2023-09-02 00:00,19.2385,72.79383,3.5,9.0,19.7,R0454,Ward_10,30710.0
EVT00671,2017-12-07 00:00,19.2583,72.84448,2.6,1.6,11.2,R0020,Ward_8,27445.0
EVT00672,2020-12-16 00:00,19.13701,72.83297,5.5,19.4,6.2,R0355,Ward_8,12343.0
EVT00673,2017-11-01 00:00,18.96033,72.91902,5.4,7.4,4.3,R0151,Ward_8,48233.0
EVT00674,2020-05-02 00:00,19.21301,72.88115,7.8,22.3,10.5,R0282,Ward_19,9693.0
EVT00675,2019-11-23 00:00,18.94442,72.88927,13.6,44.0,15.4,R0454,Ward_13,37365.0
EVT00676,2024-05-27 00:00,19.1527,72.99584,0.3,0.8,7.1,R0189,Ward_12,45013.0
EVT00677,2019-06-02 00:00,19.24477,72.84364,7.5,21.9,2.8,R0354,Ward_5,16151.0
EVT00678,2024-05-02 00:00,19.20098,72.93156,3.6,14.9,13.4,R0065,Ward_4,49052.0
EVT00679,2020-09-30 00:00,19.18369,72.88671,9.0,18.6,13.3,R0053,Ward_20,11468.0
EVT00680,2021-08-17 00:00,19.00934,72.93149,14.0,57.8,19.9,R0114,Ward_15,13530.0
EVT00681,2020-04-28 00:00,19.20465,72.87585,11.0,32.2,12.4,R0223,Ward_3,47663.0
EVT00682,2021-09-06 00:00,18.93854,72.89879,7.7,37.7,16.0,R0458,Ward_12,23884.0
EVT00683,2019-05-22 00:00,19.15252,72.78467,8.0,24.2,2.5,R0368,Ward_9,28531.0
EVT00684,2023-06-01 00:00,19.24894,72.93738,7.8,22.4,14.7,R0220,Ward_23,38242.0
EVT00685,2022-11-01 00:00,18.92334,72.86114,24.6,70.0,11.4,R0275,Ward_23,33766.0
EVT00686,2021-02-09 00:00,19.00221,72.90107,5.4,9.0,22.8,R0073,Ward_18,49011.0
EVT00687,2022-04-01 00:00,19.10475,72.96843,1.7,9.8,2.2,R0386,Ward_12,29414.0
EVT00688,2016-02-16 00:00,19.17985,72.78633,3.9,7.3,13.2,R0373,Ward_6,36655.0
EVT00689,2023-12-04 00:00,18.96952,72.90835,2.8,19.4,23.8,R0427,Ward_6,1571.0
EVT00690,2019-02-19 00:00,19.24153,72.93759,8.8,48.6,3.0,R0484,Ward_13,28743.0
EVT00691,2019-12-26 00:00,19.24961,72.85911,14.7,42.2,9.8,R0242,Ward_5,42379.0
EVT00692,2017-05-27 00:00,18.9432,72.84157,9.3,15.8,17.3,R0450,Ward_9,25034.0
EVT00693,2017-12-15 00:00,18.94383,72.86233,4.6,8.7,9.1,R0331,Ward_21,4170.0
EVT00694,2018-04-21 00:00,19.05069,72.79163,12.2,24.3,1.5,R0310,Ward_2,49102.0
EVT00695,2017-04-21 00:00,18.89366,72.85582,16.4,53.0,1.0,R0270,Ward_1,333.0
EVT00696,2021-10-13 00:00,19.0239,72.77636,24.2,69.0,14.0,R0439,Ward_3,47790.0
EVT00697,2017-06-14 00:00,18.94539,72.9128,8.0,39.4,13.3,R0499,Ward_12,4939.0
EVT00698,2019-08-11 00:00,19.14327,72.80557,20.9,46.0,14.2,R0456,Ward_15,35348.0
EVT00699,2017-01-30 00:00,19.22187,72.81082,7.8,8.1,19.7,R0227,Ward_1,31142.0
EVT00700,2024-04-24 00:00,19.24412,72.97429,0.6,9.7,22.6,R0413,Ward_10,46758.0
EVT00701,2022-01-12 00:00,18.91311,72.9271,5.7,13.9,12.9,R0460,Ward_4,24933.0
EVT00702,2019-03-13 00:00,19.1114,72.99939,0.0,0.0,22.6,R0475,Ward_22,27444.0
EVT00703,2016-09-19 00:00,19.02554,72.87303,9.4,9.3,16.4,R0033,Ward_11,12386.0
EVT00704,2020-12-01 00:00,18.92655,72.99089,0.5,0.0,5.3,R0206,Ward_2,17980.0
EVT00705,2022-10-23 00:00,19.23664,72.98186,0.5,0.0,17.3,R0429,Ward_19,5029.0
EVT00706,2019-01-03 00:00,19.07794,72.92261,13.9,54.7,22.0,R0288,Ward_19,35140.0
EVT00707,2022-08-17 00:00,19.07867,72.94409,5.0,15.3,5.6,R0164,Ward_5,22450.0
EVT00708,2020-03-12 00:00,18.94922,72.98718,1.1,0.2,10.3,R0193,Ward_3,24574.0
EVT00709,2020-11-03 00:00,19.0665,72.84395,46.1,144.8,15.0,R0156,Ward_16,49615.0
EVT00710,2023-04-02 00:00,19.1783,72.94729,5.0,12.2,2.3,R0425,Ward_2,9485.0
EVT00711,2023-10-20 00:00,18.90567,72.97518,1.4,2.3,21.7,R0277,Ward_6,32083.0
EVT00712,2015-12-11 00:00,19.1657,72.89289,21.8,51.4,23.2,R0197,Ward_7,17653.0
EVT00713,2023-02-01 00:00,19.08511,72.95946,4.7,3.1,21.1,R0378,Ward_17,26247.0
EVT00714,2023-04-03 00:00,18.94132,72.85529,10.3,37.1,2.0,R0109,Ward_4,22916.0
EVT00715,2019-01-02 00:00,18.94428,72.82096,25.8,75.5,2.7,R0104,Ward_16,10416.0
EVT00716,2019-09-10 00:00,19.12617,72.77359,8.3,23.2,5.7,R0352,Ward_4,46223.0
EVT00717,2019-02-14 00:00,18.8719,72.82529,12.4,47.5,23.6,R0199,Ward_8,18652.0
EVT00718,2017-01-01 00:00,19.20511,72.78029,16.7,46.5,14.8,R0318,Ward_22,12983.0
EVT00719,2023-05-18 00:00,19.23887,72.92649,0.8,5.2,20.9,R0320,Ward_10,10323.0
EVT00720,2018-06-21 00:00,19.22147,72.93943,8.1,47.4,10.4,R0005,Ward_14,41195.0
EVT00721,2017-07-16 00:00,19.02085,72.96381,3.6,0.0,19.8,R0249,Ward_9,30046.0
EVT00722,2023-03-21 00:00,19.12061,72.86096,6.0,20.9,18.6,R0065,Ward_22,34506.0
EVT00723,2017-03-12 00:00,18.89821,72.79631,4.2,21.5,21.8,R0250,Ward_3,9250.0
EVT00724,2018-04-16 00:00,19.00095,72.98701,0.8,0.0,23.0,R0366,Ward_23,19970.0
EVT00725,2021-10-22 00:00,19.0845,72.83548,9.6,23.6,7.0,R0389,Ward_4,19806.0
EVT00726,2016-05-20 00:00,19.22424,72.81649,15.9,50.4,13.8,R0254,Ward_7,6443.0
EVT00727,2016-08-21 00:00,19.26822,72.87786,26.7,89.3,3.6,R0019,Ward_13,9305.0
EVT00728,2018-02-15 00:00,19.17502,72.95547,1.0,4.5,11.0,R0189,Ward_15,36943.0
EVT00729,2022-11-06 00:00,19.04681,72.9469,1.0,0.0,22.5,R0392,Ward_7,38451.0
EVT00730,2015-07-29 00:00,19.15996,72.78006,46.9,145.8,22.8,R0174,Ward_9,46100.0
EVT00731,2022-08-21 00:00,19.01005,72.81615,2.9,5.0,2.3,R0194,Ward_5,47346.0
EVT00732,2022-06-13 00:00,19.07224,72.8218,14.2,47.4,5.5,R0336,Ward_24,22000.0
EVT00733,2018-03-03 00:00,19.21853,72.78596,24.7,71.6,14.8,R0147,Ward_18,8139.0
EVT00734,2016-08-30 00:00,19.08885,72.84304,10.6,9.4,16.7,R0209,Ward_17,26760.0
EVT00735,2019-01-08 00:00,19.11743,72.80908,19.0,55.0,9.5,R0073,Ward_4,34247.0
EVT00736,2016-01-26 00:00,18.87236,72.77079,13.7,42.9,19.7,R0393,Ward_19,6070.0
EVT00737,2021-09-25 00:00,18.95981,72.91451,17.4,52.1,13.5,R0010,Ward_21,41218.0
EVT00738,2019-09-29 00:00,19.06057,72.90144,9.8,51.3,7.5,R0315,Ward_13,22539.0
EVT00739,2022-04-14 00:00,19.16923,72.92706,16.6,43.7,6.8,R0325,Ward_15,24009.0
EVT00740,2019-06-15 00:00,19.22943,72.87447,10.4,30.0,6.1,R0146,Ward_21,36576.0
EVT00741,2018-04-19 00:00,19.25522,72.85934,9.8,21.6,21.3,R0188,Ward_24,1145.0
EVT00742,2020-07-27 00:00,19.19218,72.80312,6.5,22.8,10.4,R0450,Ward_18,42599.0
EVT00743,2022-06-10 00:00,19.265,72.79876,24.9,76.5,9.1,R0482,Ward_13,21115.0
EVT00744,2020-05-23 00:00,19.03709,72.93869,2.8,14.1,22.9,R0237,Ward_12,16956.0
EVT00745,2021-05-10 00:00,19.13615,72.80062,8.4,22.7,5.7,R0111,Ward_23,9629.0
EVT00746,2022-10-22 00:00,18.94784,72.97093,2.8,0.0,19.0,R0186,Ward_15,27455.0
EVT00747,2022-08-20 00:00,19.17559,72.86389,9.9,34.4,8.1,R0201,Ward_5,23565.0
EVT00748,2024-02-06 00:00,19.08713,72.87403,5.4,10.3,21.0,R0211,Ward_2,10051.0
EVT00749,2022-10-23 00:00,19.00507,72.97468,2.0,24.9,9.8,R0264,Ward_14,9098.0
EVT00750,2019-09-28 00:00,19.04719,72.92961,3.1,17.4,14.1,R0088,Ward_9,49183.0
EVT00751,2022-08-09 00:00,19.14225,72.94693,5.9,15.7,10.2,R0400,Ward_7,7619.0
EVT00752,2023-09-11 00:00,18.9966,72.82651,11.3,38.5,4.0,R0476,Ward_16,15879.0
EVT00753,2023-08-29 00:00,19.24321,72.91083,17.7,57.3,15.4,R0018,Ward_22,4944.0
EVT00754,2016-01-03 00:00,18.89614,72.77494,21.3,58.8,8.6,R0046,Ward_11,46585.0
EVT00755,2017-10-20 00:00,19.01268,72.94102,9.0,29.4,8.1,R0033,Ward_12,31199.0
EVT00756,2020-06-03 00:00,18.9962,72.97804,2.1,2.7,11.9,R0360,Ward_6,14558.0
EVT00757,2017-02-12 00:00,18.9106,72.89923,13.6,51.7,4.8,R0060,Ward_18,45521.0
EVT00758,2022-06-19 00:00,19.03387,72.89918,25.0,71.5,11.8,R0143,Ward_23,42415.0
EVT00759,2017-01-21 00:00,18.96976,72.79607,13.4,40.6,21.9,R0049,Ward_2,6866.0
EVT00760,2017-04-29 00:00,19.02238,72.85726,20.7,62.2,18.6,R0300,Ward_23,49390.0
EVT00761,2021-10-29 00:00,19.01495,72.87142,30.8,83.4,5.2,R0457,Ward_1,48518.0
EVT00762,2019-03-23 00:00,19.24864,72.90036,3.3,6.3,23.7,R0453,Ward_12,3538.0
EVT00763,2019-10-30 00:00,18.92398,72.83902,8.5,29.0,22.1,R0056,Ward_22,9937.0
EVT00764,2024-04-21 00:00,19.12369,72.83724,18.5,38.8,22.8,R0042,Ward_12,30180.0
EVT00765,2022-01-12 00:00,19.18973,72.77367,9.1,29.4,10.6,R0086,Ward_12,42578.0
EVT00766,2021-04-01 00:00,18.94681,72.83446,6.7,13.1,21.8,R0012,Ward_16,15997.0
EVT00767,2023-04-09 00:00,18.93675,72.91936,8.9,19.5,8.1,R0229,Ward_14,16942.0
EVT00768,2022-10-11 00:00,18.97913,72.99887,0.1,14.1,11.5,R0041,Ward_11,27609.0
EVT00769,2022-05-31 00:00,18.92226,72.995,0.9,6.7,1.2,R0293,Ward_1,15205.0
EVT00770,2019-10-08 00:00,18.94986,72.87813,14.7,52.3,1.8,R0344,Ward_9,34873.0
EVT00771,2024-03-16 00:00,19.00425,72.95472,1.6,0.8,10.8,R0362,Ward_11,6704.0
EVT00772,2017-07-30 00:00,19.0085,72.83017,5.3,5.4,12.2,R0136,Ward_3,45677.0
EVT00773,2022-11-19 00:00,19.23751,72.7895,6.2,26.5,22.0,R0441,Ward_17,44801.0
EVT00774,2023-12-17 00:00,18.8792,72.79956,24.1,54.8,3.5,R0038,Ward_6,18732.0
EVT00775,2024-02-24 00:00,18.9316,72.95434,4.5,4.8,3.0,R0038,Ward_1,36183.0
EVT00776,2022-05-04 00:00,19.1646,72.84846,13.0,30.9,2.6,R0298,Ward_21,48286.0
EVT00777,2019-02-15 00:00,19.25764,72.91513,12.2,31.0,19.1,R0054,Ward_20,6187.0
EVT00778,2023-10-12 00:00,19.15166,72.81589,26.9,80.7,22.3,R0095,Ward_3,35941.0
EVT00779,2023-02-07 00:00,18.90663,72.86958,5.7,8.3,6.4,R0025,Ward_23,4063.0
EVT00780,2020-10-01 00:00,18.99816,72.89175,6.7,22.8,19.8,R0362,Ward_16,30312.0
EVT00781,2022-12-30 00:00,18.94443,72.83625,15.8,48.7,14.6,R0440,Ward_2,22182.0
EVT00782,2017-08-18 00:00,19.07303,72.7883,21.8,50.7,7.1,R0449,Ward_18,28814.0
EVT00783,2023-12-15 00:00,18.94574,72.79852,56.1,176.6,2.7,R0095,Ward_11,37839.0
EVT00784,2022-01-21 00:00,18.96109,72.86077,7.6,11.1,7.8,R0211,Ward_17,32066.0
EVT00785,2019-04-13 00:00,18.9573,72.82772,22.5,76.5,17.9,R0271,Ward_1,32777.0
EVT00786,2023-11-15 00:00,19.25726,72.82788,13.5,31.7,4.7,R0031,Ward_3,24747.0
EVT00787,2023-11-21 00:00,19.23108,72.78389,13.9,29.3,19.8,R0040,Ward_22,38245.0
EVT00788,2023-10-05 00:00,19.15644,72.77276,35.2,109.7,16.5,R0163,Ward_19,38592.0
EVT00789,2022-03-16 00:00,19.23579,72.93056,6.0,9.9,16.6,R0033,Ward_19,13196.0
EVT00790,2023-09-27 00:00,19.20589,72.87368,16.1,60.2,19.7,R0189,Ward_16,15082.0
EVT00791,2023-10-08 00:00,19.06563,72.89556,2.5,11.3,5.4,R0300,Ward_6,2231.0
EVT00792,2020-08-03 00:00,19.01116,72.87694,3.0,11.7,8.5,R0407,Ward_13,23235.0
EVT00793,2017-01-02 00:00,19.22964,72.874,17.7,53.5,18.0,R0197,Ward_14,47487.0
EVT00794,2019-09-10 00:00,19.21934,72.9513,8.4,27.3,23.8,R0323,Ward_5,20031.0
EVT00795,2022-11-01 00:00,18.87558,72.95202,1.3,11.6,21.8,R0077,Ward_19,47308.0
EVT00796,2020-09-16 00:00,18.9568,72.77377,3.4,12.7,4.4,R0172,Ward_7,1182.0
EVT00797,2021-07-29 00:00,19.02689,72.83981,28.5,95.5,7.4,R0097,Ward_16,30381.0
EVT00798,2017-03-16 00:00,19.06965,72.87007,9.8,8.9,12.2,R0340,Ward_2,17733.0
EVT00799,2023-05-01 00:00,18.9124,72.98918,1.5,0.0,12.0,R0148,Ward_5,11834.0
EVT00800,2020-01-31 00:00,19.24734,72.95483,5.0,39.9,12.3,R0489,Ward_10,31612.0
EVT00801,2022-05-08 00:00,19.00543,72.84144,18.6,71.9,10.9,R0062,Ward_20,6558.0
EVT00802,2023-02-19 00:00,18.98276,72.93669,1.9,1.0,20.9,R0189,Ward_19,48524.0
EVT00803,2020-02-03 00:00,18.89525,72.87283,14.8,53.9,6.7,R0483,Ward_11,34445.0
EVT00804,2022-07-10 00:00,19.23406,72.97759,1.9,8.4,22.1,R0497,Ward_16,39362.0
EVT00805,2019-02-16 00:00,19.092,72.90276,7.3,25.4,17.1,R0461,Ward_5,48277.0
EVT00806,2017-12-24 00:00,19.18264,72.90162,9.4,28.3,17.3,R0312,Ward_8,40685.0
EVT00807,2015-08-19 00:00,18.96964,72.89956,9.2,39.2,8.2,R0450,Ward_4,19269.0
EVT00808,2021-05-07 00:00,18.92934,72.84398,10.2,27.0,12.3,R0308,Ward_24,13374.0
EVT00809,2024-04-15 00:00,19.04979,72.94881,3.3,1.4,18.7,R0364,Ward_5,18253.0
EVT00810,2017-12-01 00:00,19.1811,72.87896,8.4,34.2,15.6,R0167,Ward_12,41259.0
EVT00811,2018-06-22 00:00,19.06302,72.80361,4.0,16.2,23.0,R0248,Ward_11,30278.0
EVT00812,2022-08-28 00:00,19.08452,72.95955,4.6,2.3,5.3,R0472,Ward_20,30294.0
EVT00813,2017-08-07 00:00,18.98825,72.78393,22.2,72.7,13.0,R0258,Ward_10,12487.0
EVT00814,2015-07-15 00:00,19.0204,72.93115,7.8,23.9,7.9,R0104,Ward_5,14876.0
EVT00815,2020-02-21 00:00,18.88153,72.91812,4.7,10.0,2.8,R0238,Ward_5,22390.0
EVT00816,2020-05-24 00:00,19.02281,72.80611,35.5,96.0,18.4,R0055,Ward_9,22852.0
EVT00817,2018-08-10 00:00,18.94911,72.9095,1.3,5.4,4.7,R0065,Ward_11,47810.0
EVT00818,2021-08-11 00:00,18.91957,72.96958,2.7,11.7,12.0,R0072,Ward_11,41607.0
EVT00819,2020-04-13 00:00,19.02001,72.77586,23.7,75.1,15.9,R0202,Ward_6,16398.0
EVT00820,2018-08-02 00:00,19.20443,72.77794,28.2,86.8,8.5,R0387,Ward_19,2065.0
EVT00821,2023-06-02 00:00,19.07468,72.93624,2.9,8.8,4.0,R0032,Ward_3,7082.0
EVT00822,2023-06-02 00:00,18.9109,72.80758,12.9,39.3,6.4,R0386,Ward_12,48619.0
EVT00823,2023-11-01 00:00,19.00526,72.86491,19.4,61.6,2.6,R0205,Ward_18,3201.0
EVT00824,2023-03-16 00:00,19.03654,72.95164,5.8,8.7,4.6,R0421,Ward_3,40737.0
EVT00825,2018-05-04 00:00,19.0494,72.79651,10.7,27.6,6.2,R0028,Ward_21,34208.0
EVT00826,2023-03-27 00:00,18.87969,72.91787,17.9,44.0,6.2,R0021,Ward_2,11028.0
EVT00827,2016-12-15 00:00,18.96307,72.80511,11.4,24.9,12.5,R0165,Ward_13,37823.0
EVT00828,2023-12-31 00:00,19.13811,72.77443,19.5,59.1,7.7,R0012,Ward_22,35766.0
EVT00829,2017-08-28 00:00,19.03598,72.78563,13.8,50.4,14.6,R0106,Ward_8,29179.0
EVT00830,2021-12-08 00:00,18.87286,72.93142,5.9,29.1,21.3,R0260,Ward_6,19919.0
EVT00831,2022-06-14 00:00,18.9309,72.77169,21.5,60.2,18.1,R0144,Ward_9,27858.0
EVT00832,2017-09-03 00:00,19.07435,72.80677,2.0,23.7,18.3,R0131,Ward_11,9869.0
EVT00833,2022-09-16 00:00,19.22917,72.86031,16.6,58.4,7.6,R0014,Ward_15,30208.0
EVT00834,2019-12-18 00:00,19.13056,72.88772,2.4,1.3,5.7,R0057,Ward_2,19434.0
EVT00835,2017-09-20 00:00,18.91269,72.98461,1.4,16.9,5.6,R0291,Ward_24,37389.0
EVT00836,2022-01-24 00:00,19.20317,72.92507,10.1,35.5,19.8,R0184,Ward_15,2813.0
EVT00837,2018-03-30 00:00,19.12045,72.90037,18.7,56.4,6.0,R0012,Ward_10,717.0
EVT00838,2017-09-23 00:00,19.20183,72.96788,0.7,0.0,12.5,R0368,Ward_13,36026.0
EVT00839,2023-11-13 00:00,19.05315,72.85987,9.4,35.3,4.8,R0251,Ward_16,28085.0
EVT00840,2018-03-14 00:00,18.98414,72.99696,0.3,7.6,2.8,R0054,Ward_1,42649.0
EVT00841,2018-06-28 00:00,19.11771,72.96715,2.5,5.9,22.4,R0155,Ward_15,19133.0
EVT00842,2016-01-06 00:00,19.09724,72.80668,16.0,41.3,9.5,R0330,Ward_7,48550.0
EVT00843,2018-07-21 00:00,19.16674,72.85575,8.4,4.2,10.6,R0011,Ward_10,38545.0
EVT00844,2018-05-12 00:00,19.22941,72.83947,8.4,23.0,11.5,R0477,Ward_7,6104.0
EVT00845,2024-04-21 00:00,19.12468,72.98906,0.9,0.0,1.7,R0476,Ward_16,8812.0
EVT00846,2020-07-08 00:00,18.91503,72.93671,1.4,13.1,21.0,R0296,Ward_23,27916.0
EVT00847,2020-10-16 00:00,18.97803,72.93166,2.6,0.9,2.5,R0354,Ward_5,10852.0
EVT00848,2015-10-31 00:00,19.02902,72.85681,12.7,47.0,12.4,R0425,Ward_15,20680.0
EVT00849,2015-11-28 00:00,19.25916,72.90265,5.5,9.4,16.1,R0491,Ward_9,35524.0
EVT00850,2018-05-30 00:00,19.15755,72.81662,5.3,11.3,1.6,R0139,Ward_7,11817.0
EVT00851,2022-09-15 00:00,19.0492,72.77045,12.4,46.7,2.0,R0288,Ward_14,27991.0
EVT00852,2023-06-09 00:00,19.15118,72.95215,2.2,6.4,20.5,R0024,Ward_10,18265.0
EVT00853,2020-09-17 00:00,19.10922,72.87494,13.7,26.4,13.5,R0191,Ward_22,45101.0
EVT00854,2019-01-04 00:00,19.16048,72.89438,4.7,20.7,17.9,R0177,Ward_14,8781.0
EVT00855,2019-04-24 00:00,19.03071,72.87752,2.1,13.3,18.6,R0075,Ward_22,37608.0
EVT00856,2019-06-15 00:00,19.0678,72.89472,13.0,55.5,23.1,R0044,Ward_20,12735.0
EVT00857,2022-08-26 00:00,18.92506,72.98269,1.7,29.0,11.7,R0385,Ward_18,43104.0
EVT00858,2021-02-03 00:00,18.93571,72.77983,19.4,68.6,22.1,R0320,Ward_5,29980.0
EVT00859,2017-03-15 00:00,19.08608,72.96136,2.4,0.9,20.6,R0293,Ward_5,48864.0
EVT00860,2019-11-10 00:00,19.18691,72.95968,5.5,5.8,2.9,R0214,Ward_4,49526.0
EVT00861,2021-11-13 00:00,19.0876,72.8895,7.0,6.6,1.1,R0478,Ward_18,33265.0
EVT00862,2023-05-17 00:00,18.93588,72.82216,11.0,38.8,19.1,R0250,Ward_4,16342.0
EVT00863,2019-11-04 00:00,19.20459,72.85586,6.2,13.9,13.0,R0419,Ward_13,11032.0
EVT00864,2023-11-04 00:00,19.01045,72.86384,22.6,59.8,23.7,R0115,Ward_21,32231.0
EVT00865,2023-11-11 00:00,18.93228,72.92961,2.3,17.0,5.3,R0000,Ward_17,40017.0
EVT00866,2023-03-17 00:00,19.06808,72.98064,3.6,22.0,22.9,R0123,Ward_13,15213.0
EVT00867,2017-07-22 00:00,18.9537,72.9168,2.6,0.0,1.5,R0015,Ward_10,6142.0
EVT00868,2016-03-19 00:00,18.94429,72.9485,3.8,3.4,2.5,R0231,Ward_4,21154.0
EVT00869,2023-03-29 00:00,19.01301,72.86269,23.2,58.6,14.7,R0175,Ward_13,18808.0
EVT00870,2020-10-11 00:00,18.99151,72.91243,11.0,18.2,15.6,R0303,Ward_2,33988.0
EVT00871,2019-05-10 00:00,19.26081,72.885,3.9,1.4,1.7,R0358,Ward_16,43073.0
EVT00872,2016-07-06 00:00,19.0235,72.89397,12.6,40.6,10.7,R0300,Ward_20,44044.0
EVT00873,2015-09-20 00:00,19.24965,72.92752,11.3,21.6,9.7,R0492,Ward_16,37977.0
EVT00874,2016-06-12 00:00,18.90473,72.828,3.6,3.1,2.9,R0370,Ward_23,31602.0
EVT00875,2019-03-13 00:00,18.9076,72.85737,15.6,39.1,6.6,R0240,Ward_2,16211.0
EVT00876,2020-06-22 00:00,19.09105,72.93193,3.2,8.3,6.0,R0210,Ward_4,614.0
EVT00877,2024-03-03 00:00,18.92135,72.96842,7.0,24.0,1.6,R0259,Ward_15,3548.0
EVT00878,2021-10-01 00:00,18.94249,72.83319,8.1,14.3,9.9,R0473,Ward_18,32720.0
EVT00879,2023-03-30 00:00,18.88949,72.9047,5.3,20.3,12.9,R0089,Ward_15,14740.0
EVT00880,2019-02-17 00:00,18.9351,72.83677,18.8,54.7,10.8,R0351,Ward_5,48431.0
EVT00881,2018-03-17 00:00,18.90073,72.88089,9.5,27.2,1.1,R0397,Ward_24,40359.0
EVT00882,2015-11-27 00:00,19.23216,72.94767,2.8,11.9,8.0,R0114,Ward_11,43292.0
EVT00883,2023-06-02 00:00,19.10343,72.88347,18.2,68.0,11.2,R0358,Ward_4,5167.0
EVT00884,2022-03-14 00:00,18.92568,72.94028,2.9,23.4,13.9,R0224,Ward_16,18397.0
EVT00885,2021-04-21 00:00,19.14957,72.77472,47.1,143.8,21.6,R0188,Ward_21,27220.0
EVT00886,2020-04-22 00:00,19.03745,72.77771,26.9,70.6,13.8,R0216,Ward_3,3352.0
EVT00887,2019-06-04 00:00,18.97511,72.98819,0.6,0.0,11.9,R0259,Ward_8,45340.0
EVT00888,2017-03-25 00:00,19.22021,72.79783,10.7,18.6,3.0,R0095,Ward_22,9906.0
EVT00889,2021-08-30 00:00,19.13394,72.89556,2.1,13.5,7.0,R0034,Ward_22,9357.0
EVT00890,2018-01-07 00:00,19.0353,72.89872,3.0,5.2,5.7,R0153,Ward_5,37357.0
EVT00891,2021-02-18 00:00,19.02628,72.85553,13.7,28.7,19.1,R0057,Ward_17,33329.0
EVT00892,2016-12-13 00:00,19.10423,72.77204,15.9,40.1,8.3,R0124,Ward_16,40081.0
EVT00893,2020-10-12 00:00,18.94547,72.87919,6.7,30.0,5.9,R0088,Ward_13,27696.0
EVT00894,2016-03-17 00:00,19.12081,72.9675,0.5,0.0,4.4,R0065,Ward_17,7356.0
EVT00895,2016-03-24 00:00,19.17421,72.87987,4.9,3.5,14.0,R0126,Ward_21,37695.0
EVT00896,2017-12-10 00:00,19.20591,72.8532,44.3,148.6,20.0,R0208,Ward_2,37643.0
EVT00897,2019-11-03 00:00,18.88716,72.84371,9.1,38.5,1.6,R0343,Ward_24,46546.0
EVT00898,2017-12-07 00:00,19.02631,72.90948,5.5,17.8,18.2,R0065,Ward_16,30783.0
EVT00899,2022-08-29 00:00,19.18619,72.97441,3.6,4.2,21.1,R0325,Ward_6,12143.0
EVT00900,2016-04-03 00:00,19.0785,72.88434,0.8,7.5,11.0,R0015,Ward_14,3410.0
EVT00901,2017-01-17 00:00,18.90394,72.97508,2.5,9.3,18.8,R0020,Ward_12,13942.0
EVT00902,2019-03-30 00:00,18.98233,72.91954,11.1,22.8,8.0,R0274,Ward_20,16422.0
EVT00903,2021-02-23 00:00,18.99326,72.98815,0.7,0.0,12.2,R0387,Ward_23,29519.0
EVT00904,2022-02-18 00:00,19.09408,72.9269,1.8,4.9,16.2,R0293,Ward_5,23519.0
EVT00905,2019-04-03 00:00,18.9064,72.88263,3.9,8.8,13.3,R0315,Ward_21,3240.0
EVT00906,2018-08-27 00:00,19.12165,72.98486,1.7,0.0,14.7,R0116,Ward_11,46348.0
EVT00907,2017-07-23 00:00,18.99967,72.82507,48.7,143.1,9.0,R0156,Ward_7,41304.0
EVT00908,2018-05-16 00:00,19.07707,72.86465,8.1,18.8,14.7,R0342,Ward_22,9499.0
EVT00909,2024-05-29 00:00,19.11522,72.95099,11.3,26.7,18.7,R0151,Ward_7,34386.0
EVT00910,2019-01-06 00:00,19.01459,72.89484,10.0,27.7,5.7,R0236,Ward_19,26054.0
EVT00911,2018-09-06 00:00,18.91688,72.93623,3.5,5.9,15.7,R0105,Ward_20,39518.0
EVT00912,2022-09-04 00:00,19.20216,72.81211,5.8,17.7,19.6,R0191,Ward_8,19642.0
EVT00913,2020-07-24 00:00,19.15682,72.98447,1.0,10.1,13.4,R0074,Ward_9,30339.0
EVT00914,2021-08-03 00:00,18.97101,72.9923,1.3,6.1,23.6,R0001,Ward_3,9528.0
EVT00915,2020-07-06 00:00,19.24365,72.9834,0.2,4.6,22.5,R0281,Ward_19,41076.0
EVT00916,2018-05-24 00:00,19.07445,72.86671,3.1,18.6,2.2,R0218,Ward_21,49087.0
EVT00917,2019-10-02 00:00,19.10811,72.87956,17.8,56.3,8.2,R0071,Ward_6,6234.0
EVT00918,2015-11-16 00:00,19.17405,72.99866,0.1,10.0,20.5,R0142,Ward_4,27470.0
EVT00919,2023-09-30 00:00,18.97737,72.95029,3.8,8.9,16.8,R0104,Ward_2,44576.0
EVT00920,2019-03-14 00:00,19.09663,72.77227,29.4,97.2,23.5,R0368,Ward_9,14281.0
EVT00921,2022-03-08 00:00,18.96627,72.8207,31.7,94.2,14.1,R0136,Ward_18,17742.0
EVT00922,2021-12-18 00:00,18.96454,72.77528,4.8,28.3,8.3,R0112,Ward_6,40305.0
EVT00923,2022-04-29 00:00,19.20005,72.81672,24.2,63.1,1.4,R0082,Ward_3,28605.0
EVT00924,2020-11-12 00:00,19.11565,72.99404,0.2,10.9,3.9,R0126,Ward_14,11127.0
EVT00925,2017-05-11 00:00,19.0538,72.8081,20.0,64.9,22.1,R0143,Ward_4,258.0
EVT00926,2022-02-20 00:00,19.13846,72.87009,4.2,2.1,20.5,R0228,Ward_7,11686.0
EVT00927,2020-05-24 00:00,19.20891,72.86396,22.3,56.4,11.2,R0378,Ward_13,42544.0
EVT00928,2023-12-29 00:00,19.17028,72.7753,24.4,56.2,7.2,R0451,Ward_22,24627.0
EVT00929,2019-01-10 00:00,19.18584,72.89051,5.1,13.6,1.5,R0259,Ward_20,19456.0
EVT00930,2017-01-12 00:00,19.04688,72.81726,24.2,68.1,17.2,R0307,Ward_23,34196.0
EVT00931,2017-11-09 00:00,18.93735,72.86292,5.6,11.0,8.2,R0207,Ward_9,12513.0
EVT00932,2022-02-23 00:00,18.98627,72.82311,10.4,22.1,21.2,R0491,Ward_1,34356.0
EVT00933,2016-02-20 00:00,19.09532,72.91846,5.3,29.7,11.4,R0409,Ward_1,19505.0
EVT00934,2020-12-01 00:00,19.00807,72.85762,8.7,33.1,11.0,R0228,Ward_14,4564.0
EVT00935,2019-07-11 00:00,18.97197,72.82257,9.0,28.7,22.0,R0133,Ward_16,7989.0
EVT00936,2021-03-19 00:00,18.95765,72.90466,5.1,18.2,14.8,R0414,Ward_7,42311.0
EVT00937,2023-12-11 00:00,19.26166,72.85385,31.6,89.1,6.3,R0362,Ward_6,4710.0
EVT00938,2016-04-20 00:00,19.14813,72.78151,21.6,74.1,13.1,R0130,Ward_15,7537.0
EVT00939,2017-07-01 00:00,18.92665,72.87026,7.2,29.3,6.3,R0159,Ward_6,26073.0
EVT00940,2015-12-31 00:00,18.96273,72.79122,8.4,34.3,14.2,R0400,Ward_24,8880.0
EVT00941,2017-04-18 00:00,19.08918,72.98666,4.6,17.0,6.4,R0413,Ward_7,30171.0
EVT00942,2018-06-07 00:00,18.90082,72.94775,6.8,7.0,19.8,R0091,Ward_18,6294.0
EVT00943,2023-07-11 00:00,19.05501,72.945,2.9,17.2,5.1,R0273,Ward_6,12358.0
EVT00944,2024-01-03 00:00,18.8735,72.96674,0.8,0.0,7.3,R0416,Ward_1,25096.0
EVT00945,2017-04-15 00:00,19.22794,72.86058,4.2,4.9,2.1,R0079,Ward_5,12172.0
EVT00946,2024-03-12 00:00,19.11359,72.85445,10.7,24.0,7.4,R0125,Ward_15,8840.0
EVT00947,2022-08-04 00:00,18.91395,72.82709,1.5,8.0,14.9,R0021,Ward_3,49145.0
EVT00948,2021-05-06 00:00,18.92436,72.83606,10.1,23.1,19.4,R0346,Ward_13,27561.0
EVT00949,2020-08-24 00:00,19.16049,72.97442,0.2,0.0,23.1,R0482,Ward_17,17761.0
EVT00950,2023-10-26 00:00,19.11221,72.93522,1.5,22.5,10.3,R0128,Ward_17,46850.0
EVT00951,2016-10-30 00:00,18.93676,72.96732,3.3,10.7,19.5,R0105,Ward_3,30030.0
EVT00952,2022-03-11 00:00,19.017,72.83864,10.6,29.3,21.8,R0195,Ward_13,15046.0
EVT00953,2023-10-30 00:00,18.87955,72.88206,15.8,42.2,1.4,R0222,Ward_21,37542.0
EVT00954,2023-12-03 00:00,19.04998,72.9058,5.9,16.5,18.2,R0332,Ward_10,19878.0
EVT00955,2020-05-03 00:00,18.92693,72.97712,3.6,1.5,6.8,R0204,Ward_15,35673.0
EVT00956,2016-11-16 00:00,19.01863,72.81708,14.4,27.3,10.6,R0026,Ward_8,47391.0
EVT00957,2018-09-23 00:00,19.22882,72.98223,2.2,3.0,9.6,R0179,Ward_15,45479.0
EVT00958,2016-04-15 00:00,19.22482,72.97059,2.5,0.0,14.8,R0181,Ward_17,27625.0
EVT00959,2020-10-15 00:00,18.88621,72.99571,0.7,0.9,2.6,R0169,Ward_7,15586.0
EVT00960,2016-07-19 00:00,19.07269,72.77254,2.5,8.9,4.4,R0364,Ward_18,13553.0
EVT00961,2021-04-04 00:00,18.87987,72.8203,6.1,26.2,9.5,R0229,Ward_13,16769.0
EVT00962,2019-01-28 00:00,19.11517,72.84979,6.6,31.9,7.6,R0026,Ward_17,29322.0
EVT00963,2020-04-10 00:00,19.22341,72.94445,1.6,0.5,18.6,R0018,Ward_22,38987.0
EVT00964,2016-03-02 00:00,19.16147,72.90026,7.0,35.1,24.0,R0078,Ward_13,16575.0
EVT00965,2022-07-15 00:00,19.15571,72.93823,3.4,6.7,7.1,R0072,Ward_7,4750.0
EVT00966,2015-11-19 00:00,19.02356,72.86071,10.0,26.7,2.0,R0006,Ward_5,9805.0
EVT00967,2017-02-11 00:00,19.09772,72.86605,23.4,65.5,10.8,R0290,Ward_9,49522.0
EVT00968,2017-03-31 00:00,18.95425,72.99794,0.2,0.0,20.8,R0135,Ward_24,24185.0
EVT00969,2017-04-09 00:00,18.89644,72.87771,10.0,14.6,22.3,R0252,Ward_4,4090.0
EVT00970,2022-05-01 00:00,19.05384,72.97686,0.6,0.0,17.7,R0190,Ward_16,47788.0
EVT00971,2023-09-26 00:00,18.97323,72.89847,10.5,22.3,8.6,R0340,Ward_11,26383.0
EVT00972,2022-01-10 00:00,19.1371,72.96213,2.3,5.6,13.0,R0142,Ward_20,38937.0
EVT00973,2020-04-12 00:00,18.96812,72.95743,1.4,0.0,12.1,R0168,Ward_17,15098.0
EVT00974,2015-12-28 00:00,19.2591,72.998,0.1,0.0,22.9,R0153,Ward_9,5414.0
EVT00975,2024-03-14 00:00,18.92919,72.82143,18.6,37.3,6.0,R0489,Ward_8,23271.0
EVT00976,2021-06-29 00:00,18.9313,72.79268,5.2,12.3,12.6,R0211,Ward_24,20053.0
EVT00977,2018-02-18 00:00,19.09663,72.83879,19.5,50.3,4.7,R0246,Ward_22,3409.0
EVT00978,2020-04-19 00:00,18.99558,72.97454,1.7,12.9,10.3,R0221,Ward_5,20770.0
EVT00979,2019-07-27 00:00,19.26134,72.84677,13.0,39.5,3.7,R0120,Ward_16,43967.0
EVT00980,2022-01-05 00:00,19.06674,72.9904,0.3,10.0,5.9,R0220,Ward_8,14395.0
EVT00981,2017-03-14 00:00,19.11423,72.80793,5.8,25.2,14.8,R0303,Ward_13,42675.0
EVT00982,2023-09-07 00:00,18.91026,72.78893,7.0,14.5,1.2,R0276,Ward_14,24683.0
EVT00983,2023-03-27 00:00,18.90693,72.99311,0.3,0.0,15.9,R0026,Ward_1,23613.0
EVT00984,2019-07-12 00:00,18.88307,72.83703,8.0,21.0,16.6,R0470,Ward_23,17927.0
EVT00985,2018-11-20 00:00,19.0988,72.7793,49.5,162.4,8.6,R0019,Ward_19,4209.0
EVT00986,2017-07-27 00:00,18.88581,72.77005,22.9,71.7,19.2,R0459,Ward_13,41227.0
EVT00987,2018-09-06 00:00,19.06614,72.83149,14.8,43.7,15.2,R0269,Ward_3,41607.0
EVT00988,2022-03-18 00:00,18.98378,72.78494,6.9,0.4,20.6,R0080,Ward_21,38826.0
EVT00989,2017-12-03 00:00,19.07596,72.88418,17.5,48.0,16.8,R0016,Ward_13,42623.0
EVT00990,2020-06-27 00:00,19.136,72.92983,4.1,17.9,9.3,R0260,Ward_10,14753.0
EVT00991,2018-01-19 00:00,19.15226,72.86225,7.1,27.0,19.3,R0433,Ward_10,33346.0
EVT00992,2023-04-20 00:00,18.95422,72.8761,11.8,33.7,4.6,R0040,Ward_2,29425.0
EVT00993,2020-06-12 00:00,18.91709,72.79477,7.7,22.0,3.9,R0370,Ward_3,14196.0
EVT00994,2018-02-04 00:00,19.00309,72.84359,24.4,56.4,17.5,R0222,Ward_14,6219.0
EVT00995,2021-08-09 00:00,19.12772,72.98679,0.6,0.0,17.8,R0154,Ward_23,10568.0
EVT00996,2017-03-03 00:00,19.05929,72.77778,23.8,63.0,10.0,R0176,Ward_3,2541.0
EVT00997,2019-10-13 00:00,19.20645,72.95483,3.6,15.9,5.3,R0254,Ward_15,32951.0
EVT00998,2019-01-16 00:00,19.029,72.9331,8.4,30.2,11.3,R0417,Ward_11,37290.0
EVT00999,2023-11-04 00:00,19.15295,72.92143,3.6,0.0,14.0,R0358,Ward_6,471.0
EVT01000,2020-01-29 00:00,19.18328,72.98949,0.2,0.0,3.1,R0448,Ward_11,7494.0
EVT01001,2022-03-09 00:00,19.22369,72.82521,24.2,64.6,12.4,R0142,Ward_7,36067.0
EVT01002,2022-06-30 00:00,19.03715,72.9473,4.4,10.6,9.3,R0175,Ward_20,18714.0
EVT01003,2021-01-12 00:00,18.87109,72.88104,4.8,9.7,5.6,R0075,Ward_11,34050.0
EVT01004,2018-06-25 00:00,19.21311,72.94113,27.0,89.0,13.2,R0455,Ward_17,49682.0
EVT01005,2020-04-16 00:00,19.11499,72.91081,6.0,11.8,18.7,R0374,Ward_2,22802.0
EVT01006,2021-06-15 00:00,19.15764,72.89584,2.7,0.0,23.9,R0233,Ward_2,14296.0
EVT01007,2024-04-17 00:00,18.87717,72.90554,23.5,88.4,2.4,R0424,Ward_14,46460.0
EVT01008,2018-01-01 00:00,19.23564,72.91001,12.3,33.7,22.2,R0427,Ward_19,11223.0
EVT01009,2015-11-06 00:00,18.97588,72.97505,2.4,0.0,19.8,R0342,Ward_19,12782.0
EVT01010,2015-11-14 00:00,18.97615,72.89207,10.9,37.6,6.1,R0420,Ward_15,12025.0
EVT01011,2016-04-07 00:00,18.8709,72.78099,10.2,24.0,19.5,R0140,Ward_18,40740.0
EVT01012,2021-01-15 00:00,19.08862,72.86585,13.5,36.2,21.0,R0375,Ward_21,39421.0
EVT01013,2020-12-25 00:00,19.17756,72.92256,3.1,7.2,23.7,R0109,Ward_18,33098.0
EVT01014,2018-01-17 00:00,18.98502,72.79665,6.7,23.8,22.3,R0199,Ward_18,36313.0
EVT01015,2015-07-29 00:00,18.94089,72.9209,2.5,12.5,16.8,R0040,Ward_11,32377.0
EVT01016,2016-11-13 00:00,19.24863,72.77476,17.4,33.8,22.4,R0374,Ward_9,8534.0
EVT01017,2017-03-24 00:00,18.98693,72.82913,3.2,3.4,21.8,R0104,Ward_24,8279.0
EVT01018,2018-11-19 00:00,18.90904,72.9843,3.1,0.0,24.0,R0354,Ward_18,31987.0
EVT01019,2016-10-10 00:00,18.90049,72.80578,4.1,17.8,20.6,R0001,Ward_8,3393.0
EVT01020,2018-06-11 00:00,19.17814,72.94444,14.2,38.4,23.2,R0058,Ward_15,16943.0
EVT01021,2021-05-29 00:00,19.07019,72.96209,2.5,10.8,11.7,R0062,Ward_16,33433.0
EVT01022,2024-04-05 00:00,18.98132,72.78915,5.3,29.9,3.1,R0090,Ward_13,40349.0
EVT01023,2015-08-14 00:00,19.08812,72.82756,3.2,13.6,22.0,R0317,Ward_3,49607.0
EVT01024,2021-04-08 00:00,18.93492,72.84868,3.5,0.3,19.8,R0273,Ward_7,23987.0
EVT01025,2015-10-01 00:00,19.23989,72.91526,4.3,11.0,8.8,R0199,Ward_14,5268.0
EVT01026,2017-10-17 00:00,19.07497,72.95672,4.8,14.1,4.9,R0317,Ward_21,24223.0
EVT01027,2023-10-07 00:00,19.10454,72.93039,1.9,15.6,6.2,R0336,Ward_16,27917.0
EVT01028,2019-07-20 00:00,19.05314,72.84411,10.7,21.8,5.6,R0021,Ward_2,22700.0
EVT01029,2022-11-13 00:00,18.87149,72.85175,14.8,39.4,22.5,R0332,Ward_11,20835.0
EVT01030,2020-08-11 00:00,19.20501,72.993,0.3,0.0,3.0,R0431,Ward_4,29773.0
EVT01031,2016-12-08 00:00,19.09456,72.79679,13.0,36.2,11.9,R0283,Ward_18,36323.0
EVT01032,2015-10-12 00:00,19.00628,72.91374,21.2,79.5,19.1,R0326,Ward_11,12377.0
EVT01033,2015-11-07 00:00,19.08483,72.8679,19.7,61.3,20.7,R0028,Ward_10,33275.0
EVT01034,2019-09-02 00:00,19.26936,72.93006,12.1,36.7,24.0,R0143,Ward_11,42502.0
EVT01035,2019-06-30 00:00,19.26252,72.99428,0.5,5.1,2.7,R0157,Ward_24,15061.0
EVT01036,2019-02-02 00:00,18.87909,72.99569,0.2,0.0,5.2,R0047,Ward_5,46577.0
EVT01037,2019-06-24 00:00,19.11116,72.96586,0.6,0.0,3.6,R0499,Ward_9,38423.0
EVT01038,2021-11-16 00:00,18.99732,72.79846,55.0,178.4,5.9,R0409,Ward_3,11653.0
EVT01039,2021-08-01 00:00,18.98061,72.96354,0.9,0.0,18.4,R0467,Ward_3,40598.0
EVT01040,2023-02-27 00:00,19.08957,72.90279,6.6,19.8,13.6,R0464,Ward_18,32929.0
EVT01041,2015-11-14 00:00,18.91017,72.86284,17.8,61.4,8.2,R0449,Ward_14,4739.0
EVT01042,2016-12-12 00:00,19.00331,72.94045,3.4,16.7,2.6,R0485,Ward_19,300.0
EVT01043,2019-06-19 00:00,19.22656,72.77978,12.6,50.0,10.3,R0054,Ward_9,8024.0
EVT01044,2018-03-11 00:00,19.24586,72.97586,1.1,1.7,2.9,R0086,Ward_6,32459.0
EVT01045,2022-06-27 00:00,19.09761,72.96934,2.2,5.1,19.7,R0240,Ward_7,36465.0
EVT01046,2023-01-25 00:00,18.92066,72.93971,3.3,17.0,12.7,R0208,Ward_1,34102.0
EVT01047,2023-08-07 00:00,19.22003,72.90264,7.1,43.3,18.9,R0096,Ward_16,27423.0
EVT01048,2022-11-22 00:00,18.89375,72.81853,14.0,35.7,9.9,R0422,Ward_17,14706.0
EVT01049,2020-01-11 00:00,18.92448,72.99396,0.3,6.4,21.9,R0147,Ward_9,12527.0
EVT01050,2020-02-16 00:00,19.21246,72.79867,18.3,44.6,6.9,R0309,Ward_16,172.0
EVT01051,2023-10-15 00:00,18.91584,72.90587,12.0,33.3,6.8,R0065,Ward_19,9299.0
EVT01052,2022-12-09 00:00,19.12633,72.79759,12.1,25.8,6.7,R0364,Ward_2,11620.0
EVT01053,2016-03-22 00:00,18.97,72.78071,21.1,64.8,16.7,R0068,Ward_7,13900.0
EVT01054,2017-10-08 00:00,18.91505,72.77065,12.8,45.4,17.5,R0424,Ward_23,787.0
EVT01055,2017-01-12 00:00,18.91278,72.81746,18.8,59.0,4.4,R0331,Ward_4,43453.0
EVT01056,2022-10-23 00:00,19.00004,72.86456,6.6,35.2,12.9,R0140,Ward_15,33190.0
EVT01057,2019-10-12 00:00,19.2131,72.80356,6.8,26.0,9.1,R0445,Ward_22,42920.0
EVT01058,2018-06-26 00:00,19.13492,72.88268,8.4,25.7,11.1,R0129,Ward_1,21721.0
EVT01059,2016-01-31 00:00,18.93344,72.94972,1.4,20.6,18.2,R0268,Ward_10,10272.0
EVT01060,2018-08-04 00:00,18.91417,72.83606,14.4,25.4,7.4,R0218,Ward_1,23714.0
EVT01061,2020-07-05 00:00,19.17505,72.78502,20.6,57.3,9.0,R0329,Ward_8,22522.0
EVT01062,2020-10-05 00:00,19.14537,72.83339,2.1,2.8,23.2,R0138,Ward_6,24069.0
EVT01063,2024-03-04 00:00,19.04525,72.8007,18.6,71.8,6.4,R0248,Ward_13,11022.0
EVT01064,2017-01-13 00:00,19.24941,72.88723,1.1,7.5,3.5,R0369,Ward_12,26149.0
EVT01065,2022-10-18 00:00,19.14596,72.83252,10.2,33.8,12.9,R0158,Ward_24,20245.0
EVT01066,2016-08-12 00:00,18.89519,72.99015,0.4,0.0,6.5,R0144,Ward_9,40505.0
EVT01067,2021-08-25 00:00,19.17309,72.92374,12.4,40.0,20.7,R0294,Ward_17,46099.0
EVT01068,2015-06-14 00:00,19.12101,72.99481,0.8,0.0,4.4,R0010,Ward_11,38448.0
EVT01069,2019-03-29 00:00,19.17787,72.86654,6.8,23.4,1.0,R0099,Ward_6,5512.0
EVT01070,2018-03-25 00:00,18.99254,72.94576,5.1,22.1,17.0,R0139,Ward_19,10053.0
EVT01071,2022-02-28 00:00,19.03078,72.96364,4.4,6.8,14.0,R0182,Ward_4,19058.0
EVT01072,2019-01-21 00:00,19.11985,72.97476,0.6,3.6,2.1,R0172,Ward_12,23622.0
EVT01073,2017-12-19 00:00,18.96647,72.84669,10.8,24.0,10.9,R0287,Ward_1,34517.0
EVT01074,2018-01-03 00:00,18.91128,72.97606,3.3,33.6,10.4,R0022,Ward_7,23407.0
EVT01075,2016-07-25 00:00,19.08399,72.93988,4.3,15.7,16.7,R0499,Ward_18,22120.0
EVT01076,2017-11-11 00:00,18.92429,72.93975,4.4,10.6,9.5,R0018,Ward_9,684.0
EVT01077,2018-07-23 00:00,19.105,72.79766,3.5,0.0,15.8,R0455,Ward_15,44666.0
EVT01078,2022-04-10 00:00,18.90739,72.98242,0.3,0.0,3.7,R0412,Ward_9,39576.0
EVT01079,2023-12-12 00:00,19.08476,72.91469,2.4,8.6,6.5,R0243,Ward_23,13926.0
EVT01080,2023-08-02 00:00,18.93682,72.94419,8.2,24.8,1.1,R0431,Ward_16,40872.0
EVT01081,2019-02-14 00:00,18.95654,72.86472,12.4,33.7,3.3,R0257,Ward_19,11544.0
EVT01082,2023-03-23 00:00,19.10027,72.77002,15.4,46.6,9.0,R0182,Ward_15,27859.0
EVT01083,2022-06-13 00:00,18.93572,72.93995,3.5,2.7,14.1,R0341,Ward_9,9708.0
EVT01084,2015-12-03 00:00,19.19893,72.82387,13.7,42.7,17.8,R0100,Ward_7,9962.0
EVT01085,2020-06-15 00:00,18.988,72.78409,29.4,99.5,6.2,R0068,Ward_2,5982.0
EVT01086,2022-06-12 00:00,19.2349,72.81696,2.0,18.5,18.4,R0389,Ward_10,41754.0
EVT01087,2017-03-13 00:00,19.04273,72.92822,2.4,0.0,11.9,R0003,Ward_6,18789.0
EVT01088,2020-02-16 00:00,19.08321,72.92742,1.4,0.3,3.5,R0391,Ward_6,10668.0
EVT01089,2017-12-26 00:00,18.9315,72.79494,5.3,14.1,17.1,R0085,Ward_9,35713.0
EVT01090,2021-05-14 00:00,19.15549,72.97328,3.6,11.0,22.8,R0477,Ward_19,44959.0
EVT01091,2020-06-29 00:00,19.23686,72.99641,0.3,6.6,4.6,R0304,Ward_18,33060.0
EVT01092,2017-05-06 00:00,18.95624,72.87328,6.8,16.9,15.1,R0406,Ward_15,14031.0
EVT01093,2023-08-22 00:00,18.97409,72.81925,37.5,108.0,19.4,R0427,Ward_1,9894.0
EVT01094,2020-08-17 00:00,18.98821,72.94769,0.9,0.0,22.3,R0447,Ward_19,5856.0
EVT01095,2017-12-28 00:00,19.14781,72.97719,0.6,2.3,18.0,R0273,Ward_4,28047.0
EVT01096,2023-05-28 00:00,19.02784,72.91942,9.0,28.8,18.0,R0069,Ward_2,25946.0
EVT01097,2016-10-30 00:00,19.08561,72.82331,12.8,28.0,6.5,R0025,Ward_17,42929.0
EVT01098,2021-06-16 00:00,19.08747,72.78706,33.4,105.9,13.7,R0173,Ward_17,26925.0
EVT01099,2016-12-09 00:00,18.97386,72.84638,4.7,6.2,20.0,R0022,Ward_14,24576.0
EVT01100,2024-04-09 00:00,19.20516,72.80213,23.4,57.6,6.1,R0325,Ward_3,25946.0
EVT01101,2023-07-01 00:00,19.11994,72.78643,14.2,47.3,15.6,R0041,Ward_24,38031.0
EVT01102,2019-03-15 00:00,19.05436,72.92671,0.7,2.1,1.7,R0391,Ward_1,39024.0
EVT01103,2023-07-10 00:00,19.18012,72.9289,2.4,7.3,1.7,R0165,Ward_6,37902.0
EVT01104,2016-05-04 00:00,19.19319,72.90474,7.8,9.1,16.8,R0246,Ward_4,22005.0
EVT01105,2016-01-21 00:00,19.22772,72.91894,1.5,8.5,19.1,R0383,Ward_20,1389.0
EVT01106,2019-08-31 00:00,18.92991,72.85127,10.1,25.4,16.5,R0406,Ward_17,32316.0
EVT01107,2016-05-14 00:00,19.17101,72.82998,21.2,55.9,13.6,R0075,Ward_20,33440.0
EVT01108,2021-04-09 00:00,19.08601,72.83605,26.0,92.0,21.9,R0039,Ward_5,8869.0
EVT01109,2024-04-02 00:00,19.17529,72.88533,9.4,25.0,2.0,R0194,Ward_16,2115.0
EVT01110,2022-02-18 00:00,19.04388,72.77604,21.0,50.5,2.1,R0338,Ward_9,44301.0
EVT01111,2016-05-29 00:00,19.02116,72.91643,9.4,25.8,9.3,R0264,Ward_9,26549.0
EVT01112,2018-01-21 00:00,19.03207,72.89949,0.8,6.2,10.5,R0408,Ward_9,25633.0
EVT01113,2015-12-18 00:00,19.26627,72.855,6.5,15.7,9.4,R0420,Ward_6,39278.0
EVT01114,2023-06-04 00:00,19.02013,72.77963,16.5,47.5,1.9,R0240,Ward_2,20396.0
EVT01115,2022-04-20 00:00,18.96616,72.90848,1.4,0.0,13.8,R0316,Ward_12,39348.0
EVT01116,2022-07-20 00:00,18.8768,72.91361,8.8,20.0,22.9,R0438,Ward_17,9320.0
EVT01117,2015-12-10 00:00,18.89581,72.8316,27.1,69.1,22.3,R0443,Ward_13,12715.0
EVT01118,2021-05-07 00:00,19.08143,72.97475,2.4,9.3,18.0,R0133,Ward_21,36691.0
EVT01119,2021-07-21 00:00,19.25486,72.91807,1.1,19.8,22.8,R0255,Ward_8,25832.0
EVT01120,2021-05-04 00:00,19.02124,72.94569,7.7,38.7,15.9,R0204,Ward_9,12187.0
EVT01121,2019-11-25 00:00,19.1392,72.80255,8.7,34.8,15.2,R0151,Ward_24,8626.0
EVT01122,2023-08-10 00:00,19.09857,72.92398,3.0,14.2,8.1,R0152,Ward_6,1133.0
EVT01123,2016-11-16 00:00,19.22178,72.94399,9.5,19.0,9.5,R0371,Ward_17,21601.0
EVT01124,2018-03-28 00:00,18.91164,72.99098,0.2,0.8,2.9,R0447,Ward_2,41120.0
EVT01125,2019-10-14 00:00,18.98665,72.99591,0.3,0.0,4.6,R0484,Ward_12,37907.0
EVT01126,2019-12-08 00:00,19.21651,72.77973,2.5,11.4,19.1,R0369,Ward_22,18515.0
EVT01127,2017-07-25 00:00,19.08739,72.813,31.7,78.8,23.1,R0466,Ward_24,1261.0
EVT01128,2020-01-10 00:00,18.90384,72.85677,10.8,47.7,19.2,R0441,Ward_10,25698.0
EVT01129,2015-09-01 00:00,19.25399,72.89198,9.8,30.3,18.8,R0374,Ward_4,18482.0
EVT01130,2017-05-31 00:00,19.09244,72.88522,9.1,47.0,20.1,R0141,Ward_11,36302.0
EVT01131,2023-03-26 00:00,18.9237,72.91032,1.8,0.0,2.4,R0352,Ward_11,1973.0
EVT01132,2018-09-06 00:00,19.14473,72.78323,10.1,17.7,6.5,R0469,Ward_7,10526.0
EVT01133,2021-04-25 00:00,19.17602,72.85166,10.7,14.3,6.9,R0161,Ward_23,6197.0
EVT01134,2016-07-23 00:00,19.16138,72.95554,0.4,13.0,3.1,R0364,Ward_20,22792.0
EVT01135,2016-10-19 00:00,19.05658,72.97208,0.7,9.8,13.5,R0310,Ward_7,12131.0
EVT01136,2020-12-08 00:00,18.90657,72.92612,5.9,31.8,6.0,R0207,Ward_21,16219.0
EVT01137,2015-10-21 00:00,18.96029,72.97295,3.6,3.0,17.6,R0489,Ward_3,45915.0
EVT01138,2023-12-02 00:00,19.11475,72.88612,7.9,30.5,23.1,R0199,Ward_4,23139.0
EVT01139,2021-08-11 00:00,19.07027,72.86366,3.8,20.1,17.6,R0268,Ward_1,633.0
EVT01140,2015-09-29 00:00,18.94393,72.95868,1.8,0.0,14.5,R0171,Ward_14,5690.0
EVT01141,2015-07-24 00:00,18.92116,72.90736,2.9,10.6,6.6,R0193,Ward_11,23666.0
EVT01142,2018-08-05 00:00,19.15114,72.83069,22.3,69.9,19.9,R0305,Ward_4,48022.0
EVT01143,2022-05-18 00:00,19.23317,72.98083,2.2,16.4,16.6,R0200,Ward_12,30526.0
EVT01144,2016-04-08 00:00,19.00832,72.97375,1.6,12.1,8.2,R0036,Ward_4,43555.0
EVT01145,2016-08-19 00:00,19.12572,72.90226,13.4,43.6,13.4,R0115,Ward_8,19910.0
EVT01146,2021-12-28 00:00,19.06094,72.96276,5.7,12.5,4.2,R0208,Ward_7,8613.0
EVT01147,2022-03-20 00:00,19.15918,72.98657,1.3,0.0,14.8,R0075,Ward_3,12083.0
EVT01148,2016-04-10 00:00,18.98001,72.84767,22.3,65.4,3.1,R0478,Ward_2,34801.0
EVT01149,2021-03-29 00:00,19.21291,72.83761,28.3,88.0,13.3,R0481,Ward_24,2238.0
EVT01150,2024-04-18 00:00,19.01673,72.77489,10.1,24.4,8.8,R0252,Ward_13,21491.0
EVT01151,2021-03-28 00:00,19.25652,72.94106,4.8,23.9,17.0,R0059,Ward_24,6526.0
EVT01152,2015-11-20 00:00,19.18212,72.77413,23.0,85.7,22.7,R0447,Ward_2,26061.0
EVT01153,2022-03-24 00:00,18.95127,72.85984,6.6,12.2,3.0,R0446,Ward_1,19376.0
EVT01154,2023-10-09 00:00,19.14396,72.78672,13.6,45.8,5.9,R0487,Ward_6,38403.0
EVT01155,2015-12-31 00:00,18.97161,72.84832,2.6,33.7,19.8,R0260,Ward_18,9252.0
EVT01156,2020-11-08 00:00,19.09882,72.88164,1.0,23.2,10.8,R0287,Ward_21,45131.0
EVT01157,2018-05-16 00:00,19.11847,72.9963,0.3,0.0,7.7,R0493,Ward_2,5880.0
EVT01158,2024-04-25 00:00,18.9916,72.89754,5.5,28.5,13.1,R0229,Ward_7,17196.0
EVT01159,2021-08-01 00:00,18.96497,72.96845,2.7,9.0,17.9,R0270,Ward_5,20432.0
EVT01160,2022-04-22 00:00,18.95478,72.91838,1.5,2.6,17.6,R0027,Ward_4,33385.0
EVT01161,2022-03-16 00:00,19.05061,72.92961,2.6,24.9,19.9,R0259,Ward_12,49660.0
EVT01162,2018-08-29 00:00,19.10234,72.78491,8.9,3.2,7.6,R0093,Ward_1,35761.0
EVT01163,2017-04-09 00:00,19.05124,72.82871,3.8,22.1,10.3,R0306,Ward_23,28682.0
EVT01164,2022-06-01 00:00,19.24704,72.86677,10.9,22.3,14.2,R0192,Ward_22,14891.0
EVT01165,2022-02-22 00:00,19.09108,72.90907,7.7,39.6,18.2,R0346,Ward_22,38078.0
EVT01166,2021-04-08 00:00,19.21168,72.79062,9.3,24.8,7.8,R0274,Ward_12,29006.0
EVT01167,2017-01-22 00:00,19.12471,72.90082,2.7,5.0,8.6,R0052,Ward_10,1162.0
EVT01168,2022-05-09 00:00,19.07018,72.84121,9.4,20.0,19.2,R0438,Ward_7,47669.0
EVT01169,2024-03-01 00:00,19.22622,72.79492,27.6,61.6,19.6,R0114,Ward_10,39048.0
EVT01170,2021-09-26 00:00,19.18051,72.86887,6.1,20.8,13.9,R0480,Ward_2,20450.0
EVT01171,2020-09-19 00:00,19.14987,72.99771,0.1,16.6,4.6,R0327,Ward_4,22913.0
EVT01172,2022-08-12 00:00,19.03708,72.97507,1.1,10.4,11.2,R0383,Ward_7,15544.0
EVT01173,2021-03-30 00:00,19.24721,72.93661,1.9,2.9,15.0,R0166,Ward_22,33161.0
EVT01174,2021-03-31 00:00,19.23314,72.91954,19.6,61.6,4.2,R0459,Ward_18,37875.0
EVT01175,2015-06-13 00:00,19.20439,72.99562,0.4,0.0,21.6,R0491,Ward_14,44375.0
EVT01176,2023-03-18 00:00,18.91712,72.80276,1.3,12.0,14.0,R0222,Ward_11,1594.0
EVT01177,2019-12-20 00:00,19.19183,72.95034,1.6,5.3,14.6,R0183,Ward_18,33860.0
EVT01178,2024-03-14 00:00,19.04366,72.83119,22.9,74.0,13.7,R0293,Ward_13,17301.0
EVT01179,2017-11-04 00:00,19.12214,72.9824,2.1,14.3,1.3,R0246,Ward_14,5003.0
EVT01180,2024-01-04 00:00,19.20225,72.97293,2.5,1.5,5.4,R0270,Ward_11,28618.0
EVT01181,2018-03-28 00:00,19.26219,72.9426,5.1,4.5,20.4,R0397,Ward_9,19994.0
EVT01182,2024-01-31 00:00,18.92958,72.90515,8.6,25.2,8.1,R0260,Ward_9,31339.0
EVT01183,2017-04-03 00:00,18.88622,72.77677,5.4,12.4,12.0,R0114,Ward_1,425.0
EVT01184,2019-10-18 00:00,19.21088,72.86988,5.9,25.4,21.9,R0199,Ward_3,49922.0
EVT01185,2019-10-03 00:00,18.91671,72.99532,0.1,0.0,12.6,R0038,Ward_3,33449.0
EVT01186,2015-09-13 00:00,19.19573,72.84701,22.0,57.6,2.1,R0033,Ward_13,26438.0
EVT01187,2018-09-13 00:00,19.11483,72.83423,9.1,31.0,15.5,R0037,Ward_24,16137.0
EVT01188,2022-06-22 00:00,19.05125,72.94794,4.7,19.5,13.0,R0446,Ward_19,47476.0
EVT01189,2015-12-24 00:00,19.12683,72.9142,14.5,47.3,17.8,R0112,Ward_21,14062.0
EVT01190,2020-05-18 00:00,18.87673,72.88391,12.8,31.4,14.8,R0200,Ward_6,3003.0
EVT01191,2023-07-22 00:00,19.24717,72.97365,6.0,21.0,10.3,R0441,Ward_14,33603.0
EVT01192,2021-08-23 00:00,19.10852,72.84925,18.5,51.8,19.4,R0381,Ward_16,36277.0
EVT01193,2015-12-13 00:00,19.2004,72.98225,1.8,22.3,23.6,R0289,Ward_23,46631.0
EVT01194,2015-09-02 00:00,18.89672,72.94888,3.3,1.9,10.1,R0268,Ward_22,26723.0
EVT01195,2017-09-08 00:00,18.89686,72.81491,6.7,29.1,11.4,R0045,Ward_5,47714.0
EVT01196,2017-05-02 00:00,18.99568,72.93443,2.9,12.8,5.7,R0468,Ward_13,5525.0
EVT01197,2015-07-14 00:00,19.08787,72.7882,17.2,58.2,5.7,R0460,Ward_6,33934.0
EVT01198,2019-09-03 00:00,18.90144,72.80758,9.1,20.6,3.6,R0384,Ward_14,11975.0
EVT01199,2016-11-24 00:00,19.07532,72.92402,1.4,15.8,11.8,R0279,Ward_19,48824.0
EVT01200,2020-06-06 00:00,19.02039,72.81379,49.3,142.3,2.7,R0341,Ward_18,14907.0
EVT01201,2017-04-21 00:00,18.97584,72.78131,2.6,1.5,20.9,R0165,Ward_2,7128.0
EVT01202,2016-06-22 00:00,19.02824,72.88736,2.7,0.0,10.9,R0145,Ward_2,11902.0
EVT01203,2016-07-21 00:00,18.95196,72.82753,24.6,82.7,10.2,R0273,Ward_4,46391.0
EVT01204,2021-01-06 00:00,19.23202,72.94041,1.8,0.4,16.3,R0087,Ward_6,3851.0
EVT01205,2020-12-04 00:00,19.20358,72.91698,21.2,60.9,21.6,R0301,Ward_18,41383.0
EVT01206,2021-03-28 00:00,18.91094,72.81448,4.0,4.4,22.4,R0214,Ward_6,28669.0
EVT01207,2024-03-17 00:00,19.00606,72.96084,4.9,10.8,17.8,R0310,Ward_15,11770.0
EVT01208,2021-06-18 00:00,19.04041,72.96006,1.6,19.4,6.6,R0058,Ward_17,8943.0
EVT01209,2015-09-28 00:00,19.14261,72.84324,11.8,35.4,8.8,R0293,Ward_15,47992.0
EVT01210,2022-01-05 00:00,18.87917,72.95069,2.0,33.1,13.5,R0325,Ward_14,20199.0
EVT01211,2020-10-11 00:00,19.24084,72.79737,17.2,45.8,17.1,R0206,Ward_16,11874.0
EVT01212,2017-01-21 00:00,19.03203,72.94937,5.3,21.5,20.8,R0007,Ward_12,38250.0
EVT01213,2022-10-20 00:00,19.02045,72.80303,31.4,101.1,20.3,R0092,Ward_8,31496.0
EVT01214,2019-10-29 00:00,19.00116,72.80662,12.6,46.5,16.6,R0337,Ward_12,840.0
EVT01215,2016-08-03 00:00,19.00402,72.99744,0.0,18.4,16.8,R0207,Ward_19,7602.0
EVT01216,2017-05-14 00:00,18.89914,72.9198,9.7,25.2,2.7,R0292,Ward_5,16437.0
EVT01217,2022-01-28 00:00,19.02917,72.87505,6.7,0.0,23.0,R0285,Ward_19,26760.0
EVT01218,2022-05-28 00:00,19.14274,72.8241,11.2,38.7,15.0,R0147,Ward_18,43417.0
EVT01219,2015-11-02 00:00,19.25123,72.79918,27.3,66.2,20.6,R0408,Ward_2,47575.0
EVT01220,2021-06-30 00:00,19.14672,72.82285,10.0,40.7,11.0,R0368,Ward_20,35866.0
EVT01221,2022-09-07 00:00,18.97031,72.99289,0.2,0.0,4.0,R0451,Ward_20,16952.0
EVT01222,2022-06-22 00:00,19.16417,72.88781,20.0,56.6,2.5,R0043,Ward_10,17404.0
EVT01223,2023-11-02 00:00,19.12043,72.88673,12.2,36.5,22.0,R0355,Ward_21,22126.0
EVT01224,2021-07-07 00:00,19.01278,72.81118,5.0,9.1,10.2,R0199,Ward_16,9880.0
EVT01225,2015-09-16 00:00,19.17764,72.92105,20.2,74.4,22.5,R0231,Ward_9,19084.0
EVT01226,2023-06-25 00:00,18.9012,72.91123,16.6,39.0,15.4,R0498,Ward_15,24795.0
EVT01227,2017-02-04 00:00,19.08288,72.85843,3.0,1.6,20.7,R0294,Ward_14,25340.0
EVT01228,2016-11-12 00:00,19.15742,72.8054,25.0,70.3,8.4,R0295,Ward_7,24746.0
EVT01229,2021-05-19 00:00,19.16991,72.95182,9.0,8.3,8.3,R0268,Ward_1,19990.0
EVT01230,2018-01-28 00:00,18.94449,72.9138,3.0,1.5,9.5,R0356,Ward_9,44163.0
EVT01231,2023-11-20 00:00,19.13543,72.96959,0.7,0.0,23.9,R0195,Ward_24,31015.0
EVT01232,2015-10-04 00:00,19.14424,72.90091,17.6,61.2,16.5,R0085,Ward_9,44998.0
EVT01233,2019-08-13 00:00,18.94036,72.94169,6.8,21.2,7.2,R0093,Ward_17,19719.0
EVT01234,2019-05-16 00:00,19.10744,72.8151,4.8,27.2,20.0,R0313,Ward_10,9366.0
EVT01235,2023-01-29 00:00,18.96865,72.98888,0.5,7.3,13.3,R0294,Ward_9,39498.0
EVT01236,2017-08-05 00:00,19.20212,72.82111,26.3,102.3,13.6,R0461,Ward_19,46733.0
EVT01237,2016-04-22 00:00,19.00607,72.80782,20.6,63.0,16.7,R0468,Ward_11,9411.0
EVT01238,2020-10-31 00:00,19.1746,72.93616,1.6,0.0,5.1,R0483,Ward_11,19515.0
EVT01239,2022-01-08 00:00,19.25745,72.80953,13.1,48.8,6.1,R0355,Ward_8,17232.0
EVT01240,2016-07-23 00:00,19.11318,72.92788,13.9,43.8,6.1,R0481,Ward_17,5400.0
EVT01241,2015-09-14 00:00,19.15425,72.85492,10.2,25.3,22.9,R0250,Ward_17,13216.0
EVT01242,2019-01-19 00:00,19.02451,72.96553,6.9,25.7,1.4,R0164,Ward_16,38673.0
EVT01243,2015-07-02 00:00,18.98492,72.83019,36.9,116.6,5.5,R0321,Ward_20,6087.0
EVT01244,2021-11-19 00:00,19.14017,72.88783,3.3,4.6,2.7,R0426,Ward_4,45703.0
EVT01245,2017-08-24 00:00,19.1096,72.80791,13.1,41.6,13.0,R0360,Ward_11,29141.0
EVT01246,2019-07-01 00:00,18.97765,72.77867,4.4,20.4,5.8,R0157,Ward_3,16330.0
EVT01247,2019-02-02 00:00,19.05147,72.84516,12.1,37.1,5.7,R0110,Ward_24,8758.0
EVT01248,2020-02-13 00:00,19.11775,72.81933,8.9,25.0,11.9,R0433,Ward_17,4959.0
EVT01249,2018-12-21 00:00,19.18952,72.87289,24.8,72.0,2.1,R0491,Ward_20,13361.0
EVT01250,2022-08-18 00:00,19.20864,72.93034,8.5,29.4,19.5,R0145,Ward_3,1856.0
EVT01251,2022-04-26 00:00,19.01154,72.87503,3.8,17.1,13.2,R0062,Ward_23,29628.0
EVT01252,2023-08-18 00:00,19.05916,72.78383,5.0,12.0,20.2,R0387,Ward_16,436.0
EVT01253,2021-03-07 00:00,19.01439,72.82405,7.9,23.5,13.1,R0438,Ward_12,20169.0
EVT01254,2021-08-31 00:00,19.22607,72.98509,0.8,0.0,19.6,R0414,Ward_14,20863.0
EVT01255,2021-12-16 00:00,19.25222,72.96873,2.0,7.4,12.6,R0405,Ward_15,26992.0
EVT01256,2016-12-18 00:00,18.98182,72.9684,10.1,36.8,12.3,R0172,Ward_17,16931.0
EVT01257,2021-06-26 00:00,19.16632,72.92394,2.1,0.0,15.5,R0375,Ward_19,21156.0
EVT01258,2024-03-31 00:00,19.01548,72.96936,2.0,10.6,17.4,R0314,Ward_10,8971.0
EVT01259,2016-09-29 00:00,18.92156,72.99034,0.7,0.0,23.3,R0415,Ward_23,21463.0
EVT01260,2015-06-26 00:00,19.00292,72.80131,42.9,126.1,21.3,R0021,Ward_5,40101.0
EVT01261,2022-09-03 00:00,19.019,72.8228,11.8,35.8,21.2,R0037,Ward_8,6643.0
EVT01262,2016-09-17 00:00,19.22095,72.97311,2.8,6.8,19.4,R0444,Ward_11,3555.0
EVT01263,2015-10-17 00:00,18.87223,72.84818,16.5,50.5,13.0,R0324,Ward_21,21342.0
EVT01264,2018-08-06 00:00,19.16526,72.92686,11.6,44.6,8.0,R0435,Ward_17,26287.0
EVT01265,2023-06-14 00:00,19.02323,72.90488,17.2,56.2,12.3,R0255,Ward_23,49524.0
EVT01266,2022-07-24 00:00,18.95883,72.87327,28.4,81.1,19.1,R0368,Ward_10,32193.0
EVT01267,2019-07-10 00:00,18.92988,72.77146,39.1,116.5,20.5,R0378,Ward_23,8469.0
EVT01268,2016-03-12 00:00,19.01753,72.8181,9.8,19.8,13.1,R0412,Ward_6,35408.0
EVT01269,2016-11-29 00:00,19.19309,72.79435,7.1,36.6,5.4,R0032,Ward_5,10089.0
EVT01270,2015-06-30 00:00,18.92729,72.96347,5.6,15.5,15.4,R0319,Ward_3,3043.0
EVT01271,2021-03-29 00:00,19.16532,72.97366,3.8,14.4,6.6,R0134,Ward_16,8092.0
EVT01272,2015-09-08 00:00,19.15702,72.87653,42.2,125.6,13.2,R0392,Ward_16,20261.0
EVT01273,2017-05-25 00:00,19.15247,72.92299,9.8,22.5,19.1,R0460,Ward_12,24056.0
EVT01274,2019-06-27 00:00,18.99834,72.94177,8.9,19.0,13.9,R0136,Ward_16,6870.0
EVT01275,2015-10-12 00:00,18.9319,72.90138,6.3,0.0,8.5,R0316,Ward_3,25595.0
EVT01276,2020-07-01 00:00,19.18021,72.92405,12.4,22.6,9.8,R0336,Ward_18,12130.0
EVT01277,2017-06-14 00:00,18.9109,72.78221,6.3,7.7,17.5,R0491,Ward_4,32306.0
EVT01278,2017-10-28 00:00,18.94022,72.87515,10.8,44.7,5.6,R0403,Ward_23,36442.0
EVT01279,2017-07-02 00:00,19.24032,72.92074,6.5,14.7,23.0,R0474,Ward_1,16359.0
EVT01280,2021-10-08 00:00,18.93902,72.90263,14.9,48.3,21.9,R0109,Ward_24,20656.0
EVT01281,2020-03-15 00:00,18.93848,72.79319,33.9,121.9,19.4,R0336,Ward_19,3861.0
EVT01282,2017-01-10 00:00,18.99128,72.89722,12.7,58.3,6.4,R0085,Ward_11,32701.0
EVT01283,2021-11-21 00:00,19.15099,72.82624,11.3,24.1,20.7,R0276,Ward_7,16078.0
EVT01284,2016-10-13 00:00,19.24588,72.83136,26.1,89.7,12.2,R0330,Ward_15,36882.0
EVT01285,2019-10-28 00:00,19.223,72.82034,12.3,35.9,7.7,R0482,Ward_1,28595.0
EVT01286,2024-02-08 00:00,18.97442,72.8284,32.7,98.7,12.5,R0366,Ward_24,5912.0
EVT01287,2021-12-10 00:00,19.22731,72.90883,6.5,19.4,11.1,R0095,Ward_19,8799.0
EVT01288,2018-03-06 00:00,18.89795,72.78275,8.2,40.1,16.3,R0305,Ward_15,38011.0
EVT01289,2017-10-25 00:00,19.23427,72.93532,9.6,15.8,12.3,R0458,Ward_11,7000.0
EVT01290,2021-03-26 00:00,19.25049,72.98753,0.4,8.4,6.6,R0076,Ward_1,40635.0
EVT01291,2024-04-23 00:00,19.1711,72.79267,10.3,21.7,9.4,R0373,Ward_24,43163.0
EVT01292,2015-11-30 00:00,19.08919,72.80985,6.3,27.8,7.1,R0283,Ward_16,30368.0
EVT01293,2021-03-25 00:00,19.24589,72.97351,0.8,9.5,12.6,R0442,Ward_19,21975.0
EVT01294,2023-07-06 00:00,19.14344,72.92946,10.5,39.8,17.2,R0190,Ward_22,25765.0
EVT01295,2019-11-02 00:00,18.94386,72.91661,2.6,21.3,22.3,R0408,Ward_2,10180.0
EVT01296,2019-10-06 00:00,18.98125,72.83948,18.7,73.4,15.8,R0417,Ward_19,42774.0
EVT01297,2016-02-28 00:00,19.09954,72.79518,15.1,53.7,9.0,R0446,Ward_6,47709.0
EVT01298,2016-06-18 00:00,19.2188,72.90122,18.1,49.9,1.5,R0076,Ward_21,28902.0
EVT01299,2021-12-29 00:00,19.18169,72.93785,3.8,30.0,18.2,R0339,Ward_1,4715.0
EVT01300,2023-08-28 00:00,18.94954,72.83375,4.4,14.1,12.8,R0029,Ward_20,41180.0
EVT01301,2020-09-07 00:00,19.23466,72.90261,8.8,25.1,2.9,R0351,Ward_19,25043.0
EVT01302,2019-11-16 00:00,19.11348,72.79649,34.3,86.5,2.1,R0077,Ward_24,7674.0
EVT01303,2023-02-12 00:00,18.9529,72.79716,12.7,24.5,22.3,R0491,Ward_15,20565.0
EVT01304,2016-09-14 00:00,19.17106,72.80212,39.9,105.2,14.9,R0381,Ward_22,4553.0
EVT01305,2016-11-12 00:00,18.91508,72.86262,6.7,24.0,22.0,R0021,Ward_4,30914.0
EVT01306,2019-04-05 00:00,18.88277,72.80128,20.1,54.4,16.2,R0473,Ward_17,38022.0
EVT01307,2022-05-26 00:00,19.24296,72.81553,49.0,157.9,18.2,R0109,Ward_2,14751.0
EVT01308,2017-10-01 00:00,18.94698,72.85747,6.1,15.0,13.3,R0338,Ward_6,22822.0
EVT01309,2024-02-15 00:00,19.22075,72.95659,3.4,0.0,13.0,R0076,Ward_10,8889.0
EVT01310,2021-09-04 00:00,18.90604,72.77522,30.5,84.0,16.7,R0320,Ward_17,7116.0
EVT01311,2022-11-14 00:00,19.00486,72.77201,11.9,23.6,8.5,R0068,Ward_5,29857.0
EVT01312,2022-01-17 00:00,19.02023,72.77394,19.6,57.6,5.5,R0433,Ward_12,49729.0
EVT01313,2024-04-13 00:00,19.00999,72.85751,4.4,25.2,2.5,R0379,Ward_24,32792.0
EVT01314,2022-11-22 00:00,19.19214,72.81936,9.7,36.4,14.1,R0176,Ward_5,38983.0
EVT01315,2024-02-13 00:00,19.10338,72.9594,7.8,45.1,3.2,R0496,Ward_15,6021.0
EVT01316,2019-06-10 00:00,18.98018,72.86749,15.9,41.6,13.6,R0276,Ward_12,19430.0
EVT01317,2015-09-19 00:00,19.17503,72.79998,0.8,1.6,7.0,R0038,Ward_24,38948.0
EVT01318,2016-01-07 00:00,18.88026,72.99772,0.5,15.3,10.7,R0185,Ward_20,8181.0
EVT01319,2016-02-03 00:00,18.96232,72.88382,3.6,0.0,4.8,R0317,Ward_2,22211.0
EVT01320,2020-03-11 00:00,19.15862,72.78964,37.4,114.0,20.8,R0011,Ward_14,11487.0
EVT01321,2022-09-14 00:00,18.92059,72.83472,11.3,49.7,22.7,R0054,Ward_11,16040.0
EVT01322,2023-02-02 00:00,19.25117,72.80648,10.5,22.8,15.5,R0003,Ward_8,35090.0
EVT01323,2016-01-27 00:00,19.21658,72.77745,2.8,6.1,3.9,R0315,Ward_12,45408.0
EVT01324,2024-01-12 00:00,19.03222,72.88417,13.4,32.1,15.7,R0188,Ward_14,44663.0
EVT01325,2020-05-18 00:00,18.9933,72.78492,31.2,96.5,14.6,R0398,Ward_12,18661.0
EVT01326,2018-03-05 00:00,19.04007,72.80967,24.6,70.0,6.8,R0430,Ward_4,6929.0
EVT01327,2015-06-12 00:00,19.19404,72.8762,7.1,26.9,3.5,R0284,Ward_2,38481.0
EVT01328,2015-11-06 00:00,19.1889,72.88826,15.5,50.4,5.8,R0412,Ward_24,39647.0
EVT01329,2019-11-19 00:00,19.09154,72.79309,2.3,8.8,7.4,R0482,Ward_3,24500.0
EVT01330,2015-07-24 00:00,19.03952,72.7798,9.0,21.3,12.9,R0415,Ward_24,33543.0
EVT01331,2015-10-03 00:00,19.0491,72.80407,7.7,21.9,21.0,R0055,Ward_11,35245.0
EVT01332,2015-11-21 00:00,19.05538,72.81496,21.2,55.5,10.4,R0052,Ward_8,2789.0
EVT01333,2015-12-13 00:00,19.15505,72.84639,28.2,97.8,19.7,R0147,Ward_12,48501.0
EVT01334,2017-08-26 00:00,19.25156,72.88317,19.1,58.0,19.4,R0089,Ward_4,35233.0
EVT01335,2017-06-14 00:00,18.87992,72.89998,6.1,37.4,9.0,R0440,Ward_17,33851.0
EVT01336,2022-02-05 00:00,19.04873,72.93178,5.8,22.9,6.8,R0015,Ward_7,6113.0
EVT01337,2022-12-09 00:00,18.87219,72.81576,17.7,61.0,19.5,R0397,Ward_7,30387.0
EVT01338,2020-05-05 00:00,18.93263,72.95627,1.9,0.0,22.2,R0429,Ward_14,44493.0
EVT01339,2019-05-17 00:00,19.04472,72.80425,9.2,38.1,14.5,R0268,Ward_8,41552.0
EVT01340,2015-10-10 00:00,19.14979,72.87925,7.4,18.3,2.3,R0136,Ward_13,20799.0
EVT01341,2022-06-11 00:00,18.91007,72.99197,0.7,12.5,14.6,R0386,Ward_3,39776.0
EVT01342,2022-11-21 00:00,18.89023,72.90536,6.3,42.4,11.7,R0467,Ward_9,1964.0
EVT01343,2018-01-22 00:00,19.16961,72.83042,7.3,18.7,13.5,R0482,Ward_18,3490.0
EVT01344,2023-05-07 00:00,19.15596,72.94418,2.5,0.0,15.5,R0138,Ward_19,251.0
EVT01345,2016-02-25 00:00,18.96972,72.99942,0.0,0.0,8.3,R0088,Ward_2,12851.0
EVT01346,2022-01-10 00:00,19.11354,72.77872,3.6,15.7,7.8,R0425,Ward_20,41103.0
EVT01347,2022-03-18 00:00,19.2417,72.86085,6.3,13.8,13.2,R0252,Ward_21,11262.0
EVT01348,2020-05-03 00:00,18.89605,72.87655,6.7,24.7,16.8,R0416,Ward_14,19173.0
EVT01349,2020-01-08 00:00,19.09262,72.8373,32.3,104.5,21.9,R0489,Ward_4,7507.0
EVT01350,2020-11-07 00:00,19.06398,72.98909,0.3,0.0,12.0,R0136,Ward_8,11742.0
EVT01351,2017-06-19 00:00,18.93968,72.84413,5.9,22.2,5.9,R0352,Ward_17,33520.0
EVT01352,2016-09-09 00:00,19.10805,72.90406,18.1,47.3,23.9,R0228,Ward_1,3443.0
EVT01353,2020-03-30 00:00,19.19902,72.83075,2.5,17.0,20.5,R0489,Ward_22,7064.0
EVT01354,2020-07-31 00:00,18.95574,72.78173,31.7,86.1,19.9,R0276,Ward_6,5374.0
EVT01355,2022-10-28 00:00,19.0343,72.96344,3.0,12.9,16.3,R0014,Ward_21,40182.0
EVT01356,2021-07-14 00:00,19.12111,72.79187,28.2,89.2,22.7,R0409,Ward_3,11837.0
EVT01357,2021-10-28 00:00,19.14374,72.94271,7.7,13.9,12.8,R0258,Ward_19,22484.0
EVT01358,2020-05-25 00:00,18.92864,72.79575,21.8,72.0,23.1,R0374,Ward_18,25232.0
EVT01359,2022-10-31 00:00,19.10506,72.83665,13.6,46.8,12.7,R0417,Ward_3,48528.0
EVT01360,2018-10-28 00:00,19.24123,72.97566,1.5,1.1,13.3,R0082,Ward_4,22619.0
EVT01361,2021-03-02 00:00,19.22207,72.85189,12.8,35.0,18.0,R0119,Ward_19,49145.0
EVT01362,2015-07-18 00:00,19.25901,72.85597,7.2,11.0,13.4,R0031,Ward_1,13049.0
EVT01363,2020-09-20 00:00,18.88873,72.87909,5.0,8.2,16.3,R0424,Ward_6,42122.0
EVT01364,2022-02-03 00:00,19.0221,72.78958,19.9,52.0,10.3,R0391,Ward_21,33432.0
EVT01365,2021-01-06 00:00,19.24366,72.88751,2.0,20.7,16.5,R0302,Ward_9,39594.0
EVT01366,2021-01-27 00:00,19.10996,72.8674,20.0,59.4,4.5,R0371,Ward_13,28972.0
EVT01367,2020-10-06 00:00,19.26962,72.98395,2.2,6.8,16.3,R0025,Ward_9,2252.0
EVT01368,2018-04-25 00:00,19.01186,72.93408,6.8,9.3,21.8,R0045,Ward_19,21234.0
EVT01369,2021-08-08 00:00,19.01184,72.78012,42.3,121.4,15.8,R0090,Ward_16,14277.0
EVT01370,2021-09-03 00:00,19.22751,72.92891,5.2,10.6,6.2,R0370,Ward_13,17767.0
EVT01371,2024-05-12 00:00,19.18161,72.87586,21.2,93.8,20.8,R0337,Ward_22,32095.0
EVT01372,2022-03-13 00:00,18.94269,72.9172,6.0,22.4,22.3,R0359,Ward_21,14224.0
EVT01373,2018-03-15 00:00,19.11393,72.85826,18.6,53.8,17.6,R0479,Ward_20,21522.0
EVT01374,2017-02-11 00:00,18.97626,72.88769,4.4,14.6,2.5,R0005,Ward_5,28086.0
EVT01375,2019-05-27 00:00,18.91088,72.80274,15.2,49.1,14.3,R0124,Ward_21,20391.0
EVT01376,2021-01-18 00:00,19.08705,72.79876,19.8,53.7,23.3,R0491,Ward_8,13369.0
EVT01377,2017-12-20 00:00,19.03005,72.93024,5.6,23.9,15.1,R0450,Ward_14,6959.0
EVT01378,2023-11-09 00:00,18.97341,72.88029,1.7,12.6,13.1,R0308,Ward_19,3501.0
EVT01379,2016-05-31 00:00,18.87882,72.96159,7.2,16.1,7.9,R0109,Ward_4,29366.0
EVT01380,2019-06-05 00:00,19.17268,72.9367,9.6,30.3,16.2,R0307,Ward_21,40762.0
EVT01381,2023-06-06 00:00,19.26943,72.97082,1.3,5.2,10.4,R0119,Ward_7,23808.0
EVT01382,2017-07-04 00:00,19.03305,72.7701,23.2,58.3,23.6,R0022,Ward_9,16129.0
EVT01383,2024-02-27 00:00,19.07442,72.86214,2.4,6.4,20.1,R0011,Ward_6,18080.0
EVT01384,2020-12-20 00:00,19.25246,72.94261,1.7,16.2,4.3,R0063,Ward_20,4958.0
EVT01385,2017-07-31 00:00,18.99715,72.77726,10.3,32.7,17.0,R0140,Ward_1,39406.0
EVT01386,2020-09-07 00:00,19.03656,72.96438,4.5,14.9,18.4,R0247,Ward_24,3360.0
EVT01387,2022-01-30 00:00,19.07631,72.93104,14.6,44.1,13.4,R0385,Ward_18,31561.0
EVT01388,2023-08-05 00:00,19.08868,72.98998,0.7,10.3,1.1,R0205,Ward_15,41683.0
EVT01389,2020-05-18 00:00,18.92818,72.83244,8.2,27.9,7.2,R0264,Ward_4,39385.0
EVT01390,2019-11-02 00:00,19.20589,72.91319,16.4,59.1,15.4,R0484,Ward_9,27341.0
EVT01391,2018-03-16 00:00,19.11659,72.89383,12.3,39.5,17.1,R0297,Ward_13,34854.0
EVT01392,2021-02-04 00:00,19.08982,72.84167,22.0,89.4,9.8,R0159,Ward_23,44637.0
EVT01393,2018-05-05 00:00,18.90612,72.84827,4.1,26.2,23.5,R0411,Ward_22,2560.0
EVT01394,2022-02-17 00:00,18.91965,72.801,8.8,17.2,16.6,R0029,Ward_22,39074.0
EVT01395,2019-09-10 00:00,19.26787,72.82667,0.6,0.0,21.5,R0022,Ward_12,5758.0
EVT01396,2023-07-31 00:00,19.05979,72.86717,12.0,32.7,2.4,R0426,Ward_20,26937.0
EVT01397,2017-09-26 00:00,19.17852,72.95573,8.2,47.0,10.7,R0127,Ward_14,48796.0
EVT01398,2021-11-28 00:00,19.12905,72.793,28.2,99.1,7.0,R0190,Ward_20,2885.0
EVT01399,2022-01-28 00:00,19.0642,72.7813,3.3,13.2,16.1,R0293,Ward_10,40369.0
EVT01400,2018-03-21 00:00,18.98949,72.99339,0.3,0.1,5.1,R0150,Ward_13,49932.0
EVT01401,2023-09-20 00:00,19.14296,72.83301,16.1,46.2,20.8,R0314,Ward_14,21624.0
EVT01402,2020-04-20 00:00,19.03418,72.84518,11.1,34.7,7.0,R0007,Ward_10,15806.0
EVT01403,2020-05-19 00:00,19.21607,72.88271,4.6,10.4,8.8,R0456,Ward_1,28603.0
EVT01404,2018-12-28 00:00,19.18301,72.84096,29.0,73.2,23.2,R0098,Ward_17,40283.0
EVT01405,2024-03-09 00:00,18.88156,72.8001,14.9,53.3,9.5,R0409,Ward_13,43807.0
EVT01406,2017-06-24 00:00,19.18331,72.96649,2.6,2.3,18.7,R0172,Ward_23,14531.0
EVT01407,2022-03-08 00:00,18.91336,72.9155,14.3,49.4,15.0,R0117,Ward_2,557.0
EVT01408,2017-07-04 00:00,19.24277,72.86786,14.1,32.9,3.7,R0077,Ward_10,9134.0
EVT01409,2020-10-11 00:00,19.17481,72.87394,10.4,11.7,17.0,R0242,Ward_10,20122.0
EVT01410,2019-10-16 00:00,19.17552,72.91105,7.6,42.2,1.6,R0040,Ward_6,14118.0
EVT01411,2021-01-21 00:00,19.2634,72.79123,37.1,102.5,19.8,R0128,Ward_18,39864.0
EVT01412,2015-06-26 00:00,19.12577,72.99848,0.2,0.0,18.5,R0274,Ward_1,5507.0
EVT01413,2020-10-22 00:00,19.10552,72.99586,0.2,6.4,17.4,R0286,Ward_5,9875.0
EVT01414,2019-06-07 00:00,18.90165,72.9029,0.6,1.4,11.2,R0402,Ward_1,46556.0
EVT01415,2023-06-21 00:00,18.97928,72.80103,21.2,38.6,10.4,R0134,Ward_6,31966.0
EVT01416,2016-08-28 00:00,19.04,72.80387,26.0,79.8,22.1,R0027,Ward_7,26485.0
EVT01417,2020-10-12 00:00,18.96152,72.94474,12.0,46.5,8.9,R0220,Ward_12,34852.0
EVT01418,2021-05-20 00:00,19.1618,72.96927,2.2,9.5,2.1,R0283,Ward_12,48688.0
EVT01419,2018-05-20 00:00,19.12422,72.85475,8.4,28.2,22.8,R0089,Ward_10,6483.0
EVT01420,2018-01-08 00:00,19.1387,72.92978,1.1,0.0,12.6,R0449,Ward_9,18165.0
EVT01421,2015-12-11 00:00,19.17097,72.98851,0.3,9.4,1.7,R0483,Ward_14,12798.0
EVT01422,2020-08-26 00:00,19.13113,72.8356,16.3,33.7,8.8,R0074,Ward_7,42291.0
EVT01423,2017-08-01 00:00,18.90068,72.80219,27.9,95.2,4.5,R0365,Ward_15,14345.0
EVT01424,2023-08-12 00:00,19.08491,72.94603,9.0,28.1,23.5,R0349,Ward_20,36699.0
EVT01425,2024-02-02 00:00,19.26332,72.87367,18.2,52.9,10.2,R0105,Ward_8,33258.0
EVT01426,2017-04-12 00:00,19.12803,72.92606,10.1,10.7,12.3,R0015,Ward_7,43394.0
EVT01427,2017-04-26 00:00,19.09204,72.85729,10.3,31.1,19.9,R0459,Ward_16,17746.0
EVT01428,2024-05-25 00:00,18.87505,72.89487,8.4,12.2,20.5,R0310,Ward_13,48120.0
EVT01429,2023-06-06 00:00,19.20068,72.82863,12.8,40.6,15.6,R0016,Ward_13,30483.0
EVT01430,2023-06-24 00:00,19.18713,72.8228,10.3,29.1,13.5,R0424,Ward_5,13412.0
EVT01431,2017-12-27 00:00,19.22752,72.84614,13.4,50.8,21.3,R0006,Ward_2,42906.0
EVT01432,2023-09-19 00:00,19.21529,72.9512,1.5,29.2,3.4,R0035,Ward_23,43642.0
EVT01433,2021-03-07 00:00,19.04622,72.88619,9.8,46.2,21.8,R0431,Ward_14,17332.0
EVT01434,2022-12-05 00:00,18.9389,72.82844,2.7,11.6,23.0,R0133,Ward_9,21432.0
EVT01435,2021-05-31 00:00,19.20034,72.81836,3.8,17.3,21.2,R0352,Ward_3,23808.0
EVT01436,2024-03-17 00:00,19.11782,72.87358,19.8,60.0,13.7,R0007,Ward_21,34343.0
EVT01437,2022-12-03 00:00,19.17226,72.9541,0.9,2.3,8.4,R0329,Ward_20,6254.0
EVT01438,2021-02-28 00:00,19.08465,72.99088,2.1,0.0,16.2,R0447,Ward_18,36794.0
EVT01439,2020-03-09 00:00,19.19156,72.90062,1.9,20.2,23.7,R0270,Ward_17,38843.0
EVT01440,2022-02-16 00:00,19.22392,72.9458,3.8,14.8,2.4,R0161,Ward_16,28981.0
EVT01441,2018-06-28 00:00,18.92314,72.88025,4.3,15.4,20.3,R0348,Ward_5,12764.0
EVT01442,2023-08-03 00:00,18.96302,72.95635,6.5,13.2,23.7,R0276,Ward_24,48179.0
EVT01443,2016-11-23 00:00,19.15419,72.81026,5.2,1.7,21.8,R0425,Ward_18,32470.0
EVT01444,2018-01-20 00:00,19.10696,72.80743,47.7,148.9,6.5,R0405,Ward_4,7632.0
EVT01445,2021-07-30 00:00,18.91509,72.9186,3.4,20.7,12.5,R0200,Ward_6,47191.0
EVT01446,2021-03-18 00:00,19.09663,72.99618,0.2,0.0,20.9,R0473,Ward_2,35613.0
EVT01447,2017-01-17 00:00,19.09282,72.81878,20.3,57.2,3.8,R0417,Ward_4,844.0
EVT01448,2015-08-06 00:00,18.96201,72.97446,1.5,14.3,2.4,R0267,Ward_13,23119.0
EVT01449,2015-10-01 00:00,19.02176,72.78042,2.3,15.6,12.7,R0323,Ward_20,33607.0
EVT01450,2020-10-21 00:00,19.09324,72.95447,7.3,32.3,17.4,R0062,Ward_1,27432.0
EVT01451,2019-09-19 00:00,19.19713,72.81355,13.1,55.1,19.3,R0147,Ward_2,45872.0
EVT01452,2018-12-29 00:00,18.96409,72.8972,4.2,0.0,15.9,R0328,Ward_3,29523.0
EVT01453,2018-07-06 00:00,19.17205,72.95082,2.3,20.1,10.7,R0384,Ward_18,32112.0
EVT01454,2022-01-06 00:00,18.94799,72.84115,19.2,52.2,8.3,R0346,Ward_4,1840.0
EVT01455,2015-08-09 00:00,18.94942,72.94781,3.4,25.6,11.5,R0384,Ward_13,45808.0
EVT01456,2018-07-17 00:00,18.8714,72.958,0.4,0.0,22.7,R0487,Ward_24,29457.0
EVT01457,2015-08-20 00:00,19.04501,72.78714,25.0,67.5,21.8,R0023,Ward_14,21699.0
EVT01458,2018-06-05 00:00,19.22875,72.85968,11.1,33.1,3.1,R0006,Ward_21,19710.0
EVT01459,2023-05-13 00:00,19.01839,72.96953,1.1,5.0,3.1,R0430,Ward_8,49340.0
EVT01460,2019-01-17 00:00,18.87063,72.87281,9.7,43.6,3.3,R0314,Ward_19,13516.0
EVT01461,2022-04-24 00:00,19.11745,72.77965,30.2,86.9,1.3,R0395,Ward_18,38034.0
EVT01462,2018-09-18 00:00,19.04196,72.89609,9.3,36.4,13.7,R0193,Ward_18,36308.0
EVT01463,2019-10-08 00:00,19.09584,72.86321,5.8,22.1,15.0,R0401,Ward_1,26445.0
EVT01464,2021-03-31 00:00,19.08597,72.89835,2.5,4.0,21.6,R0289,Ward_4,23677.0
EVT01465,2020-11-08 00:00,19.268,72.92189,5.5,10.4,19.0,R0037,Ward_12,1629.0
EVT01466,2019-06-26 00:00,19.19114,72.86861,12.0,16.3,11.4,R0039,Ward_19,22778.0
EVT01467,2018-01-25 00:00,19.02082,72.92944,5.2,3.4,3.9,R0482,Ward_3,6722.0
EVT01468,2019-06-08 00:00,19.22247,72.94572,0.7,0.0,11.5,R0493,Ward_21,26147.0
EVT01469,2019-09-05 00:00,19.09363,72.97072,3.4,0.0,1.3,R0040,Ward_18,42754.0
EVT01470,2021-10-28 00:00,19.17442,72.99549,0.1,11.6,9.5,R0071,Ward_3,39220.0
EVT01471,2016-09-25 00:00,19.01448,72.88741,1.4,0.0,11.6,R0233,Ward_10,35333.0
EVT01472,2018-09-28 00:00,19.13839,72.80173,15.2,52.0,9.9,R0094,Ward_3,4919.0
EVT01473,2021-08-06 00:00,19.13919,72.962,3.2,5.8,4.3,R0047,Ward_20,35667.0
EVT01474,2018-05-26 00:00,19.03113,72.80169,9.4,23.6,5.1,R0072,Ward_20,47157.0
EVT01475,2020-06-14 00:00,19.00371,72.90516,0.3,0.0,2.2,R0362,Ward_9,36078.0
EVT01476,2016-08-05 00:00,19.01658,72.98074,0.3,12.8,19.9,R0177,Ward_22,14753.0
EVT01477,2018-12-28 00:00,19.06444,72.96205,0.6,16.7,11.0,R0258,Ward_5,244.0
EVT01478,2019-07-13 00:00,19.10119,72.79906,1.2,5.3,12.4,R0000,Ward_23,28769.0
EVT01479,2022-07-03 00:00,19.24524,72.78145,13.1,37.5,10.2,R0473,Ward_23,44934.0
EVT01480,2020-07-25 00:00,19.034,72.98865,0.3,7.9,4.9,R0423,Ward_5,13994.0
EVT01481,2021-01-20 00:00,19.21581,72.99813,0.1,2.2,4.7,R0286,Ward_20,16472.0
EVT01482,2015-06-21 00:00,19.15845,72.95114,5.1,14.6,2.3,R0248,Ward_17,32632.0
EVT01483,2017-03-21 00:00,19.23497,72.88884,5.6,13.7,16.8,R0367,Ward_15,12094.0
EVT01484,2019-10-13 00:00,18.9245,72.86653,2.1,10.7,22.7,R0277,Ward_12,412.0
EVT01485,2021-09-20 00:00,18.89636,72.95085,6.6,17.1,15.8,R0385,Ward_2,4664.0
EVT01486,2022-04-05 00:00,19.09974,72.99419,0.8,23.2,5.1,R0237,Ward_4,49055.0
EVT01487,2020-03-16 00:00,19.13277,72.84245,22.9,76.2,2.9,R0450,Ward_2,37219.0
EVT01488,2024-04-25 00:00,18.96097,72.9579,0.9,0.0,11.1,R0420,Ward_19,6895.0
EVT01489,2020-03-28 00:00,18.88754,72.87635,7.3,27.0,14.7,R0348,Ward_1,330.0
EVT01490,2022-09-29 00:00,19.06355,72.97839,1.5,2.6,3.0,R0258,Ward_19,39282.0
EVT01491,2018-09-13 00:00,19.09471,72.84526,7.4,19.5,6.2,R0330,Ward_5,39893.0
EVT01492,2021-08-22 00:00,19.07876,72.86504,4.8,10.6,14.2,R0442,Ward_14,17296.0
EVT01493,2020-09-16 00:00,19.10807,72.83418,21.2,51.4,18.6,R0211,Ward_24,4496.0
EVT01494,2016-12-30 00:00,19.11976,72.93582,6.4,15.8,23.5,R0103,Ward_10,40566.0
EVT01495,2023-07-20 00:00,18.90306,72.97739,1.5,4.0,18.8,R0018,Ward_9,16681.0
EVT01496,2022-11-10 00:00,18.93149,72.94818,4.4,11.4,15.0,R0113,Ward_22,9240.0
EVT01497,2024-03-14 00:00,19.05731,72.83826,17.5,47.9,19.2,R0184,Ward_15,12876.0
EVT01498,2019-03-13 00:00,19.17558,72.95949,2.1,19.6,21.0,R0077,Ward_14,26544.0
EVT01499,2021-07-14 00:00,19.03225,72.83279,6.3,23.4,11.0,R0381,Ward_14,22445.0
EVT01500,2023-06-18 00:00,19.10531,72.82038,6.6,18.2,23.9,R0456,Ward_10,46554.0
EVT01501,2017-05-25 00:00,19.07135,72.89585,5.4,24.5,8.3,R0116,Ward_13,46065.0
EVT01502,2018-10-03 00:00,19.18912,72.91504,5.6,3.9,10.3,R0070,Ward_18,2467.0
EVT01503,2020-05-24 00:00,19.0036,72.87247,8.5,23.3,22.3,R0360,Ward_2,19734.0
EVT01504,2016-04-23 00:00,19.04959,72.84718,30.9,99.7,9.4,R0203,Ward_6,10379.0
EVT01505,2022-01-28 00:00,18.94311,72.95967,6.6,20.6,1.8,R0479,Ward_11,45125.0
EVT01506,2022-06-20 00:00,18.99982,72.77978,7.5,27.1,17.1,R0374,Ward_1,33338.0
EVT01507,2016-07-13 00:00,19.11004,72.97458,1.1,11.0,22.9,R0051,Ward_15,38968.0
EVT01508,2023-02-11 00:00,19.24656,72.79179,5.2,2.6,1.4,R0168,Ward_10,35238.0
EVT01509,2023-02-11 00:00,19.04807,72.85948,0.2,12.7,17.2,R0086,Ward_21,1287.0
EVT01510,2018-01-13 00:00,19.15683,72.85532,12.6,39.7,8.2,R0470,Ward_9,34962.0
EVT01511,2015-06-03 00:00,18.90326,72.81074,8.1,23.9,21.5,R0341,Ward_5,9194.0
EVT01512,2021-10-04 00:00,19.23045,72.95053,6.9,29.1,9.2,R0492,Ward_2,628.0
EVT01513,2023-04-05 00:00,19.21397,72.9447,6.6,26.6,22.1,R0040,Ward_11,5639.0
EVT01514,2017-06-19 00:00,18.95584,72.93548,14.5,45.6,21.8,R0177,Ward_21,34351.0
EVT01515,2022-05-04 00:00,19.10528,72.87124,9.3,48.2,8.8,R0224,Ward_10,2287.0
EVT01516,2020-05-19 00:00,19.2039,72.79298,12.4,40.1,17.2,R0432,Ward_5,23238.0
EVT01517,2023-05-11 00:00,19.0903,72.98407,2.3,8.0,18.1,R0345,Ward_12,32231.0
EVT01518,2016-02-25 00:00,19.23538,72.92328,19.5,58.9,2.1,R0201,Ward_10,47874.0
EVT01519,2024-01-30 00:00,19.11882,72.99306,0.0,0.0,17.6,R0104,Ward_23,44873.0
EVT01520,2016-10-29 00:00,18.91741,72.83381,11.4,43.5,22.6,R0449,Ward_7,21478.0
EVT01521,2023-12-10 00:00,19.07259,72.93071,2.3,0.0,7.5,R0036,Ward_18,15065.0
EVT01522,2017-11-23 00:00,19.11537,72.79157,23.7,66.2,23.8,R0172,Ward_20,30868.0
EVT01523,2019-04-18 00:00,18.9397,72.89545,16.8,46.5,18.5,R0124,Ward_12,34333.0
EVT01524,2019-10-06 00:00,19.00619,72.78051,6.6,22.0,2.6,R0030,Ward_14,48191.0
EVT01525,2022-08-21 00:00,19.09776,72.90285,5.9,5.9,1.4,R0292,Ward_14,47151.0
EVT01526,2016-03-28 00:00,19.23353,72.89592,6.5,18.5,13.6,R0367,Ward_15,23927.0
EVT01527,2018-02-14 00:00,18.88764,72.92995,3.2,8.7,23.9,R0256,Ward_9,34750.0
EVT01528,2017-11-09 00:00,18.92012,72.97465,2.3,4.9,16.2,R0291,Ward_10,15407.0
EVT01529,2017-12-08 00:00,19.14956,72.99691,0.1,0.0,1.5,R0201,Ward_16,22978.0
EVT01530,2019-02-28 00:00,19.17351,72.9647,2.1,7.9,8.5,R0111,Ward_6,31681.0
EVT01531,2017-10-18 00:00,19.20138,72.78676,26.9,94.9,23.7,R0160,Ward_9,6587.0
EVT01532,2020-07-25 00:00,19.02647,72.83575,14.6,38.3,13.4,R0094,Ward_19,3151.0
EVT01533,2023-04-17 00:00,18.94471,72.98782,0.8,0.0,18.9,R0112,Ward_8,15455.0
EVT01534,2023-09-06 00:00,19.2124,72.78604,12.5,53.8,19.1,R0292,Ward_2,32193.0
EVT01535,2015-12-08 00:00,19.22694,72.96295,2.9,6.5,9.2,R0002,Ward_21,38239.0
EVT01536,2021-02-19 00:00,19.08641,72.98011,1.5,11.8,6.8,R0007,Ward_5,44331.0
EVT01537,2020-05-23 00:00,18.91666,72.85833,53.7,161.3,6.1,R0069,Ward_20,46383.0
EVT01538,2020-07-13 00:00,18.98264,72.92602,14.2,45.7,8.7,R0448,Ward_19,27869.0
EVT01539,2021-10-03 00:00,19.26281,72.87376,7.4,0.3,20.8,R0044,Ward_6,29712.0
EVT01540,2017-04-17 00:00,19.10744,72.8674,7.8,21.4,10.1,R0118,Ward_8,21012.0
EVT01541,2015-07-05 00:00,19.19164,72.81121,16.8,49.8,21.3,R0072,Ward_15,18565.0
EVT01542,2020-08-05 00:00,19.07826,72.78788,16.0,59.9,23.6,R0455,Ward_1,34776.0
EVT01543,2016-09-12 00:00,18.92043,72.97869,2.1,13.7,3.1,R0176,Ward_6,11360.0
EVT01544,2017-07-14 00:00,19.17077,72.77141,18.9,57.5,10.9,R0490,Ward_6,5039.0
EVT01545,2017-05-01 00:00,19.1881,72.93688,3.2,0.0,2.6,R0464,Ward_17,39305.0
EVT01546,2023-07-09 00:00,19.0789,72.97927,0.5,0.0,1.1,R0187,Ward_19,4814.0
EVT01547,2020-04-23 00:00,18.91257,72.79577,15.2,34.0,5.9,R0190,Ward_11,27557.0
EVT01548,2018-12-03 00:00,18.90262,72.90536,20.3,63.4,14.1,R0237,Ward_23,48643.0
EVT01549,2019-09-11 00:00,18.93699,72.92887,3.7,5.2,13.8,R0022,Ward_23,2612.0
EVT01550,2018-01-24 00:00,19.26697,72.84812,12.6,3.3,12.0,R0391,Ward_23,30233.0
EVT01551,2019-08-16 00:00,18.95638,72.89592,1.9,5.5,15.0,R0079,Ward_17,45440.0
EVT01552,2021-02-14 00:00,19.06184,72.80965,12.6,56.7,7.4,R0492,Ward_10,43325.0
EVT01553,2016-12-17 00:00,19.13294,72.99895,0.0,0.0,4.9,R0386,Ward_16,8209.0
EVT01554,2022-04-24 00:00,18.89159,72.89678,1.2,13.6,7.8,R0065,Ward_21,46338.0
EVT01555,2017-02-26 00:00,19.26175,72.80111,16.5,50.3,2.4,R0045,Ward_9,14009.0
EVT01556,2023-08-12 00:00,19.26496,72.92061,3.4,14.2,4.0,R0383,Ward_17,37414.0
EVT01557,2019-06-14 00:00,18.89642,72.99401,0.4,0.0,14.3,R0363,Ward_7,35085.0
EVT01558,2023-08-27 00:00,19.13925,72.93922,4.1,23.0,1.3,R0018,Ward_21,10472.0
EVT01559,2023-03-21 00:00,18.89028,72.98553,1.9,0.0,4.4,R0436,Ward_5,6616.0
EVT01560,2016-11-02 00:00,19.04556,72.85261,13.4,51.9,17.0,R0052,Ward_8,18709.0
EVT01561,2023-12-06 00:00,18.94759,72.97666,0.4,3.4,4.0,R0047,Ward_14,16840.0
EVT01562,2017-08-16 00:00,18.88881,72.8283,5.9,8.6,1.1,R0422,Ward_2,17287.0
EVT01563,2020-05-07 00:00,19.18722,72.82309,9.1,28.0,11.5,R0182,Ward_13,45164.0
EVT01564,2016-11-22 00:00,18.90838,72.89357,6.9,34.9,18.7,R0350,Ward_1,32623.0
EVT01565,2023-01-26 00:00,19.26627,72.79062,33.8,98.6,21.3,R0351,Ward_24,3794.0
EVT01566,2015-11-15 00:00,18.98942,72.96899,2.1,18.1,20.8,R0081,Ward_19,37479.0
EVT01567,2024-03-21 00:00,19.08235,72.79745,12.6,38.6,1.7,R0126,Ward_24,27106.0
EVT01568,2019-10-23 00:00,18.98036,72.91262,6.3,29.6,4.7,R0290,Ward_3,40093.0
EVT01569,2020-11-15 00:00,18.95121,72.79726,33.5,113.8,1.3,R0028,Ward_12,20353.0
EVT01570,2020-02-05 00:00,19.22392,72.99283,0.7,21.9,20.4,R0464,Ward_13,23079.0
EVT01571,2019-09-17 00:00,19.17126,72.97491,1.1,13.6,6.4,R0201,Ward_5,4297.0
EVT01572,2019-06-21 00:00,19.07486,72.86055,8.6,16.2,2.4,R0297,Ward_10,38962.0
EVT01573,2015-10-27 00:00,19.18329,72.83912,25.2,71.9,11.1,R0220,Ward_13,48987.0
EVT01574,2017-07-12 00:00,19.14394,72.90907,8.5,36.9,17.5,R0290,Ward_14,17255.0
EVT01575,2017-04-16 00:00,18.99092,72.90904,3.9,4.2,11.4,R0066,Ward_6,19328.0
EVT01576,2016-05-28 00:00,19.04354,72.96183,1.8,4.0,7.8,R0075,Ward_9,10900.0
EVT01577,2023-09-13 00:00,19.03437,72.80161,32.3,114.8,8.9,R0335,Ward_18,34802.0
EVT01578,2023-01-11 00:00,18.97662,72.8048,35.6,117.3,12.8,R0262,Ward_21,44326.0
EVT01579,2022-01-28 00:00,18.88572,72.93904,9.2,33.6,22.9,R0316,Ward_4,37021.0
EVT01580,2018-02-08 00:00,19.24212,72.80393,10.9,41.6,17.7,R0464,Ward_23,4323.0
EVT01581,2018-05-15 00:00,19.11031,72.92702,3.7,0.0,6.1,R0286,Ward_11,40269.0
EVT01582,2018-07-28 00:00,19.22494,72.93564,2.7,5.1,22.8,R0498,Ward_6,44459.0
EVT01583,2018-01-22 00:00,19.13668,72.85387,32.0,98.0,6.2,R0133,Ward_7,47473.0
EVT01584,2016-04-13 00:00,18.88389,72.92859,6.9,29.0,2.8,R0427,Ward_12,42432.0
EVT01585,2019-08-10 00:00,19.0816,72.8633,25.3,74.0,23.5,R0136,Ward_12,43192.0
EVT01586,2023-02-24 00:00,19.18134,72.85979,9.4,26.0,14.0,R0137,Ward_16,16608.0
EVT01587,2023-06-30 00:00,19.05141,72.90497,2.9,0.0,19.3,R0137,Ward_24,38627.0
EVT01588,2017-08-25 00:00,19.2306,72.91622,4.1,14.4,9.3,R0122,Ward_14,18599.0
EVT01589,2019-10-27 00:00,19.05888,72.96717,2.5,0.0,9.9,R0372,Ward_20,38868.0
EVT01590,2020-03-30 00:00,19.02292,72.95559,3.6,14.9,5.8,R0143,Ward_5,4046.0
EVT01591,2021-06-02 00:00,19.0073,72.85509,3.5,3.1,17.0,R0004,Ward_19,16669.0
EVT01592,2018-11-06 00:00,19.20551,72.91221,7.2,15.0,12.7,R0417,Ward_11,9350.0
EVT01593,2024-03-26 00:00,19.02964,72.8028,21.7,61.4,22.6,R0294,Ward_13,19914.0
EVT01594,2018-02-06 00:00,19.2077,72.8118,12.9,46.4,1.3,R0445,Ward_9,6922.0
EVT01595,2016-09-29 00:00,19.01718,72.935,5.9,20.4,7.1,R0197,Ward_4,46663.0
EVT01596,2018-05-20 00:00,18.98437,72.99947,0.1,3.0,16.0,R0298,Ward_7,12466.0
EVT01597,2016-09-19 00:00,19.2289,72.98642,1.5,1.9,7.9,R0162,Ward_10,10753.0
EVT01598,2020-01-16 00:00,19.19384,72.87415,6.5,23.7,6.1,R0394,Ward_15,11378.0
EVT01599,2015-08-14 00:00,19.25442,72.92655,2.3,2.8,1.7,R0330,Ward_22,36570.0
EVT01600,2019-05-30 00:00,19.06827,72.89209,5.6,25.4,22.2,R0072,Ward_4,4062.0
EVT01601,2021-08-29 00:00,19.16196,72.87273,10.5,22.3,7.5,R0080,Ward_7,18201.0
EVT01602,2017-05-22 00:00,19.25778,72.83425,18.0,42.2,11.0,R0463,Ward_17,39896.0
EVT01603,2022-09-16 00:00,18.9739,72.96415,4.1,16.5,21.5,R0255,Ward_2,5710.0
EVT01604,2022-09-06 00:00,18.9476,72.99192,0.2,6.2,22.5,R0346,Ward_1,34606.0
EVT01605,2023-09-26 00:00,19.03437,72.84853,13.4,42.5,19.9,R0113,Ward_15,23194.0
EVT01606,2023-01-23 00:00,18.92282,72.86889,10.9,28.9,8.5,R0096,Ward_7,23455.0
EVT01607,2022-08-27 00:00,18.91459,72.97954,1.4,13.7,20.0,R0473,Ward_21,35043.0
EVT01608,2021-06-08 00:00,19.19612,72.95714,2.4,0.0,2.4,R0474,Ward_12,16342.0
EVT01609,2015-10-27 00:00,19.07766,72.99634,0.7,0.0,1.6,R0077,Ward_16,42831.0
EVT01610,2018-11-18 00:00,18.94127,72.79945,27.5,82.9,5.3,R0237,Ward_22,42349.0
EVT01611,2022-03-10 00:00,18.94795,72.86785,6.5,30.2,7.9,R0495,Ward_19,34646.0
EVT01612,2023-12-21 00:00,18.91937,72.98125,5.0,13.0,10.2,R0412,Ward_21,34737.0
EVT01613,2015-10-22 00:00,19.06775,72.80783,12.9,34.2,5.6,R0101,Ward_13,31159.0
EVT01614,2024-02-10 00:00,19.01043,72.80546,25.6,70.8,10.0,R0464,Ward_24,1437.0
EVT01615,2022-06-29 00:00,19.12795,72.90239,4.3,8.1,20.7,R0401,Ward_8,17264.0
EVT01616,2019-05-13 00:00,19.15765,72.99226,0.5,1.7,20.0,R0440,Ward_22,34176.0
EVT01617,2017-02-07 00:00,19.23382,72.80412,16.7,64.9,15.7,R0394,Ward_15,11419.0
EVT01618,2022-03-07 00:00,19.11638,72.97553,0.5,5.4,15.0,R0000,Ward_10,18243.0
EVT01619,2024-03-06 00:00,19.05947,72.9295,9.7,40.5,20.1,R0400,Ward_12,11353.0
EVT01620,2021-02-06 00:00,18.96065,72.86817,22.0,51.2,9.1,R0017,Ward_16,19915.0
EVT01621,2020-07-24 00:00,19.23296,72.89678,7.7,33.3,2.0,R0095,Ward_13,30396.0
EVT01622,2021-01-31 00:00,19.18516,72.79778,8.9,19.3,19.6,R0424,Ward_7,19119.0
EVT01623,2017-02-28 00:00,18.90947,72.88302,14.0,41.6,10.1,R0181,Ward_21,42282.0
EVT01624,2021-09-03 00:00,19.19945,72.89733,2.1,19.5,16.6,R0323,Ward_6,35334.0
EVT01625,2024-04-25 00:00,19.25546,72.88339,9.2,27.6,20.4,R0222,Ward_23,38126.0
EVT01626,2019-12-05 00:00,19.08365,72.8294,7.1,16.3,12.0,R0166,Ward_15,37712.0
EVT01627,2017-11-04 00:00,18.92241,72.81826,15.0,32.4,23.6,R0078,Ward_5,47619.0
EVT01628,2022-07-13 00:00,19.23786,72.88692,9.7,17.1,3.4,R0311,Ward_10,12762.0
EVT01629,2022-12-06 00:00,18.93159,72.89885,10.8,27.8,20.7,R0289,Ward_5,35896.0
EVT01630,2017-06-24 00:00,19.136,72.92763,11.6,30.6,5.1,R0490,Ward_12,20311.0
EVT01631,2022-05-06 00:00,19.02081,72.95884,3.5,30.1,23.8,R0172,Ward_7,18642.0
EVT01632,2022-07-16 00:00,18.88972,72.85961,3.8,20.4,19.2,R0245,Ward_8,3427.0
EVT01633,2018-06-17 00:00,19.1291,72.89226,6.3,38.1,10.1,R0406,Ward_16,13861.0
EVT01634,2022-12-01 00:00,19.20107,72.77145,20.8,63.2,8.3,R0438,Ward_18,47494.0
EVT01635,2019-01-17 00:00,19.17887,72.92024,3.3,23.4,4.4,R0454,Ward_22,3680.0
EVT01636,2022-10-29 00:00,19.17991,72.81014,24.6,73.1,2.3,R0401,Ward_10,33232.0
EVT01637,2020-09-21 00:00,18.9617,72.96048,5.5,22.1,16.1,R0197,Ward_3,15760.0
EVT01638,2019-06-20 00:00,18.98074,72.87951,12.4,33.5,8.3,R0291,Ward_3,39984.0
EVT01639,2019-07-18 00:00,19.24471,72.92173,2.8,14.3,3.0,R0368,Ward_9,3694.0
EVT01640,2019-04-02 00:00,19.09649,72.98121,0.2,0.0,8.6,R0139,Ward_1,28522.0
EVT01641,2019-08-18 00:00,19.13821,72.90253,7.6,39.6,14.6,R0108,Ward_19,16120.0
EVT01642,2017-06-27 00:00,19.08885,72.85228,16.8,67.0,2.4,R0411,Ward_1,40579.0
EVT01643,2017-03-10 00:00,18.87726,72.80881,11.6,34.6,16.3,R0036,Ward_20,43357.0
EVT01644,2022-11-01 00:00,19.06845,72.80127,32.2,98.0,3.1,R0157,Ward_3,47046.0
EVT01645,2020-03-27 00:00,19.09863,72.94294,5.1,27.6,21.8,R0317,Ward_13,23192.0
EVT01646,2015-10-27 00:00,19.09661,72.8744,12.0,41.1,14.0,R0267,Ward_16,10859.0
EVT01647,2020-11-02 00:00,18.93599,72.88283,8.8,48.0,6.3,R0408,Ward_20,49256.0
EVT01648,2019-10-12 00:00,18.94415,72.87071,7.2,33.9,16.5,R0014,Ward_15,47961.0
EVT01649,2021-05-30 00:00,19.14818,72.99168,0.5,0.0,15.3,R0332,Ward_18,21076.0
EVT01650,2017-09-29 00:00,18.96489,72.9166,4.8,20.3,22.6,R0350,Ward_19,45015.0
EVT01651,2016-09-15 00:00,19.14931,72.84102,8.1,38.3,14.9,R0322,Ward_13,16508.0
EVT01652,2022-12-13 00:00,18.94535,72.98938,2.0,0.5,17.7,R0296,Ward_21,16810.0
EVT01653,2017-03-11 00:00,18.96327,72.80329,12.3,41.6,3.8,R0035,Ward_12,42124.0
EVT01654,2019-08-27 00:00,19.17984,72.88185,4.5,23.5,7.3,R0144,Ward_19,32040.0
EVT01655,2015-06-29 00:00,19.18982,72.83534,4.3,4.3,17.4,R0000,Ward_5,21101.0
EVT01656,2018-11-18 00:00,19.0945,72.861,5.0,7.2,13.5,R0390,Ward_14,24871.0
EVT01657,2020-06-17 00:00,18.9891,72.873,10.9,25.6,22.2,R0453,Ward_3,21048.0
EVT01658,2020-03-13 00:00,18.95052,72.97482,1.6,1.0,16.9,R0017,Ward_9,42909.0
EVT01659,2019-05-16 00:00,18.88321,72.86354,4.5,8.0,8.2,R0112,Ward_16,10039.0
EVT01660,2018-06-20 00:00,19.10555,72.85881,5.5,30.9,14.0,R0315,Ward_6,48148.0
EVT01661,2022-07-14 00:00,19.04655,72.79528,21.6,77.2,14.0,R0183,Ward_5,28509.0
EVT01662,2015-12-20 00:00,19.02206,72.84385,22.7,74.1,17.0,R0303,Ward_15,35979.0
EVT01663,2017-03-23 00:00,18.9417,72.85045,12.7,33.2,13.2,R0236,Ward_14,33754.0
EVT01664,2016-04-16 00:00,19.04063,72.824,10.3,39.9,20.6,R0314,Ward_10,45817.0
EVT01665,2021-10-21 00:00,19.11831,72.89871,6.7,1.9,18.6,R0313,Ward_13,17499.0
EVT01666,2018-03-12 00:00,18.98268,72.92122,0.6,0.0,7.9,R0169,Ward_9,43745.0
EVT01667,2017-11-23 00:00,19.24684,72.8372,27.0,83.4,8.1,R0131,Ward_3,39606.0
EVT01668,2021-10-19 00:00,18.99214,72.7979,3.8,6.9,22.3,R0301,Ward_8,37674.0
EVT01669,2018-04-24 00:00,18.96698,72.93231,4.9,14.6,7.3,R0230,Ward_10,11398.0
EVT01670,2018-05-16 00:00,19.22237,72.97173,2.0,19.0,1.4,R0388,Ward_22,41855.0
EVT01671,2017-12-06 00:00,19.14984,72.80941,3.6,12.8,2.1,R0168,Ward_17,21064.0
EVT01672,2017-11-12 00:00,19.11218,72.87972,13.6,36.7,23.7,R0342,Ward_18,32163.0
EVT01673,2018-06-09 00:00,19.22293,72.90401,6.4,21.6,3.3,R0080,Ward_4,48370.0
EVT01674,2020-05-29 00:00,19.26908,72.94486,12.6,54.2,4.0,R0353,Ward_6,5846.0
EVT01675,2019-01-29 00:00,19.06149,72.77997,19.3,65.0,7.9,R0436,Ward_17,17453.0
EVT01676,2020-01-16 00:00,18.98483,72.93324,5.9,18.0,9.5,R0241,Ward_19,6682.0
EVT01677,2015-07-12 00:00,19.1811,72.77858,15.4,45.0,2.0,R0142,Ward_19,21699.0
EVT01678,2017-01-28 00:00,18.99175,72.98365,0.6,8.1,17.6,R0114,Ward_19,2825.0
EVT01679,2019-05-28 00:00,18.88095,72.97636,2.2,9.1,3.5,R0398,Ward_4,10282.0
EVT01680,2019-10-29 00:00,19.21551,72.84666,4.9,5.6,20.9,R0270,Ward_23,29786.0
EVT01681,2022-06-16 00:00,18.94613,72.90394,4.3,17.6,16.6,R0241,Ward_1,27813.0
EVT01682,2021-11-05 00:00,19.0421,72.95542,2.1,0.0,15.0,R0483,Ward_3,13128.0
EVT01683,2018-04-28 00:00,19.0142,72.83862,6.4,4.4,17.0,R0203,Ward_13,11142.0
EVT01684,2021-08-03 00:00,18.89899,72.98495,0.5,17.7,9.5,R0453,Ward_7,14902.0
EVT01685,2017-03-07 00:00,18.94343,72.96063,2.3,26.2,22.5,R0379,Ward_5,1771.0
EVT01686,2018-09-12 00:00,18.96946,72.84131,32.2,98.1,5.2,R0208,Ward_7,32836.0
EVT01687,2020-06-20 00:00,18.87749,72.82336,7.7,34.9,17.4,R0212,Ward_17,37098.0
EVT01688,2024-03-05 00:00,19.13992,72.92135,13.2,34.9,19.9,R0425,Ward_1,1730.0
EVT01689,2022-09-19 00:00,19.18659,72.99737,0.4,0.6,8.2,R0362,Ward_5,28497.0
EVT01690,2015-12-23 00:00,18.98223,72.94325,2.4,0.0,4.5,R0412,Ward_21,4575.0
EVT01691,2018-08-15 00:00,19.13507,72.88208,17.4,70.7,2.5,R0134,Ward_7,49678.0
EVT01692,2016-01-26 00:00,18.99084,72.96354,6.1,20.6,4.6,R0274,Ward_12,47368.0
EVT01693,2022-04-01 00:00,18.93535,72.95747,3.1,1.1,22.7,R0216,Ward_13,16983.0
EVT01694,2023-11-13 00:00,19.04938,72.84746,15.9,45.8,22.2,R0081,Ward_7,10132.0
EVT01695,2024-04-22 00:00,19.07813,72.80526,27.7,94.4,6.4,R0069,Ward_1,6809.0
EVT01696,2017-10-30 00:00,19.03051,72.99805,0.1,18.1,5.7,R0005,Ward_8,1196.0
EVT01697,2020-05-11 00:00,18.94891,72.86391,6.1,6.6,2.6,R0354,Ward_4,33549.0
EVT01698,2015-07-14 00:00,19.04111,72.87495,12.1,26.9,11.1,R0218,Ward_5,38818.0
EVT01699,2018-12-13 00:00,19.11387,72.8499,12.4,32.8,6.7,R0383,Ward_2,8761.0
EVT01700,2016-04-16 00:00,19.1267,72.81844,42.1,144.3,22.7,R0088,Ward_8,36762.0
EVT01701,2020-11-18 00:00,19.09245,72.82941,2.4,0.0,4.9,R0014,Ward_7,13616.0
EVT01702,2015-12-09 00:00,19.23716,72.95225,3.7,8.3,3.9,R0151,Ward_15,3498.0
EVT01703,2023-09-23 00:00,19.25888,72.90375,2.3,0.0,19.3,R0469,Ward_1,4634.0
EVT01704,2022-11-02 00:00,19.15708,72.99025,0.2,25.9,19.3,R0149,Ward_2,44066.0
EVT01705,2023-07-07 00:00,18.8934,72.95729,4.0,27.6,10.5,R0425,Ward_9,33062.0
EVT01706,2016-07-21 00:00,19.08859,72.93782,2.2,0.7,20.1,R0243,Ward_21,31840.0
EVT01707,2020-01-21 00:00,19.06808,72.95971,11.2,48.9,3.4,R0402,Ward_20,46792.0
EVT01708,2019-09-30 00:00,18.94315,72.83065,18.3,65.6,9.3,R0277,Ward_8,26887.0
EVT01709,2023-01-05 00:00,19.2382,72.80544,8.2,24.8,11.8,R0075,Ward_11,25339.0
EVT01710,2018-12-19 00:00,19.24245,72.81137,12.2,39.5,14.8,R0410,Ward_19,39119.0
EVT01711,2021-05-26 00:00,19.0073,72.86067,4.5,11.8,7.5,R0130,Ward_17,36263.0
EVT01712,2018-03-17 00:00,18.92897,72.8269,18.7,60.3,15.4,R0231,Ward_19,38494.0
EVT01713,2016-11-14 00:00,18.90052,72.81285,3.3,10.0,2.9,R0024,Ward_4,26593.0
EVT01714,2023-03-25 00:00,19.2564,72.77965,13.4,51.8,9.0,R0352,Ward_18,20855.0
EVT01715,2022-12-03 00:00,19.23729,72.91126,5.4,40.3,22.1,R0499,Ward_3,22775.0
EVT01716,2018-09-06 00:00,18.88979,72.95961,4.4,39.8,17.0,R0408,Ward_21,46633.0
EVT01717,2022-01-02 00:00,19.10931,72.85108,7.3,30.8,23.3,R0316,Ward_9,34753.0
EVT01718,2023-12-26 00:00,18.94128,72.84322,4.4,19.7,3.5,R0052,Ward_6,8858.0
EVT01719,2023-10-22 00:00,19.23213,72.98743,0.7,15.8,6.9,R0112,Ward_18,22775.0
EVT01720,2018-08-28 00:00,18.93542,72.85296,11.5,24.0,4.4,R0057,Ward_13,8890.0
EVT01721,2018-05-03 00:00,19.14165,72.92757,9.0,25.9,14.6,R0330,Ward_13,42515.0
EVT01722,2023-09-01 00:00,18.94694,72.81492,7.9,35.8,1.0,R0276,Ward_7,10198.0
EVT01723,2015-08-15 00:00,18.98596,72.83947,8.4,23.9,8.0,R0430,Ward_17,25005.0
EVT01724,2015-07-19 00:00,19.10969,72.98216,0.5,0.0,7.2,R0010,Ward_6,615.0
EVT01725,2024-01-02 00:00,19.01968,72.92712,7.8,25.1,12.7,R0178,Ward_3,30643.0
EVT01726,2023-01-22 00:00,19.21998,72.81358,3.0,17.8,11.3,R0131,Ward_20,35129.0
EVT01727,2022-10-16 00:00,18.94266,72.86824,4.3,23.9,5.8,R0485,Ward_20,37080.0
EVT01728,2020-06-26 00:00,19.03565,72.83164,20.6,71.7,22.2,R0242,Ward_11,39760.0
EVT01729,2017-02-19 00:00,18.93401,72.8525,12.5,38.8,1.4,R0041,Ward_13,17530.0
EVT01730,2016-11-30 00:00,18.90349,72.95619,5.4,20.1,1.6,R0188,Ward_19,36284.0
EVT01731,2016-09-22 00:00,18.93307,72.90628,5.0,0.0,2.6,R0473,Ward_14,10996.0
EVT01732,2023-11-28 00:00,18.93065,72.84308,5.8,10.0,16.3,R0297,Ward_13,11706.0
EVT01733,2017-02-21 00:00,18.96775,72.92373,3.2,0.0,15.9,R0088,Ward_20,36164.0
EVT01734,2015-11-23 00:00,19.13563,72.98941,0.3,2.4,10.9,R0038,Ward_11,33196.0
EVT01735,2022-11-30 00:00,19.1194,72.77623,26.2,82.5,13.7,R0049,Ward_7,10318.0
EVT01736,2023-12-10 00:00,18.91279,72.92058,6.8,15.1,20.6,R0022,Ward_9,28737.0
EVT01737,2017-03-05 00:00,19.21067,72.82162,52.6,163.0,2.5,R0328,Ward_3,8921.0
EVT01738,2017-05-09 00:00,18.93074,72.98844,1.8,14.9,19.0,R0190,Ward_24,14874.0
EVT01739,2023-05-23 00:00,19.1351,72.97319,0.6,0.0,9.6,R0078,Ward_14,27218.0
EVT01740,2018-10-03 00:00,19.08431,72.99803,0.1,0.0,21.6,R0053,Ward_19,5576.0
EVT01741,2016-01-26 00:00,19.00069,72.89794,14.8,44.6,10.0,R0156,Ward_5,41875.0
EVT01742,2019-10-08 00:00,19.13949,72.77979,4.5,9.6,5.1,R0475,Ward_17,45787.0
EVT01743,2020-10-19 00:00,19.06913,72.9168,22.1,64.6,6.6,R0160,Ward_17,16432.0
EVT01744,2019-12-02 00:00,19.1647,72.85917,9.6,9.8,7.5,R0445,Ward_13,37472.0
EVT01745,2020-04-18 00:00,19.18003,72.79731,9.3,11.3,17.7,R0111,Ward_10,32959.0
EVT01746,2020-04-21 00:00,18.91472,72.80241,11.6,34.4,19.6,R0091,Ward_3,9746.0
EVT01747,2015-12-04 00:00,18.87684,72.92874,1.8,8.5,7.5,R0313,Ward_9,26642.0
EVT01748,2023-08-19 00:00,19.18834,72.79594,8.4,34.2,12.2,R0261,Ward_19,38647.0
EVT01749,2020-09-11 00:00,19.15001,72.79574,4.8,20.5,20.8,R0228,Ward_5,41287.0
EVT01750,2022-04-15 00:00,19.0325,72.91016,8.3,27.6,7.4,R0353,Ward_17,4917.0
EVT01751,2016-08-28 00:00,18.93435,72.93061,1.0,10.9,17.9,R0010,Ward_2,11045.0
EVT01752,2023-09-07 00:00,19.0428,72.86426,7.5,6.0,16.8,R0086,Ward_23,206.0
EVT01753,2023-10-20 00:00,18.87215,72.98534,0.7,8.7,4.7,R0172,Ward_7,27244.0
EVT01754,2019-01-08 00:00,18.94542,72.79216,9.8,21.2,15.5,R0167,Ward_6,13581.0
EVT01755,2021-07-31 00:00,19.22452,72.9768,1.8,6.6,17.3,R0478,Ward_12,27702.0
EVT01756,2022-04-27 00:00,18.93474,72.86612,39.8,129.5,4.9,R0398,Ward_19,38389.0
EVT01757,2021-05-27 00:00,18.89498,72.87375,17.8,63.1,17.0,R0083,Ward_15,37839.0
EVT01758,2017-05-27 00:00,19.24342,72.96729,6.0,20.4,20.4,R0455,Ward_7,44113.0
EVT01759,2022-12-18 00:00,19.07064,72.97538,3.2,15.7,19.2,R0491,Ward_7,10803.0
EVT01760,2016-05-07 00:00,19.06346,72.97703,1.4,7.2,12.6,R0325,Ward_4,44175.0
EVT01761,2023-10-29 00:00,19.25539,72.98,1.6,0.0,20.0,R0206,Ward_6,19943.0
EVT01762,2018-10-31 00:00,18.9119,72.86983,13.1,58.9,23.2,R0055,Ward_1,48660.0
EVT01763,2024-04-14 00:00,18.94595,72.92268,0.6,3.5,4.6,R0460,Ward_8,35873.0
EVT01764,2021-02-10 00:00,18.93094,72.9248,1.5,2.7,17.8,R0114,Ward_12,44896.0
EVT01765,2016-02-15 00:00,19.05443,72.90802,0.4,1.5,13.2,R0166,Ward_23,46901.0
EVT01766,2019-12-20 00:00,19.16451,72.93107,8.0,21.1,22.9,R0246,Ward_16,19344.0
EVT01767,2022-06-20 00:00,19.13026,72.86717,29.7,95.4,17.6,R0422,Ward_19,8436.0
EVT01768,2021-04-10 00:00,19.12392,72.9849,1.2,14.0,3.3,R0334,Ward_9,12443.0
EVT01769,2022-03-21 00:00,18.90002,72.79931,47.7,137.4,11.2,R0209,Ward_4,23086.0
EVT01770,2022-01-25 00:00,19.07127,72.79545,10.4,24.2,10.6,R0436,Ward_18,32198.0
EVT01771,2022-10-28 00:00,19.08641,72.83875,40.3,112.9,12.4,R0376,Ward_22,930.0
EVT01772,2023-04-13 00:00,19.15648,72.93833,2.4,0.0,10.0,R0188,Ward_23,47672.0
EVT01773,2017-04-30 00:00,19.0297,72.85843,15.3,34.7,15.1,R0181,Ward_19,41489.0
EVT01774,2018-11-13 00:00,18.92535,72.87309,11.3,35.7,15.2,R0303,Ward_19,44566.0
EVT01775,2022-03-03 00:00,18.935,72.84501,16.3,62.4,7.3,R0222,Ward_21,31859.0
EVT01776,2016-12-11 00:00,19.1756,72.93978,12.7,29.8,14.3,R0311,Ward_1,22308.0
EVT01777,2022-05-03 00:00,19.12096,72.80283,9.2,35.6,10.5,R0302,Ward_10,3240.0
EVT01778,2020-11-05 00:00,19.04515,72.91231,8.1,9.9,1.5,R0001,Ward_18,39114.0
EVT01779,2020-12-30 00:00,19.05291,72.92778,3.5,17.9,6.9,R0180,Ward_22,30929.0
EVT01780,2016-04-04 00:00,19.09839,72.86329,3.3,12.5,22.9,R0099,Ward_20,40119.0
EVT01781,2020-08-05 00:00,19.20879,72.79589,21.8,58.1,6.6,R0429,Ward_15,25997.0
EVT01782,2023-08-20 00:00,19.12197,72.81744,19.9,50.1,14.4,R0413,Ward_18,5430.0
EVT01783,2021-05-26 00:00,19.02233,72.94857,3.5,22.2,1.6,R0148,Ward_11,593.0
EVT01784,2021-03-09 00:00,19.11197,72.92246,3.1,24.8,19.5,R0448,Ward_1,16401.0
EVT01785,2015-10-07 00:00,18.93836,72.96221,2.7,12.8,4.8,R0071,Ward_15,2050.0
EVT01786,2016-02-06 00:00,19.03009,72.89716,10.3,10.1,1.4,R0278,Ward_6,13601.0
EVT01787,2016-08-01 00:00,19.20343,72.85247,4.9,26.9,18.7,R0000,Ward_18,43875.0
EVT01788,2022-11-17 00:00,19.09925,72.81369,6.2,5.0,19.5,R0168,Ward_16,15326.0
EVT01789,2022-05-09 00:00,19.19592,72.89675,13.2,29.4,14.7,R0242,Ward_9,41687.0
EVT01790,2019-04-24 00:00,19.16741,72.79438,13.6,35.3,10.6,R0443,Ward_8,827.0
EVT01791,2019-07-27 00:00,19.24018,72.87283,6.2,20.0,22.0,R0024,Ward_1,10721.0
EVT01792,2023-12-08 00:00,19.14186,72.93565,6.1,18.7,16.6,R0052,Ward_19,44441.0
EVT01793,2017-09-10 00:00,19.18142,72.85185,14.1,44.5,1.4,R0495,Ward_12,19431.0
EVT01794,2021-10-02 00:00,18.90884,72.83004,17.0,62.9,5.4,R0224,Ward_18,33282.0
EVT01795,2020-06-12 00:00,19.22888,72.83766,18.8,60.2,14.1,R0257,Ward_16,45708.0
EVT01796,2021-05-14 00:00,19.23491,72.92033,15.8,52.6,11.9,R0212,Ward_21,40202.0
EVT01797,2017-09-13 00:00,18.88249,72.91514,9.7,51.8,10.8,R0454,Ward_23,6231.0
EVT01798,2018-10-24 00:00,18.96237,72.98135,1.3,0.0,22.8,R0129,Ward_5,30113.0
EVT01799,2018-06-28 00:00,19.24526,72.86048,4.9,20.0,16.3,R0488,Ward_14,27975.0
EVT01800,2019-08-11 00:00,19.24165,72.95826,0.4,0.0,4.8,R0481,Ward_2,18954.0
EVT01801,2019-01-16 00:00,19.18496,72.79899,10.8,23.8,21.9,R0312,Ward_20,21866.0
EVT01802,2020-03-08 00:00,19.06107,72.84255,17.0,56.4,18.7,R0094,Ward_6,6332.0
EVT01803,2022-07-15 00:00,18.87317,72.82426,17.7,71.6,15.9,R0150,Ward_15,39677.0
EVT01804,2019-10-10 00:00,18.97345,72.84068,7.7,6.1,8.0,R0147,Ward_22,39295.0
EVT01805,2020-04-25 00:00,19.01895,72.82125,31.2,89.0,8.5,R0049,Ward_8,26765.0
EVT01806,2016-05-01 00:00,18.99502,72.88249,22.2,62.8,23.3,R0147,Ward_11,36460.0
EVT01807,2022-02-04 00:00,18.95726,72.80823,43.3,133.1,2.3,R0379,Ward_8,19780.0
EVT01808,2016-03-05 00:00,19.13336,72.9877,0.9,0.0,22.4,R0398,Ward_16,11918.0
EVT01809,2020-08-10 00:00,19.18152,72.80293,20.9,52.0,12.4,R0217,Ward_9,26850.0
EVT01810,2019-04-20 00:00,19.08823,72.82667,6.6,13.6,13.8,R0364,Ward_22,16129.0
EVT01811,2022-11-29 00:00,18.99989,72.81162,7.3,3.6,8.0,R0348,Ward_12,7083.0
EVT01812,2016-09-16 00:00,19.21369,72.79332,29.6,96.4,23.5,R0167,Ward_16,18475.0
EVT01813,2019-03-08 00:00,18.90361,72.78531,4.3,0.0,22.1,R0270,Ward_21,2453.0
EVT01814,2020-06-09 00:00,18.99341,72.79133,13.1,36.2,11.4,R0137,Ward_16,11593.0
EVT01815,2024-01-28 00:00,19.01645,72.81941,25.7,78.6,4.2,R0224,Ward_17,36617.0
EVT01816,2024-04-07 00:00,19.21127,72.83803,16.3,56.8,20.4,R0060,Ward_12,29071.0
EVT01817,2020-07-25 00:00,19.15093,72.9954,0.1,0.0,5.6,R0148,Ward_20,10238.0
EVT01818,2021-05-28 00:00,19.00335,72.88232,7.5,24.2,1.7,R0099,Ward_4,26540.0
EVT01819,2016-03-08 00:00,19.03851,72.97098,1.8,0.0,16.8,R0122,Ward_21,26106.0
EVT01820,2015-11-01 00:00,19.11035,72.81191,17.1,31.2,12.8,R0259,Ward_18,44492.0
EVT01821,2019-05-15 00:00,19.19483,72.89807,2.9,20.8,19.3,R0245,Ward_18,23813.0
EVT01822,2020-04-15 00:00,18.87386,72.96026,3.0,0.0,5.2,R0350,Ward_3,15742.0
EVT01823,2019-12-30 00:00,18.91889,72.92905,11.3,35.1,8.5,R0338,Ward_7,46336.0
EVT01824,2024-03-17 00:00,19.16158,72.88101,15.2,53.2,12.8,R0051,Ward_17,28270.0
EVT01825,2020-10-11 00:00,18.91295,72.86772,11.9,28.7,5.3,R0142,Ward_13,24879.0
EVT01826,2019-08-30 00:00,19.16409,72.87182,16.5,39.5,22.5,R0303,Ward_13,29484.0
EVT01827,2017-10-07 00:00,18.89612,72.84139,23.9,64.3,19.7,R0069,Ward_19,30270.0
EVT01828,2024-04-25 00:00,18.97278,72.8565,35.2,110.5,10.9,R0497,Ward_11,2728.0
EVT01829,2015-09-27 00:00,19.10502,72.90474,12.5,43.6,16.9,R0057,Ward_2,26660.0
EVT01830,2021-11-21 00:00,19.09164,72.88033,9.9,32.8,1.4,R0463,Ward_8,41650.0
EVT01831,2016-06-24 00:00,19.1435,72.84829,11.4,28.9,17.2,R0276,Ward_20,20539.0
EVT01832,2017-04-28 00:00,19.07883,72.97806,1.8,7.2,16.0,R0199,Ward_9,36833.0
EVT01833,2022-05-11 00:00,19.07584,72.88884,26.9,68.3,18.3,R0461,Ward_22,30792.0
EVT01834,2017-04-30 00:00,19.05313,72.85526,24.3,62.1,13.9,R0448,Ward_12,41212.0
EVT01835,2023-05-18 00:00,19.22593,72.84558,36.9,118.4,14.1,R0386,Ward_17,6408.0
EVT01836,2022-01-21 00:00,19.07733,72.79557,26.0,69.5,2.2,R0073,Ward_3,22111.0
EVT01837,2022-03-31 00:00,19.10352,72.93816,7.5,25.6,16.2,R0339,Ward_21,41946.0
EVT01838,2021-06-22 00:00,19.198,72.83883,7.1,24.4,5.3,R0311,Ward_15,44946.0
EVT01839,2023-10-31 00:00,19.05485,72.98303,0.7,5.2,14.4,R0153,Ward_9,46279.0
EVT01840,2024-04-29 00:00,19.19435,72.95168,0.5,0.1,22.3,R0217,Ward_16,38051.0
EVT01841,2021-04-13 00:00,18.93395,72.99883,0.1,14.4,3.4,R0093,Ward_24,10960.0
EVT01842,2019-03-31 00:00,18.88187,72.89148,5.8,22.3,18.3,R0434,Ward_18,5792.0
EVT01843,2020-12-04 00:00,18.90277,72.82653,4.8,0.0,20.2,R0040,Ward_9,47268.0
EVT01844,2015-09-01 00:00,19.00462,72.77261,8.5,36.6,18.0,R0316,Ward_22,45854.0
EVT01845,2022-06-25 00:00,19.25643,72.93563,1.9,6.7,20.5,R0426,Ward_4,22320.0
EVT01846,2017-01-26 00:00,19.10084,72.85519,15.4,52.2,13.9,R0217,Ward_14,29302.0
EVT01847,2016-06-01 00:00,18.9584,72.95154,4.6,11.2,15.4,R0336,Ward_11,37251.0
EVT01848,2023-07-05 00:00,19.08538,72.77475,20.9,72.6,11.7,R0383,Ward_1,38463.0
EVT01849,2022-12-18 00:00,19.13757,72.81489,10.8,17.3,10.1,R0382,Ward_24,6165.0
EVT01850,2016-04-22 00:00,19.10027,72.95107,6.8,27.3,1.2,R0490,Ward_18,6370.0
EVT01851,2016-12-02 00:00,19.0994,72.87909,18.3,60.2,15.9,R0161,Ward_12,6151.0
EVT01852,2016-01-28 00:00,19.1594,72.77972,30.3,105.4,16.9,R0167,Ward_18,39900.0
EVT01853,2015-11-22 00:00,19.21223,72.93495,4.0,22.8,7.5,R0031,Ward_5,15037.0
EVT01854,2016-03-12 00:00,19.15585,72.81751,12.4,38.6,21.8,R0477,Ward_23,39774.0
EVT01855,2023-11-28 00:00,19.08237,72.8173,3.1,7.9,10.2,R0468,Ward_15,4035.0
EVT01856,2022-02-19 00:00,19.14608,72.88722,4.8,17.2,10.2,R0125,Ward_7,17726.0
EVT01857,2015-06-30 00:00,19.18939,72.78388,37.4,108.7,15.4,R0278,Ward_11,48774.0
EVT01858,2020-03-28 00:00,19.26063,72.96356,1.4,14.5,3.1,R0324,Ward_10,22573.0
EVT01859,2019-09-28 00:00,18.96852,72.91965,3.3,14.5,19.9,R0122,Ward_19,24418.0
EVT01860,2016-09-16 00:00,18.94437,72.84974,18.4,59.7,3.3,R0148,Ward_8,19705.0
EVT01861,2016-11-30 00:00,19.14154,72.7798,22.8,48.4,20.3,R0466,Ward_8,23630.0
EVT01862,2017-03-10 00:00,18.94268,72.77648,7.2,30.1,13.5,R0215,Ward_21,18973.0
EVT01863,2018-09-21 00:00,18.87187,72.98025,2.2,9.2,5.1,R0042,Ward_13,40381.0
EVT01864,2023-01-27 00:00,18.97257,72.95791,3.6,11.5,10.5,R0017,Ward_4,31210.0
EVT01865,2019-01-15 00:00,19.14863,72.99055,0.5,1.8,15.6,R0104,Ward_11,26817.0
EVT01866,2020-01-03 00:00,19.19725,72.98138,0.2,14.4,20.0,R0021,Ward_12,48170.0
EVT01867,2021-07-18 00:00,18.88499,72.92393,7.1,19.9,1.0,R0251,Ward_7,513.0
EVT01868,2020-02-24 00:00,18.92708,72.86653,2.7,10.1,4.1,R0438,Ward_17,43631.0
EVT01869,2018-06-13 00:00,18.97532,72.82961,3.3,12.8,11.4,R0270,Ward_19,11573.0
EVT01870,2015-08-28 00:00,18.9968,72.81863,17.7,64.3,14.2,R0294,Ward_2,20978.0
EVT01871,2022-10-22 00:00,19.03085,72.92989,9.7,35.0,20.8,R0320,Ward_23,46001.0
EVT01872,2021-06-06 00:00,19.09787,72.80982,5.4,4.4,18.6,R0142,Ward_20,25506.0
EVT01873,2023-11-16 00:00,19.1761,72.97037,3.4,21.9,23.1,R0057,Ward_23,11933.0
EVT01874,2023-10-23 00:00,19.20257,72.84559,23.0,67.7,21.5,R0069,Ward_16,6252.0
EVT01875,2022-08-11 00:00,18.97635,72.81521,5.4,24.2,23.3,R0412,Ward_18,47997.0
EVT01876,2023-11-28 00:00,19.26405,72.95143,3.4,0.0,9.8,R0426,Ward_9,38805.0
EVT01877,2018-11-01 00:00,19.17627,72.77808,16.5,40.8,22.8,R0302,Ward_17,38024.0
EVT01878,2017-09-19 00:00,19.23046,72.88667,8.8,24.6,13.6,R0226,Ward_21,37396.0
EVT01879,2018-01-14 00:00,19.25472,72.82116,28.8,88.4,5.9,R0145,Ward_16,22530.0
EVT01880,2023-06-17 00:00,19.20176,72.79169,37.8,107.5,1.2,R0006,Ward_20,45666.0
EVT01881,2021-02-28 00:00,19.24683,72.85029,9.4,23.7,20.0,R0447,Ward_14,48469.0
EVT01882,2016-11-27 00:00,18.94452,72.79937,12.5,36.5,9.0,R0403,Ward_6,48497.0
EVT01883,2017-04-28 00:00,19.23953,72.7856,16.2,61.7,20.8,R0119,Ward_3,30600.0
EVT01884,2020-08-04 00:00,19.15966,72.8519,14.2,25.2,4.1,R0137,Ward_9,3408.0
EVT01885,2023-02-23 00:00,18.89264,72.92873,5.9,11.9,14.6,R0360,Ward_9,5075.0
EVT01886,2024-03-03 00:00,18.95604,72.83227,10.5,29.6,6.5,R0282,Ward_21,3857.0
EVT01887,2018-11-19 00:00,19.11855,72.93436,1.8,4.6,3.3,R0324,Ward_5,7295.0
EVT01888,2015-09-24 00:00,18.98082,72.98899,0.2,0.0,14.5,R0376,Ward_18,23786.0
EVT01889,2021-11-08 00:00,19.16776,72.99608,0.7,0.0,10.4,R0093,Ward_6,18722.0
EVT01890,2024-04-23 00:00,19.26674,72.96366,1.8,3.7,4.3,R0148,Ward_1,13324.0
EVT01891,2017-10-24 00:00,19.22603,72.91851,4.5,20.7,5.0,R0051,Ward_4,26725.0
EVT01892,2018-11-03 00:00,19.11874,72.77815,56.2,172.7,9.8,R0220,Ward_4,34408.0
EVT01893,2017-02-01 00:00,18.95604,72.87922,7.2,36.1,13.6,R0229,Ward_23,32675.0
EVT01894,2024-02-24 00:00,18.89244,72.98389,3.0,24.1,1.8,R0304,Ward_11,38994.0
EVT01895,2020-01-22 00:00,18.96458,72.97545,1.1,10.1,17.6,R0035,Ward_19,18084.0
EVT01896,2015-10-06 00:00,19.03371,72.89505,16.8,53.4,1.2,R0238,Ward_16,30285.0
EVT01897,2018-02-21 00:00,18.88201,72.79203,13.5,18.6,4.1,R0489,Ward_19,48288.0
EVT01898,2022-04-25 00:00,18.8804,72.87612,6.3,13.3,11.6,R0097,Ward_2,32752.0
EVT01899,2017-09-14 00:00,18.93867,72.79151,7.1,21.9,13.4,R0194,Ward_19,2159.0
EVT01900,2022-10-05 00:00,19.07373,72.97346,4.0,22.4,10.0,R0072,Ward_6,6086.0
EVT01901,2023-05-17 00:00,19.19171,72.82839,10.5,31.1,18.8,R0380,Ward_14,39638.0
EVT01902,2017-04-15 00:00,19.26952,72.79552,6.8,24.8,13.6,R0493,Ward_3,23751.0
EVT01903,2018-02-28 00:00,18.87252,72.82907,15.0,45.0,10.4,R0074,Ward_8,38003.0
EVT01904,2016-11-21 00:00,18.98725,72.9509,2.0,12.7,5.2,R0073,Ward_3,32432.0
EVT01905,2017-10-27 00:00,18.87616,72.84873,13.7,48.6,22.0,R0138,Ward_3,7182.0
EVT01906,2023-08-09 00:00,19.16303,72.9854,1.8,6.7,1.4,R0139,Ward_10,37121.0
EVT01907,2017-06-08 00:00,19.04843,72.96379,5.6,14.8,9.6,R0011,Ward_7,33753.0
EVT01908,2018-12-15 00:00,19.03827,72.91387,2.3,10.2,3.2,R0472,Ward_5,23569.0
EVT01909,2018-10-12 00:00,18.90156,72.87709,8.3,30.4,17.6,R0012,Ward_22,6783.0
EVT01910,2019-06-10 00:00,19.24921,72.96025,1.9,33.5,14.4,R0179,Ward_4,19175.0
EVT01911,2022-11-24 00:00,18.92257,72.79445,34.3,88.0,3.5,R0489,Ward_18,29114.0
EVT01912,2020-03-26 00:00,19.20664,72.80927,12.5,41.6,13.4,R0207,Ward_23,14348.0
EVT01913,2020-01-20 00:00,19.11266,72.89325,4.0,1.5,6.9,R0284,Ward_14,39579.0
EVT01914,2020-02-20 00:00,19.23332,72.88815,17.4,31.1,3.9,R0237,Ward_13,49956.0
EVT01915,2018-06-07 00:00,19.23314,72.88505,8.8,18.4,8.2,R0132,Ward_1,25607.0
EVT01916,2021-08-31 00:00,18.96229,72.9588,0.8,15.8,23.5,R0289,Ward_4,28637.0
EVT01917,2021-10-10 00:00,19.06628,72.91253,8.9,22.2,4.0,R0223,Ward_10,2276.0
EVT01918,2023-12-25 00:00,19.03147,72.9395,0.7,0.0,13.2,R0421,Ward_7,19713.0
EVT01919,2017-08-17 00:00,19.25478,72.91383,6.9,22.7,19.1,R0117,Ward_9,27063.0
EVT01920,2015-11-08 00:00,19.07394,72.8322,26.8,68.0,12.6,R0060,Ward_8,28747.0
EVT01921,2020-04-03 00:00,19.08111,72.84327,42.2,130.9,5.3,R0365,Ward_1,8492.0
EVT01922,2023-07-26 00:00,19.26915,72.81584,2.1,0.0,12.3,R0480,Ward_24,7504.0
EVT01923,2015-06-07 00:00,18.87582,72.97761,3.0,19.7,21.2,R0389,Ward_7,199.0
EVT01924,2019-08-22 00:00,18.87825,72.89617,3.7,27.8,6.7,R0149,Ward_24,35744.0
EVT01925,2016-08-29 00:00,19.03132,72.82503,24.4,75.8,15.1,R0001,Ward_17,26103.0
EVT01926,2016-06-03 00:00,19.17725,72.90067,11.9,47.2,3.8,R0060,Ward_13,39936.0
EVT01927,2016-06-13 00:00,18.87926,72.98964,0.4,1.0,9.8,R0385,Ward_24,31426.0
EVT01928,2020-12-16 00:00,19.19816,72.80194,8.6,42.5,5.6,R0233,Ward_24,41600.0
EVT01929,2021-11-20 00:00,19.1393,72.98737,0.5,0.0,17.7,R0378,Ward_23,30927.0
EVT01930,2023-08-20 00:00,19.02528,72.89461,11.9,41.6,8.7,R0278,Ward_3,47146.0
EVT01931,2020-10-18 00:00,19.21664,72.89595,9.8,21.6,24.0,R0198,Ward_8,2127.0
EVT01932,2022-01-09 00:00,18.87922,72.90725,21.9,44.7,12.8,R0350,Ward_8,12527.0
EVT01933,2018-02-25 00:00,18.9175,72.79226,12.6,42.6,22.9,R0042,Ward_4,26217.0
EVT01934,2022-03-10 00:00,18.90407,72.79127,4.1,13.3,13.8,R0189,Ward_23,13031.0
EVT01935,2018-11-17 00:00,19.0705,72.94462,1.3,4.5,4.5,R0009,Ward_7,31833.0
EVT01936,2016-03-07 00:00,19.19197,72.92289,10.5,26.4,9.3,R0165,Ward_8,13959.0
EVT01937,2019-08-15 00:00,19.03445,72.87269,6.7,12.8,22.7,R0310,Ward_20,12594.0
EVT01938,2019-12-13 00:00,19.1028,72.93193,5.5,17.4,10.9,R0075,Ward_23,2778.0
EVT01939,2022-08-20 00:00,18.89342,72.80173,12.4,34.5,17.6,R0414,Ward_5,35346.0
EVT01940,2021-02-05 00:00,19.08563,72.79107,24.5,83.9,4.5,R0070,Ward_21,11202.0
EVT01941,2018-08-27 00:00,19.0487,72.98216,1.5,5.9,23.3,R0076,Ward_13,7123.0
EVT01942,2016-03-13 00:00,19.08235,72.88518,4.7,10.1,12.4,R0352,Ward_11,45251.0
EVT01943,2019-06-08 00:00,19.05703,72.95162,0.9,0.0,15.7,R0098,Ward_14,15647.0
EVT01944,2020-07-05 00:00,19.25041,72.82112,22.3,52.8,1.4,R0150,Ward_3,8058.0
EVT01945,2016-12-23 00:00,18.90788,72.94747,1.7,0.0,13.7,R0169,Ward_4,27493.0
EVT01946,2022-06-17 00:00,19.14465,72.9858,1.3,7.2,5.1,R0323,Ward_11,17363.0
EVT01947,2019-11-15 00:00,18.87716,72.92308,6.3,16.9,3.6,R0016,Ward_2,23286.0
EVT01948,2020-03-12 00:00,18.93916,72.78274,3.3,0.5,10.4,R0027,Ward_3,6477.0
EVT01949,2016-05-20 00:00,18.96692,72.80296,26.4,85.2,1.7,R0370,Ward_24,45378.0
EVT01950,2021-10-12 00:00,18.9502,72.97794,2.8,9.6,17.9,R0473,Ward_21,21418.0
EVT01951,2022-10-04 00:00,19.01034,72.79877,7.2,11.0,21.8,R0484,Ward_18,35795.0
EVT01952,2020-04-17 00:00,18.87461,72.93915,1.7,1.1,18.3,R0114,Ward_24,45681.0
EVT01953,2023-07-20 00:00,19.17157,72.84177,33.5,93.7,2.1,R0448,Ward_10,32789.0
EVT01954,2020-02-11 00:00,19.22753,72.99505,0.3,0.0,23.7,R0436,Ward_21,15062.0
EVT01955,2022-05-22 00:00,19.20009,72.77579,3.5,15.5,3.0,R0121,Ward_1,18361.0
EVT01956,2017-09-17 00:00,19.15767,72.95367,2.5,0.0,23.2,R0158,Ward_16,42283.0
EVT01957,2020-02-22 00:00,18.97379,72.85044,10.1,45.8,2.9,R0209,Ward_18,8537.0
EVT01958,2023-10-26 00:00,19.24608,72.94408,7.2,37.8,16.6,R0422,Ward_15,33442.0
EVT01959,2015-06-16 00:00,18.94331,72.8742,0.3,0.0,12.7,R0433,Ward_14,35209.0
EVT01960,2023-04-02 00:00,19.02497,72.85075,10.4,31.7,19.0,R0487,Ward_5,42811.0
EVT01961,2022-05-20 00:00,18.98042,72.78762,2.3,0.0,21.2,R0452,Ward_14,42630.0
EVT01962,2018-06-09 00:00,19.0468,72.96694,2.3,22.9,19.2,R0150,Ward_16,23407.0
EVT01963,2016-02-02 00:00,18.90221,72.80672,4.7,2.1,15.7,R0185,Ward_1,1921.0
EVT01964,2021-02-19 00:00,19.25999,72.79504,66.7,177.4,8.0,R0289,Ward_16,49672.0
EVT01965,2018-12-04 00:00,19.25942,72.79888,24.5,82.7,20.9,R0415,Ward_7,15449.0
EVT01966,2023-09-13 00:00,18.9929,72.86643,9.6,26.1,18.3,R0280,Ward_5,47379.0
EVT01967,2022-07-23 00:00,18.93033,72.84734,5.1,2.5,11.0,R0129,Ward_20,36939.0
EVT01968,2021-11-10 00:00,19.01251,72.85209,7.3,20.8,19.1,R0008,Ward_13,33030.0
EVT01969,2016-05-26 00:00,18.98056,72.8351,61.8,174.1,18.6,R0051,Ward_22,35542.0
EVT01970,2021-08-02 00:00,19.06722,72.81498,12.9,61.6,2.8,R0075,Ward_15,12529.0
EVT01971,2018-11-08 00:00,19.21287,72.86868,4.5,28.7,6.2,R0346,Ward_19,39469.0
EVT01972,2017-06-02 00:00,19.07018,72.96872,1.5,0.0,17.7,R0270,Ward_17,13934.0
EVT01973,2019-12-16 00:00,19.19055,72.89347,15.4,47.2,10.3,R0443,Ward_1,17431.0
EVT01974,2015-11-27 00:00,18.90934,72.79317,16.5,39.6,5.2,R0082,Ward_12,15619.0
EVT01975,2024-05-29 00:00,19.1326,72.83416,8.7,36.2,17.7,R0126,Ward_1,6011.0
EVT01976,2023-10-04 00:00,19.03058,72.84152,11.3,37.5,22.9,R0217,Ward_1,41207.0
EVT01977,2023-06-01 00:00,18.96589,72.80272,25.9,95.8,17.8,R0446,Ward_17,19314.0
EVT01978,2016-02-11 00:00,19.26498,72.81661,16.2,60.7,24.0,R0103,Ward_4,29774.0
EVT01979,2022-03-11 00:00,19.0903,72.90621,3.5,0.0,22.0,R0025,Ward_3,4564.0
EVT01980,2017-10-07 00:00,18.98041,72.98582,2.7,8.1,7.8,R0479,Ward_16,40683.0
EVT01981,2020-12-24 00:00,18.96628,72.94255,3.6,29.9,18.2,R0301,Ward_15,38120.0
EVT01982,2023-10-25 00:00,19.09191,72.78049,22.5,62.9,3.4,R0322,Ward_13,44217.0
EVT01983,2019-05-24 00:00,18.93224,72.99717,0.1,0.0,16.7,R0315,Ward_2,36116.0
EVT01984,2018-08-10 00:00,18.97335,72.90382,15.0,55.3,20.4,R0325,Ward_15,41092.0
EVT01985,2015-07-09 00:00,19.00146,72.85387,2.3,12.1,15.5,R0039,Ward_7,47914.0
EVT01986,2017-04-09 00:00,19.00629,72.84767,3.5,28.4,17.2,R0011,Ward_16,46139.0
EVT01987,2020-05-22 00:00,19.09324,72.92548,4.8,5.8,13.0,R0001,Ward_16,6966.0
EVT01988,2023-06-07 00:00,19.05719,72.9449,7.6,32.4,6.2,R0057,Ward_14,5379.0
EVT01989,2016-08-28 00:00,18.881,72.92876,7.4,30.8,18.9,R0240,Ward_5,6576.0
EVT01990,2023-12-01 00:00,18.95112,72.90702,4.5,0.0,14.5,R0196,Ward_9,24108.0
EVT01991,2020-11-08 00:00,19.17996,72.89316,16.9,55.1,8.8,R0116,Ward_2,22426.0
EVT01992,2015-06-29 00:00,19.03769,72.96856,3.3,7.4,5.2,R0146,Ward_18,845.0
EVT01993,2024-03-17 00:00,19.15912,72.89628,4.4,12.1,9.1,R0443,Ward_17,1671.0
EVT01994,2018-09-13 00:00,18.93789,72.82909,4.0,19.7,5.5,R0393,Ward_5,10743.0
EVT01995,2016-10-10 00:00,19.0281,72.81283,4.2,18.7,10.0,R0019,Ward_13,30163.0
EVT01996,2020-07-11 00:00,19.17537,72.89684,5.0,8.6,7.0,R0341,Ward_16,1094.0
EVT01997,2019-05-31 00:00,19.19034,72.92692,0.9,19.8,2.5,R0317,Ward_23,6008.0
EVT01998,2019-07-03 00:00,19.10123,72.99598,0.8,7.5,17.0,R0481,Ward_5,4563.0
EVT01999,2019-12-22 00:00,18.89197,72.79655,12.7,38.7,21.6,R0421,Ward_5,19481.0
